id,status,account_id,user_id,image,created_at,updated_at,freezer_id
01KZV5Q32D4FG90NV7BP5DZ7Q2,matched,01KZRRGW14K9GDB2KGW0SVFJBM,01KZRW4877T3XV4P4JY2BTWW8J,,2026-08-23 18:02:06.882983+08,2026-08-23 18:02:06.882983+08,01KZRTCK0GASZSKQW65AXBRNA2
01KZV5Q32DNV9G1N09FWQ37EN0,manual submit,01KZRRGW14KBMMYGKVHMX9RQD8,01KZRW4877JT4P6WNFK8H35SP9,,2026-08-23 18:02:06.882983+08,2026-08-23 18:02:06.882983+08,01KZRTCK0GJS8ZTGCXPET9SSSY
01KZV5Q32DW7PK7RWJHW5YN196,matched,01KZRRGW147SW8PDR6Z12DT4B9,01KZRW4877S7NXK01W1S3HFM9Z,,2026-08-23 18:02:06.882983+08,2026-08-23 18:02:06.882983+08,01KZRTCK09JS6Y5MB2Z5QZCKYA
01KZV5Q32DN8Y01R12C9MGA7KF,mismatch,01KZRRGW14DC1V4DFEXXX74JBW,01KZRW4877RK7R5ZV77193KMDQ,,2026-08-23 18:02:06.882983+08,2026-08-23 18:02:06.882983+08,01KZRTCK09RQH9MK8ZM5P1G0FN
01KZV5Q32D1GPMH2ZR0HWTM7MH,mismatch,01KZRRGW14XPKB44H9B6WS515H,01KZRW4877QYTMJX48NHFYBFCC,,2026-08-23 18:02:06.882983+08,2026-08-23 18:02:06.882983+08,01KZRTCK0D3M1P4TQ3YYXXE5VJ
01KZV5Q32DFT13YN9YP1G3DC9B,manual submit,01KZRRGW142XAJ3EN2YJAF1HJB,01KZRW4877FQ91CFKG4PJTR1JJ,,2026-08-23 18:02:06.882983+08,2026-08-23 18:02:06.882983+08,01KZRTCK09W26XFV3SB29T7ZQF
01KZV5Q32D4KVWSPT9KTS2GPZ1,mismatch,01KZRRGW14XPKB44H9B6WS515H,01KZRW48778X9EQJ3KN65YC121,,2026-08-23 18:02:06.882983+08,2026-08-23 18:02:06.882983+08,01KZRTCK0GBTKTBM7T570JY27A
01KZV5Q32DPZ45Z9BAPQM3EGP6,matched,01KZRRGW14MXEWF9HMYNXVS5ER,01KZRW48770HAGRX3Y72BY1D43,,2026-08-23 18:02:06.882983+08,2026-08-23 18:02:06.882983+08,01KZRTCK09GTAK290CQGVCSQ5R
01KZV5Q32DJ94HVM67A2HVDNAD,matched,01KZRRGW143DR9TSRKKQDPRDKM,01KZRW4877TQ7065A4RCCYE8SH,,2026-08-23 18:02:06.882983+08,2026-08-23 18:02:06.882983+08,01KZRTCK0G6N69PYS73Y67B05H
01KZV5Q32D39XS03HMHHZCQ6Q8,mismatch,01KZRRGW14J5MRZ241JHXYMPE5,01KZRW48777JDTMGDM6JZY87AF,,2026-08-23 18:02:06.882983+08,2026-08-23 18:02:06.882983+08,01KZRTCK0GQDBYN2N7G2R3NT18
01KZV5Q32DRGM62AHQCB34Q3HS,mismatch,01KZRRGW14W9JF1K1J0X6X34N8,01KZRW4877B9B3MX4SDENM2X4F,,2026-08-23 18:02:06.882983+08,2026-08-23 18:02:06.882983+08,01KZRTCK0DJ1AEH6Q0BTAA5HYW
01KZV5Q32DHWGNJ4ZTEKNHTT3E,matched,01KZRRGW14N56M3HGFGXE3FN5T,01KZRW4877B9B3MX4SDENM2X4F,,2026-08-23 18:02:06.882983+08,2026-08-23 18:02:06.882983+08,01KZRTCK0B7J5MX1WFG0HET40C
01KZV5Q32D8AJ2CJQG5QJZ0QVX,manual submit,01KZRRGW14N9EVMX0Z1ZRJRRAH,01KZRW48773P9B1HDR1BKFG957,,2026-08-23 18:02:06.882983+08,2026-08-23 18:02:06.882983+08,01KZRTCK0AVRWHTTQSE9KYAXHX
01KZV5Q32D0V7DH6ZZC7MTD0HR,matched,01KZRRGW14KMGR1H2QPNVXB420,01KZRW4877J6H9QTAKXMT8A2FE,,2026-08-23 18:02:06.882983+08,2026-08-23 18:02:06.882983+08,01KZRTCK0GR9N21MD31VNZ4MGN
01KZV5Q32DK8E6EJKY49P97VZG,matched,01KZRRGW14PHE1YJB3BS55XR3K,01KZRW4877FQ91CFKG4PJTR1JJ,,2026-08-23 18:02:06.882983+08,2026-08-23 18:02:06.882983+08,01KZRTCK0GYZ251NHANMN7SD71
01KZV5Q32DJRQRRGSVAPJR64XE,matched,01KZRRGW143XAZME28X8CPEY8S,01KZRW4877ZVCRK1H9RNQPG5NR,,2026-08-23 18:02:06.882983+08,2026-08-23 18:02:06.882983+08,01KZRTCK0BGZKJNX3BD3QGQ7H5
01KZV5Q32DWYYV19NNTN3BJ6AJ,manual submit,01KZRRGW147SW8PDR6Z12DT4B9,01KZRW4877SBDJ1EK7XZMJJQ2W,,2026-08-23 18:02:06.882983+08,2026-08-23 18:02:06.882983+08,01KZRTCK0BRM6G9VK7VCHRM0H8
01KZV5Q32D38S4SSZ9NAV5D8Z9,matched,01KZRRGW14N5VHBCMAJGNJ0GJH,01KZRW4877DZMG7S8EQEYF7D89,,2026-08-23 18:02:06.882983+08,2026-08-23 18:02:06.882983+08,01KZRTCK08324GYTSB5JYW2QYA
01KZV5Q32D6QTE84M4X20YHCFZ,manual submit,01KZRRGW14RBSVD8GEY7WA5YWC,01KZRW4877V5PZPAVH7Z3DSPSZ,,2026-08-23 18:02:06.882983+08,2026-08-23 18:02:06.882983+08,01KZRTCK0B8BD3DNPP8XPWX2NK
01KZV5Q32D8YTGV8HYVFYGY55T,manual submit,01KZRRGW147SW8PDR6Z12DT4B9,01KZRW4877BKP2FRH1B8G1CTC9,,2026-08-23 18:02:06.882983+08,2026-08-23 18:02:06.882983+08,01KZRTCK0BSET6CHA9K5ZR1ZS2
01KZV5Q32DP02SRWQTJMY9PKY5,matched,01KZRRGW14XPKB44H9B6WS515H,01KZRW4877XM3HSHJZWNN5DMVE,,2026-08-23 18:02:06.882983+08,2026-08-23 18:02:06.882983+08,01KZRTCK0HJZRJPJC38PHTFSQ1
01KZV5Q32D1420PK1Q7SF3CX41,manual submit,01KZRRGW14K9GDB2KGW0SVFJBM,01KZRW48778X9EQJ3KN65YC121,,2026-08-23 18:02:06.882983+08,2026-08-23 18:02:06.882983+08,01KZRTCK09DGBFH5771SK4RS7S
01KZV5Q32DN5C523Y9TEBSZ2PD,matched,01KZRRGW14J5MRZ241JHXYMPE5,01KZRW48771S3VZMTY431CY71G,,2026-08-23 18:02:06.882983+08,2026-08-23 18:02:06.882983+08,01KZRTCK0A9MFPWFT4D315R1E8
01KZV5Q32D5PT22QGMPG1XJT2C,mismatch,01KZRRGW14X04WHWJ78QR6J8H3,01KZRW4877B4VKB2E5TT4BWFP8,,2026-08-23 18:02:06.882983+08,2026-08-23 18:02:06.882983+08,01KZRTCK0DQYHSHQW9T5T0BNBS
01KZV5Q32E0YM6D6R81917BR4R,matched,01KZRRGW14PHE1YJB3BS55XR3K,01KZRW4877JD5H1HZVRFSFTM98,,2026-08-23 18:02:06.882983+08,2026-08-23 18:02:06.882983+08,01KZRTCK0DJHWF18CVJQXSACA6
01KZV5Q32ESVFV88WM75MA7TAQ,mismatch,01KZRRGW14Z2V2BPKDSQ6DKV67,01KZRW4877E1K1FVC8Z9DHP6KE,,2026-08-23 18:02:06.882983+08,2026-08-23 18:02:06.882983+08,01KZRTCK0D9RJGJEB1FG0CZ792
01KZV5Q32ECRCW0QC6XDDWVT8A,matched,01KZRRGW143DR9TSRKKQDPRDKM,01KZRW4877B3D0MZHS3AQRJ814,,2026-08-23 18:02:06.882983+08,2026-08-23 18:02:06.882983+08,01KZRTCK0EE0ER190B54ZV9F1T
01KZV5Q32EGV5HK8PHX7PWYR4B,mismatch,01KZRRGW14THZB9B34PPHZSFE2,01KZRW4877VA8TBBCFWH8TVEM7,,2026-08-23 18:02:06.882983+08,2026-08-23 18:02:06.882983+08,01KZRTCK09HTV962C5XJ5P4B7F
01KZV5Q32EKPJ66S03BAAZ51WS,manual submit,01KZRRGW14N9EVMX0Z1ZRJRRAH,01KZRW48770HAGRX3Y72BY1D43,,2026-08-23 18:02:06.882983+08,2026-08-23 18:02:06.882983+08,01KZRTCK0C3SKRYQJ09WEW22MT
01KZV5Q32ENQVVC70G118AP6V2,mismatch,01KZRRGW14FX4FRK4R4E3MKR5J,01KZRW48773P9B1HDR1BKFG957,,2026-08-23 18:02:06.882983+08,2026-08-23 18:02:06.882983+08,01KZRTCK0GA09F3BNEFQ022NQV
01KZV5Q32EFHPYN2HSTY7VR0CH,mismatch,01KZRRGW14Y65J9N71RS7C99PT,01KZRW4877HTSZDBP5ZKDZNQYA,,2026-08-23 18:02:06.882983+08,2026-08-23 18:02:06.882983+08,01KZRTCK092Y0KQQ4BKC4GQC07
01KZV5Q32ET76D0TTSXQH46ZRQ,mismatch,01KZRRGW14W9JF1K1J0X6X34N8,01KZRW4877AZR5K32Y5PAGXHRC,,2026-08-23 18:02:06.882983+08,2026-08-23 18:02:06.882983+08,01KZRTCK092PTGW6DD6AMH2NNH
01KZV5Q32EPGV92BZBTBVH7Z4K,manual submit,01KZRRGW14VWS3587600FPGYJJ,01KZRW4877RJWA8G8EVGD5AKV5,,2026-08-23 18:02:06.882983+08,2026-08-23 18:02:06.882983+08,01KZRTCK0A74404FDEJXBQNVDF
01KZV5Q32ECXC23CW5R3769EPB,matched,01KZRRGW14K9GDB2KGW0SVFJBM,01KZRW4877JT4P6WNFK8H35SP9,,2026-08-23 18:02:06.882983+08,2026-08-23 18:02:06.882983+08,01KZRTCK0FZKEKMCV2GRFQX68C
01KZV5Q32EEB15AV0N0028CNJX,manual submit,01KZRRGW14FX4FRK4R4E3MKR5J,01KZRW4877VA8TBBCFWH8TVEM7,,2026-08-23 18:02:06.882983+08,2026-08-23 18:02:06.882983+08,01KZRTCK0DYF7FXYJF1FDAFFVG
01KZV5Q32E7MWZ0K9PKCP0VG6P,matched,01KZRRGW14X04WHWJ78QR6J8H3,01KZRW48779V159SGJGWDHBYTJ,,2026-08-23 18:02:06.882983+08,2026-08-23 18:02:06.882983+08,01KZRTCK0GSP9FCHCEMA10PWE5
01KZV5Q32E2V8DRRNKWJGFJ6V0,manual submit,01KZRRGW1448AZYH3Y9E70DS21,01KZRW4877QYTMJX48NHFYBFCC,,2026-08-23 18:02:06.882983+08,2026-08-23 18:02:06.882983+08,01KZRTCK0D34Y3Y764GWXNTBB3
01KZV5Q32E5G5FJAA1DWRQ8QMF,mismatch,01KZRRGW14Y65J9N71RS7C99PT,01KZRW4877RJWA8G8EVGD5AKV5,,2026-08-23 18:02:06.882983+08,2026-08-23 18:02:06.882983+08,01KZRTCK0D45HQC7YCFG2NYM41
01KZV5Q32ERDXYSH7PHGHH02VV,manual submit,01KZRRGW14RBSVD8GEY7WA5YWC,01KZRW48771S3VZMTY431CY71G,,2026-08-23 18:02:06.882983+08,2026-08-23 18:02:06.882983+08,01KZRTCK09TQE3V0WK5G6T795W
01KZV5Q32EK3BG89CJ9K5Y949W,matched,01KZRRGW142RC6MARTSS19R7GK,01KZRW4877QZNEVFAY7G115HT9,,2026-08-23 18:02:06.882983+08,2026-08-23 18:02:06.882983+08,01KZRTCK099B0099THJ98J1W58
01KZV5Q32EEAS2RDTP83R09PZZ,manual submit,01KZRRGW143DR9TSRKKQDPRDKM,01KZRW4877RECBHNY9Y9VM9ZRZ,,2026-08-23 18:02:06.882983+08,2026-08-23 18:02:06.882983+08,01KZRTCK09BQG9VHVJXP6W2MVW
01KZV5Q32EGYDKPJX9B3NVQ7H3,mismatch,01KZRRGW14G35YB41SN7AN85CV,01KZRW4877SRMJMM3R17R2QE73,,2026-08-23 18:02:06.882983+08,2026-08-23 18:02:06.882983+08,01KZRTCK0HJZRJPJC38PHTFSQ1
01KZV5Q32EGKGRZA13ZX1838PG,manual submit,01KZRRGW14EVYGVAR1F5M4N714,01KZRW4877DZMG7S8EQEYF7D89,,2026-08-23 18:02:06.882983+08,2026-08-23 18:02:06.882983+08,01KZRTCK0GK4FAY87TXH0F808N
01KZV5Q32EN6VED8XNRTE8QH4D,matched,01KZRRGW14200T0G4QVVJEZMW1,01KZRW4877VGS7YRYB4P0A5H4N,,2026-08-23 18:02:06.882983+08,2026-08-23 18:02:06.882983+08,01KZRTCK0AEHZAC6ABS6YAD8N1
01KZV5Q32EQ92SJ2YMDJPHRBVS,manual submit,01KZRRGW143DR9TSRKKQDPRDKM,01KZRW4877SBDJ1EK7XZMJJQ2W,,2026-08-23 18:02:06.882983+08,2026-08-23 18:02:06.882983+08,01KZRTCK0AE5R7SGXT1B8JK35M
01KZV5Q32EN8D9PRHDTK0B0JAP,matched,01KZRRGW149RPSGBHQY8MZC6NF,01KZRW4877J6H9QTAKXMT8A2FE,,2026-08-23 18:02:06.882983+08,2026-08-23 18:02:06.882983+08,01KZRTCK0GYXQ8JHT60N2EMR7A
01KZV5Q32E0V1T5ZY7QKNYJ4NN,matched,01KZRRGW142XAJ3EN2YJAF1HJB,01KZRW4877HVT4X8HFK0HTQ94N,,2026-08-23 18:02:06.882983+08,2026-08-23 18:02:06.882983+08,01KZRTCK0974WJCDKCAW8PZZH8
01KZV5Q32E5D1VQ32TBCRFA30G,matched,01KZRRGW14KMGR1H2QPNVXB420,01KZRW4877G0YHH3T1F43JMJ4N,,2026-08-23 18:02:06.882983+08,2026-08-23 18:02:06.882983+08,01KZRTCK0GDZ8SB6YYGT9SSY2X
01KZV5Q32EHVWWRFG5861B4TZN,mismatch,01KZRRGW14MXEWF9HMYNXVS5ER,01KZRW4877JD5H1HZVRFSFTM98,,2026-08-23 18:02:06.882983+08,2026-08-23 18:02:06.882983+08,01KZRTCK0CJJKTTP3ZYEWWJE3T
01KZV5Q32EWRCJBPR6RR075GKW,matched,01KZRRGW14WH1V6PTWDSASC4XK,01KZRW4877SVSEW2MKDM1JJJMY,,2026-08-23 18:02:06.882983+08,2026-08-23 18:02:06.882983+08,01KZRTCK09TPPZ5DYAG2VSCJSZ
01KZV5Q32EX4DS3MWRY644GFQP,mismatch,01KZRRGW140MQ9ZE887EQDG87Z,01KZRW4877JD5H1HZVRFSFTM98,,2026-08-23 18:02:06.882983+08,2026-08-23 18:02:06.882983+08,01KZRTCK0ETJF0KDWEWDBV5CP8
01KZV5Q32ERMWRW7YJ5FES8RAG,matched,01KZRRGW14A7VW9HY70W2ZKDCX,01KZRW4877A147WBBGMNMTXNA3,,2026-08-23 18:02:06.882983+08,2026-08-23 18:02:06.882983+08,01KZRTCK0AJFZK6PKR3RWXVABK
01KZV5Q32EZ8819Y115TG5HVQ6,mismatch,01KZRRGW1442K27HM42RTFZG1M,01KZRW4877TQ7065A4RCCYE8SH,,2026-08-23 18:02:06.882983+08,2026-08-23 18:02:06.882983+08,01KZRTCK0E0GF9KPF9RBX0TNKP
01KZV5Q32ENE3SBTJMSXZGBP0R,manual submit,01KZRRGW146F8C4946XJM2S6EC,01KZRW4877B4VKB2E5TT4BWFP8,,2026-08-23 18:02:06.882983+08,2026-08-23 18:02:06.882983+08,01KZRTCK0ENY95TTPJWD6SE30C
01KZV5Q32EFRXR3K5T1YDW15BR,manual submit,01KZRRGW14X9Y2N7Y1J43BS87F,01KZRW48771VS10A2E45E408EC,,2026-08-23 18:02:06.882983+08,2026-08-23 18:02:06.882983+08,01KZRTCK09GTAK290CQGVCSQ5R
01KZV5Q32EZQ07XS2H602CP9C0,manual submit,01KZRRGW14SVP3PKMRRXC2J621,01KZRW48778X9EQJ3KN65YC121,,2026-08-23 18:02:06.882983+08,2026-08-23 18:02:06.882983+08,01KZRTCK09QEZKCKZ672X4K053
01KZV5Q32F3PCDN5KE05P92WHN,manual submit,01KZRRGW14N56M3HGFGXE3FN5T,01KZRW48779V159SGJGWDHBYTJ,,2026-08-23 18:02:06.882983+08,2026-08-23 18:02:06.882983+08,01KZRTCK097J2R68CKDHCDW0EF
01KZV5Q32FRXJGSDFN5MR63A77,manual submit,01KZRRGW14N9EVMX0Z1ZRJRRAH,01KZRW4877SRMJMM3R17R2QE73,,2026-08-23 18:02:06.882983+08,2026-08-23 18:02:06.882983+08,01KZRTCK0DNAAGK202JSWGY6A7
01KZV5Q32F2M4EWFJ3C542YE3N,manual submit,01KZRRGW14JQ7JEW5HBDS8P7VJ,01KZRW4877EFAE21HQ86WYE6X8,,2026-08-23 18:02:06.882983+08,2026-08-23 18:02:06.882983+08,01KZRTCK0D2CJ7PSN4PEZ185Z3
01KZV5Q32FJX5C8708MP64KJSC,mismatch,01KZRRGW14WSB3JJJKQDEREKF3,01KZRW4877W4J1M6PJM0QPSR4V,,2026-08-23 18:02:06.882983+08,2026-08-23 18:02:06.882983+08,01KZRTCK0BNB7XBCVZAQ2AR9M1
01KZV5Q32F2K1N009VD2P40PMR,manual submit,01KZRRGW14N9EVMX0Z1ZRJRRAH,01KZRW4877VGS7YRYB4P0A5H4N,,2026-08-23 18:02:06.882983+08,2026-08-23 18:02:06.882983+08,01KZRTCK0CN7NWD4WDY3W38Q4R
01KZV5Q32FQK0C7TNCHFD0HSCT,mismatch,01KZRRGW14VWS3587600FPGYJJ,01KZRW48771S3VZMTY431CY71G,,2026-08-23 18:02:06.882983+08,2026-08-23 18:02:06.882983+08,01KZRTCK09DA210FMMKJN9MHSH
01KZV5Q32FAVFJ5KSCE4M1596T,manual submit,01KZRRGW1442K27HM42RTFZG1M,01KZRW4877TQ3XX3R3NF9TGABV,,2026-08-23 18:02:06.882983+08,2026-08-23 18:02:06.882983+08,01KZRTCK0CG2AT76GFJ8XNAKGA
01KZV5Q32F0GFQE7P2XBP0XVH7,matched,01KZRRGW14X9Y2N7Y1J43BS87F,01KZRW4877HTSZDBP5ZKDZNQYA,,2026-08-23 18:02:06.882983+08,2026-08-23 18:02:06.882983+08,01KZRTCK0FE8CZ0BSTC34EC5EN
01KZV5Q32F2WRW84V030C9R6RJ,manual submit,01KZRRGW14WH1V6PTWDSASC4XK,01KZRW4877WE0F7J1HSG76PWQF,,2026-08-23 18:02:06.882983+08,2026-08-23 18:02:06.882983+08,01KZRTCK0CVW4N51KY1VQMMKJE
01KZV5Q32F0DSB7TCFQZF87DBJ,matched,01KZRRGW14N9EVMX0Z1ZRJRRAH,01KZRW4877B3D0MZHS3AQRJ814,,2026-08-23 18:02:06.882983+08,2026-08-23 18:02:06.882983+08,01KZRTCK0GT4F2PKYY7R4S3AF0
01KZV5Q32FWQMRVN58ZR15T8QK,mismatch,01KZRRGW142XAJ3EN2YJAF1HJB,01KZRW4877SBDJ1EK7XZMJJQ2W,,2026-08-23 18:02:06.882983+08,2026-08-23 18:02:06.882983+08,01KZRTCK0D9C8737QVTS68FQT2
01KZV5Q32FM2M07W2CG2EXAEAD,manual submit,01KZRRGW14FX4FRK4R4E3MKR5J,01KZRW4877V5PZPAVH7Z3DSPSZ,,2026-08-23 18:02:06.882983+08,2026-08-23 18:02:06.882983+08,01KZRTCK0HAFXMSMEWT5R0CHVR
01KZV5Q32F7T3FA87BFMBK5HNB,mismatch,01KZRRGW14KBMMYGKVHMX9RQD8,01KZRW4877E1K1FVC8Z9DHP6KE,,2026-08-23 18:02:06.882983+08,2026-08-23 18:02:06.882983+08,01KZRTCK0A9GSKW6MBC2KCH01E
01KZV5Q32FTJ68RRFYTPVCVTVX,matched,01KZRRGW142RC6MARTSS19R7GK,01KZRW4877YEX8C3RH16STZ2B2,,2026-08-23 18:02:06.882983+08,2026-08-23 18:02:06.882983+08,01KZRTCK097C9WCP8ND0B4NGVK
01KZV5Q32FGJX1QZRSCHBRR38V,matched,01KZRRGW1442K27HM42RTFZG1M,01KZRW487741KD7GWF4QB79EFH,,2026-08-23 18:02:06.882983+08,2026-08-23 18:02:06.882983+08,01KZRTCK0GVB6CNFF1YFJ6K1BS
01KZV5Q32FEANNQPFSGY13GJA5,manual submit,01KZRRGW142XAJ3EN2YJAF1HJB,01KZRW4877JT4P6WNFK8H35SP9,,2026-08-23 18:02:06.882983+08,2026-08-23 18:02:06.882983+08,01KZRTCK0GZF825XXYZVW3N1J4
01KZV5Q32FJENBSF09RMT7MTMF,matched,01KZRRGW14JQ7JEW5HBDS8P7VJ,01KZRW4877WQZA5NY9SXK8D7Q3,,2026-08-23 18:02:06.882983+08,2026-08-23 18:02:06.882983+08,01KZRTCK0A1ANBXW4YGZQ3QQDJ
01KZV5Q32FDE0XJGGA4X8XHNNM,matched,01KZRRGW147SW8PDR6Z12DT4B9,01KZRW4877T3XV4P4JY2BTWW8J,,2026-08-23 18:02:06.882983+08,2026-08-23 18:02:06.882983+08,01KZRTCK0H9T4M23MGY86SJBZJ
01KZV5Q32FZ9R6NSPGKSDWJEV9,mismatch,01KZRRGW14DC1V4DFEXXX74JBW,01KZRW4877ASYYCMJDQ4ZM72CY,,2026-08-23 18:02:06.882983+08,2026-08-23 18:02:06.882983+08,01KZRTCK09C0ES6VKDBSA0SD68
01KZV5Q32FRBTXEY89T400TSVR,manual submit,01KZRRGW14N9EVMX0Z1ZRJRRAH,01KZRW4877X5K4QDEQJ8HJV36S,,2026-08-23 18:02:06.882983+08,2026-08-23 18:02:06.882983+08,01KZRTCK0E054S4G6MNXMP6W7T
01KZV5Q32FTXSKE7ETJNXYBV5H,manual submit,01KZRRGW14SVP3PKMRRXC2J621,01KZRW4877QZNEVFAY7G115HT9,,2026-08-23 18:02:06.882983+08,2026-08-23 18:02:06.882983+08,01KZRTCK09WM8H16Z5NM2ERRH7
01KZV5Q32FKJTGGKPP7ZEBKNNY,matched,01KZRRGW14G35YB41SN7AN85CV,01KZRW4877H6020WSQ0GV9YAQ5,,2026-08-23 18:02:06.882983+08,2026-08-23 18:02:06.882983+08,01KZRTCK0B2A8XZ3HSYY1DQ7PF
01KZV5Q32G40YXYXXVB8C9KE9C,matched,01KZRRGW14K9GDB2KGW0SVFJBM,01KZRW4877ZVCRK1H9RNQPG5NR,,2026-08-23 18:02:06.882983+08,2026-08-23 18:02:06.882983+08,01KZRTCK0B7F00FFB1TBFS6FHE
01KZV5Q32GYRBEK5W3DE935X6J,mismatch,01KZRRGW14N56M3HGFGXE3FN5T,01KZRW48774CQFFFPSV57ZNBPR,,2026-08-23 18:02:06.882983+08,2026-08-23 18:02:06.882983+08,01KZRTCK0B9GF3NJGWJ4527J3V
01KZV5Q32GNPN6NM2454SP3V6P,manual submit,01KZRRGW14VWS3587600FPGYJJ,01KZRW4877B4VKB2E5TT4BWFP8,,2026-08-23 18:02:06.882983+08,2026-08-23 18:02:06.882983+08,01KZRTCK0B1N2HA9QJZCQ5H52N
01KZV5Q32GJ5MP83YYWJJ9Z6XR,mismatch,01KZRRGW14200T0G4QVVJEZMW1,01KZRW48778GNNZ5BFJZ0VXNNN,,2026-08-23 18:02:06.882983+08,2026-08-23 18:02:06.882983+08,01KZRTCK0A44Y2YARYW3522FAB
01KZV5Q32GBKTKKNFRRM0R73PW,matched,01KZRRGW14WH1V6PTWDSASC4XK,01KZRW4877D0MJ7B5AT3RZ0G0Q,,2026-08-23 18:02:06.882983+08,2026-08-23 18:02:06.882983+08,01KZRTCK0DENYQFBRMZCBXKTES
01KZV5Q32G5N3N84EGX3X522J8,matched,01KZRRGW14N56M3HGFGXE3FN5T,01KZRW487795H0KSW6AV992VCS,,2026-08-23 18:02:06.882983+08,2026-08-23 18:02:06.882983+08,01KZRTCK0H7AY41EGX8AM303VG
01KZV5Q32GVM52XYASMJQHQB9K,matched,01KZRRGW14MXEWF9HMYNXVS5ER,01KZRW4877SBDJ1EK7XZMJJQ2W,,2026-08-23 18:02:06.882983+08,2026-08-23 18:02:06.882983+08,01KZRTCK0GGBW2NFJNG1SS74PF
01KZV5Q32GT15Q9HNQNK7MNHP0,mismatch,01KZRRGW146F8C4946XJM2S6EC,01KZRW48773P9B1HDR1BKFG957,,2026-08-23 18:02:06.882983+08,2026-08-23 18:02:06.882983+08,01KZRTCK0EKN2D2B328YJ1WW2H
01KZV5Q32GZHP4RAKQ5X84GEDA,mismatch,01KZRRGW147SW8PDR6Z12DT4B9,01KZRW4877WE0F7J1HSG76PWQF,,2026-08-23 18:02:06.882983+08,2026-08-23 18:02:06.882983+08,01KZRTCK0E5BF0MZG6B4468W6Y
01KZV5Q32GQK26HT3N35CJ72Y7,manual submit,01KZRRGW14Y65J9N71RS7C99PT,01KZRW4877TQ3XX3R3NF9TGABV,,2026-08-23 18:02:06.882983+08,2026-08-23 18:02:06.882983+08,01KZRTCK09E64Q0179EYSWMBAS
01KZV5Q32GXEQ2QDVRFSJQG902,mismatch,01KZRRGW14KVWBG89MRPJPJBXC,01KZRW4877G0YHH3T1F43JMJ4N,,2026-08-23 18:02:06.882983+08,2026-08-23 18:02:06.882983+08,01KZRTCK0E0DSWK4C0CZ9BNDER
01KZV5Q32G80B3F43CCCWRPYSZ,mismatch,01KZRRGW14Z2V2BPKDSQ6DKV67,01KZRW4877FQ91CFKG4PJTR1JJ,,2026-08-23 18:02:06.882983+08,2026-08-23 18:02:06.882983+08,01KZRTCK0C7TKK0KYGA3SHEYQM
01KZV5Q32GAKGCNBZBZ7BM4ZH9,manual submit,01KZRRGW14A7VW9HY70W2ZKDCX,01KZRW4877S7NXK01W1S3HFM9Z,,2026-08-23 18:02:06.882983+08,2026-08-23 18:02:06.882983+08,01KZRTCK0DE8D6XWZXWCYGJJ2W
01KZV5Q32GCZ3ECY3K5A377M4T,manual submit,01KZRRGW14200T0G4QVVJEZMW1,01KZRW4877JT4P6WNFK8H35SP9,,2026-08-23 18:02:06.882983+08,2026-08-23 18:02:06.882983+08,01KZRTCK0BT0F93Q5T0Q8SE8S4
01KZV5Q32GQEH1Y31HHJRA3AAG,manual submit,01KZRRGW14KBMMYGKVHMX9RQD8,01KZRW4877C3T2MSDMNBQ24EB4,,2026-08-23 18:02:06.882983+08,2026-08-23 18:02:06.882983+08,01KZRTCK0B55C1BZM5Z9P4FYZS
01KZV5Q32GCDHYR8PS49ARCQGE,mismatch,01KZRRGW14A7VW9HY70W2ZKDCX,01KZRW4877NAVZSR88Z0ZHKRW9,,2026-08-23 18:02:06.882983+08,2026-08-23 18:02:06.882983+08,01KZRTCK09WNPWDBMHCER4ZZFM
01KZV5Q32GF37N6997YKKSF264,mismatch,01KZRRGW147SW8PDR6Z12DT4B9,01KZRW4877FZ26T405N4WYZMRG,,2026-08-23 18:02:06.882983+08,2026-08-23 18:02:06.882983+08,01KZRTCK0E0MA1M0P94AE191DC
01KZV5Q32G8NQF4AR0VT63MN3M,matched,01KZRRGW14PHE1YJB3BS55XR3K,01KZRW48777JDTMGDM6JZY87AF,,2026-08-23 18:02:06.882983+08,2026-08-23 18:02:06.882983+08,01KZRTCK0C9KSKH17ZKWXZF1K8
01KZV5Q32GR06J1RCSKGENSMPJ,matched,01KZRRGW14N5VHBCMAJGNJ0GJH,01KZRW4877A147WBBGMNMTXNA3,,2026-08-23 18:02:06.882983+08,2026-08-23 18:02:06.882983+08,01KZRTCK09KZW2JGK46PGZ43AJ
01KZV5Q32GEXXHQZH18W7RND1C,mismatch,01KZRRGW14KBMMYGKVHMX9RQD8,01KZRW4877D0MJ7B5AT3RZ0G0Q,,2026-08-23 18:02:06.882983+08,2026-08-23 18:02:06.882983+08,01KZRTCK0DMR3Z2MN8N9WH1SR8
01KZV5Q32GTA1QBJ4GRHBKNE5N,manual submit,01KZRRGW143DR9TSRKKQDPRDKM,01KZRW48771VS10A2E45E408EC,,2026-08-23 18:02:06.882983+08,2026-08-23 18:02:06.882983+08,01KZRTCK0GRSKAP10ESAWDY7WY
01KZV5Q32GFT5X9VBCBF8HDAPN,manual submit,01KZRRGW14PHE1YJB3BS55XR3K,01KZRW4877SBDJ1EK7XZMJJQ2W,,2026-08-23 18:02:06.882983+08,2026-08-23 18:02:06.882983+08,01KZRTCK0DCY2JZ80A108CFHY6
01KZV5Q32G7VK5H59HNGTR4PAD,mismatch,01KZRRGW147SW8PDR6Z12DT4B9,01KZRW4877QYTMJX48NHFYBFCC,,2026-08-23 18:02:06.882983+08,2026-08-23 18:02:06.882983+08,01KZRTCK0EAVQQP0H4Z4J5Q59Q
01KZV5Q32GH7NDKDFAGAR83TCB,manual submit,01KZRRGW14N56M3HGFGXE3FN5T,01KZRW4877R9Q45MFW4A93MM51,,2026-08-23 18:02:06.882983+08,2026-08-23 18:02:06.882983+08,01KZRTCK0A74404FDEJXBQNVDF
01KZV5Q32G2MRPN5NGNC24MGDC,manual submit,01KZRRGW14X04WHWJ78QR6J8H3,01KZRW4877D0MJ7B5AT3RZ0G0Q,,2026-08-23 18:02:06.882983+08,2026-08-23 18:02:06.882983+08,01KZRTCK08C0M5XNN4FHPQV8V7
01KZV5Q32GAJ4Q75RJW9V8TMMH,mismatch,01KZRRGW143DR9TSRKKQDPRDKM,01KZRW4877B9B3MX4SDENM2X4F,,2026-08-23 18:02:06.882983+08,2026-08-23 18:02:06.882983+08,01KZRTCK0DWJ7HYXSHEKGCWTJC
01KZV5Q32GM3HYNV21FATJJNE9,mismatch,01KZRRGW142XAJ3EN2YJAF1HJB,01KZRW48777AHPHKJ81KF0SBSV,,2026-08-23 18:02:06.882983+08,2026-08-23 18:02:06.882983+08,01KZRTCK0EBQM4R0R3BT1CKPCV
01KZV5Q32GYNPKP8FKVNK3KRFF,manual submit,01KZRRGW14THZB9B34PPHZSFE2,01KZRW4877G0YHH3T1F43JMJ4N,,2026-08-23 18:02:06.882983+08,2026-08-23 18:02:06.882983+08,01KZRTCK0D2N9CTQA40NE298EB
01KZV5Q32GQ87XFGWRE04BZ53Q,mismatch,01KZRRGW14WH1V6PTWDSASC4XK,01KZRW4877WQZA5NY9SXK8D7Q3,,2026-08-23 18:02:06.882983+08,2026-08-23 18:02:06.882983+08,01KZRTCK09B4B8ZDEP9N1TJ43D
01KZV5Q32GMXG82WM0ZZPAAXBB,mismatch,01KZRRGW1448AZYH3Y9E70DS21,01KZRW4877V0J57H3JPGGS28WZ,,2026-08-23 18:02:06.882983+08,2026-08-23 18:02:06.882983+08,01KZRTCK0G7BEC9D6Y8KPR0S3R
01KZV5Q32GJ264X7MS6Q5TQX8P,manual submit,01KZRRGW14Y65J9N71RS7C99PT,01KZRW48777JDTMGDM6JZY87AF,,2026-08-23 18:02:06.882983+08,2026-08-23 18:02:06.882983+08,01KZRTCK0G6259G8HWTQWE88JX
01KZV5Q32GN9XA3B99BWA4MM8T,matched,01KZRRGW14PHE1YJB3BS55XR3K,01KZRW48774CQFFFPSV57ZNBPR,,2026-08-23 18:02:06.882983+08,2026-08-23 18:02:06.882983+08,01KZRTCK0BF58HX13JZNTZEE12
01KZV5Q32GG7EXQT2ESSZ34JQG,mismatch,01KZRRGW1442K27HM42RTFZG1M,01KZRW4877R9Q45MFW4A93MM51,,2026-08-23 18:02:06.882983+08,2026-08-23 18:02:06.882983+08,01KZRTCK0BZKDTG3J066W4ATSZ
01KZV5Q32GBB5BBEHS00YCEWCE,mismatch,01KZRRGW14WH1V6PTWDSASC4XK,01KZRW4877B4VKB2E5TT4BWFP8,,2026-08-23 18:02:06.882983+08,2026-08-23 18:02:06.882983+08,01KZRTCK096JA4SNPTP9NVGC7Z
01KZV5Q32G5KCMN5BTB16QWK7B,mismatch,01KZRRGW1442K27HM42RTFZG1M,01KZRW4877BFP4JMW1E9SHS153,,2026-08-23 18:02:06.882983+08,2026-08-23 18:02:06.882983+08,01KZRTCK0D0T9KQRQB997BVJZY
01KZV5Q32G4Z105MQ63SQCRRMB,manual submit,01KZRRGW14WH1V6PTWDSASC4XK,01KZRW4877C5YNZ203SCBWWZXZ,,2026-08-23 18:02:06.882983+08,2026-08-23 18:02:06.882983+08,01KZRTCK0C4G5EEYN2ZTJ5RNRQ
01KZV5Q32G65M143N1M0ESNV0C,manual submit,01KZRRGW14SVP3PKMRRXC2J621,01KZRW4877FZS8TFJN9ZMN5RWV,,2026-08-23 18:02:06.882983+08,2026-08-23 18:02:06.882983+08,01KZRTCK0DJM4DS9M52VRTB2KB
01KZV5Q32HKJPWWYABGK1YKKBQ,matched,01KZRRGW14X04WHWJ78QR6J8H3,01KZRW4877S7NXK01W1S3HFM9Z,,2026-08-23 18:02:06.882983+08,2026-08-23 18:02:06.882983+08,01KZRTCK0CJSAMVNDAWSSM2W7N
01KZV5Q32HXJC65RW79VX0JAG7,matched,01KZRRGW14VWS3587600FPGYJJ,01KZRW4877C5YNZ203SCBWWZXZ,,2026-08-23 18:02:06.882983+08,2026-08-23 18:02:06.882983+08,01KZRTCK0B0F7Q6QQP063MFVZX
01KZV5Q32H6JPFZ4Y8QN8P5MBX,matched,01KZRRGW14MXEWF9HMYNXVS5ER,01KZRW4877TRFEBWEFKEZC1X5H,,2026-08-23 18:02:06.882983+08,2026-08-23 18:02:06.882983+08,01KZRTCK09F5WAJBTQXD3AN8YM
01KZV5Q32H0D0AG786V5612VCM,mismatch,01KZRRGW14KMGR1H2QPNVXB420,01KZRW4877VGS7YRYB4P0A5H4N,,2026-08-23 18:02:06.882983+08,2026-08-23 18:02:06.882983+08,01KZRTCK0GNTAYF90FJAN4K2Z6
01KZV5Q32HQQ57CMBBR6XXA6J9,manual submit,01KZRRGW1448AZYH3Y9E70DS21,01KZRW48779CWAQ752ZGCV7AN3,,2026-08-23 18:02:06.882983+08,2026-08-23 18:02:06.882983+08,01KZRTCK0DNMNHKDK1FJFH0PJ1
01KZV5Q32H6EZK2KHBRCHWKT8J,manual submit,01KZRRGW143DR9TSRKKQDPRDKM,01KZRW4877G39D68T0PQZ5M81A,,2026-08-23 18:02:06.882983+08,2026-08-23 18:02:06.882983+08,01KZRTCK0BBRHB6W67DC1946DM
01KZV5Q32H3SQ1WCHKTRF8F4HW,mismatch,01KZRRGW14KBMMYGKVHMX9RQD8,01KZRW4877D9R8T6DSGNC22W4X,,2026-08-23 18:02:06.882983+08,2026-08-23 18:02:06.882983+08,01KZRTCK0CZE85RQNVBHE8Z0XY
01KZV5Q32HYSQPFE33GB74XBWF,manual submit,01KZRRGW14FX4FRK4R4E3MKR5J,01KZRW4877C5YNZ203SCBWWZXZ,,2026-08-23 18:02:06.882983+08,2026-08-23 18:02:06.882983+08,01KZRTCK0AXEK1DFEBESVMVJ5D
01KZV5Q32HRH0YD9H40Z61JH3X,mismatch,01KZRRGW14K9GDB2KGW0SVFJBM,01KZRW4877FZ26T405N4WYZMRG,,2026-08-23 18:02:06.882983+08,2026-08-23 18:02:06.882983+08,01KZRTCK0E5K0RBY978KTF7TGD
01KZV5Q32H84YK3603CWC7FGJK,manual submit,01KZRRGW14WH1V6PTWDSASC4XK,01KZRW4877BKP2FRH1B8G1CTC9,,2026-08-23 18:02:06.882983+08,2026-08-23 18:02:06.882983+08,01KZRTCK09PJAFN0927Z11SSXG
01KZV5Q32H25SGCV14Q87B5SDT,mismatch,01KZRRGW14VWS3587600FPGYJJ,01KZRW4877ZVCRK1H9RNQPG5NR,,2026-08-23 18:02:06.882983+08,2026-08-23 18:02:06.882983+08,01KZRTCK0BEAQQM4JNP15TZ9D3
01KZV5Q32HM9EX13CW1ZD8WNCC,mismatch,01KZRRGW14RBSVD8GEY7WA5YWC,01KZRW4877W4J1M6PJM0QPSR4V,,2026-08-23 18:02:06.882983+08,2026-08-23 18:02:06.882983+08,01KZRTCK0B0WVFACGBF4QW5XCN
01KZV5Q32H9XHXFGF59EM2WB4H,matched,01KZRRGW147SW8PDR6Z12DT4B9,01KZRW4877570TMPXQJ6F3CTPG,,2026-08-23 18:02:06.882983+08,2026-08-23 18:02:06.882983+08,01KZRTCK0G4EWS4QYBG0FHMSDG
01KZV5Q32HFXCS556XGVQ8YT6S,mismatch,01KZRRGW14EVYGVAR1F5M4N714,01KZRW4877BFP4JMW1E9SHS153,,2026-08-23 18:02:06.882983+08,2026-08-23 18:02:06.882983+08,01KZRTCK09KP95J0HGJ7QMS53Z
01KZV5Q32H38JSH7KB1S7E4VF0,mismatch,01KZRRGW14A7VW9HY70W2ZKDCX,01KZRW4877VA8TBBCFWH8TVEM7,,2026-08-23 18:02:06.882983+08,2026-08-23 18:02:06.882983+08,01KZRTCK0E7MZ9Q7YVFY425XXG
01KZV5Q32H1FSRSZ8HE185K5HE,matched,01KZRRGW1442K27HM42RTFZG1M,01KZRW4877BKP2FRH1B8G1CTC9,,2026-08-23 18:02:06.882983+08,2026-08-23 18:02:06.882983+08,01KZRTCK09BZWGKTVZH0NRF6QC
01KZV5Q32HCA8QJ9DC0WA9FKJ6,matched,01KZRRGW14XPKB44H9B6WS515H,01KZRW4877T3XV4P4JY2BTWW8J,,2026-08-23 18:02:06.882983+08,2026-08-23 18:02:06.882983+08,01KZRTCK0G3CYD7AB61CH46401
01KZV5Q32HZED5N0F50V59C5YJ,manual submit,01KZRRGW143DR9TSRKKQDPRDKM,01KZRW4877FQ91CFKG4PJTR1JJ,,2026-08-23 18:02:06.882983+08,2026-08-23 18:02:06.882983+08,01KZRTCK0G5HE6VCYV7JZD8CEM
01KZV5Q32HBQJWFMV8KA9Z5S3H,mismatch,01KZRRGW1448AZYH3Y9E70DS21,01KZRW4877VGS7YRYB4P0A5H4N,,2026-08-23 18:02:06.882983+08,2026-08-23 18:02:06.882983+08,01KZRTCK0ERY3EBNHF573P6N9T
01KZV5Q32H3SGA27B8SBWF36ZW,manual submit,01KZRRGW14WH1V6PTWDSASC4XK,01KZRW4877FZ26T405N4WYZMRG,,2026-08-23 18:02:06.882983+08,2026-08-23 18:02:06.882983+08,01KZRTCK0AQKPK3GSK0KA5M3M0
01KZV5Q32H1WQ5ZBYXXP3WBMBZ,matched,01KZRRGW143DR9TSRKKQDPRDKM,01KZRW4877V5PZPAVH7Z3DSPSZ,,2026-08-23 18:02:06.882983+08,2026-08-23 18:02:06.882983+08,01KZRTCK0DV1JWD3CXMPB93TNT
01KZV5Q32H5WR9MPWY3GFY9D40,matched,01KZRRGW14G35YB41SN7AN85CV,01KZRW4877Z1GGC6GJTVS7J2AP,,2026-08-23 18:02:06.882983+08,2026-08-23 18:02:06.882983+08,01KZRTCK09J2402JFK7RW8FTFE
01KZV5Q32HA6FV3BMMFADE61KY,mismatch,01KZRRGW146F8C4946XJM2S6EC,01KZRW4877EFAE21HQ86WYE6X8,,2026-08-23 18:02:06.882983+08,2026-08-23 18:02:06.882983+08,01KZRTCK09272R3821QNVX1EB3
01KZV5Q32HE0CGRXN7T652ZGYG,matched,01KZRRGW14N56M3HGFGXE3FN5T,01KZRW48774A2DK7QW4RW8GRQD,,2026-08-23 18:02:06.882983+08,2026-08-23 18:02:06.882983+08,01KZRTCK0GBH6RTYTQ9YNPPMTQ
01KZV5Q32HRFFZPXB3Z332X0P0,matched,01KZRRGW14KBMMYGKVHMX9RQD8,01KZRW4877ASYYCMJDQ4ZM72CY,,2026-08-23 18:02:06.882983+08,2026-08-23 18:02:06.882983+08,01KZRTCK09W43PB8H7GTEZPBE9
01KZV5Q32HPNVB128FD9RHHQV0,mismatch,01KZRRGW14K9GDB2KGW0SVFJBM,01KZRW48770HAGRX3Y72BY1D43,,2026-08-23 18:02:06.882983+08,2026-08-23 18:02:06.882983+08,01KZRTCK0AFRE6PEDGHZG9MHG8
01KZV5Q32HAQVMHWH4VX1M90D8,manual submit,01KZRRGW14XPKB44H9B6WS515H,01KZRW4877QESJQX4TK48W4NS1,,2026-08-23 18:02:06.882983+08,2026-08-23 18:02:06.882983+08,01KZRTCK09D4XSVNGDB7GS82S2
01KZV5Q32JMDM92K1RF2R47TP0,manual submit,01KZRRGW14DC1V4DFEXXX74JBW,01KZRW48779S7EXPA0TNQWKTA6,,2026-08-23 18:02:06.882983+08,2026-08-23 18:02:06.882983+08,01KZRTCK0958Y4RPBARSF8JCZK
01KZV5Q32J2RJ9C6K5HBTR291Q,matched,01KZRRGW149RPSGBHQY8MZC6NF,01KZRW4877VZEYQPDKKQXF13AV,,2026-08-23 18:02:06.882983+08,2026-08-23 18:02:06.882983+08,01KZRTCK0DNPT31EZ6PG5VME3A
01KZV5Q32JN7WQNJNEVDZ8H5AZ,matched,01KZRRGW14N56M3HGFGXE3FN5T,01KZRW4877ZVCRK1H9RNQPG5NR,,2026-08-23 18:02:06.882983+08,2026-08-23 18:02:06.882983+08,01KZRTCK0CZT28VM1YTEVH60K4
01KZV5Q32JEEFVVSJ6ZP8CR006,matched,01KZRRGW14X9Y2N7Y1J43BS87F,01KZRW487795H0KSW6AV992VCS,,2026-08-23 18:02:06.882983+08,2026-08-23 18:02:06.882983+08,01KZRTCK0C4G5EEYN2ZTJ5RNRQ
01KZV5Q32JSS69JFNPQ280H6G9,manual submit,01KZRRGW14N56M3HGFGXE3FN5T,01KZRW4877JT4P6WNFK8H35SP9,,2026-08-23 18:02:06.882983+08,2026-08-23 18:02:06.882983+08,01KZRTCK09KPV8751VDTXKCZPY
01KZV5Q32JYCZ6BGM3BD4RYPVA,mismatch,01KZRRGW14N9EVMX0Z1ZRJRRAH,01KZRW4877SVSEW2MKDM1JJJMY,,2026-08-23 18:02:06.882983+08,2026-08-23 18:02:06.882983+08,01KZRTCK0HM003RDJPDZW29CZ8
01KZV5Q32JRQ64D8453E2K14FY,manual submit,01KZRRGW14Y65J9N71RS7C99PT,01KZRW48774A2DK7QW4RW8GRQD,,2026-08-23 18:02:06.882983+08,2026-08-23 18:02:06.882983+08,01KZRTCK0EDDD9TW1JKPXVCJ79
01KZV5Q32JJHS3TQHP19KP1R34,matched,01KZRRGW14VWS3587600FPGYJJ,01KZRW4877AMSR96T952JSFTS6,,2026-08-23 18:02:06.882983+08,2026-08-23 18:02:06.882983+08,01KZRTCK0ATZEF3NZGEMKF8JHQ
01KZV5Q32J104DKAB7TS9QVSG1,mismatch,01KZRRGW14WSB3JJJKQDEREKF3,01KZRW48773C4ZFCJ993MWDQBY,,2026-08-23 18:02:06.882983+08,2026-08-23 18:02:06.882983+08,01KZRTCK0A3RDCRAH3Q0AB02K1
01KZV5Q32JG6PYHVP4W58VGN9E,manual submit,01KZRRGW14WH1V6PTWDSASC4XK,01KZRW4877H6020WSQ0GV9YAQ5,,2026-08-23 18:02:06.882983+08,2026-08-23 18:02:06.882983+08,01KZRTCK0D870FFNZ161RPGX07
01KZV5Q32JDT9MKW8QS034VA7Z,mismatch,01KZRRGW143XAZME28X8CPEY8S,01KZRW4877X5K4QDEQJ8HJV36S,,2026-08-23 18:02:06.882983+08,2026-08-23 18:02:06.882983+08,01KZRTCK08XJ6Y1YDGT35AM4H7
01KZV5Q32JV9F7B2165HA6D6BZ,matched,01KZRRGW14RBSVD8GEY7WA5YWC,01KZRW4877W4J1M6PJM0QPSR4V,,2026-08-23 18:02:06.882983+08,2026-08-23 18:02:06.882983+08,01KZRTCK0C1FP1HRZE6NEYRM89
01KZV5Q32JSA08ZTRXR82JMS72,manual submit,01KZRRGW14RBSVD8GEY7WA5YWC,01KZRW4877CATZ1KPW5MYDDBWC,,2026-08-23 18:02:06.882983+08,2026-08-23 18:02:06.882983+08,01KZRTCK0BSET6CHA9K5ZR1ZS2
01KZV5Q32JBP5PX33VCM3E9V31,matched,01KZRRGW14K9GDB2KGW0SVFJBM,01KZRW4877V5PZPAVH7Z3DSPSZ,,2026-08-23 18:02:06.882983+08,2026-08-23 18:02:06.882983+08,01KZRTCK0GZNC96KV8AFRBFH6X
01KZV5Q32JY8JCHW39882ST5YG,mismatch,01KZRRGW14KMGR1H2QPNVXB420,01KZRW4877R9Q45MFW4A93MM51,,2026-08-23 18:02:06.882983+08,2026-08-23 18:02:06.882983+08,01KZRTCK0GDZ8SB6YYGT9SSY2X
01KZV5Q32JMAAX21F61NCQS8QV,manual submit,01KZRRGW14KMGR1H2QPNVXB420,01KZRW4877J6H9QTAKXMT8A2FE,,2026-08-23 18:02:06.882983+08,2026-08-23 18:02:06.882983+08,01KZRTCK0GK0C228HZS4TZECJ1
01KZV5Q32JYV10FTNRCCBWZKA8,manual submit,01KZRRGW14N9EVMX0Z1ZRJRRAH,01KZRW4877V5PZPAVH7Z3DSPSZ,,2026-08-23 18:02:06.882983+08,2026-08-23 18:02:06.882983+08,01KZRTCK0DM4DRS6RWXCBHM5TH
01KZV5Q32J4J39B09P68RSEEEK,mismatch,01KZRRGW14EVYGVAR1F5M4N714,01KZRW4877HTTETZMDFBTY9TG8,,2026-08-23 18:02:06.882983+08,2026-08-23 18:02:06.882983+08,01KZRTCK08TE19SBXYQ981X6XE
01KZV5Q32J28SPPHDZP4D3Y2M1,mismatch,01KZRRGW14PHE1YJB3BS55XR3K,01KZRW4877AZR5K32Y5PAGXHRC,,2026-08-23 18:02:06.882983+08,2026-08-23 18:02:06.882983+08,01KZRTCK09B34GZGK8BGS6MFTV
01KZV5Q32JMC8V1M6NWQ7XB9Y1,manual submit,01KZRRGW14Y65J9N71RS7C99PT,01KZRW4877QYTMJX48NHFYBFCC,,2026-08-23 18:02:06.882983+08,2026-08-23 18:02:06.882983+08,01KZRTCK0DFFGNQGABVBR5FQYF
01KZV5Q32JN57HAVDMGDPXJJ1V,manual submit,01KZRRGW14G35YB41SN7AN85CV,01KZRW4877X5K4QDEQJ8HJV36S,,2026-08-23 18:02:06.882983+08,2026-08-23 18:02:06.882983+08,01KZRTCK0CKG4NK1FYBW1EJCA3
01KZV5Q32JG941DATAKCM1TMXG,manual submit,01KZRRGW14J5MRZ241JHXYMPE5,01KZRW4877VA8TBBCFWH8TVEM7,,2026-08-23 18:02:06.882983+08,2026-08-23 18:02:06.882983+08,01KZRTCK0AEVPKWS07PC1Y8XPB
01KZV5Q32JPGK7XWS3CBDPMEA9,mismatch,01KZRRGW14PHE1YJB3BS55XR3K,01KZRW4877B3D0MZHS3AQRJ814,,2026-08-23 18:02:06.882983+08,2026-08-23 18:02:06.882983+08,01KZRTCK0BVZ846HM59Y7AVKEP
01KZV5Q32JJBKK93CD8DXDDMN5,manual submit,01KZRRGW143DR9TSRKKQDPRDKM,01KZRW4877RJWA8G8EVGD5AKV5,,2026-08-23 18:02:06.882983+08,2026-08-23 18:02:06.882983+08,01KZRTCK0GNTCG4BA9TB9QV6JY
01KZV5Q32JQGWT18AMNRSQDW5J,matched,01KZRRGW14W9JF1K1J0X6X34N8,01KZRW4877HTSZDBP5ZKDZNQYA,,2026-08-23 18:02:06.882983+08,2026-08-23 18:02:06.882983+08,01KZRTCK0GXFTNETVRT9F8175Q
01KZV5Q32JJ3ARFBZBFR784QJY,manual submit,01KZRRGW14200T0G4QVVJEZMW1,01KZRW4877EFAE21HQ86WYE6X8,,2026-08-23 18:02:06.882983+08,2026-08-23 18:02:06.882983+08,01KZRTCK0B8378Y18MY92HTEC3
01KZV5Q32J1AVHGGD550DSNW7X,matched,01KZRRGW1448AZYH3Y9E70DS21,01KZRW48778GNNZ5BFJZ0VXNNN,,2026-08-23 18:02:06.882983+08,2026-08-23 18:02:06.882983+08,01KZRTCK0F4PF88AZ0N95KMGQ6
01KZV5Q32JD3YRVXTP92QSE2HK,mismatch,01KZRRGW1442K27HM42RTFZG1M,01KZRW48779S54N1CEJC2Y3AZY,,2026-08-23 18:02:06.882983+08,2026-08-23 18:02:06.882983+08,01KZRTCK0D3M1P4TQ3YYXXE5VJ
01KZV5Q32JFA48MXW95HY36QGT,matched,01KZRRGW14KVWBG89MRPJPJBXC,01KZRW48779R4JNZ47ZW2T3PQB,,2026-08-23 18:02:06.882983+08,2026-08-23 18:02:06.882983+08,01KZRTCK0AFSPM3ZVZ2P1NTHG0
01KZV5Q32JZQ4EKC4XYJADQH0G,matched,01KZRRGW14N5VHBCMAJGNJ0GJH,01KZRW48778X9EQJ3KN65YC121,,2026-08-23 18:02:06.882983+08,2026-08-23 18:02:06.882983+08,01KZRTCK0G5MVQXDRCE7B6VZ1X
01KZV5Q32JK28QXHPANXAB30P2,manual submit,01KZRRGW14N56M3HGFGXE3FN5T,01KZRW4877R9Q45MFW4A93MM51,,2026-08-23 18:02:06.882983+08,2026-08-23 18:02:06.882983+08,01KZRTCK0DV5TT5VVM4HTCEPS8
01KZV5Q32JQZVAW4YZMVFYNDVQ,matched,01KZRRGW146F8C4946XJM2S6EC,01KZRW4877BFP4JMW1E9SHS153,,2026-08-23 18:02:06.882983+08,2026-08-23 18:02:06.882983+08,01KZRTCK0A98RV6P096PGK1T2A
01KZV5Q32JKQQA27JAXQ1XWFEJ,mismatch,01KZRRGW14N56M3HGFGXE3FN5T,01KZRW4877HQV77AK3B14GNXZ1,,2026-08-23 18:02:06.882983+08,2026-08-23 18:02:06.882983+08,01KZRTCK0AM9KAN4F4Z4XREFC0
01KZV5Q32KMQRDAN6FEAE9GE8R,matched,01KZRRGW14WH1V6PTWDSASC4XK,01KZRW4877AMSR96T952JSFTS6,,2026-08-23 18:02:06.882983+08,2026-08-23 18:02:06.882983+08,01KZRTCK09SWTGDN4JYRJJWQDM
01KZV5Q32KGT7Y9KW9AMT4SR4F,manual submit,01KZRRGW147SW8PDR6Z12DT4B9,01KZRW4877XM3HSHJZWNN5DMVE,,2026-08-23 18:02:06.882983+08,2026-08-23 18:02:06.882983+08,01KZRTCK0GBAH5A994RPSKVQX0
01KZV5Q32KCCGZDBSB37XMMNND,mismatch,01KZRRGW14X04WHWJ78QR6J8H3,01KZRW4877BKP2FRH1B8G1CTC9,,2026-08-23 18:02:06.882983+08,2026-08-23 18:02:06.882983+08,01KZRTCK0ABW2YK5EQ4CED2VDH
01KZV5Q32KAWVVCPPSKD8PFW6P,mismatch,01KZRRGW14FX4FRK4R4E3MKR5J,01KZRW4877T3XV4P4JY2BTWW8J,,2026-08-23 18:02:06.882983+08,2026-08-23 18:02:06.882983+08,01KZRTCK0EBQM4R0R3BT1CKPCV
01KZV5Q32KWJFWYMNXGE83VXWF,mismatch,01KZRRGW146F8C4946XJM2S6EC,01KZRW4877BFP4JMW1E9SHS153,,2026-08-23 18:02:06.882983+08,2026-08-23 18:02:06.882983+08,01KZRTCK08ZJ6HXA59V0F5H2AA
01KZV5Q32KDNV02V0BC7PGXM3J,mismatch,01KZRRGW14PHE1YJB3BS55XR3K,01KZRW487741KD7GWF4QB79EFH,,2026-08-23 18:02:06.882983+08,2026-08-23 18:02:06.882983+08,01KZRTCK0GSBVZEVQQ2S050RP5
01KZV5Q32KN1XVNK6RP3RATAYE,matched,01KZRRGW146F8C4946XJM2S6EC,01KZRW48778GNNZ5BFJZ0VXNNN,,2026-08-23 18:02:06.882983+08,2026-08-23 18:02:06.882983+08,01KZRTCK0G7M1BJ0VZ2PGQ3WDW
01KZV5Q32KCTBVDVXB63CTBHAA,manual submit,01KZRRGW14X04WHWJ78QR6J8H3,01KZRW4877DZMG7S8EQEYF7D89,,2026-08-23 18:02:06.882983+08,2026-08-23 18:02:06.882983+08,01KZRTCK0A2VY3MV077TT2KMBM
01KZV5Q32K3PBN1RGJ0MHR1EMK,manual submit,01KZRRGW14200T0G4QVVJEZMW1,01KZRW48770HAGRX3Y72BY1D43,,2026-08-23 18:02:06.882983+08,2026-08-23 18:02:06.882983+08,01KZRTCK0E0EGZ3NNE3QHRGCX6
01KZV5Q32KBT4NXXW9K20PTV3M,mismatch,01KZRRGW14KBMMYGKVHMX9RQD8,01KZRW4877NYSZZ4VFYZTN4ES1,,2026-08-23 18:02:06.882983+08,2026-08-23 18:02:06.882983+08,01KZRTCK09BSBG4V5ZNHHQBT4B
01KZV5Q32KZ4X5325E3QR3EW29,matched,01KZRRGW14N5VHBCMAJGNJ0GJH,01KZRW4877WQZA5NY9SXK8D7Q3,,2026-08-23 18:02:06.882983+08,2026-08-23 18:02:06.882983+08,01KZRTCK0AH8HC93B4Z3RYFX9W
01KZV5Q32K9PZXSMBM7PWKCA55,mismatch,01KZRRGW14WSB3JJJKQDEREKF3,01KZRW48773C4ZFCJ993MWDQBY,,2026-08-23 18:02:06.882983+08,2026-08-23 18:02:06.882983+08,01KZRTCK0D8Z4P5G695VJZ6XD5
01KZV5Q32KGNYKJ6P8VA2FXDEX,manual submit,01KZRRGW14200T0G4QVVJEZMW1,01KZRW4877EFAE21HQ86WYE6X8,,2026-08-23 18:02:06.882983+08,2026-08-23 18:02:06.882983+08,01KZRTCK0D3HH4SPCBT2HYFNSC
01KZV5Q32KEAYB9XXMP2ZN0261,matched,01KZRRGW14200T0G4QVVJEZMW1,01KZRW4877A147WBBGMNMTXNA3,,2026-08-23 18:02:06.882983+08,2026-08-23 18:02:06.882983+08,01KZRTCK09W7KVC9CQ2DAB6DNM
01KZV5Q32K5XPTRJMWVKDG59HH,manual submit,01KZRRGW14XPKB44H9B6WS515H,01KZRW4877QESJQX4TK48W4NS1,,2026-08-23 18:02:06.882983+08,2026-08-23 18:02:06.882983+08,01KZRTCK0E1RQQ0F4X4J0ZWMFD
01KZV5Q32KPQYXQ35H17K2D7H4,mismatch,01KZRRGW14KVWBG89MRPJPJBXC,01KZRW4877V0J57H3JPGGS28WZ,,2026-08-23 18:02:06.882983+08,2026-08-23 18:02:06.882983+08,01KZRTCK0DENYQFBRMZCBXKTES
01KZV5Q32KCRBR8QBA5BTT8BP2,mismatch,01KZRRGW14Y65J9N71RS7C99PT,01KZRW4877VZEYQPDKKQXF13AV,,2026-08-23 18:02:06.882983+08,2026-08-23 18:02:06.882983+08,01KZRTCK0D9RJGJEB1FG0CZ792
01KZV5Q32KPRHBWAA9T2DJG522,mismatch,01KZRRGW14WH1V6PTWDSASC4XK,01KZRW4877VZEYQPDKKQXF13AV,,2026-08-23 18:02:06.882983+08,2026-08-23 18:02:06.882983+08,01KZRTCK0DHGS76JR9SHR1XMM9
01KZV5Q32KJGP7ARNYA8S050YQ,matched,01KZRRGW14N5VHBCMAJGNJ0GJH,01KZRW48778GNNZ5BFJZ0VXNNN,,2026-08-23 18:02:06.882983+08,2026-08-23 18:02:06.882983+08,01KZRTCK0CF1Q3YJWG9YB3FZ6S
01KZV5Q32KAJY9HZNYMHQRVWJF,manual submit,01KZRRGW14FX4FRK4R4E3MKR5J,01KZRW4877HTTETZMDFBTY9TG8,,2026-08-23 18:02:06.882983+08,2026-08-23 18:02:06.882983+08,01KZRTCK0GKRZ69YKCV4G7B6HD
01KZV5Q32KY8ZHV5TZZR8324SF,mismatch,01KZRRGW14RBSVD8GEY7WA5YWC,01KZRW4877MFF924CSKP3J6WW4,,2026-08-23 18:02:06.882983+08,2026-08-23 18:02:06.882983+08,01KZRTCK0A11VGE873PA7ARCAK
01KZV5Q32KRW3F630VZZA29Y28,manual submit,01KZRRGW143DR9TSRKKQDPRDKM,01KZRW48778GNNZ5BFJZ0VXNNN,,2026-08-23 18:02:06.882983+08,2026-08-23 18:02:06.882983+08,01KZRTCK0B3KATTVJQFGR4A6GK
01KZV5Q32KNP28XDQ33F6Z4KPF,matched,01KZRRGW1442K27HM42RTFZG1M,01KZRW4877D5ZY6TAERNGTV34K,,2026-08-23 18:02:06.882983+08,2026-08-23 18:02:06.882983+08,01KZRTCK0D46TN323ZXD16NVZG
01KZV5Q32KVRA2QEY5W75P1D9J,matched,01KZRRGW14G35YB41SN7AN85CV,01KZRW4877H6020WSQ0GV9YAQ5,,2026-08-23 18:02:06.882983+08,2026-08-23 18:02:06.882983+08,01KZRTCK0GBKCV3Y4R9FVP6GAD
01KZV5Q32K1NTQ68S64AQF95VY,matched,01KZRRGW14Y65J9N71RS7C99PT,01KZRW48770HAGRX3Y72BY1D43,,2026-08-23 18:02:06.882983+08,2026-08-23 18:02:06.882983+08,01KZRTCK0AQKPK3GSK0KA5M3M0
01KZV5Q32KKCB6JFJFSHP5CTBB,manual submit,01KZRRGW142XAJ3EN2YJAF1HJB,01KZRW4877QESJQX4TK48W4NS1,,2026-08-23 18:02:06.882983+08,2026-08-23 18:02:06.882983+08,01KZRTCK0D460R47Y6T9CSNB7F
01KZV5Q32K477MM5YYQMYXQSWW,mismatch,01KZRRGW14WH1V6PTWDSASC4XK,01KZRW4877QESJQX4TK48W4NS1,,2026-08-23 18:02:06.882983+08,2026-08-23 18:02:06.882983+08,01KZRTCK09SZM4HBJZCMC70ZAV
01KZV5Q32MZFHY8K8Z026GDE6V,manual submit,01KZRRGW14K9GDB2KGW0SVFJBM,01KZRW48774A2DK7QW4RW8GRQD,,2026-08-23 18:02:06.882983+08,2026-08-23 18:02:06.882983+08,01KZRTCK0ACQ29M1KDTXDG5PN3
01KZV5Q32M26Z78CZMFVR64M2A,matched,01KZRRGW14WSB3JJJKQDEREKF3,01KZRW4877XM3HSHJZWNN5DMVE,,2026-08-23 18:02:06.882983+08,2026-08-23 18:02:06.882983+08,01KZRTCK0C9PADBX8NDJ75TMP5
01KZV5Q32MW3KE7WAG6YYHHH84,matched,01KZRRGW14Y65J9N71RS7C99PT,01KZRW4877J6H9QTAKXMT8A2FE,,2026-08-23 18:02:06.882983+08,2026-08-23 18:02:06.882983+08,01KZRTCK0DCY2JZ80A108CFHY6
01KZV5Q32MR5BBYPNYT4EKGMDX,matched,01KZRRGW143XAZME28X8CPEY8S,01KZRW48773C4ZFCJ993MWDQBY,,2026-08-23 18:02:06.882983+08,2026-08-23 18:02:06.882983+08,01KZRTCK09BBH1YX3X7ZTJQ3YB
01KZV5Q32M95CG7X1VNS9FKZ5B,mismatch,01KZRRGW146F8C4946XJM2S6EC,01KZRW4877QYTMJX48NHFYBFCC,,2026-08-23 18:02:06.882983+08,2026-08-23 18:02:06.882983+08,01KZRTCK0CGZXMF08BZ81M73CY
01KZV5Q32MGDX2AABBF9GW4N45,manual submit,01KZRRGW146F8C4946XJM2S6EC,01KZRW4877X5K4QDEQJ8HJV36S,,2026-08-23 18:02:06.882983+08,2026-08-23 18:02:06.882983+08,01KZRTCK0BBEDMSEST18JE5HAY
01KZV5Q32M82V29RDKH6WPVJBG,manual submit,01KZRRGW14PHE1YJB3BS55XR3K,01KZRW4877T3KKF85T8W2FJ0J5,,2026-08-23 18:02:06.882983+08,2026-08-23 18:02:06.882983+08,01KZRTCK0B51AN8VXK1AFH9676
01KZV5Q32MRV3Q10W3KGZFS7HP,mismatch,01KZRRGW1442K27HM42RTFZG1M,01KZRW48770HAGRX3Y72BY1D43,,2026-08-23 18:02:06.882983+08,2026-08-23 18:02:06.882983+08,01KZRTCK08W2VKBBGB5EHC35RN
01KZV5Q32MB31NX4E9FFAZE4N0,matched,01KZRRGW143XAZME28X8CPEY8S,01KZRW4877J6H9QTAKXMT8A2FE,,2026-08-23 18:02:06.882983+08,2026-08-23 18:02:06.882983+08,01KZRTCK0AP6XBYVEZ6Q6903JJ
01KZV5Q32MY1B6ZSGTXRAPHMJE,matched,01KZRRGW149RPSGBHQY8MZC6NF,01KZRW4877QZNEVFAY7G115HT9,,2026-08-23 18:02:06.882983+08,2026-08-23 18:02:06.882983+08,01KZRTCK095E2CVG41T421GQYC
01KZV5Q32MZ1R5959SHHKH2G42,mismatch,01KZRRGW14X04WHWJ78QR6J8H3,01KZRW4877NAVZSR88Z0ZHKRW9,,2026-08-23 18:02:06.882983+08,2026-08-23 18:02:06.882983+08,01KZRTCK0BTR5V02F0RSQVJNMQ
01KZV5Q32M3GJAKCM90MVKAZ7W,matched,01KZRRGW14KBMMYGKVHMX9RQD8,01KZRW48777AHPHKJ81KF0SBSV,,2026-08-23 18:02:06.882983+08,2026-08-23 18:02:06.882983+08,01KZRTCK09DGBFH5771SK4RS7S
01KZV5Q32MK6BVNEC8JNXM021K,matched,01KZRRGW14X9Y2N7Y1J43BS87F,01KZRW4877TQ7065A4RCCYE8SH,,2026-08-23 18:02:06.882983+08,2026-08-23 18:02:06.882983+08,01KZRTCK0ADMHZHHRCYBPAS4E4
01KZV5Q32MPSQ6Z5XW3PHA8C6Y,matched,01KZRRGW14JQ7JEW5HBDS8P7VJ,01KZRW48778HEX0CCC1CXQ27DR,,2026-08-23 18:02:06.882983+08,2026-08-23 18:02:06.882983+08,01KZRTCK0EW34YQN3FKXZ8TVGE
01KZV5Q32MS7JEHQ1CC8P4C6X3,manual submit,01KZRRGW1442K27HM42RTFZG1M,01KZRW48777AHPHKJ81KF0SBSV,,2026-08-23 18:02:06.882983+08,2026-08-23 18:02:06.882983+08,01KZRTCK0AQKPK3GSK0KA5M3M0
01KZV5Q32N2NRHZPDGK6SEMZMS,matched,01KZRRGW14A7VW9HY70W2ZKDCX,01KZRW4877BFP4JMW1E9SHS153,,2026-08-23 18:02:06.882983+08,2026-08-23 18:02:06.882983+08,01KZRTCK0G6CDKDNB7JM5HEYKG
01KZV5Q32NSD65WGM2MBDZYDXZ,manual submit,01KZRRGW14X04WHWJ78QR6J8H3,01KZRW4877AZR5K32Y5PAGXHRC,,2026-08-23 18:02:06.882983+08,2026-08-23 18:02:06.882983+08,01KZRTCK0DTY6P9VQEFJQ5BAVQ
01KZV5Q32NQHTR6SYHXT3RH39C,manual submit,01KZRRGW14EVYGVAR1F5M4N714,01KZRW4877D9R8T6DSGNC22W4X,,2026-08-23 18:02:06.882983+08,2026-08-23 18:02:06.882983+08,01KZRTCK0GTAD98GD5BNBP2T4W
01KZV5Q32NHRC06B1N9V4CA4MZ,matched,01KZRRGW14KVWBG89MRPJPJBXC,01KZRW48779S7EXPA0TNQWKTA6,,2026-08-23 18:02:06.882983+08,2026-08-23 18:02:06.882983+08,01KZRTCK0B1N2HA9QJZCQ5H52N
01KZV5Q32NRMHEN05GVYKG44N5,matched,01KZRRGW14MXEWF9HMYNXVS5ER,01KZRW4877SVSEW2MKDM1JJJMY,,2026-08-23 18:02:06.882983+08,2026-08-23 18:02:06.882983+08,01KZRTCK09VATQ888BPKA4D4MK
01KZV5Q32N5CQW5FSZRRJTDA3E,manual submit,01KZRRGW14SVP3PKMRRXC2J621,01KZRW48779S7EXPA0TNQWKTA6,,2026-08-23 18:02:06.882983+08,2026-08-23 18:02:06.882983+08,01KZRTCK0CN7NWD4WDY3W38Q4R
01KZV5Q32NPC103XYDKH1ENM8C,mismatch,01KZRRGW14RBSVD8GEY7WA5YWC,01KZRW4877B4VKB2E5TT4BWFP8,,2026-08-23 18:02:06.882983+08,2026-08-23 18:02:06.882983+08,01KZRTCK0DMR3Z2MN8N9WH1SR8
01KZV5Q32NGCN96EKEJS6VAZ05,manual submit,01KZRRGW14WSB3JJJKQDEREKF3,01KZRW4877X5K4QDEQJ8HJV36S,,2026-08-23 18:02:06.882983+08,2026-08-23 18:02:06.882983+08,01KZRTCK0GP87SNNJYJNB2TJVE
01KZV5Q32NDZ6PXD54AADJFBRD,mismatch,01KZRRGW14N5VHBCMAJGNJ0GJH,01KZRW4877WQZA5NY9SXK8D7Q3,,2026-08-23 18:02:06.882983+08,2026-08-23 18:02:06.882983+08,01KZRTCK0C5JG7J9APDB0XR2M3
01KZV5Q32N7TPPZ1ZKPX6WRZ5X,manual submit,01KZRRGW14N5VHBCMAJGNJ0GJH,01KZRW4877BFP4JMW1E9SHS153,,2026-08-23 18:02:06.882983+08,2026-08-23 18:02:06.882983+08,01KZRTCK0AFBGVRGWJAZS3RYT5
01KZV5Q32N6NWEA6JAW76GKR6N,mismatch,01KZRRGW14MXEWF9HMYNXVS5ER,01KZRW4877YEX8C3RH16STZ2B2,,2026-08-23 18:02:06.882983+08,2026-08-23 18:02:06.882983+08,01KZRTCK0E1BQMPTN5BM2851XS
01KZV5Q32NYBJGG4NM4F2PF6WY,matched,01KZRRGW143DR9TSRKKQDPRDKM,01KZRW48779CWAQ752ZGCV7AN3,,2026-08-23 18:02:06.882983+08,2026-08-23 18:02:06.882983+08,01KZRTCK0BXBF2JS9X9BXN8Z0Z
01KZV5Q32NV5QTQ4AHJJXSSPQN,manual submit,01KZRRGW14PHE1YJB3BS55XR3K,01KZRW4877V5PZPAVH7Z3DSPSZ,,2026-08-23 18:02:06.882983+08,2026-08-23 18:02:06.882983+08,01KZRTCK0FE8CZ0BSTC34EC5EN
01KZV5Q32N9P44S9PW5QTRDD6G,mismatch,01KZRRGW147SW8PDR6Z12DT4B9,01KZRW4877HTTETZMDFBTY9TG8,,2026-08-23 18:02:06.882983+08,2026-08-23 18:02:06.882983+08,01KZRTCK0DMN90Y91JVWXR6QJN
01KZV5Q32NQ3M1PWY84PX0KX7R,mismatch,01KZRRGW143DR9TSRKKQDPRDKM,01KZRW4877W4J1M6PJM0QPSR4V,,2026-08-23 18:02:06.882983+08,2026-08-23 18:02:06.882983+08,01KZRTCK0G3XSCPJ3G2YHQHD2T
01KZV5Q32N652XXHWH1XC7Z71T,matched,01KZRRGW146F8C4946XJM2S6EC,01KZRW4877C5YNZ203SCBWWZXZ,,2026-08-23 18:02:06.882983+08,2026-08-23 18:02:06.882983+08,01KZRTCK0BGZKJNX3BD3QGQ7H5
01KZV5Q32N8KBRWVWVG8GKAXP2,mismatch,01KZRRGW149RPSGBHQY8MZC6NF,01KZRW4877EFAE21HQ86WYE6X8,,2026-08-23 18:02:06.882983+08,2026-08-23 18:02:06.882983+08,01KZRTCK0GJ3BHKXT6ZE26WQ83
01KZV5Q32N7YKC1RA5HAJE7MH9,matched,01KZRRGW14X04WHWJ78QR6J8H3,01KZRW48773GHQQ4H8241WY49R,,2026-08-23 18:02:06.882983+08,2026-08-23 18:02:06.882983+08,01KZRTCK0B3KATTVJQFGR4A6GK
01KZV5Q32N7YW0VYFJ2J2AKMVB,matched,01KZRRGW14MXEWF9HMYNXVS5ER,01KZRW48779S54N1CEJC2Y3AZY,,2026-08-23 18:02:06.882983+08,2026-08-23 18:02:06.882983+08,01KZRTCK0G017Z07HEZJMDPT6X
01KZV5Q32NAFF07HEBR0JXKEC6,manual submit,01KZRRGW14WSB3JJJKQDEREKF3,01KZRW4877SRMJMM3R17R2QE73,,2026-08-23 18:02:06.882983+08,2026-08-23 18:02:06.882983+08,01KZRTCK08ESNTMBYH49Q3K5TY
01KZV5Q32NKJSKMBJGTMH0SBQ1,matched,01KZRRGW14THZB9B34PPHZSFE2,01KZRW4877GVVZRA6JKSTGEVNK,,2026-08-23 18:02:06.882983+08,2026-08-23 18:02:06.882983+08,01KZRTCK0GFV7TSR8JBDWYEJ5P
01KZV5Q32NW95EWCPQ0Q49YC0T,manual submit,01KZRRGW14X04WHWJ78QR6J8H3,01KZRW48771S3VZMTY431CY71G,,2026-08-23 18:02:06.882983+08,2026-08-23 18:02:06.882983+08,01KZRTCK0G0FCE690JW10FM181
01KZV5Q32N8VC1YXBFZTG9QV05,manual submit,01KZRRGW14N9EVMX0Z1ZRJRRAH,01KZRW48777AHPHKJ81KF0SBSV,,2026-08-23 18:02:06.882983+08,2026-08-23 18:02:06.882983+08,01KZRTCK0EEN6QKPGVEK3Y94H0
01KZV5Q32N945QTRMRMNJ7KD2R,mismatch,01KZRRGW147SW8PDR6Z12DT4B9,01KZRW487795H0KSW6AV992VCS,,2026-08-23 18:02:06.882983+08,2026-08-23 18:02:06.882983+08,01KZRTCK099MKB7C96NRV7XJCA
01KZV5Q32NK7FAMPV7PBZD6AVS,matched,01KZRRGW147SW8PDR6Z12DT4B9,01KZRW4877JT4P6WNFK8H35SP9,,2026-08-23 18:02:06.882983+08,2026-08-23 18:02:06.882983+08,01KZRTCK0ATN2QWQ73BB0ZCYMG
01KZV5Q32PQY0FE1HD1HS0ESYH,matched,01KZRRGW14THZB9B34PPHZSFE2,01KZRW4877S7NXK01W1S3HFM9Z,,2026-08-23 18:02:06.882983+08,2026-08-23 18:02:06.882983+08,01KZRTCK0ETJF0KDWEWDBV5CP8
01KZV5Q32PV7GZKQXERVPX0Y7B,mismatch,01KZRRGW140MQ9ZE887EQDG87Z,01KZRW4877B9B3MX4SDENM2X4F,,2026-08-23 18:02:06.882983+08,2026-08-23 18:02:06.882983+08,01KZRTCK0AFKCNN2HB0S2HPCZD
01KZV5Q32P56CZHJN12NNJYS4P,mismatch,01KZRRGW14SVP3PKMRRXC2J621,01KZRW4877D9R8T6DSGNC22W4X,,2026-08-23 18:02:06.882983+08,2026-08-23 18:02:06.882983+08,01KZRTCK0BRXV68K49S2MS0Z3X
01KZV5Q32PXBZ5N50RGP5M5FZ8,manual submit,01KZRRGW14KBMMYGKVHMX9RQD8,01KZRW4877B9B3MX4SDENM2X4F,,2026-08-23 18:02:06.882983+08,2026-08-23 18:02:06.882983+08,01KZRTCK0A9MFPWFT4D315R1E8
01KZV5Q32PNSVV9YW8BMT0TW8Y,mismatch,01KZRRGW14WSB3JJJKQDEREKF3,01KZRW4877V5PZPAVH7Z3DSPSZ,,2026-08-23 18:02:06.882983+08,2026-08-23 18:02:06.882983+08,01KZRTCK0EAT12NCZBJQVMEP0F
01KZV5Q32PC14514SAF5GE4F1V,mismatch,01KZRRGW14THZB9B34PPHZSFE2,01KZRW4877BFP4JMW1E9SHS153,,2026-08-23 18:02:06.882983+08,2026-08-23 18:02:06.882983+08,01KZRTCK0ATZEF3NZGEMKF8JHQ
01KZV5Q32PAR4CWF0589JXQER0,mismatch,01KZRRGW143DR9TSRKKQDPRDKM,01KZRW48771BV67J8RNDGKP3AK,,2026-08-23 18:02:06.882983+08,2026-08-23 18:02:06.882983+08,01KZRTCK09AV49P8YM4FB76NTD
01KZV5Q32PG5FC9PDGCRNSWX5V,manual submit,01KZRRGW14KVWBG89MRPJPJBXC,01KZRW4877TQ7065A4RCCYE8SH,,2026-08-23 18:02:06.882983+08,2026-08-23 18:02:06.882983+08,01KZRTCK0BY94RS25MVQG5ANV3
01KZV5Q32PFM4CX06YXTQ50BV3,matched,01KZRRGW142XAJ3EN2YJAF1HJB,01KZRW4877FZ26T405N4WYZMRG,,2026-08-23 18:02:06.882983+08,2026-08-23 18:02:06.882983+08,01KZRTCK09DG7WYYS3NQ763QHR
01KZV5Q32P03SWZH8DEANDKJE7,manual submit,01KZRRGW1442K27HM42RTFZG1M,01KZRW48773P9B1HDR1BKFG957,,2026-08-23 18:02:06.882983+08,2026-08-23 18:02:06.882983+08,01KZRTCK09Q34HK88C4HAHP82S
01KZV5Q32P2GBN18TDCD997ZE6,manual submit,01KZRRGW14SVP3PKMRRXC2J621,01KZRW4877YEX8C3RH16STZ2B2,,2026-08-23 18:02:06.882983+08,2026-08-23 18:02:06.882983+08,01KZRTCK09MNMMTG518PGQ0WG8
01KZV5Q32PRPRFFVGY4Y76368Z,mismatch,01KZRRGW14G35YB41SN7AN85CV,01KZRW4877TRFEBWEFKEZC1X5H,,2026-08-23 18:02:06.882983+08,2026-08-23 18:02:06.882983+08,01KZRTCK09ESDK10APXQA6PMR6
01KZV5Q32PN8YV9XW9FM2QK45D,manual submit,01KZRRGW142RC6MARTSS19R7GK,01KZRW48777JDTMGDM6JZY87AF,,2026-08-23 18:02:06.882983+08,2026-08-23 18:02:06.882983+08,01KZRTCK0EM2T547BMFCFG54J6
01KZV5Q32P14NF07MFAZT9MJW3,matched,01KZRRGW143XAZME28X8CPEY8S,01KZRW4877FZS8TFJN9ZMN5RWV,,2026-08-23 18:02:06.882983+08,2026-08-23 18:02:06.882983+08,01KZRTCK0A1JMVFECWJ2XRBASD
01KZV5Q32PT9TTFYZHTPQ87MRC,matched,01KZRRGW14J5MRZ241JHXYMPE5,01KZRW4877WQJZ3J1CH35W5XY0,,2026-08-23 18:02:06.882983+08,2026-08-23 18:02:06.882983+08,01KZRTCK09B4B8ZDEP9N1TJ43D
01KZV5Q32P8JZWNB4P6VKVMPQJ,mismatch,01KZRRGW14J5MRZ241JHXYMPE5,01KZRW48779CWAQ752ZGCV7AN3,,2026-08-23 18:02:06.882983+08,2026-08-23 18:02:06.882983+08,01KZRTCK0AKAC5W4T3NT17NPNP
01KZV5Q32P3P06328ZVN52KF7T,manual submit,01KZRRGW143DR9TSRKKQDPRDKM,01KZRW4877Z1GGC6GJTVS7J2AP,,2026-08-23 18:02:06.882983+08,2026-08-23 18:02:06.882983+08,01KZRTCK0E7DSPRDBP1MY506T5
01KZV5Q32PB982PR9JEQF3QZJ7,matched,01KZRRGW14JQ7JEW5HBDS8P7VJ,01KZRW4877A147WBBGMNMTXNA3,,2026-08-23 18:02:06.882983+08,2026-08-23 18:02:06.882983+08,01KZRTCK0EYNPB1QS1GX1CF2BP
01KZV5Q32P4FN8TFQNJHY9N2EE,matched,01KZRRGW140MQ9ZE887EQDG87Z,01KZRW4877RECBHNY9Y9VM9ZRZ,,2026-08-23 18:02:06.882983+08,2026-08-23 18:02:06.882983+08,01KZRTCK0AMBXW6VP5JCVVFCCV
01KZV5Q32P4VANZC0E9Q6GHACN,manual submit,01KZRRGW14WSB3JJJKQDEREKF3,01KZRW4877HVT4X8HFK0HTQ94N,,2026-08-23 18:02:06.882983+08,2026-08-23 18:02:06.882983+08,01KZRTCK09DA210FMMKJN9MHSH
01KZV5Q32PM9MNS0RP9BF3G582,manual submit,01KZRRGW14PHE1YJB3BS55XR3K,01KZRW4877WQJZ3J1CH35W5XY0,,2026-08-23 18:02:06.882983+08,2026-08-23 18:02:06.882983+08,01KZRTCK09J6APB1QDVA3ZANM8
01KZV5Q32PSX3PC85PSTB3W65W,matched,01KZRRGW14FX4FRK4R4E3MKR5J,01KZRW48773GHQQ4H8241WY49R,,2026-08-23 18:02:06.882983+08,2026-08-23 18:02:06.882983+08,01KZRTCK0DNMNHKDK1FJFH0PJ1
01KZV5Q32Q6BQ96W34QAEX0ERX,mismatch,01KZRRGW14EVYGVAR1F5M4N714,01KZRW4877WQJZ3J1CH35W5XY0,,2026-08-23 18:02:06.882983+08,2026-08-23 18:02:06.882983+08,01KZRTCK09KQGQMP082VDRRAR8
01KZV5Q32Q48K31ENKR9E1NCAB,matched,01KZRRGW146F8C4946XJM2S6EC,01KZRW4877WQJZ3J1CH35W5XY0,,2026-08-23 18:02:06.882983+08,2026-08-23 18:02:06.882983+08,01KZRTCK09MBGRQZ918B0JYQNE
01KZV5Q32QB53SB45JFVN5WQGF,manual submit,01KZRRGW14KVWBG89MRPJPJBXC,01KZRW48779R4JNZ47ZW2T3PQB,,2026-08-23 18:02:06.882983+08,2026-08-23 18:02:06.882983+08,01KZRTCK0GZEHSPCP1MDMWM73K
01KZV5Q32Q56J7HNKBJDS7MGNS,mismatch,01KZRRGW143DR9TSRKKQDPRDKM,01KZRW487741KD7GWF4QB79EFH,,2026-08-23 18:02:06.882983+08,2026-08-23 18:02:06.882983+08,01KZRTCK0A0HV7N1RT7QVXKSVE
01KZV5Q32QS1T050A3F7QMK44B,manual submit,01KZRRGW14Y65J9N71RS7C99PT,01KZRW4877D9R8T6DSGNC22W4X,,2026-08-23 18:02:06.882983+08,2026-08-23 18:02:06.882983+08,01KZRTCK099MKB7C96NRV7XJCA
01KZV5Q32QEF67TRVX9QET0C1M,manual submit,01KZRRGW14VWS3587600FPGYJJ,01KZRW48779S54N1CEJC2Y3AZY,,2026-08-23 18:02:06.882983+08,2026-08-23 18:02:06.882983+08,01KZRTCK09XJDC0Y807HCN4YDR
01KZV5Q32Q2X5744CJ0VR90NGB,matched,01KZRRGW140MQ9ZE887EQDG87Z,01KZRW4877RJWA8G8EVGD5AKV5,,2026-08-23 18:02:06.882983+08,2026-08-23 18:02:06.882983+08,01KZRTCK0DV56PAA5Q9DK5VZZ9
01KZV5Q32QVFMEASBDW1DV6860,manual submit,01KZRRGW14WH1V6PTWDSASC4XK,01KZRW4877SRMJMM3R17R2QE73,,2026-08-23 18:02:06.882983+08,2026-08-23 18:02:06.882983+08,01KZRTCK0A091KXBSGK5EKDXTJ
01KZV5Q32Q8WEE8W0EWXCCPK8Z,matched,01KZRRGW14Y65J9N71RS7C99PT,01KZRW4877SBDJ1EK7XZMJJQ2W,,2026-08-23 18:02:06.882983+08,2026-08-23 18:02:06.882983+08,01KZRTCK0AMBXW6VP5JCVVFCCV
01KZV5Q32QDWTGMCD28ADAE1X2,manual submit,01KZRRGW14PHE1YJB3BS55XR3K,01KZRW48779S7EXPA0TNQWKTA6,,2026-08-23 18:02:06.882983+08,2026-08-23 18:02:06.882983+08,01KZRTCK091J27H0GC1C520D0N
01KZV5Q32QQKZNQ453BFZSH4X5,mismatch,01KZRRGW14XPKB44H9B6WS515H,01KZRW48773C4ZFCJ993MWDQBY,,2026-08-23 18:02:06.882983+08,2026-08-23 18:02:06.882983+08,01KZRTCK08W2VKBBGB5EHC35RN
01KZV5Q32QAB84TFRASX6NF0DK,manual submit,01KZRRGW14N5VHBCMAJGNJ0GJH,01KZRW4877JT4P6WNFK8H35SP9,,2026-08-23 18:02:06.882983+08,2026-08-23 18:02:06.882983+08,01KZRTCK09SP0XENY3MPZGTBKB
01KZV5Q32QJ4KN6ARMJ4BDSTH2,matched,01KZRRGW14X9Y2N7Y1J43BS87F,01KZRW4877SRMJMM3R17R2QE73,,2026-08-23 18:02:06.882983+08,2026-08-23 18:02:06.882983+08,01KZRTCK0BCV4KPWZE4E6F5FRG
01KZV5Q32QBNPZ44PC4J73MG60,manual submit,01KZRRGW14KMGR1H2QPNVXB420,01KZRW4877V0J57H3JPGGS28WZ,,2026-08-23 18:02:06.882983+08,2026-08-23 18:02:06.882983+08,01KZRTCK0EAT12NCZBJQVMEP0F
01KZV5Q32QNG58VEM3YQ37V0WM,matched,01KZRRGW14X9Y2N7Y1J43BS87F,01KZRW4877EFAE21HQ86WYE6X8,,2026-08-23 18:02:06.882983+08,2026-08-23 18:02:06.882983+08,01KZRTCK0FHD6J009H4DG5GDD1
01KZV5Q32Q8TKHT0RMJ1A3MJXG,manual submit,01KZRRGW14N5VHBCMAJGNJ0GJH,01KZRW4877C3T2MSDMNBQ24EB4,,2026-08-23 18:02:06.882983+08,2026-08-23 18:02:06.882983+08,01KZRTCK0BMSRJPEBP3NQM86X9
01KZV5Q32RFB8QYS8MQ6G37GAE,matched,01KZRRGW14Z2V2BPKDSQ6DKV67,01KZRW487795H0KSW6AV992VCS,,2026-08-23 18:02:06.882983+08,2026-08-23 18:02:06.882983+08,01KZRTCK0BYY39592YXHBZ4T9B
01KZV5Q32R6TBNXGY0CM7DH2HK,matched,01KZRRGW14WH1V6PTWDSASC4XK,01KZRW4877G0YHH3T1F43JMJ4N,,2026-08-23 18:02:06.882983+08,2026-08-23 18:02:06.882983+08,01KZRTCK0BMSRJPEBP3NQM86X9
01KZV5Q32RR7CF6SZWTKZZ25JK,mismatch,01KZRRGW14VWS3587600FPGYJJ,01KZRW4877HTTETZMDFBTY9TG8,,2026-08-23 18:02:06.882983+08,2026-08-23 18:02:06.882983+08,01KZRTCK0BXEQ1SWHM21K47A6J
01KZV5Q32RMF44TS8J5HPSZV8E,mismatch,01KZRRGW14FX4FRK4R4E3MKR5J,01KZRW4877QZNEVFAY7G115HT9,,2026-08-23 18:02:06.882983+08,2026-08-23 18:02:06.882983+08,01KZRTCK0BY57280VXS22GTG9F
01KZV5Q32RQ98C23657E744H9T,mismatch,01KZRRGW1448AZYH3Y9E70DS21,01KZRW4877TQ7065A4RCCYE8SH,,2026-08-23 18:02:06.882983+08,2026-08-23 18:02:06.882983+08,01KZRTCK0F077CT7Y7JM9JYSWV
01KZV5Q32R0GRBC5ZD9SW762S0,matched,01KZRRGW14KMGR1H2QPNVXB420,01KZRW4877E1K1FVC8Z9DHP6KE,,2026-08-23 18:02:06.882983+08,2026-08-23 18:02:06.882983+08,01KZRTCK09KQXRJX39Q7C116D0
01KZV5Q32RWBEJWHZE5BE22P58,manual submit,01KZRRGW14X9Y2N7Y1J43BS87F,01KZRW4877FZ26T405N4WYZMRG,,2026-08-23 18:02:06.882983+08,2026-08-23 18:02:06.882983+08,01KZRTCK0E8KY57XNCXH9S49PX
01KZV5Q32RNEQHEMTB35P5VKTQ,matched,01KZRRGW14G35YB41SN7AN85CV,01KZRW4877XM3HSHJZWNN5DMVE,,2026-08-23 18:02:06.882983+08,2026-08-23 18:02:06.882983+08,01KZRTCK0A2WZ0CT30BE94V3J2
01KZV5Q32RT94HDVJXCQ4NP1HS,matched,01KZRRGW140MQ9ZE887EQDG87Z,01KZRW4877T3KKF85T8W2FJ0J5,,2026-08-23 18:02:06.882983+08,2026-08-23 18:02:06.882983+08,01KZRTCK0D7RK1NEST6ZZ5A5H7
01KZV5Q32R8FHZA64BV2DDF886,mismatch,01KZRRGW1442K27HM42RTFZG1M,01KZRW4877Z1GGC6GJTVS7J2AP,,2026-08-23 18:02:06.882983+08,2026-08-23 18:02:06.882983+08,01KZRTCK0AG5BJQNAC0933K8XY
01KZV5Q32RZKN6QG7MFAW4N9QE,matched,01KZRRGW14G35YB41SN7AN85CV,01KZRW4877JGM1JN0BBQ9YM7WK,,2026-08-23 18:02:06.882983+08,2026-08-23 18:02:06.882983+08,01KZRTCK0DBGKCGEBEA1NPZ1RV
01KZV5Q32ST3NMR76JN2X1VM5B,mismatch,01KZRRGW14WSB3JJJKQDEREKF3,01KZRW4877J6H9QTAKXMT8A2FE,,2026-08-23 18:02:06.882983+08,2026-08-23 18:02:06.882983+08,01KZRTCK0A16DDSH2VE5D97XWZ
01KZV5Q32S4GRR07BCTR23PKZH,manual submit,01KZRRGW14X04WHWJ78QR6J8H3,01KZRW4877E1K1FVC8Z9DHP6KE,,2026-08-23 18:02:06.882983+08,2026-08-23 18:02:06.882983+08,01KZRTCK0ADMHZHHRCYBPAS4E4
01KZV5Q32SAW5P8Z3S333GCCZ9,manual submit,01KZRRGW14X9Y2N7Y1J43BS87F,01KZRW48771VS10A2E45E408EC,,2026-08-23 18:02:06.882983+08,2026-08-23 18:02:06.882983+08,01KZRTCK0979P77Y69Q7JMXRJW
01KZV5Q32SY1MT1PNRVFT43PDW,mismatch,01KZRRGW14X04WHWJ78QR6J8H3,01KZRW4877SRMJMM3R17R2QE73,,2026-08-23 18:02:06.882983+08,2026-08-23 18:02:06.882983+08,01KZRTCK0E8H9XZ6XM3NQG8FD3
01KZV5Q32SQF30SKK46GJNTYDF,matched,01KZRRGW140MQ9ZE887EQDG87Z,01KZRW4877C5YNZ203SCBWWZXZ,,2026-08-23 18:02:06.882983+08,2026-08-23 18:02:06.882983+08,01KZRTCK0G5VNAQ631YNFXCVBX
01KZV5Q32S33XFHW8NBEG3V95E,mismatch,01KZRRGW149RPSGBHQY8MZC6NF,01KZRW4877D9R8T6DSGNC22W4X,,2026-08-23 18:02:06.882983+08,2026-08-23 18:02:06.882983+08,01KZRTCK0EQTP8KZSMEW2EMB5G
01KZV5Q32SJZH1TKECS522JAT1,matched,01KZRRGW14N5VHBCMAJGNJ0GJH,01KZRW4877HQV77AK3B14GNXZ1,,2026-08-23 18:02:06.882983+08,2026-08-23 18:02:06.882983+08,01KZRTCK0GQDBYN2N7G2R3NT18
01KZV5Q32SW5P0XRM3ERMAVSXT,mismatch,01KZRRGW14N9EVMX0Z1ZRJRRAH,01KZRW48779R4JNZ47ZW2T3PQB,,2026-08-23 18:02:06.882983+08,2026-08-23 18:02:06.882983+08,01KZRTCK0DWTT3AWFEEXSKWSPX
01KZV5Q32SGN30WDR0JDRAD2ZX,mismatch,01KZRRGW146F8C4946XJM2S6EC,01KZRW48778GNNZ5BFJZ0VXNNN,,2026-08-23 18:02:06.882983+08,2026-08-23 18:02:06.882983+08,01KZRTCK09MBGRQZ918B0JYQNE
01KZV5Q32S6DWG9A0Q5WMPTJA0,manual submit,01KZRRGW14THZB9B34PPHZSFE2,01KZRW4877C5YNZ203SCBWWZXZ,,2026-08-23 18:02:06.882983+08,2026-08-23 18:02:06.882983+08,01KZRTCK0E4B61YFAXDMSR3GJ5
01KZV5Q32SF4QAK7MXMARTT4PS,mismatch,01KZRRGW1448AZYH3Y9E70DS21,01KZRW4877G0YHH3T1F43JMJ4N,,2026-08-23 18:02:06.882983+08,2026-08-23 18:02:06.882983+08,01KZRTCK0DEXQ66GMKRHC4ZBAN
01KZV5Q32SV0J9TVAG1CYJM6E8,matched,01KZRRGW14XPKB44H9B6WS515H,01KZRW48779S54N1CEJC2Y3AZY,,2026-08-23 18:02:06.882983+08,2026-08-23 18:02:06.882983+08,01KZRTCK0EBQM4R0R3BT1CKPCV
01KZV5Q32SYY1HH6MNYKAKWKRF,mismatch,01KZRRGW149RPSGBHQY8MZC6NF,01KZRW4877BKP2FRH1B8G1CTC9,,2026-08-23 18:02:06.882983+08,2026-08-23 18:02:06.882983+08,01KZRTCK0G5TS1Q6TRX3KC24PC
01KZV5Q32SH11Y8ZD2S9E50EAY,matched,01KZRRGW14Z2V2BPKDSQ6DKV67,01KZRW48774A2DK7QW4RW8GRQD,,2026-08-23 18:02:06.882983+08,2026-08-23 18:02:06.882983+08,01KZRTCK0GXFTNETVRT9F8175Q
01KZV5Q32SJFBYECPFR8EKNTT8,manual submit,01KZRRGW14MXEWF9HMYNXVS5ER,01KZRW48774A2DK7QW4RW8GRQD,,2026-08-23 18:02:06.882983+08,2026-08-23 18:02:06.882983+08,01KZRTCK0DCAE37YYFSXC6ND0T
01KZV5Q32T62JH23FY434NPMDH,manual submit,01KZRRGW14KVWBG89MRPJPJBXC,01KZRW4877XM3HSHJZWNN5DMVE,,2026-08-23 18:02:06.882983+08,2026-08-23 18:02:06.882983+08,01KZRTCK0E8H9XZ6XM3NQG8FD3
01KZV5Q32TH5YHM6VQSR3N34WK,mismatch,01KZRRGW147SW8PDR6Z12DT4B9,01KZRW4877G0YHH3T1F43JMJ4N,,2026-08-23 18:02:06.882983+08,2026-08-23 18:02:06.882983+08,01KZRTCK0A8R3S9YABCRB1VGCK
01KZV5Q32TJ65K15QQRQ6R2W5X,mismatch,01KZRRGW14A7VW9HY70W2ZKDCX,01KZRW4877RK7R5ZV77193KMDQ,,2026-08-23 18:02:06.882983+08,2026-08-23 18:02:06.882983+08,01KZRTCK09P0K1KPC14MPTPA75
01KZV5Q32TC7F9RM4WC640FT0W,mismatch,01KZRRGW14KBMMYGKVHMX9RQD8,01KZRW4877RJWA8G8EVGD5AKV5,,2026-08-23 18:02:06.882983+08,2026-08-23 18:02:06.882983+08,01KZRTCK09R8T2XRGG1WMYE1PF
01KZV5Q32T3QQBXPKV5F92EQ01,manual submit,01KZRRGW14N5VHBCMAJGNJ0GJH,01KZRW48774A2DK7QW4RW8GRQD,,2026-08-23 18:02:06.882983+08,2026-08-23 18:02:06.882983+08,01KZRTCK09K0S0XW35Q0YH1Q75
01KZV5Q32TA28C7N2XKCXCHFJ5,matched,01KZRRGW14MXEWF9HMYNXVS5ER,01KZRW4877ASYYCMJDQ4ZM72CY,,2026-08-23 18:02:06.882983+08,2026-08-23 18:02:06.882983+08,01KZRTCK0EQ2GDS36DN170WN4V
01KZV5Q32TVPP0KA2D7FG52HTS,manual submit,01KZRRGW14WH1V6PTWDSASC4XK,01KZRW48773TK4Y7T9N1T5N0JM,,2026-08-23 18:02:06.882983+08,2026-08-23 18:02:06.882983+08,01KZRTCK0HYD6H5Q1WH69A78DA
01KZV5Q32TR536SEGTM7Y9B22C,manual submit,01KZRRGW14WSB3JJJKQDEREKF3,01KZRW4877DZMG7S8EQEYF7D89,,2026-08-23 18:02:06.882983+08,2026-08-23 18:02:06.882983+08,01KZRTCK0BDTMQ8HVYK11JDDFD
01KZV5Q32T91318FXEH0C1EKS9,mismatch,01KZRRGW14WSB3JJJKQDEREKF3,01KZRW4877JT4P6WNFK8H35SP9,,2026-08-23 18:02:06.882983+08,2026-08-23 18:02:06.882983+08,01KZRTCK0C0F1E3WYCZW7GP12W
01KZV5Q32TSH3FQQ1HZB2NNNDS,matched,01KZRRGW14200T0G4QVVJEZMW1,01KZRW4877AMSR96T952JSFTS6,,2026-08-23 18:02:06.882983+08,2026-08-23 18:02:06.882983+08,01KZRTCK0CFNNEKCX65HD5CC6J
01KZV5Q32T27QCVVEA41NTS55H,manual submit,01KZRRGW14THZB9B34PPHZSFE2,01KZRW4877JT4P6WNFK8H35SP9,,2026-08-23 18:02:06.882983+08,2026-08-23 18:02:06.882983+08,01KZRTCK0D9RJGJEB1FG0CZ792
01KZV5Q32TEW6GJNDVPMCYTNS9,matched,01KZRRGW14X9Y2N7Y1J43BS87F,01KZRW48774A2DK7QW4RW8GRQD,,2026-08-23 18:02:06.882983+08,2026-08-23 18:02:06.882983+08,01KZRTCK0BQSW7XRVETADJPGX3
01KZV5Q32TFSYWBSFN1TW7A8PE,manual submit,01KZRRGW14Z2V2BPKDSQ6DKV67,01KZRW4877BKP2FRH1B8G1CTC9,,2026-08-23 18:02:06.882983+08,2026-08-23 18:02:06.882983+08,01KZRTCK0A1YB90KJTXR57ZBDW
01KZV5Q32VQCN1RXP3Y76YN8N6,mismatch,01KZRRGW142RC6MARTSS19R7GK,01KZRW48778HEX0CCC1CXQ27DR,,2026-08-23 18:02:06.882983+08,2026-08-23 18:02:06.882983+08,01KZRTCK0GGBW2NFJNG1SS74PF
01KZV5Q32VK1Y50KKXGP9DZ9HK,manual submit,01KZRRGW146F8C4946XJM2S6EC,01KZRW4877F027DTG1RSTES089,,2026-08-23 18:02:06.882983+08,2026-08-23 18:02:06.882983+08,01KZRTCK0E015B1445JGKVMKZ6
01KZV5Q32VH3752B81V6V3TBSH,manual submit,01KZRRGW14A7VW9HY70W2ZKDCX,01KZRW487701VM9C8JDQAVM50G,,2026-08-23 18:02:06.882983+08,2026-08-23 18:02:06.882983+08,01KZRTCK0AATZ1RQAC4PNGKS1B
01KZV5Q32V9H04ZMQGMC09HJP4,mismatch,01KZRRGW14Y65J9N71RS7C99PT,01KZRW4877MED929DRBY96SNBC,,2026-08-23 18:02:06.882983+08,2026-08-23 18:02:06.882983+08,01KZRTCK0D870FFNZ161RPGX07
01KZV5Q32VQ5QTP0VAMA0GTCKN,mismatch,01KZRRGW142XAJ3EN2YJAF1HJB,01KZRW4877MFF924CSKP3J6WW4,,2026-08-23 18:02:06.882983+08,2026-08-23 18:02:06.882983+08,01KZRTCK09D4XSVNGDB7GS82S2
01KZV5Q32V2QNZBQX3608P8G0F,manual submit,01KZRRGW14PHE1YJB3BS55XR3K,01KZRW48779CWAQ752ZGCV7AN3,,2026-08-23 18:02:06.882983+08,2026-08-23 18:02:06.882983+08,01KZRTCK0BSET6CHA9K5ZR1ZS2
01KZV5Q32VD98ZWG8FACPZP9VJ,mismatch,01KZRRGW14Y65J9N71RS7C99PT,01KZRW4877MFF924CSKP3J6WW4,,2026-08-23 18:02:06.882983+08,2026-08-23 18:02:06.882983+08,01KZRTCK0DZX8HGERF15QW8M2Q
01KZV5Q32V3EY76NCND8NDJRVX,matched,01KZRRGW14WSB3JJJKQDEREKF3,01KZRW48773P9B1HDR1BKFG957,,2026-08-23 18:02:06.882983+08,2026-08-23 18:02:06.882983+08,01KZRTCK0FTNCSNJD8NPJR9V7J
01KZV5Q32VXCXCVQK21E7WA0CF,matched,01KZRRGW14RBSVD8GEY7WA5YWC,01KZRW48771S3VZMTY431CY71G,,2026-08-23 18:02:06.882983+08,2026-08-23 18:02:06.882983+08,01KZRTCK0B3FTCNZ44PCJFM0B5
01KZV5Q32VTSR3BNJVHP0PKG72,matched,01KZRRGW14EVYGVAR1F5M4N714,01KZRW4877R9Q45MFW4A93MM51,,2026-08-23 18:02:06.882983+08,2026-08-23 18:02:06.882983+08,01KZRTCK0APWRK1DH37AGBQ3G9
01KZV5Q32V2EZ9YQX4V2R3S5WY,matched,01KZRRGW149RPSGBHQY8MZC6NF,01KZRW4877Z1GGC6GJTVS7J2AP,,2026-08-23 18:02:06.882983+08,2026-08-23 18:02:06.882983+08,01KZRTCK09KZW2JGK46PGZ43AJ
01KZV5Q32VDSAASXDF8EX80KKF,mismatch,01KZRRGW14JQ7JEW5HBDS8P7VJ,01KZRW4877HQV77AK3B14GNXZ1,,2026-08-23 18:02:06.882983+08,2026-08-23 18:02:06.882983+08,01KZRTCK0EQ2GDS36DN170WN4V
01KZV5Q32VMN03S0Z4Z0M3XH55,matched,01KZRRGW14RBSVD8GEY7WA5YWC,01KZRW4877HQV77AK3B14GNXZ1,,2026-08-23 18:02:06.882983+08,2026-08-23 18:02:06.882983+08,01KZRTCK0ABW2YK5EQ4CED2VDH
01KZV5Q32VBAAJ162FCNPJF00S,manual submit,01KZRRGW14DC1V4DFEXXX74JBW,01KZRW48777JDTMGDM6JZY87AF,,2026-08-23 18:02:06.882983+08,2026-08-23 18:02:06.882983+08,01KZRTCK0A6W62GJ61D2A25CDW
01KZV5Q32VY80XFD5SA29GYS65,matched,01KZRRGW14KVWBG89MRPJPJBXC,01KZRW48773C4ZFCJ993MWDQBY,,2026-08-23 18:02:06.882983+08,2026-08-23 18:02:06.882983+08,01KZRTCK09DVQ11DPESS3G96XC
01KZV5Q32VHDT9631SV7AXFAQ8,matched,01KZRRGW146F8C4946XJM2S6EC,01KZRW4877HQV77AK3B14GNXZ1,,2026-08-23 18:02:06.882983+08,2026-08-23 18:02:06.882983+08,01KZRTCK0C4G5EEYN2ZTJ5RNRQ
01KZV5Q32V94J2AJZXBTNQWB87,matched,01KZRRGW14A7VW9HY70W2ZKDCX,01KZRW4877CATZ1KPW5MYDDBWC,,2026-08-23 18:02:06.882983+08,2026-08-23 18:02:06.882983+08,01KZRTCK0E0GF9KPF9RBX0TNKP
01KZV5Q32WT63P2E57J986Y0TK,manual submit,01KZRRGW142XAJ3EN2YJAF1HJB,01KZRW4877GVVZRA6JKSTGEVNK,,2026-08-23 18:02:06.882983+08,2026-08-23 18:02:06.882983+08,01KZRTCK0EMVB85AZV5QEBKCCC
01KZV5Q32WHE1NAA50FJWQW6ZW,manual submit,01KZRRGW14RBSVD8GEY7WA5YWC,01KZRW4877D5ZY6TAERNGTV34K,,2026-08-23 18:02:06.882983+08,2026-08-23 18:02:06.882983+08,01KZRTCK08GHYTVAKJYB5W4WT0
01KZV5Q32WAFQ3A8M8K0JT50C9,mismatch,01KZRRGW14RBSVD8GEY7WA5YWC,01KZRW4877MFF924CSKP3J6WW4,,2026-08-23 18:02:06.882983+08,2026-08-23 18:02:06.882983+08,01KZRTCK0GVPJ3PZV8W1V2F9KC
01KZV5Q32WAKXAM3KED0K9B4KR,manual submit,01KZRRGW14N56M3HGFGXE3FN5T,01KZRW48779S7EXPA0TNQWKTA6,,2026-08-23 18:02:06.882983+08,2026-08-23 18:02:06.882983+08,01KZRTCK0EVQGH0HZF0YD7Z32X
01KZV5Q32WHR4MN7EDYVS4Z5G4,matched,01KZRRGW14WSB3JJJKQDEREKF3,01KZRW4877J6H9QTAKXMT8A2FE,,2026-08-23 18:02:06.882983+08,2026-08-23 18:02:06.882983+08,01KZRTCK0B8378Y18MY92HTEC3
01KZV5Q32WS4Z4M612QB60X23G,manual submit,01KZRRGW14DC1V4DFEXXX74JBW,01KZRW48779S54N1CEJC2Y3AZY,,2026-08-23 18:02:06.882983+08,2026-08-23 18:02:06.882983+08,01KZRTCK0BMV0VC8R2MB5ED4VH
01KZV5Q32W7BC2VAG62DVXN01D,mismatch,01KZRRGW14MXEWF9HMYNXVS5ER,01KZRW4877NAVZSR88Z0ZHKRW9,,2026-08-23 18:02:06.882983+08,2026-08-23 18:02:06.882983+08,01KZRTCK0BKZNBXD1MR22NFXEW
01KZV5Q32WC4JJDQCNC3CFRP0K,matched,01KZRRGW14WSB3JJJKQDEREKF3,01KZRW4877SBDJ1EK7XZMJJQ2W,,2026-08-23 18:02:06.882983+08,2026-08-23 18:02:06.882983+08,01KZRTCK0BVZ846HM59Y7AVKEP
01KZV5Q32WAAHTE3EKR9GC7NAC,mismatch,01KZRRGW14K9GDB2KGW0SVFJBM,01KZRW4877AZR5K32Y5PAGXHRC,,2026-08-23 18:02:06.882983+08,2026-08-23 18:02:06.882983+08,01KZRTCK0E8KY57XNCXH9S49PX
01KZV5Q32WFMCH490JRY7N8V77,mismatch,01KZRRGW14N5VHBCMAJGNJ0GJH,01KZRW4877QESJQX4TK48W4NS1,,2026-08-23 18:02:06.882983+08,2026-08-23 18:02:06.882983+08,01KZRTCK0AFSPM3ZVZ2P1NTHG0
01KZV5Q32WWK1GB0ZFWV3SYBP9,manual submit,01KZRRGW14EVYGVAR1F5M4N714,01KZRW4877TRFEBWEFKEZC1X5H,,2026-08-23 18:02:06.882983+08,2026-08-23 18:02:06.882983+08,01KZRTCK0EQYG078R98T48YDRV
01KZV5Q32WVJF8HARTHY6T1N4E,manual submit,01KZRRGW14J5MRZ241JHXYMPE5,01KZRW4877R9Q45MFW4A93MM51,,2026-08-23 18:02:06.882983+08,2026-08-23 18:02:06.882983+08,01KZRTCK09EYBY5XMC68X499R8
01KZV5Q32WK2PCA7W8C68SCQFK,manual submit,01KZRRGW14X9Y2N7Y1J43BS87F,01KZRW4877X5K4QDEQJ8HJV36S,,2026-08-23 18:02:06.882983+08,2026-08-23 18:02:06.882983+08,01KZRTCK0AH8HC93B4Z3RYFX9W
01KZV5Q32WZ3S0YX1T69FF8RNJ,matched,01KZRRGW14MXEWF9HMYNXVS5ER,01KZRW4877HQV77AK3B14GNXZ1,,2026-08-23 18:02:06.882983+08,2026-08-23 18:02:06.882983+08,01KZRTCK0A94FXJ205PXJ12VXY
01KZV5Q32WSB432B44WNDYXQ3E,manual submit,01KZRRGW14Z2V2BPKDSQ6DKV67,01KZRW4877BFP4JMW1E9SHS153,,2026-08-23 18:02:06.882983+08,2026-08-23 18:02:06.882983+08,01KZRTCK0GBKCV3Y4R9FVP6GAD
01KZV5Q32WSFMSNTDHBV3YVZ3X,mismatch,01KZRRGW14FX4FRK4R4E3MKR5J,01KZRW48778HEX0CCC1CXQ27DR,,2026-08-23 18:02:06.882983+08,2026-08-23 18:02:06.882983+08,01KZRTCK0AA8AJDQM61AJQ7WJ9
01KZV5Q32W6WF5MVQVZCBSRCYY,mismatch,01KZRRGW14JQ7JEW5HBDS8P7VJ,01KZRW4877T3KKF85T8W2FJ0J5,,2026-08-23 18:02:06.882983+08,2026-08-23 18:02:06.882983+08,01KZRTCK0B8VD06FC5JNRE6ZFY
01KZV5Q32WABM6382EPK100B9K,manual submit,01KZRRGW14PHE1YJB3BS55XR3K,01KZRW4877HQV77AK3B14GNXZ1,,2026-08-23 18:02:06.882983+08,2026-08-23 18:02:06.882983+08,01KZRTCK0CQZHAC0AMHED2F3ED
01KZV5Q32WMWJ0ZWN3T3NG4J98,manual submit,01KZRRGW14FX4FRK4R4E3MKR5J,01KZRW4877JGM1JN0BBQ9YM7WK,,2026-08-23 18:02:06.882983+08,2026-08-23 18:02:06.882983+08,01KZRTCK09M8RMXFQ5DZHSVB83
01KZV5Q32W9HBQPZZKVTQ83V50,mismatch,01KZRRGW14K9GDB2KGW0SVFJBM,01KZRW48774CQFFFPSV57ZNBPR,,2026-08-23 18:02:06.882983+08,2026-08-23 18:02:06.882983+08,01KZRTCK09RQH9MK8ZM5P1G0FN
01KZV5Q32WC7W1BS35219F9XG4,matched,01KZRRGW14X04WHWJ78QR6J8H3,01KZRW4877ZVCRK1H9RNQPG5NR,,2026-08-23 18:02:06.882983+08,2026-08-23 18:02:06.882983+08,01KZRTCK0CMFV5SXDDZK891JRK
01KZV5Q32X33D002T26YC61M9R,matched,01KZRRGW143XAZME28X8CPEY8S,01KZRW4877TQ3XX3R3NF9TGABV,,2026-08-23 18:02:06.882983+08,2026-08-23 18:02:06.882983+08,01KZRTCK0B8378Y18MY92HTEC3
01KZV5Q32XW6Y9V9D24JJ4XHMR,matched,01KZRRGW14N9EVMX0Z1ZRJRRAH,01KZRW4877SRMJMM3R17R2QE73,,2026-08-23 18:02:06.882983+08,2026-08-23 18:02:06.882983+08,01KZRTCK0CKG4NK1FYBW1EJCA3
01KZV5Q32XV6RVTGK17RHSGVQT,manual submit,01KZRRGW14N5VHBCMAJGNJ0GJH,01KZRW4877YEX8C3RH16STZ2B2,,2026-08-23 18:02:06.882983+08,2026-08-23 18:02:06.882983+08,01KZRTCK09RB54G4DFKJJMRS5S
01KZV5Q32X5Z6KRVADTB5A8B49,manual submit,01KZRRGW14Z2V2BPKDSQ6DKV67,01KZRW48777AHPHKJ81KF0SBSV,,2026-08-23 18:02:06.882983+08,2026-08-23 18:02:06.882983+08,01KZRTCK0DNFAZMJXA3F8RYT0T
01KZV5Q32X81VJ5MVVS3S6EN57,matched,01KZRRGW140MQ9ZE887EQDG87Z,01KZRW4877D5ZY6TAERNGTV34K,,2026-08-23 18:02:06.882983+08,2026-08-23 18:02:06.882983+08,01KZRTCK0ED492QGGAXMRZSZ5W
01KZV5Q32X09PBSEPHFC597YV2,matched,01KZRRGW146F8C4946XJM2S6EC,01KZRW4877GVVZRA6JKSTGEVNK,,2026-08-23 18:02:06.882983+08,2026-08-23 18:02:06.882983+08,01KZRTCK0EDDD9TW1JKPXVCJ79
01KZV5Q32X28KN0AY2YQAS6C94,manual submit,01KZRRGW149RPSGBHQY8MZC6NF,01KZRW48779V159SGJGWDHBYTJ,,2026-08-23 18:02:06.882983+08,2026-08-23 18:02:06.882983+08,01KZRTCK09FRNJ6SF51CYWK16N
01KZV5Q32X3HJDFTA85VS2WMXF,manual submit,01KZRRGW14EVYGVAR1F5M4N714,01KZRW4877VGS7YRYB4P0A5H4N,,2026-08-23 18:02:06.882983+08,2026-08-23 18:02:06.882983+08,01KZRTCK0G7W0F2N5J59RKMYTS
01KZV5Q32XV3M4F5J81C2GKXE0,matched,01KZRRGW14Z2V2BPKDSQ6DKV67,01KZRW4877G39D68T0PQZ5M81A,,2026-08-23 18:02:06.882983+08,2026-08-23 18:02:06.882983+08,01KZRTCK0GNKHCAMF2GT4Z79BT
01KZV5Q32X080YVP4V6BQF0CQ2,matched,01KZRRGW14K9GDB2KGW0SVFJBM,01KZRW4877QZNEVFAY7G115HT9,,2026-08-23 18:02:06.882983+08,2026-08-23 18:02:06.882983+08,01KZRTCK0DD8XRFAT5RNF3171Z
01KZV5Q32XJ136C243A0A38VD2,matched,01KZRRGW14W9JF1K1J0X6X34N8,01KZRW4877BKP2FRH1B8G1CTC9,,2026-08-23 18:02:06.882983+08,2026-08-23 18:02:06.882983+08,01KZRTCK0CABK5ZY6XD98J7140
01KZV5Q32XT5WTWF7X1YJF1Z4Y,manual submit,01KZRRGW14N5VHBCMAJGNJ0GJH,01KZRW4877B3D0MZHS3AQRJ814,,2026-08-23 18:02:06.882983+08,2026-08-23 18:02:06.882983+08,01KZRTCK0EWC5SYQR9A1H0AX8Y
01KZV5Q32X7BSWFEKPESNXS94X,mismatch,01KZRRGW14N9EVMX0Z1ZRJRRAH,01KZRW4877NAVZSR88Z0ZHKRW9,,2026-08-23 18:02:06.882983+08,2026-08-23 18:02:06.882983+08,01KZRTCK0GMZZW43XPCCBFYXS7
01KZV5Q32XKBTDEFT1PZA9SWD1,mismatch,01KZRRGW140MQ9ZE887EQDG87Z,01KZRW4877MED929DRBY96SNBC,,2026-08-23 18:02:06.882983+08,2026-08-23 18:02:06.882983+08,01KZRTCK0BQSW7XRVETADJPGX3
01KZV5Q32X214V0JVKK6EPXF4E,matched,01KZRRGW14DC1V4DFEXXX74JBW,01KZRW4877D0MJ7B5AT3RZ0G0Q,,2026-08-23 18:02:06.882983+08,2026-08-23 18:02:06.882983+08,01KZRTCK0GSBVZEVQQ2S050RP5
01KZV5Q32XRHEGA3CGQS851VA8,manual submit,01KZRRGW14JQ7JEW5HBDS8P7VJ,01KZRW4877HQV77AK3B14GNXZ1,,2026-08-23 18:02:06.882983+08,2026-08-23 18:02:06.882983+08,01KZRTCK092KE6C6NQ053J5HV2
01KZV5Q32XGD14PD63MYXKHQNH,manual submit,01KZRRGW14K9GDB2KGW0SVFJBM,01KZRW48771VS10A2E45E408EC,,2026-08-23 18:02:06.882983+08,2026-08-23 18:02:06.882983+08,01KZRTCK0ATBDXQWGBCD2QMFQ7
01KZV5Q32XEAM0H9GTFCW29YMM,manual submit,01KZRRGW14PHE1YJB3BS55XR3K,01KZRW4877SRMJMM3R17R2QE73,,2026-08-23 18:02:06.882983+08,2026-08-23 18:02:06.882983+08,01KZRTCK0ETJF0KDWEWDBV5CP8
01KZV5Q32X3EHF0XF9ZA0QF2NY,manual submit,01KZRRGW14DC1V4DFEXXX74JBW,01KZRW4877HTTETZMDFBTY9TG8,,2026-08-23 18:02:06.882983+08,2026-08-23 18:02:06.882983+08,01KZRTCK0DMN90Y91JVWXR6QJN
01KZV5Q32X54J5H1FZASX8A1XK,manual submit,01KZRRGW143XAZME28X8CPEY8S,01KZRW4877B4VKB2E5TT4BWFP8,,2026-08-23 18:02:06.882983+08,2026-08-23 18:02:06.882983+08,01KZRTCK0CZT28VM1YTEVH60K4
01KZV5Q32X8MZ898X5BBVV40TZ,manual submit,01KZRRGW14RBSVD8GEY7WA5YWC,01KZRW4877G39D68T0PQZ5M81A,,2026-08-23 18:02:06.882983+08,2026-08-23 18:02:06.882983+08,01KZRTCK0CQZHAC0AMHED2F3ED
01KZV5Q32Y5TYZCDCMTHMTP5E5,mismatch,01KZRRGW14PHE1YJB3BS55XR3K,01KZRW4877RK7R5ZV77193KMDQ,,2026-08-23 18:02:06.882983+08,2026-08-23 18:02:06.882983+08,01KZRTCK09K0S0XW35Q0YH1Q75
01KZV5Q32YG1MFMMHTNN81ZG17,mismatch,01KZRRGW14X04WHWJ78QR6J8H3,01KZRW48773P9B1HDR1BKFG957,,2026-08-23 18:02:06.882983+08,2026-08-23 18:02:06.882983+08,01KZRTCK0A45DEX0ZMSYNJMXTQ
01KZV5Q32Y0V8EHYSXR56JBCX6,matched,01KZRRGW14J5MRZ241JHXYMPE5,01KZRW4877R9Q45MFW4A93MM51,,2026-08-23 18:02:06.882983+08,2026-08-23 18:02:06.882983+08,01KZRTCK0A6W62GJ61D2A25CDW
01KZV5Q32YTV9SGPK0NRXDEFNN,matched,01KZRRGW140MQ9ZE887EQDG87Z,01KZRW4877TQ3XX3R3NF9TGABV,,2026-08-23 18:02:06.882983+08,2026-08-23 18:02:06.882983+08,01KZRTCK0DHGS76JR9SHR1XMM9
01KZV5Q32YXBGE1SQPA68VAGA3,manual submit,01KZRRGW14X9Y2N7Y1J43BS87F,01KZRW48777JDTMGDM6JZY87AF,,2026-08-23 18:02:06.882983+08,2026-08-23 18:02:06.882983+08,01KZRTCK0GRSKAP10ESAWDY7WY
01KZV5Q32YM2K2H6ZBE2A4VF5Q,manual submit,01KZRRGW14N9EVMX0Z1ZRJRRAH,01KZRW4877NAVZSR88Z0ZHKRW9,,2026-08-23 18:02:06.882983+08,2026-08-23 18:02:06.882983+08,01KZRTCK0CK9TVZFD8M4JR6QYQ
01KZV5Q32Y1GYVBC1DX49KS2MM,manual submit,01KZRRGW14MXEWF9HMYNXVS5ER,01KZRW4877B9B3MX4SDENM2X4F,,2026-08-23 18:02:06.882983+08,2026-08-23 18:02:06.882983+08,01KZRTCK08YCCX02TVJ5CPZ9D1
01KZV5Q32Y8C2ANWGEV75QWYCX,manual submit,01KZRRGW14N5VHBCMAJGNJ0GJH,01KZRW4877GVVZRA6JKSTGEVNK,,2026-08-23 18:02:06.882983+08,2026-08-23 18:02:06.882983+08,01KZRTCK0F2G89NQFSHM0B1V5V
01KZV5Q32YWXYKK5NP3X1WA163,manual submit,01KZRRGW14X9Y2N7Y1J43BS87F,01KZRW4877R9Q45MFW4A93MM51,,2026-08-23 18:02:06.882983+08,2026-08-23 18:02:06.882983+08,01KZRTCK0G33GM2YQBJVAPC0YG
01KZV5Q32YB7E3RXNN2BJXSZ2D,manual submit,01KZRRGW14JQ7JEW5HBDS8P7VJ,01KZRW487795H0KSW6AV992VCS,,2026-08-23 18:02:06.882983+08,2026-08-23 18:02:06.882983+08,01KZRTCK09FW958EZGRF419YF4
01KZV5Q32YA8M77K8CT0NBBQ55,matched,01KZRRGW14A7VW9HY70W2ZKDCX,01KZRW4877XM3HSHJZWNN5DMVE,,2026-08-23 18:02:06.882983+08,2026-08-23 18:02:06.882983+08,01KZRTCK0G5XA0ZNPGP13TTNBC
01KZV5Q32YHNDG93YDQ6DAMTSJ,mismatch,01KZRRGW1442K27HM42RTFZG1M,01KZRW4877YEX8C3RH16STZ2B2,,2026-08-23 18:02:06.882983+08,2026-08-23 18:02:06.882983+08,01KZRTCK0GT4F2PKYY7R4S3AF0
01KZV5Q32Y71MDBTSZ9ZY1PHFS,matched,01KZRRGW14RBSVD8GEY7WA5YWC,01KZRW4877JD5H1HZVRFSFTM98,,2026-08-23 18:02:06.882983+08,2026-08-23 18:02:06.882983+08,01KZRTCK0AFT2MDNPQXGAGY8S7
01KZV5Q32YJ2Z8KHHPRSD0EB85,matched,01KZRRGW14XPKB44H9B6WS515H,01KZRW4877SVSEW2MKDM1JJJMY,,2026-08-23 18:02:06.882983+08,2026-08-23 18:02:06.882983+08,01KZRTCK0B8378Y18MY92HTEC3
01KZV5Q32YDF2ZR6Q7AAK7DKV3,manual submit,01KZRRGW143DR9TSRKKQDPRDKM,01KZRW487795H0KSW6AV992VCS,,2026-08-23 18:02:06.882983+08,2026-08-23 18:02:06.882983+08,01KZRTCK0G6CDKDNB7JM5HEYKG
01KZV5Q32Y669XTGY1H48KWFRS,matched,01KZRRGW14WSB3JJJKQDEREKF3,01KZRW4877Z1GGC6GJTVS7J2AP,,2026-08-23 18:02:06.882983+08,2026-08-23 18:02:06.882983+08,01KZRTCK09Y2CMZEQMN1KAEQEP
01KZV5Q32YQCPB9Y5W878TAMPB,manual submit,01KZRRGW14WSB3JJJKQDEREKF3,01KZRW48779S7EXPA0TNQWKTA6,,2026-08-23 18:02:06.882983+08,2026-08-23 18:02:06.882983+08,01KZRTCK0EBHQWCPQPA0Q6GW55
01KZV5Q32YYQQ0WWCP6C77NFX9,mismatch,01KZRRGW14N5VHBCMAJGNJ0GJH,01KZRW4877RJWA8G8EVGD5AKV5,,2026-08-23 18:02:06.882983+08,2026-08-23 18:02:06.882983+08,01KZRTCK0GSBVZEVQQ2S050RP5
01KZV5Q32YE02DGJ2T56PN0WN4,manual submit,01KZRRGW142RC6MARTSS19R7GK,01KZRW4877F027DTG1RSTES089,,2026-08-23 18:02:06.882983+08,2026-08-23 18:02:06.882983+08,01KZRTCK0BMSRJPEBP3NQM86X9
01KZV5Q32Z3NQ71YVD6XXXEJEV,manual submit,01KZRRGW14VWS3587600FPGYJJ,01KZRW4877J6H9QTAKXMT8A2FE,,2026-08-23 18:02:06.882983+08,2026-08-23 18:02:06.882983+08,01KZRTCK0BBRHB6W67DC1946DM
01KZV5Q32ZVW40D7BZ9M14HTKT,matched,01KZRRGW14PHE1YJB3BS55XR3K,01KZRW48770HAGRX3Y72BY1D43,,2026-08-23 18:02:06.882983+08,2026-08-23 18:02:06.882983+08,01KZRTCK0GAPT4H87ZJ94VTE39
01KZV5Q32ZBBP3HRACTBQDREMN,matched,01KZRRGW146F8C4946XJM2S6EC,01KZRW48771BV67J8RNDGKP3AK,,2026-08-23 18:02:06.882983+08,2026-08-23 18:02:06.882983+08,01KZRTCK0AFWS87JG0W01SNZHE
01KZV5Q32Z85DQC9VG6YZCYM7E,mismatch,01KZRRGW14JQ7JEW5HBDS8P7VJ,01KZRW48779S7EXPA0TNQWKTA6,,2026-08-23 18:02:06.882983+08,2026-08-23 18:02:06.882983+08,01KZRTCK0C86YT491QKDKA6JSM
01KZV5Q32Z8NPNK5SHP3GCDR2X,mismatch,01KZRRGW146F8C4946XJM2S6EC,01KZRW48778GNNZ5BFJZ0VXNNN,,2026-08-23 18:02:06.882983+08,2026-08-23 18:02:06.882983+08,01KZRTCK0CERPWPNNS9HF1W2NC
01KZV5Q32Z1G6HVBQT1279G2PM,matched,01KZRRGW14WSB3JJJKQDEREKF3,01KZRW4877GVVZRA6JKSTGEVNK,,2026-08-23 18:02:06.882983+08,2026-08-23 18:02:06.882983+08,01KZRTCK09QD6MY0D99NWN05J6
01KZV5Q32ZK6Q2QTVWJTG3AQ7S,matched,01KZRRGW14X04WHWJ78QR6J8H3,01KZRW4877JGM1JN0BBQ9YM7WK,,2026-08-23 18:02:06.882983+08,2026-08-23 18:02:06.882983+08,01KZRTCK0GHX2B3YQP0X6QN4AZ
01KZV5Q32Z6BK88Z3BBHY5KNX1,matched,01KZRRGW14Z2V2BPKDSQ6DKV67,01KZRW4877BKP2FRH1B8G1CTC9,,2026-08-23 18:02:06.882983+08,2026-08-23 18:02:06.882983+08,01KZRTCK0ENY95TTPJWD6SE30C
01KZV5Q32ZGD38ATGBJCJG2AYK,manual submit,01KZRRGW14SVP3PKMRRXC2J621,01KZRW4877VGS7YRYB4P0A5H4N,,2026-08-23 18:02:06.882983+08,2026-08-23 18:02:06.882983+08,01KZRTCK09AV49P8YM4FB76NTD
01KZV5Q32Z9C1PTTJQQX0WFBSF,manual submit,01KZRRGW14SVP3PKMRRXC2J621,01KZRW4877Z1GGC6GJTVS7J2AP,,2026-08-23 18:02:06.882983+08,2026-08-23 18:02:06.882983+08,01KZRTCK0BA00X94QFB56JKRDV
01KZV5Q32Z9GZ8EK0C81FTDHZE,matched,01KZRRGW14DC1V4DFEXXX74JBW,01KZRW48779R4JNZ47ZW2T3PQB,,2026-08-23 18:02:06.882983+08,2026-08-23 18:02:06.882983+08,01KZRTCK092GJFW0FN0EKYPGEY
01KZV5Q32Z9W4JGY1BR90EPZJT,manual submit,01KZRRGW14KBMMYGKVHMX9RQD8,01KZRW4877QESJQX4TK48W4NS1,,2026-08-23 18:02:06.882983+08,2026-08-23 18:02:06.882983+08,01KZRTCK09EYBY5XMC68X499R8
01KZV5Q32ZN9N3CZPJF4131XZX,matched,01KZRRGW143XAZME28X8CPEY8S,01KZRW4877AZR5K32Y5PAGXHRC,,2026-08-23 18:02:06.882983+08,2026-08-23 18:02:06.882983+08,01KZRTCK0HA9P3E3KVPNFDETJZ
01KZV5Q32ZCB9G4Q3AY206DPZ3,manual submit,01KZRRGW14SVP3PKMRRXC2J621,01KZRW48779CWAQ752ZGCV7AN3,,2026-08-23 18:02:06.882983+08,2026-08-23 18:02:06.882983+08,01KZRTCK0FGRA5Z6BP5CCRRF3V
01KZV5Q32ZGGQB0N2Q3NFPDGXB,matched,01KZRRGW140MQ9ZE887EQDG87Z,01KZRW4877MFF924CSKP3J6WW4,,2026-08-23 18:02:06.882983+08,2026-08-23 18:02:06.882983+08,01KZRTCK0FPAMHS7P4ME58ACZC
01KZV5Q330AV77H1CRGFEW9Y2X,mismatch,01KZRRGW140MQ9ZE887EQDG87Z,01KZRW4877NYSZZ4VFYZTN4ES1,,2026-08-23 18:02:06.882983+08,2026-08-23 18:02:06.882983+08,01KZRTCK0FDH1RFPKH0QCY6CZV
01KZV5Q330391WG3V8ZTRJD376,mismatch,01KZRRGW14W9JF1K1J0X6X34N8,01KZRW4877A147WBBGMNMTXNA3,,2026-08-23 18:02:06.882983+08,2026-08-23 18:02:06.882983+08,01KZRTCK0E2SYWHPX5SPCE3BXN
01KZV5Q3307MN5WHWVKE2P9B6Z,mismatch,01KZRRGW142XAJ3EN2YJAF1HJB,01KZRW4877JGM1JN0BBQ9YM7WK,,2026-08-23 18:02:06.882983+08,2026-08-23 18:02:06.882983+08,01KZRTCK092AZXZRGKDPE4HGER
01KZV5Q330PTK0M0Y61PM0CASK,mismatch,01KZRRGW142XAJ3EN2YJAF1HJB,01KZRW4877D0MJ7B5AT3RZ0G0Q,,2026-08-23 18:02:06.882983+08,2026-08-23 18:02:06.882983+08,01KZRTCK08C0M5XNN4FHPQV8V7
01KZV5Q330ZR43CXEHQ23KKGPA,matched,01KZRRGW14EVYGVAR1F5M4N714,01KZRW4877BKP2FRH1B8G1CTC9,,2026-08-23 18:02:06.882983+08,2026-08-23 18:02:06.882983+08,01KZRTCK0A7Z6GVRTWJMXRTR68
01KZV5Q330VNTF4PCGDS0QZCEK,mismatch,01KZRRGW14X04WHWJ78QR6J8H3,01KZRW4877EFAE21HQ86WYE6X8,,2026-08-23 18:02:06.882983+08,2026-08-23 18:02:06.882983+08,01KZRTCK0BBRHB6W67DC1946DM
01KZV5Q330SWPE7GY2Y3Q4A82F,matched,01KZRRGW146F8C4946XJM2S6EC,01KZRW4877W4J1M6PJM0QPSR4V,,2026-08-23 18:02:06.882983+08,2026-08-23 18:02:06.882983+08,01KZRTCK0B55C1BZM5Z9P4FYZS
01KZV5Q330VJ6ZEA9GXVHWMYZ3,mismatch,01KZRRGW14X9Y2N7Y1J43BS87F,01KZRW4877G39D68T0PQZ5M81A,,2026-08-23 18:02:06.882983+08,2026-08-23 18:02:06.882983+08,01KZRTCK0DRKSQY8KT2KX6KK60
01KZV5Q33030CX8GYZVSHRAGJX,mismatch,01KZRRGW14Z2V2BPKDSQ6DKV67,01KZRW4877F027DTG1RSTES089,,2026-08-23 18:02:06.882983+08,2026-08-23 18:02:06.882983+08,01KZRTCK0911GARH2CJAD5GV7C
01KZV5Q3309D4YXPSEMRD9FENY,matched,01KZRRGW14A7VW9HY70W2ZKDCX,01KZRW4877ZVCRK1H9RNQPG5NR,,2026-08-23 18:02:06.882983+08,2026-08-23 18:02:06.882983+08,01KZRTCK0A9MFPWFT4D315R1E8
01KZV5Q330HBX17YK9G1W9EYMA,manual submit,01KZRRGW146F8C4946XJM2S6EC,01KZRW4877T3KKF85T8W2FJ0J5,,2026-08-23 18:02:06.882983+08,2026-08-23 18:02:06.882983+08,01KZRTCK0H34S4EPPN23HF13FT
01KZV5Q330T87TW3KAWTZHZVVK,mismatch,01KZRRGW1442K27HM42RTFZG1M,01KZRW4877B4VKB2E5TT4BWFP8,,2026-08-23 18:02:06.882983+08,2026-08-23 18:02:06.882983+08,01KZRTCK0ABJQYPB160918ZK6B
01KZV5Q330SJRKHE0D3ZTNYR0X,matched,01KZRRGW14Z2V2BPKDSQ6DKV67,01KZRW4877FZS8TFJN9ZMN5RWV,,2026-08-23 18:02:06.882983+08,2026-08-23 18:02:06.882983+08,01KZRTCK09AV49P8YM4FB76NTD
01KZV5Q330VS6X2P8XRZ2EP02S,manual submit,01KZRRGW147SW8PDR6Z12DT4B9,01KZRW48778HEX0CCC1CXQ27DR,,2026-08-23 18:02:06.882983+08,2026-08-23 18:02:06.882983+08,01KZRTCK0EE2E80SJ4NF27XF1K
01KZV5Q3306MZ1J1V09AVGFVJQ,manual submit,01KZRRGW149RPSGBHQY8MZC6NF,01KZRW48773C4ZFCJ993MWDQBY,,2026-08-23 18:02:06.882983+08,2026-08-23 18:02:06.882983+08,01KZRTCK0A44Y2YARYW3522FAB
01KZV5Q330KRP05R8Q8K03XT5D,mismatch,01KZRRGW14RBSVD8GEY7WA5YWC,01KZRW4877Z1GGC6GJTVS7J2AP,,2026-08-23 18:02:06.882983+08,2026-08-23 18:02:06.882983+08,01KZRTCK0DNR35GVGW204RJMZ5
01KZV5Q330V5B5DRC46BCGCJM4,matched,01KZRRGW14SVP3PKMRRXC2J621,01KZRW4877DZMG7S8EQEYF7D89,,2026-08-23 18:02:06.882983+08,2026-08-23 18:02:06.882983+08,01KZRTCK0C636V50XAHJ89M8DY
01KZV5Q331261WZQBQFJ3SDQQ8,manual submit,01KZRRGW149RPSGBHQY8MZC6NF,01KZRW4877JT4P6WNFK8H35SP9,,2026-08-23 18:02:06.882983+08,2026-08-23 18:02:06.882983+08,01KZRTCK0GZ0YYADHVH7A7Q9JP
01KZV5Q331H1TXPF543MJJSWEK,mismatch,01KZRRGW14KMGR1H2QPNVXB420,01KZRW48777AHPHKJ81KF0SBSV,,2026-08-23 18:02:06.882983+08,2026-08-23 18:02:06.882983+08,01KZRTCK0CZE85RQNVBHE8Z0XY
01KZV5Q331Y4ZE0FCV69Q5PEE7,mismatch,01KZRRGW142RC6MARTSS19R7GK,01KZRW4877S7NXK01W1S3HFM9Z,,2026-08-23 18:02:06.882983+08,2026-08-23 18:02:06.882983+08,01KZRTCK0EFF74DNPMQBMAV6VJ
01KZV5Q331RGS2E825TJCQV27P,mismatch,01KZRRGW149RPSGBHQY8MZC6NF,01KZRW48779R4JNZ47ZW2T3PQB,,2026-08-23 18:02:06.882983+08,2026-08-23 18:02:06.882983+08,01KZRTCK0CNS593WZF2WWA4CGC
01KZV5Q331ZNZHWJTB0PQDDWXV,manual submit,01KZRRGW149RPSGBHQY8MZC6NF,01KZRW4877QESJQX4TK48W4NS1,,2026-08-23 18:02:06.882983+08,2026-08-23 18:02:06.882983+08,01KZRTCK0BQ23AV4Z8BRZR87F6
01KZV5Q331T6B3GYAJH0S4TM59,manual submit,01KZRRGW14J5MRZ241JHXYMPE5,01KZRW4877FZ26T405N4WYZMRG,,2026-08-23 18:02:06.882983+08,2026-08-23 18:02:06.882983+08,01KZRTCK0B2A8XZ3HSYY1DQ7PF
01KZV5Q331GQB34FE8E005M9JR,manual submit,01KZRRGW1442K27HM42RTFZG1M,01KZRW4877B9B3MX4SDENM2X4F,,2026-08-23 18:02:06.882983+08,2026-08-23 18:02:06.882983+08,01KZRTCK0GR8YTS99JD3NT8KWS
01KZV5Q331GX5MGF4J2YDS5CDQ,manual submit,01KZRRGW14Y65J9N71RS7C99PT,01KZRW4877D5ZY6TAERNGTV34K,,2026-08-23 18:02:06.882983+08,2026-08-23 18:02:06.882983+08,01KZRTCK0995J34ZRYKARPMN2P
01KZV5Q331VHPWQBDJ27FK6V31,matched,01KZRRGW142RC6MARTSS19R7GK,01KZRW48773TK4Y7T9N1T5N0JM,,2026-08-23 18:02:06.882983+08,2026-08-23 18:02:06.882983+08,01KZRTCK09K81SFRN9F1HS7ASC
01KZV5Q331QZT46CB0M524NXB7,matched,01KZRRGW14K9GDB2KGW0SVFJBM,01KZRW4877RECBHNY9Y9VM9ZRZ,,2026-08-23 18:02:06.882983+08,2026-08-23 18:02:06.882983+08,01KZRTCK0DJ1AEH6Q0BTAA5HYW
01KZV5Q331FSWWVNRPX6VBXHXS,mismatch,01KZRRGW143DR9TSRKKQDPRDKM,01KZRW4877RJWA8G8EVGD5AKV5,,2026-08-23 18:02:06.882983+08,2026-08-23 18:02:06.882983+08,01KZRTCK0EP8G0W3HPWNQQPM9C
01KZV5Q332MH4JAJATEC7RM34W,manual submit,01KZRRGW142XAJ3EN2YJAF1HJB,01KZRW4877AZR5K32Y5PAGXHRC,,2026-08-23 18:02:06.882983+08,2026-08-23 18:02:06.882983+08,01KZRTCK09272R3821QNVX1EB3
01KZV5Q332S6Q07E0DFXD0BY16,matched,01KZRRGW14Y65J9N71RS7C99PT,01KZRW48771VS10A2E45E408EC,,2026-08-23 18:02:06.882983+08,2026-08-23 18:02:06.882983+08,01KZRTCK0DVG1TA50XSKHEA011
01KZV5Q3325K50EZYCEN5SWAVV,mismatch,01KZRRGW1442K27HM42RTFZG1M,01KZRW48779S7EXPA0TNQWKTA6,,2026-08-23 18:02:06.882983+08,2026-08-23 18:02:06.882983+08,01KZRTCK096MHZ7YWHSG3TP8MY
01KZV5Q332A436AQ9S6QHRP4FK,matched,01KZRRGW14K9GDB2KGW0SVFJBM,01KZRW4877WQZA5NY9SXK8D7Q3,,2026-08-23 18:02:06.882983+08,2026-08-23 18:02:06.882983+08,01KZRTCK0D8Z4P5G695VJZ6XD5
01KZV5Q332B10BHH5RVVQ63X7A,mismatch,01KZRRGW14KMGR1H2QPNVXB420,01KZRW48771BV67J8RNDGKP3AK,,2026-08-23 18:02:06.882983+08,2026-08-23 18:02:06.882983+08,01KZRTCK0HN1GHM1EYFQXGZX7H
01KZV5Q3326C28Q0GX5GXFVGCC,manual submit,01KZRRGW14THZB9B34PPHZSFE2,01KZRW4877J6H9QTAKXMT8A2FE,,2026-08-23 18:02:06.882983+08,2026-08-23 18:02:06.882983+08,01KZRTCK0CE8HX9SBE3KTPHM8W
01KZV5Q3329QNGVHW79YFMDRY5,manual submit,01KZRRGW14XPKB44H9B6WS515H,01KZRW4877TQ7065A4RCCYE8SH,,2026-08-23 18:02:06.882983+08,2026-08-23 18:02:06.882983+08,01KZRTCK0G0FCE690JW10FM181
01KZV5Q332G82QBZB8GTJDYA00,matched,01KZRRGW14THZB9B34PPHZSFE2,01KZRW4877C3T2MSDMNBQ24EB4,,2026-08-23 18:02:06.882983+08,2026-08-23 18:02:06.882983+08,01KZRTCK0EEXR0M5WBHHHV7DJ1
01KZV5Q332YKHWK7CAFFYQ1VVB,mismatch,01KZRRGW14A7VW9HY70W2ZKDCX,01KZRW4877JD5H1HZVRFSFTM98,,2026-08-23 18:02:06.882983+08,2026-08-23 18:02:06.882983+08,01KZRTCK09QNRBSS9D8P49GQ9Z
01KZV5Q332554NCX0CW80CZSFK,manual submit,01KZRRGW149RPSGBHQY8MZC6NF,01KZRW4877CATZ1KPW5MYDDBWC,,2026-08-23 18:02:06.882983+08,2026-08-23 18:02:06.882983+08,01KZRTCK0BRM6G9VK7VCHRM0H8
01KZV5Q332D5ZC51PNKD24SSGK,manual submit,01KZRRGW14N56M3HGFGXE3FN5T,01KZRW4877VGS7YRYB4P0A5H4N,,2026-08-23 18:02:06.882983+08,2026-08-23 18:02:06.882983+08,01KZRTCK0G3XSCPJ3G2YHQHD2T
01KZV5Q333W5HNNNQYXY4C48KR,mismatch,01KZRRGW146F8C4946XJM2S6EC,01KZRW4877YEX8C3RH16STZ2B2,,2026-08-23 18:02:06.882983+08,2026-08-23 18:02:06.882983+08,01KZRTCK099CJR80GFY52Q88JH
01KZV5Q3332QBQS8YT57FWRZSY,matched,01KZRRGW14DC1V4DFEXXX74JBW,01KZRW4877HTSZDBP5ZKDZNQYA,,2026-08-23 18:02:06.882983+08,2026-08-23 18:02:06.882983+08,01KZRTCK0GRHWMZAMEW7A6MKB9
01KZV5Q3333H08T9FS7P0T9YV0,matched,01KZRRGW14K9GDB2KGW0SVFJBM,01KZRW4877B4VKB2E5TT4BWFP8,,2026-08-23 18:02:06.882983+08,2026-08-23 18:02:06.882983+08,01KZRTCK09FW958EZGRF419YF4
01KZV5Q3331KQFR127VX9JBVM4,manual submit,01KZRRGW14N56M3HGFGXE3FN5T,01KZRW4877GVVZRA6JKSTGEVNK,,2026-08-23 18:02:06.882983+08,2026-08-23 18:02:06.882983+08,01KZRTCK0DWZM4B0DQG7R9D3N9
01KZV5Q333RDSFPT5DSGMQMB7C,matched,01KZRRGW143XAZME28X8CPEY8S,01KZRW48779R4JNZ47ZW2T3PQB,,2026-08-23 18:02:06.882983+08,2026-08-23 18:02:06.882983+08,01KZRTCK0FS40VJBSHR4REZK1K
01KZV5Q333QMZSXA9AA0DGT8Y4,matched,01KZRRGW14N9EVMX0Z1ZRJRRAH,01KZRW4877TRFEBWEFKEZC1X5H,,2026-08-23 18:02:06.882983+08,2026-08-23 18:02:06.882983+08,01KZRTCK0E2W8H97XT7FX0SE39
01KZV5Q333T60TSAF4TSTGNJGJ,manual submit,01KZRRGW14WSB3JJJKQDEREKF3,01KZRW48771S3VZMTY431CY71G,,2026-08-23 18:02:06.882983+08,2026-08-23 18:02:06.882983+08,01KZRTCK0ETQ4920B2ZQH3YG5A
01KZV5Q333FM3JS9F2PQQ4X96Q,matched,01KZRRGW14WSB3JJJKQDEREKF3,01KZRW4877WQJZ3J1CH35W5XY0,,2026-08-23 18:02:06.882983+08,2026-08-23 18:02:06.882983+08,01KZRTCK09RV414EJ452P52H7F
01KZV5Q333RZ8CN0TQVHASF15Q,mismatch,01KZRRGW143XAZME28X8CPEY8S,01KZRW48778HEX0CCC1CXQ27DR,,2026-08-23 18:02:06.882983+08,2026-08-23 18:02:06.882983+08,01KZRTCK0DBSTA5N4B951K43FJ
01KZV5Q333KPGM01CGTRYXNKSH,matched,01KZRRGW14SVP3PKMRRXC2J621,01KZRW4877HTTETZMDFBTY9TG8,,2026-08-23 18:02:06.882983+08,2026-08-23 18:02:06.882983+08,01KZRTCK0E015B1445JGKVMKZ6
01KZV5Q333G0F6VFW85MQ1RYNE,mismatch,01KZRRGW146F8C4946XJM2S6EC,01KZRW48778GNNZ5BFJZ0VXNNN,,2026-08-23 18:02:06.882983+08,2026-08-23 18:02:06.882983+08,01KZRTCK0BTR5V02F0RSQVJNMQ
01KZV5Q333DH3DTW57W6ZWN5GY,mismatch,01KZRRGW149RPSGBHQY8MZC6NF,01KZRW4877ASYYCMJDQ4ZM72CY,,2026-08-23 18:02:06.882983+08,2026-08-23 18:02:06.882983+08,01KZRTCK0E7BVGSSN22G2TDSYA
01KZV5Q333QHY809QBA14R0FGK,manual submit,01KZRRGW14N56M3HGFGXE3FN5T,01KZRW4877H6020WSQ0GV9YAQ5,,2026-08-23 18:02:06.882983+08,2026-08-23 18:02:06.882983+08,01KZRTCK0G5XSS8YFQGFRS7ADE
01KZV5Q333YVMSJP6XV58MHQXH,manual submit,01KZRRGW14JQ7JEW5HBDS8P7VJ,01KZRW4877F027DTG1RSTES089,,2026-08-23 18:02:06.882983+08,2026-08-23 18:02:06.882983+08,01KZRTCK0C9PADBX8NDJ75TMP5
01KZV5Q3332JENYS7MERV1AF21,matched,01KZRRGW14N5VHBCMAJGNJ0GJH,01KZRW4877FZ26T405N4WYZMRG,,2026-08-23 18:02:06.882983+08,2026-08-23 18:02:06.882983+08,01KZRTCK0GEG44WC5GMJJ3PB7G
01KZV5Q334N8R40ZT93BPFQGRH,manual submit,01KZRRGW14A7VW9HY70W2ZKDCX,01KZRW4877B9B3MX4SDENM2X4F,,2026-08-23 18:02:06.882983+08,2026-08-23 18:02:06.882983+08,01KZRTCK0FGWAZT5HV7QPT7GD3
01KZV5Q334ETQDMAQMY2CG2PVV,mismatch,01KZRRGW14XPKB44H9B6WS515H,01KZRW4877HVT4X8HFK0HTQ94N,,2026-08-23 18:02:06.882983+08,2026-08-23 18:02:06.882983+08,01KZRTCK0DNF8JB9FEA8R22X8Y
01KZV5Q3346T1M7WNTY3V1AZXC,matched,01KZRRGW14Y65J9N71RS7C99PT,01KZRW4877SVSEW2MKDM1JJJMY,,2026-08-23 18:02:06.882983+08,2026-08-23 18:02:06.882983+08,01KZRTCK0GNVQMA3VNACGDPH85
01KZV5Q334MGNYDSHHQCHXZAYE,matched,01KZRRGW14PHE1YJB3BS55XR3K,01KZRW48771BV67J8RNDGKP3AK,,2026-08-23 18:02:06.882983+08,2026-08-23 18:02:06.882983+08,01KZRTCK0D870FFNZ161RPGX07
01KZV5Q334S25ZEBVS07QDAFVE,matched,01KZRRGW14DC1V4DFEXXX74JBW,01KZRW48779CWAQ752ZGCV7AN3,,2026-08-23 18:02:06.882983+08,2026-08-23 18:02:06.882983+08,01KZRTCK0GACTR99655EJD9N5F
01KZV5Q334E1724FNMP7X7B3W3,matched,01KZRRGW14N5VHBCMAJGNJ0GJH,01KZRW4877Z8TPYQZSPSR7KQ3R,,2026-08-23 18:02:06.882983+08,2026-08-23 18:02:06.882983+08,01KZRTCK090THH65VT7Z8XH6DP
01KZV5Q334YMWM1J8PBPRGEQH1,manual submit,01KZRRGW14X04WHWJ78QR6J8H3,01KZRW4877RECBHNY9Y9VM9ZRZ,,2026-08-23 18:02:06.882983+08,2026-08-23 18:02:06.882983+08,01KZRTCK09QQHM55S0M0BD3F9Z
01KZV5Q334669A4V2AFQRY9Y0H,matched,01KZRRGW14Z2V2BPKDSQ6DKV67,01KZRW4877MED929DRBY96SNBC,,2026-08-23 18:02:06.882983+08,2026-08-23 18:02:06.882983+08,01KZRTCK0DCY2JZ80A108CFHY6
01KZV5Q33460M5SRK9D77FJPW9,mismatch,01KZRRGW14Y65J9N71RS7C99PT,01KZRW4877AZR5K32Y5PAGXHRC,,2026-08-23 18:02:06.882983+08,2026-08-23 18:02:06.882983+08,01KZRTCK0A2590S059P3NXXFPM
01KZV5Q334TE3NADXN1R6P98KR,mismatch,01KZRRGW14WSB3JJJKQDEREKF3,01KZRW4877C3T2MSDMNBQ24EB4,,2026-08-23 18:02:06.882983+08,2026-08-23 18:02:06.882983+08,01KZRTCK0AVMFDG6WFY9QHJGHT
01KZV5Q334J8ZSV9HT6J20GFEQ,mismatch,01KZRRGW1448AZYH3Y9E70DS21,01KZRW4877V0J57H3JPGGS28WZ,,2026-08-23 18:02:06.882983+08,2026-08-23 18:02:06.882983+08,01KZRTCK0DKFJCWR48JPB7HYMX
01KZV5Q334M8F7JX7KKTVWTWPB,matched,01KZRRGW14G35YB41SN7AN85CV,01KZRW4877F027DTG1RSTES089,,2026-08-23 18:02:06.882983+08,2026-08-23 18:02:06.882983+08,01KZRTCK0EVQGH0HZF0YD7Z32X
01KZV5Q335ZN1CAM8ZBQ648FQZ,matched,01KZRRGW14VWS3587600FPGYJJ,01KZRW4877E1K1FVC8Z9DHP6KE,,2026-08-23 18:02:06.882983+08,2026-08-23 18:02:06.882983+08,01KZRTCK0C86YT491QKDKA6JSM
01KZV5Q335Q7D5CWV6RKDFHF3C,mismatch,01KZRRGW14EVYGVAR1F5M4N714,01KZRW4877SRMJMM3R17R2QE73,,2026-08-23 18:02:06.882983+08,2026-08-23 18:02:06.882983+08,01KZRTCK0C0F1E3WYCZW7GP12W
01KZV5Q335Z81Q2742A89EMW23,mismatch,01KZRRGW14WSB3JJJKQDEREKF3,01KZRW4877BKP2FRH1B8G1CTC9,,2026-08-23 18:02:06.882983+08,2026-08-23 18:02:06.882983+08,01KZRTCK0DG6014SW9N9XP62QZ
01KZV5Q3353K4BVC1X3S0P935F,manual submit,01KZRRGW142RC6MARTSS19R7GK,01KZRW48779CWAQ752ZGCV7AN3,,2026-08-23 18:02:06.882983+08,2026-08-23 18:02:06.882983+08,01KZRTCK0CWYK3YCW8V4MKSFWD
01KZV5Q335XB3SHX7YXT6VMS16,matched,01KZRRGW14THZB9B34PPHZSFE2,01KZRW48779S7EXPA0TNQWKTA6,,2026-08-23 18:02:06.882983+08,2026-08-23 18:02:06.882983+08,01KZRTCK0A74404FDEJXBQNVDF
01KZV5Q3354GPM4P2GQWK3MNZ3,manual submit,01KZRRGW14PHE1YJB3BS55XR3K,01KZRW4877HVT4X8HFK0HTQ94N,,2026-08-23 18:02:06.882983+08,2026-08-23 18:02:06.882983+08,01KZRTCK0GBH6RTYTQ9YNPPMTQ
01KZV5Q335W411SAP9F3CRABZ4,matched,01KZRRGW1442K27HM42RTFZG1M,01KZRW48773C4ZFCJ993MWDQBY,,2026-08-23 18:02:06.882983+08,2026-08-23 18:02:06.882983+08,01KZRTCK0CX242F4J5DRCEE97Q
01KZV5Q33568AZS7BCZYAET12E,matched,01KZRRGW14RBSVD8GEY7WA5YWC,01KZRW4877WE0F7J1HSG76PWQF,,2026-08-23 18:02:06.882983+08,2026-08-23 18:02:06.882983+08,01KZRTCK0D9RJGJEB1FG0CZ792
01KZV5Q335NBXA1NMB5S6HBHBA,matched,01KZRRGW14RBSVD8GEY7WA5YWC,01KZRW4877TQ7065A4RCCYE8SH,,2026-08-23 18:02:06.882983+08,2026-08-23 18:02:06.882983+08,01KZRTCK0EVQGH0HZF0YD7Z32X
01KZV5Q335V00YGAQJ8ZH9C4Y3,mismatch,01KZRRGW1448AZYH3Y9E70DS21,01KZRW4877RK7R5ZV77193KMDQ,,2026-08-23 18:02:06.882983+08,2026-08-23 18:02:06.882983+08,01KZRTCK0A58RXWWQ4YYNS7HDB
01KZV5Q335BPJ9SVKSKAP6S1PM,manual submit,01KZRRGW14K9GDB2KGW0SVFJBM,01KZRW4877BKP2FRH1B8G1CTC9,,2026-08-23 18:02:06.882983+08,2026-08-23 18:02:06.882983+08,01KZRTCK0DVJPE8DECE5Z14PT1
01KZV5Q335STXNQYRVHH8R5BB9,matched,01KZRRGW14WSB3JJJKQDEREKF3,01KZRW4877VZEYQPDKKQXF13AV,,2026-08-23 18:02:06.882983+08,2026-08-23 18:02:06.882983+08,01KZRTCK09M3FGNFT1RNB7PXXP
01KZV5Q336KH74NXH68AX1S8K8,mismatch,01KZRRGW14WSB3JJJKQDEREKF3,01KZRW4877Q5X4JA1EXXW4HQ9R,,2026-08-23 18:02:06.882983+08,2026-08-23 18:02:06.882983+08,01KZRTCK0AEPEPZGY5K57P4R5A
01KZV5Q336FP5MYGKM04DXM5RA,manual submit,01KZRRGW14K9GDB2KGW0SVFJBM,01KZRW4877JT4P6WNFK8H35SP9,,2026-08-23 18:02:06.882983+08,2026-08-23 18:02:06.882983+08,01KZRTCK0G6BMQTK4X77KHPEMF
01KZV5Q336TWVEW8NZ8WAM599H,matched,01KZRRGW14200T0G4QVVJEZMW1,01KZRW4877570TMPXQJ6F3CTPG,,2026-08-23 18:02:06.882983+08,2026-08-23 18:02:06.882983+08,01KZRTCK09Q47Z3XVKJYFYBFG0
01KZV5Q336R9B08FE1EZH6DJXC,matched,01KZRRGW140MQ9ZE887EQDG87Z,01KZRW48774CQFFFPSV57ZNBPR,,2026-08-23 18:02:06.882983+08,2026-08-23 18:02:06.882983+08,01KZRTCK09DDM89Y7B0RB7Y4NT
01KZV5Q3365MYS7NB0YC8SNC51,mismatch,01KZRRGW142RC6MARTSS19R7GK,01KZRW4877MFF924CSKP3J6WW4,,2026-08-23 18:02:06.882983+08,2026-08-23 18:02:06.882983+08,01KZRTCK0EBHQWCPQPA0Q6GW55
01KZV5Q33646MKX8FHCTTR62YE,manual submit,01KZRRGW14A7VW9HY70W2ZKDCX,01KZRW4877D5ZY6TAERNGTV34K,,2026-08-23 18:02:06.882983+08,2026-08-23 18:02:06.882983+08,01KZRTCK0ETJF0KDWEWDBV5CP8
01KZV5Q336PWNRTQA29PMQX4JN,mismatch,01KZRRGW143XAZME28X8CPEY8S,01KZRW4877G0YHH3T1F43JMJ4N,,2026-08-23 18:02:06.882983+08,2026-08-23 18:02:06.882983+08,01KZRTCK0943NB0JXF8SXA0YQD
01KZV5Q336T9VM11YW5ZGYNQWD,mismatch,01KZRRGW1448AZYH3Y9E70DS21,01KZRW4877SVSEW2MKDM1JJJMY,,2026-08-23 18:02:06.882983+08,2026-08-23 18:02:06.882983+08,01KZRTCK0F4PF88AZ0N95KMGQ6
01KZV5Q336J8Y18YQ2Z3WTG8R0,manual submit,01KZRRGW14WH1V6PTWDSASC4XK,01KZRW4877D5ZY6TAERNGTV34K,,2026-08-23 18:02:06.882983+08,2026-08-23 18:02:06.882983+08,01KZRTCK0B8378Y18MY92HTEC3
01KZV5Q336B8KH1G6JJ8VWRATX,manual submit,01KZRRGW1448AZYH3Y9E70DS21,01KZRW4877SBDJ1EK7XZMJJQ2W,,2026-08-23 18:02:06.882983+08,2026-08-23 18:02:06.882983+08,01KZRTCK0B3FTCNZ44PCJFM0B5
01KZV5Q336HQA3VT7E1AMGMRRT,matched,01KZRRGW142XAJ3EN2YJAF1HJB,01KZRW48778X9EQJ3KN65YC121,,2026-08-23 18:02:06.882983+08,2026-08-23 18:02:06.882983+08,01KZRTCK0AGB826HG1Z8ZVVB5P
01KZV5Q3373WPWC64SB47KS351,matched,01KZRRGW14G35YB41SN7AN85CV,01KZRW4877E1K1FVC8Z9DHP6KE,,2026-08-23 18:02:06.882983+08,2026-08-23 18:02:06.882983+08,01KZRTCK09XRZ3AA9VX16ZNSX1
01KZV5Q337JZZSZ59M6SMAGWJF,manual submit,01KZRRGW14VWS3587600FPGYJJ,01KZRW4877E1K1FVC8Z9DHP6KE,,2026-08-23 18:02:06.882983+08,2026-08-23 18:02:06.882983+08,01KZRTCK0BCV4KPWZE4E6F5FRG
01KZV5Q337QS62WPDCRQK10QVB,manual submit,01KZRRGW142RC6MARTSS19R7GK,01KZRW4877R9Q45MFW4A93MM51,,2026-08-23 18:02:06.882983+08,2026-08-23 18:02:06.882983+08,01KZRTCK09RWN2G3CHP3CK1R1D
01KZV5Q337V3BX8F2EHBC53Q54,mismatch,01KZRRGW146F8C4946XJM2S6EC,01KZRW4877R9Q45MFW4A93MM51,,2026-08-23 18:02:06.882983+08,2026-08-23 18:02:06.882983+08,01KZRTCK0HA9P3E3KVPNFDETJZ
01KZV5Q33BMDQ2AVR9AB8X3ZHE,matched,01KZRRGW14N9EVMX0Z1ZRJRRAH,01KZRW48779V159SGJGWDHBYTJ,,2026-08-23 18:02:06.882983+08,2026-08-23 18:02:06.882983+08,01KZRTCK0ABJQYPB160918ZK6B
01KZV5Q33B5ERSPKPJ31V3D5W4,manual submit,01KZRRGW14KBMMYGKVHMX9RQD8,01KZRW4877H6020WSQ0GV9YAQ5,,2026-08-23 18:02:06.882983+08,2026-08-23 18:02:06.882983+08,01KZRTCK09MV1Y5NEZ6VXE3HS1
01KZV5Q33B68AZH4HP9N62M3MX,mismatch,01KZRRGW146F8C4946XJM2S6EC,01KZRW4877QZNEVFAY7G115HT9,,2026-08-23 18:02:06.882983+08,2026-08-23 18:02:06.882983+08,01KZRTCK09EQ6773QWYGE1QPX8
01KZV5Q33BWKH7J6B650TMQYAX,matched,01KZRRGW142RC6MARTSS19R7GK,01KZRW48773C4ZFCJ993MWDQBY,,2026-08-23 18:02:06.882983+08,2026-08-23 18:02:06.882983+08,01KZRTCK0GMZZW43XPCCBFYXS7
01KZV5Q33BEP11WHPDFQH712F3,mismatch,01KZRRGW14200T0G4QVVJEZMW1,01KZRW4877J6H9QTAKXMT8A2FE,,2026-08-23 18:02:06.882983+08,2026-08-23 18:02:06.882983+08,01KZRTCK09XJDC0Y807HCN4YDR
01KZV5Q33B8N9NAYVXWWQMSZJM,mismatch,01KZRRGW14KBMMYGKVHMX9RQD8,01KZRW48771VS10A2E45E408EC,,2026-08-23 18:02:06.882983+08,2026-08-23 18:02:06.882983+08,01KZRTCK0E5JC6A9MXWS09THEF
01KZV5Q33B72E3PYD2S163DDD7,mismatch,01KZRRGW14THZB9B34PPHZSFE2,01KZRW4877TQ3XX3R3NF9TGABV,,2026-08-23 18:02:06.882983+08,2026-08-23 18:02:06.882983+08,01KZRTCK08ESNTMBYH49Q3K5TY
01KZV5Q33BFXQM3CR0J62R667Q,matched,01KZRRGW14DC1V4DFEXXX74JBW,01KZRW4877QZNEVFAY7G115HT9,,2026-08-23 18:02:06.882983+08,2026-08-23 18:02:06.882983+08,01KZRTCK09S4T78A3JFJBR11YV
01KZV5Q33B4FMA2MDXD7VV5Y2R,mismatch,01KZRRGW14N56M3HGFGXE3FN5T,01KZRW48773GHQQ4H8241WY49R,,2026-08-23 18:02:06.882983+08,2026-08-23 18:02:06.882983+08,01KZRTCK09BSBG4V5ZNHHQBT4B
01KZV5Q33CM0D8ZDGA1AMFX1DY,matched,01KZRRGW140MQ9ZE887EQDG87Z,01KZRW4877ZVCRK1H9RNQPG5NR,,2026-08-23 18:02:06.882983+08,2026-08-23 18:02:06.882983+08,01KZRTCK0AQ0EXB18SXRHPK45C
01KZV5Q33CQWP4R735M6R42HDM,mismatch,01KZRRGW14N9EVMX0Z1ZRJRRAH,01KZRW48773P9B1HDR1BKFG957,,2026-08-23 18:02:06.882983+08,2026-08-23 18:02:06.882983+08,01KZRTCK0ECHGS3APJ467Y392A
01KZV5Q33CD12D8G38F3QEKTHT,matched,01KZRRGW14VWS3587600FPGYJJ,01KZRW4877570TMPXQJ6F3CTPG,,2026-08-23 18:02:06.882983+08,2026-08-23 18:02:06.882983+08,01KZRTCK0G2QV7AC4HJSVS53F4
01KZV5Q33CGHE7ZT9T6HCWJGSD,matched,01KZRRGW14N5VHBCMAJGNJ0GJH,01KZRW4877FQ91CFKG4PJTR1JJ,,2026-08-23 18:02:06.882983+08,2026-08-23 18:02:06.882983+08,01KZRTCK0E7DSPRDBP1MY506T5
01KZV5Q33CNJY68NHVPYBE4V6T,manual submit,01KZRRGW14G35YB41SN7AN85CV,01KZRW4877MFF924CSKP3J6WW4,,2026-08-23 18:02:06.882983+08,2026-08-23 18:02:06.882983+08,01KZRTCK09CM008JPM5YYZ6P1V
01KZV5Q33C05K5BHRPTFK5RKHH,manual submit,01KZRRGW14KBMMYGKVHMX9RQD8,01KZRW4877JD5H1HZVRFSFTM98,,2026-08-23 18:02:06.882983+08,2026-08-23 18:02:06.882983+08,01KZRTCK0GCK45TR5APBAVBJZG
01KZV5Q33CM6BTA1RM33AJCGAG,mismatch,01KZRRGW14KMGR1H2QPNVXB420,01KZRW487741KD7GWF4QB79EFH,,2026-08-23 18:02:06.882983+08,2026-08-23 18:02:06.882983+08,01KZRTCK0BF58HX13JZNTZEE12
01KZV5Q33CHFMPRNYS49KNY321,matched,01KZRRGW14SVP3PKMRRXC2J621,01KZRW4877C5YNZ203SCBWWZXZ,,2026-08-23 18:02:06.882983+08,2026-08-23 18:02:06.882983+08,01KZRTCK09X9P4EEX8HTCE1ZVR
01KZV5Q33DMTSQ7JGSNSV6046F,mismatch,01KZRRGW14N56M3HGFGXE3FN5T,01KZRW4877D0MJ7B5AT3RZ0G0Q,,2026-08-23 18:02:06.882983+08,2026-08-23 18:02:06.882983+08,01KZRTCK0AS8CYHG8HQET13XNF
01KZV5Q33DDKM0WHZCSCFQAQP4,manual submit,01KZRRGW142RC6MARTSS19R7GK,01KZRW4877V0J57H3JPGGS28WZ,,2026-08-23 18:02:06.882983+08,2026-08-23 18:02:06.882983+08,01KZRTCK0EPAK7SM9GQMAQCJPB
01KZV5Q33D8MX490JYB5H96BHH,manual submit,01KZRRGW1442K27HM42RTFZG1M,01KZRW4877X5K4QDEQJ8HJV36S,,2026-08-23 18:02:06.882983+08,2026-08-23 18:02:06.882983+08,01KZRTCK0E3B79RE1AR8NAD5HX
01KZV5Q33DFDVF766MP4T5ZCQH,mismatch,01KZRRGW14KMGR1H2QPNVXB420,01KZRW4877FQ91CFKG4PJTR1JJ,,2026-08-23 18:02:06.882983+08,2026-08-23 18:02:06.882983+08,01KZRTCK0E2W8H97XT7FX0SE39
01KZV5Q33DERH07VRCVPY4M35H,matched,01KZRRGW14JQ7JEW5HBDS8P7VJ,01KZRW4877EFAE21HQ86WYE6X8,,2026-08-23 18:02:06.882983+08,2026-08-23 18:02:06.882983+08,01KZRTCK09ZHH89VZ0S97GSFGZ
01KZV5Q33DGR5SEM6814P51FE3,matched,01KZRRGW14N5VHBCMAJGNJ0GJH,01KZRW4877Z8TPYQZSPSR7KQ3R,,2026-08-23 18:02:06.882983+08,2026-08-23 18:02:06.882983+08,01KZRTCK0C8RDF5HRG014Q7T9H
01KZV5Q33DKJWFVVPQDAE9Z8JS,manual submit,01KZRRGW14XPKB44H9B6WS515H,01KZRW48774CQFFFPSV57ZNBPR,,2026-08-23 18:02:06.882983+08,2026-08-23 18:02:06.882983+08,01KZRTCK0D32PQZ49N7W9RYQT0
01KZV5Q33D43FEBTJ0QV3B4X4D,matched,01KZRRGW142XAJ3EN2YJAF1HJB,01KZRW4877G0YHH3T1F43JMJ4N,,2026-08-23 18:02:06.882983+08,2026-08-23 18:02:06.882983+08,01KZRTCK0F077CT7Y7JM9JYSWV
01KZV5Q33D7K0406FZXBDPTJJE,mismatch,01KZRRGW14PHE1YJB3BS55XR3K,01KZRW48779S7EXPA0TNQWKTA6,,2026-08-23 18:02:06.882983+08,2026-08-23 18:02:06.882983+08,01KZRTCK0C100GFPESRB7R0Y6M
01KZV5Q33DG6CX73NTWXC3JJAW,matched,01KZRRGW14X9Y2N7Y1J43BS87F,01KZRW4877HQV77AK3B14GNXZ1,,2026-08-23 18:02:06.882983+08,2026-08-23 18:02:06.882983+08,01KZRTCK0HAFXMSMEWT5R0CHVR
01KZV5Q33DMBABMFP1CF09X91M,manual submit,01KZRRGW14MXEWF9HMYNXVS5ER,01KZRW4877MED929DRBY96SNBC,,2026-08-23 18:02:06.882983+08,2026-08-23 18:02:06.882983+08,01KZRTCK099B0099THJ98J1W58
01KZV5Q33D92KZSRQB4A2JET58,mismatch,01KZRRGW1442K27HM42RTFZG1M,01KZRW48773C4ZFCJ993MWDQBY,,2026-08-23 18:02:06.882983+08,2026-08-23 18:02:06.882983+08,01KZRTCK0CV7HVZTCNC4M7Q0MX
01KZV5Q33EQ76YRW0G6720VTFW,matched,01KZRRGW14PHE1YJB3BS55XR3K,01KZRW48779CWAQ752ZGCV7AN3,,2026-08-23 18:02:06.882983+08,2026-08-23 18:02:06.882983+08,01KZRTCK0BWC752R1260NN4K2G
01KZV5Q33EWJYXKCFH176ZZC2K,mismatch,01KZRRGW14W9JF1K1J0X6X34N8,01KZRW4877FZS8TFJN9ZMN5RWV,,2026-08-23 18:02:06.882983+08,2026-08-23 18:02:06.882983+08,01KZRTCK0HP2DT7ACB4SQT7DX3
01KZV5Q33E324FAVCZPTC8DSNF,mismatch,01KZRRGW14Y65J9N71RS7C99PT,01KZRW4877DZMG7S8EQEYF7D89,,2026-08-23 18:02:06.882983+08,2026-08-23 18:02:06.882983+08,01KZRTCK09DHFCMHQNJX94Z9BG
01KZV5Q33EXYZF10DHZJB74FC0,manual submit,01KZRRGW14N5VHBCMAJGNJ0GJH,01KZRW48771VS10A2E45E408EC,,2026-08-23 18:02:06.882983+08,2026-08-23 18:02:06.882983+08,01KZRTCK0G0AYA08Z4M892K1Z7
01KZV5Q33EN2YGDHYP197CPF2J,mismatch,01KZRRGW14FX4FRK4R4E3MKR5J,01KZRW4877TQ7065A4RCCYE8SH,,2026-08-23 18:02:06.882983+08,2026-08-23 18:02:06.882983+08,01KZRTCK0A45DEX0ZMSYNJMXTQ
01KZV5Q33EP5ERRDDD185GXYHY,matched,01KZRRGW147SW8PDR6Z12DT4B9,01KZRW48774Y44DVZFJV030K96,,2026-08-23 18:02:06.882983+08,2026-08-23 18:02:06.882983+08,01KZRTCK09E523A93WX97Q4MZP
01KZV5Q33F35FCR63VEKSG21HW,mismatch,01KZRRGW14200T0G4QVVJEZMW1,01KZRW4877RECBHNY9Y9VM9ZRZ,,2026-08-23 18:02:06.882983+08,2026-08-23 18:02:06.882983+08,01KZRTCK09KQGQMP082VDRRAR8
01KZV5Q33F32Y8DVSXGGNDSE51,mismatch,01KZRRGW142RC6MARTSS19R7GK,01KZRW4877HVT4X8HFK0HTQ94N,,2026-08-23 18:02:06.882983+08,2026-08-23 18:02:06.882983+08,01KZRTCK0AS8CYHG8HQET13XNF
01KZV5Q33F19VN7D8GFZNG4J78,manual submit,01KZRRGW143XAZME28X8CPEY8S,01KZRW48773P9B1HDR1BKFG957,,2026-08-23 18:02:06.882983+08,2026-08-23 18:02:06.882983+08,01KZRTCK0CN7NWD4WDY3W38Q4R
01KZV5Q33F9HB494VD170W0828,mismatch,01KZRRGW146F8C4946XJM2S6EC,01KZRW4877TQ7065A4RCCYE8SH,,2026-08-23 18:02:06.882983+08,2026-08-23 18:02:06.882983+08,01KZRTCK0GSBVZEVQQ2S050RP5
01KZV5Q33FXA9MCQ7G7X08MREA,matched,01KZRRGW14Y65J9N71RS7C99PT,01KZRW4877NAVZSR88Z0ZHKRW9,,2026-08-23 18:02:06.882983+08,2026-08-23 18:02:06.882983+08,01KZRTCK0AMRD2G02TPVDBAND7
01KZV5Q33FWZP476GFHNDFRFSY,manual submit,01KZRRGW14K9GDB2KGW0SVFJBM,01KZRW4877JGM1JN0BBQ9YM7WK,,2026-08-23 18:02:06.882983+08,2026-08-23 18:02:06.882983+08,01KZRTCK0GS30DKY65QEAGB7RF
01KZV5Q33F6HCHMR6486TWEAPY,matched,01KZRRGW146F8C4946XJM2S6EC,01KZRW4877D0MJ7B5AT3RZ0G0Q,,2026-08-23 18:02:06.882983+08,2026-08-23 18:02:06.882983+08,01KZRTCK0D15Y2P78ZQEH6NR4H
01KZV5Q33F9DNT8EAFEZBWC12R,mismatch,01KZRRGW14THZB9B34PPHZSFE2,01KZRW4877HQV77AK3B14GNXZ1,,2026-08-23 18:02:06.882983+08,2026-08-23 18:02:06.882983+08,01KZRTCK0CDV77MA242PC4NBZF
01KZV5Q33FPZPH3VF2WNV29N1N,mismatch,01KZRRGW14KMGR1H2QPNVXB420,01KZRW4877RECBHNY9Y9VM9ZRZ,,2026-08-23 18:02:06.882983+08,2026-08-23 18:02:06.882983+08,01KZRTCK0D32PQZ49N7W9RYQT0
01KZV5Q33FV9J1D5Z7X5CDQBCB,manual submit,01KZRRGW14SVP3PKMRRXC2J621,01KZRW4877AMSR96T952JSFTS6,,2026-08-23 18:02:06.882983+08,2026-08-23 18:02:06.882983+08,01KZRTCK0FYH9CNE8MSEJB8DNX
01KZV5Q33F8XVBKEVEBQ0BKTR6,manual submit,01KZRRGW14KMGR1H2QPNVXB420,01KZRW4877Z1GGC6GJTVS7J2AP,,2026-08-23 18:02:06.882983+08,2026-08-23 18:02:06.882983+08,01KZRTCK0GYZ251NHANMN7SD71
01KZV5Q33FYT35SZPAGGR7D6RF,manual submit,01KZRRGW147SW8PDR6Z12DT4B9,01KZRW48777AHPHKJ81KF0SBSV,,2026-08-23 18:02:06.882983+08,2026-08-23 18:02:06.882983+08,01KZRTCK0CYJPG6EQ6FC3TXRFE
01KZV5Q33FFCPPCF7K1YVY503P,mismatch,01KZRRGW14200T0G4QVVJEZMW1,01KZRW4877TRFEBWEFKEZC1X5H,,2026-08-23 18:02:06.882983+08,2026-08-23 18:02:06.882983+08,01KZRTCK0A0B9VC5TCTB34V0BD
01KZV5Q33GTVEG9QBJZ4VZ7KRC,matched,01KZRRGW14JQ7JEW5HBDS8P7VJ,01KZRW4877BFP4JMW1E9SHS153,,2026-08-23 18:02:06.882983+08,2026-08-23 18:02:06.882983+08,01KZRTCK0GAPT4H87ZJ94VTE39
01KZV5Q33G0TM37XTP84G3BHM7,manual submit,01KZRRGW14KMGR1H2QPNVXB420,01KZRW4877B4VKB2E5TT4BWFP8,,2026-08-23 18:02:06.882983+08,2026-08-23 18:02:06.882983+08,01KZRTCK0B2AJT9VVQRX81JZNW
01KZV5Q33GB935FYARDTBZ2AHB,matched,01KZRRGW14A7VW9HY70W2ZKDCX,01KZRW48779S54N1CEJC2Y3AZY,,2026-08-23 18:02:06.882983+08,2026-08-23 18:02:06.882983+08,01KZRTCK0CWECWR8QCTJKMFQ0M
01KZV5Q33GQT7XHBHT3N16VGD2,manual submit,01KZRRGW143DR9TSRKKQDPRDKM,01KZRW48770HAGRX3Y72BY1D43,,2026-08-23 18:02:06.882983+08,2026-08-23 18:02:06.882983+08,01KZRTCK09NXX0SQ8MVWKRQ2TP
01KZV5Q33GYRF2WFD66N66KPTS,manual submit,01KZRRGW14WSB3JJJKQDEREKF3,01KZRW4877NAVZSR88Z0ZHKRW9,,2026-08-23 18:02:06.882983+08,2026-08-23 18:02:06.882983+08,01KZRTCK0CG2AT76GFJ8XNAKGA
01KZV5Q33GG4JDH9AK12F7215A,manual submit,01KZRRGW142XAJ3EN2YJAF1HJB,01KZRW4877RECBHNY9Y9VM9ZRZ,,2026-08-23 18:02:06.882983+08,2026-08-23 18:02:06.882983+08,01KZRTCK0BHY01HMXP08JXMT95
01KZV5Q33G8YDQE69RHRN8X2FR,manual submit,01KZRRGW147SW8PDR6Z12DT4B9,01KZRW4877FQ91CFKG4PJTR1JJ,,2026-08-23 18:02:06.882983+08,2026-08-23 18:02:06.882983+08,01KZRTCK0EQYG078R98T48YDRV
01KZV5Q33GTFSBD390M8NHXYA4,manual submit,01KZRRGW14XPKB44H9B6WS515H,01KZRW4877R9Q45MFW4A93MM51,,2026-08-23 18:02:06.882983+08,2026-08-23 18:02:06.882983+08,01KZRTCK0HQN72Q8YQD3KA3BW3
01KZV5Q33GCFTNJ2H67EN3C4J8,manual submit,01KZRRGW140MQ9ZE887EQDG87Z,01KZRW4877CATZ1KPW5MYDDBWC,,2026-08-23 18:02:06.882983+08,2026-08-23 18:02:06.882983+08,01KZRTCK09DHFCMHQNJX94Z9BG
01KZV5Q33HKF5TWHDEVZ1WSW47,manual submit,01KZRRGW14PHE1YJB3BS55XR3K,01KZRW4877QESJQX4TK48W4NS1,,2026-08-23 18:02:06.882983+08,2026-08-23 18:02:06.882983+08,01KZRTCK0CTEHPXFZHEZY09VGG
01KZV5Q33H1JEKYA9EGSNJWY0A,manual submit,01KZRRGW14WH1V6PTWDSASC4XK,01KZRW4877HTSZDBP5ZKDZNQYA,,2026-08-23 18:02:06.882983+08,2026-08-23 18:02:06.882983+08,01KZRTCK09GKMZVRVFDCJGQG9M
01KZV5Q33HPANTTDWZD9VKBX5M,matched,01KZRRGW14SVP3PKMRRXC2J621,01KZRW4877G39D68T0PQZ5M81A,,2026-08-23 18:02:06.882983+08,2026-08-23 18:02:06.882983+08,01KZRTCK0CWNJ4B62M05BZ1551
01KZV5Q33H27K9YW3WZ4J9V409,manual submit,01KZRRGW143DR9TSRKKQDPRDKM,01KZRW4877MED929DRBY96SNBC,,2026-08-23 18:02:06.882983+08,2026-08-23 18:02:06.882983+08,01KZRTCK09Z1PF1BAJHD6PH4T6
01KZV5Q33H10VZJM8H7TFZQ0HY,matched,01KZRRGW14RBSVD8GEY7WA5YWC,01KZRW4877DZMG7S8EQEYF7D89,,2026-08-23 18:02:06.882983+08,2026-08-23 18:02:06.882983+08,01KZRTCK0ATGC3J5FEW45KHA7K
01KZV5Q33HJE69S8QH378CGCZA,mismatch,01KZRRGW14200T0G4QVVJEZMW1,01KZRW48773C4ZFCJ993MWDQBY,,2026-08-23 18:02:06.882983+08,2026-08-23 18:02:06.882983+08,01KZRTCK09BQG9VHVJXP6W2MVW
01KZV5Q33HN0GM06MEKXXNH9H5,matched,01KZRRGW14PHE1YJB3BS55XR3K,01KZRW4877QZNEVFAY7G115HT9,,2026-08-23 18:02:06.882983+08,2026-08-23 18:02:06.882983+08,01KZRTCK092P35NBQGZBETFGKM
01KZV5Q33HCAHFNXF5VFX63XZX,mismatch,01KZRRGW142XAJ3EN2YJAF1HJB,01KZRW4877SRMJMM3R17R2QE73,,2026-08-23 18:02:06.882983+08,2026-08-23 18:02:06.882983+08,01KZRTCK09AV49P8YM4FB76NTD
01KZV5Q33HV0PW16A3WMTTBYKV,matched,01KZRRGW14WH1V6PTWDSASC4XK,01KZRW4877D0MJ7B5AT3RZ0G0Q,,2026-08-23 18:02:06.882983+08,2026-08-23 18:02:06.882983+08,01KZRTCK0D3AVJDHCG02C8G8AG
01KZV5Q33HZNVJ8M3G927PACT2,matched,01KZRRGW14X9Y2N7Y1J43BS87F,01KZRW48778HEX0CCC1CXQ27DR,,2026-08-23 18:02:06.882983+08,2026-08-23 18:02:06.882983+08,01KZRTCK0CZXMGDDHVFX1DVGZF
01KZV5Q33HBH95BMY7MHJZEWBP,mismatch,01KZRRGW14G35YB41SN7AN85CV,01KZRW4877T3XV4P4JY2BTWW8J,,2026-08-23 18:02:06.882983+08,2026-08-23 18:02:06.882983+08,01KZRTCK09FRNJ6SF51CYWK16N
01KZV5Q33HTR1V45FQ38EC4TZV,manual submit,01KZRRGW14KMGR1H2QPNVXB420,01KZRW48773GHQQ4H8241WY49R,,2026-08-23 18:02:06.882983+08,2026-08-23 18:02:06.882983+08,01KZRTCK0C5GEQZW3T9TFPVQWS
01KZV5Q33JQ54WMXCWJ224CJWV,mismatch,01KZRRGW142XAJ3EN2YJAF1HJB,01KZRW4877TRFEBWEFKEZC1X5H,,2026-08-23 18:02:06.882983+08,2026-08-23 18:02:06.882983+08,01KZRTCK0AS8CYHG8HQET13XNF
01KZV5Q33J56Y99DCH7HSEEBAA,mismatch,01KZRRGW14Z2V2BPKDSQ6DKV67,01KZRW4877SVSEW2MKDM1JJJMY,,2026-08-23 18:02:06.882983+08,2026-08-23 18:02:06.882983+08,01KZRTCK0GR9N21MD31VNZ4MGN
01KZV5Q33JT6DQ1M37M8M8SHVJ,mismatch,01KZRRGW14MXEWF9HMYNXVS5ER,01KZRW48774CQFFFPSV57ZNBPR,,2026-08-23 18:02:06.882983+08,2026-08-23 18:02:06.882983+08,01KZRTCK0AYRZ4CDYTEYKR0QRJ
01KZV5Q33J8XC82N6Y99JA4102,mismatch,01KZRRGW14N56M3HGFGXE3FN5T,01KZRW4877HQV77AK3B14GNXZ1,,2026-08-23 18:02:06.882983+08,2026-08-23 18:02:06.882983+08,01KZRTCK0D45HQC7YCFG2NYM41
01KZV5Q33J69PQFE6QG98H132S,manual submit,01KZRRGW14KBMMYGKVHMX9RQD8,01KZRW4877HTSZDBP5ZKDZNQYA,,2026-08-23 18:02:06.882983+08,2026-08-23 18:02:06.882983+08,01KZRTCK0GJ3BHKXT6ZE26WQ83
01KZV5Q33JT8WZ9FHCYM9WQDYJ,manual submit,01KZRRGW14X9Y2N7Y1J43BS87F,01KZRW4877MFF924CSKP3J6WW4,,2026-08-23 18:02:06.882983+08,2026-08-23 18:02:06.882983+08,01KZRTCK0D5J97CWNXM3WBPASH
01KZV5Q33K1VGM4QKQPP05KYTQ,mismatch,01KZRRGW14A7VW9HY70W2ZKDCX,01KZRW48774A2DK7QW4RW8GRQD,,2026-08-23 18:02:06.882983+08,2026-08-23 18:02:06.882983+08,01KZRTCK0CX242F4J5DRCEE97Q
01KZV5Q33KMZ4HF000KBHTZ7HF,matched,01KZRRGW14KMGR1H2QPNVXB420,01KZRW4877NAVZSR88Z0ZHKRW9,,2026-08-23 18:02:06.882983+08,2026-08-23 18:02:06.882983+08,01KZRTCK0D68ESA1BPRBH4JBSY
01KZV5Q33K06Z30VED0XQWZ87E,manual submit,01KZRRGW14K9GDB2KGW0SVFJBM,01KZRW4877ZVCRK1H9RNQPG5NR,,2026-08-23 18:02:06.882983+08,2026-08-23 18:02:06.882983+08,01KZRTCK0CRWE91DA45JF202ZQ
01KZV5Q33K8HR829FSEKYMGNM2,matched,01KZRRGW14N5VHBCMAJGNJ0GJH,01KZRW4877Z8TPYQZSPSR7KQ3R,,2026-08-23 18:02:06.882983+08,2026-08-23 18:02:06.882983+08,01KZRTCK0G1V1XGF9ZFV575VGE
01KZV5Q33KTTDC4NWX55VGN5AF,mismatch,01KZRRGW142RC6MARTSS19R7GK,01KZRW4877S7NXK01W1S3HFM9Z,,2026-08-23 18:02:06.882983+08,2026-08-23 18:02:06.882983+08,01KZRTCK0FDZ132JNVAJDRFRB3
01KZV5Q33KSPEXBQDE43PHK5KZ,mismatch,01KZRRGW14THZB9B34PPHZSFE2,01KZRW48774Y44DVZFJV030K96,,2026-08-23 18:02:06.882983+08,2026-08-23 18:02:06.882983+08,01KZRTCK0A98RV6P096PGK1T2A
01KZV5Q33KCHB99EYGTZRZCTY2,matched,01KZRRGW142XAJ3EN2YJAF1HJB,01KZRW48771S3VZMTY431CY71G,,2026-08-23 18:02:06.882983+08,2026-08-23 18:02:06.882983+08,01KZRTCK0DS8JHXB4N5DPV2ZQ4
01KZV5Q33KCS5XS2MP5WZRCSVS,manual submit,01KZRRGW1442K27HM42RTFZG1M,01KZRW48778GNNZ5BFJZ0VXNNN,,2026-08-23 18:02:06.882983+08,2026-08-23 18:02:06.882983+08,01KZRTCK0BBEDMSEST18JE5HAY
01KZV5Q33KE2H0WHF9Z7TWSJSR,manual submit,01KZRRGW14Z2V2BPKDSQ6DKV67,01KZRW4877SBDJ1EK7XZMJJQ2W,,2026-08-23 18:02:06.882983+08,2026-08-23 18:02:06.882983+08,01KZRTCK0GCK45TR5APBAVBJZG
01KZV5Q33KQ9HK0Y0XJ1298GFQ,matched,01KZRRGW142RC6MARTSS19R7GK,01KZRW4877AZR5K32Y5PAGXHRC,,2026-08-23 18:02:06.882983+08,2026-08-23 18:02:06.882983+08,01KZRTCK09JS6Y5MB2Z5QZCKYA
01KZV5Q33K6D510MK28RV5T0N8,manual submit,01KZRRGW1448AZYH3Y9E70DS21,01KZRW4877GVVZRA6JKSTGEVNK,,2026-08-23 18:02:06.882983+08,2026-08-23 18:02:06.882983+08,01KZRTCK09X089VKFK4JRYAFKB
01KZV5Q33MA4T62N56BM0JK6M3,manual submit,01KZRRGW14THZB9B34PPHZSFE2,01KZRW487701VM9C8JDQAVM50G,,2026-08-23 18:02:06.882983+08,2026-08-23 18:02:06.882983+08,01KZRTCK0E3Q0RPEKKZNVMSF4V
01KZV5Q33M16KV2F6AY1FMX6AJ,matched,01KZRRGW14KVWBG89MRPJPJBXC,01KZRW4877JD5H1HZVRFSFTM98,,2026-08-23 18:02:06.882983+08,2026-08-23 18:02:06.882983+08,01KZRTCK0CXBD1JWT97NA2F039
01KZV5Q33MHNJ0QJG1CSFK9WQR,manual submit,01KZRRGW14KVWBG89MRPJPJBXC,01KZRW4877ZVCRK1H9RNQPG5NR,,2026-08-23 18:02:06.882983+08,2026-08-23 18:02:06.882983+08,01KZRTCK0CXBD1JWT97NA2F039
01KZV5Q33MM20HEJY1KSSVNBF2,manual submit,01KZRRGW142XAJ3EN2YJAF1HJB,01KZRW48779V159SGJGWDHBYTJ,,2026-08-23 18:02:06.882983+08,2026-08-23 18:02:06.882983+08,01KZRTCK0DEXQ66GMKRHC4ZBAN
01KZV5Q33M3VKYE57XK363K1MP,mismatch,01KZRRGW14XPKB44H9B6WS515H,01KZRW4877D0MJ7B5AT3RZ0G0Q,,2026-08-23 18:02:06.882983+08,2026-08-23 18:02:06.882983+08,01KZRTCK09DC6GTXZ401A5Y6XR
01KZV5Q33MF9E3EQFBMANV65M7,manual submit,01KZRRGW14PHE1YJB3BS55XR3K,01KZRW4877D9R8T6DSGNC22W4X,,2026-08-23 18:02:06.882983+08,2026-08-23 18:02:06.882983+08,01KZRTCK0GHM93EKHJZD02S1B4
01KZV5Q33M9EA24Z2812TK24DK,matched,01KZRRGW14XPKB44H9B6WS515H,01KZRW48778X9EQJ3KN65YC121,,2026-08-23 18:02:06.882983+08,2026-08-23 18:02:06.882983+08,01KZRTCK0CV7HVZTCNC4M7Q0MX
01KZV5Q33M9KWF3NMWQWXBRPMH,manual submit,01KZRRGW146F8C4946XJM2S6EC,01KZRW48773GHQQ4H8241WY49R,,2026-08-23 18:02:06.882983+08,2026-08-23 18:02:06.882983+08,01KZRTCK0DWJ7HYXSHEKGCWTJC
01KZV5Q33MAAQ3B8PKCX6NPJDK,matched,01KZRRGW14XPKB44H9B6WS515H,01KZRW4877X5K4QDEQJ8HJV36S,,2026-08-23 18:02:06.882983+08,2026-08-23 18:02:06.882983+08,01KZRTCK0DNRHVVR6GW10B1VZT
01KZV5Q33M1GEBYV4FS88GEDA5,mismatch,01KZRRGW14W9JF1K1J0X6X34N8,01KZRW48779V159SGJGWDHBYTJ,,2026-08-23 18:02:06.882983+08,2026-08-23 18:02:06.882983+08,01KZRTCK09HWM5BCW4QXKREHFH
01KZV5Q33MZ709DT5NDJZXXM51,manual submit,01KZRRGW14Z2V2BPKDSQ6DKV67,01KZRW4877XM3HSHJZWNN5DMVE,,2026-08-23 18:02:06.882983+08,2026-08-23 18:02:06.882983+08,01KZRTCK0DNAAGK202JSWGY6A7
01KZV5Q33NKC08CZH2NRYEGH4X,mismatch,01KZRRGW14WSB3JJJKQDEREKF3,01KZRW4877AMSR96T952JSFTS6,,2026-08-23 18:02:06.882983+08,2026-08-23 18:02:06.882983+08,01KZRTCK0BFCDK77BDTH3N1S87
01KZV5Q33NYMBH8RCYR3H0SPTZ,matched,01KZRRGW1442K27HM42RTFZG1M,01KZRW4877FQ91CFKG4PJTR1JJ,,2026-08-23 18:02:06.882983+08,2026-08-23 18:02:06.882983+08,01KZRTCK08HVKDNCXE8ZZTDXN4
01KZV5Q33N8BSZ5PHFG04ZW97X,manual submit,01KZRRGW14MXEWF9HMYNXVS5ER,01KZRW4877V5PZPAVH7Z3DSPSZ,,2026-08-23 18:02:06.882983+08,2026-08-23 18:02:06.882983+08,01KZRTCK0BMV0VC8R2MB5ED4VH
01KZV5Q33N7S36BW6JM3EGFPS5,mismatch,01KZRRGW14SVP3PKMRRXC2J621,01KZRW4877FQ91CFKG4PJTR1JJ,,2026-08-23 18:02:06.882983+08,2026-08-23 18:02:06.882983+08,01KZRTCK0G5MVQXDRCE7B6VZ1X
01KZV5Q33NRZA8H31BVJRQK6CN,manual submit,01KZRRGW14Z2V2BPKDSQ6DKV67,01KZRW4877XM3HSHJZWNN5DMVE,,2026-08-23 18:02:06.882983+08,2026-08-23 18:02:06.882983+08,01KZRTCK0A5NAWNKVRKEKZZEYK
01KZV5Q33NVGEGFQRWBNNV9TNH,mismatch,01KZRRGW142XAJ3EN2YJAF1HJB,01KZRW48771BV67J8RNDGKP3AK,,2026-08-23 18:02:06.882983+08,2026-08-23 18:02:06.882983+08,01KZRTCK0EAJVR02XV8WCNFXJQ
01KZV5Q33N42171H1Y89AF91CQ,matched,01KZRRGW14THZB9B34PPHZSFE2,01KZRW48779S7EXPA0TNQWKTA6,,2026-08-23 18:02:06.882983+08,2026-08-23 18:02:06.882983+08,01KZRTCK0DQYHSHQW9T5T0BNBS
01KZV5Q33NZ5VXSESSPKDB8V77,matched,01KZRRGW140MQ9ZE887EQDG87Z,01KZRW4877RJWA8G8EVGD5AKV5,,2026-08-23 18:02:06.882983+08,2026-08-23 18:02:06.882983+08,01KZRTCK0GJS8ZTGCXPET9SSSY
01KZV5Q33NZT6SQCNHXYNJZ3BV,mismatch,01KZRRGW14KBMMYGKVHMX9RQD8,01KZRW4877R9Q45MFW4A93MM51,,2026-08-23 18:02:06.882983+08,2026-08-23 18:02:06.882983+08,01KZRTCK09272R3821QNVX1EB3
01KZV5Q33NR7V7W02EMV071T7T,mismatch,01KZRRGW143DR9TSRKKQDPRDKM,01KZRW4877JT4P6WNFK8H35SP9,,2026-08-23 18:02:06.882983+08,2026-08-23 18:02:06.882983+08,01KZRTCK0GCK45TR5APBAVBJZG
01KZV5Q33NT8BZWGB1BVNT8Z2M,mismatch,01KZRRGW14A7VW9HY70W2ZKDCX,01KZRW4877ASYYCMJDQ4ZM72CY,,2026-08-23 18:02:06.882983+08,2026-08-23 18:02:06.882983+08,01KZRTCK0BF12H8K77YTEK7NPM
01KZV5Q33NBD49TFGZRT1HZXKR,manual submit,01KZRRGW14JQ7JEW5HBDS8P7VJ,01KZRW4877570TMPXQJ6F3CTPG,,2026-08-23 18:02:06.882983+08,2026-08-23 18:02:06.882983+08,01KZRTCK0DJT475Z9HH5B220D3
01KZV5Q33N86N4GXT4RGMWRTFG,matched,01KZRRGW14K9GDB2KGW0SVFJBM,01KZRW48771VS10A2E45E408EC,,2026-08-23 18:02:06.882983+08,2026-08-23 18:02:06.882983+08,01KZRTCK09FW958EZGRF419YF4
01KZV5Q33NBDTC343M13B3K9K8,manual submit,01KZRRGW14WH1V6PTWDSASC4XK,01KZRW4877X5K4QDEQJ8HJV36S,,2026-08-23 18:02:06.882983+08,2026-08-23 18:02:06.882983+08,01KZRTCK0ACNJTZE1VTCWJ08D8
01KZV5Q33PJEHG32H5YSC9PB49,mismatch,01KZRRGW1442K27HM42RTFZG1M,01KZRW48774CQFFFPSV57ZNBPR,,2026-08-23 18:02:06.882983+08,2026-08-23 18:02:06.882983+08,01KZRTCK0D2SY3YNCZXZEKZZ5M
01KZV5Q33P208W2TVTCFS7WVVW,matched,01KZRRGW14G35YB41SN7AN85CV,01KZRW48771S3VZMTY431CY71G,,2026-08-23 18:02:06.882983+08,2026-08-23 18:02:06.882983+08,01KZRTCK0HAFXMSMEWT5R0CHVR
01KZV5Q33P1PMB0VF3BCV8BGA1,mismatch,01KZRRGW143DR9TSRKKQDPRDKM,01KZRW4877WQJZ3J1CH35W5XY0,,2026-08-23 18:02:06.882983+08,2026-08-23 18:02:06.882983+08,01KZRTCK0G017Z07HEZJMDPT6X
01KZV5Q33PQCZ2651TSR9PNNMC,mismatch,01KZRRGW14JQ7JEW5HBDS8P7VJ,01KZRW4877YEX8C3RH16STZ2B2,,2026-08-23 18:02:06.882983+08,2026-08-23 18:02:06.882983+08,01KZRTCK0FG8P35E6HWRNHXVGX
01KZV5Q33P8CGCZQ9A5AKER5NC,matched,01KZRRGW14FX4FRK4R4E3MKR5J,01KZRW4877AMSR96T952JSFTS6,,2026-08-23 18:02:06.882983+08,2026-08-23 18:02:06.882983+08,01KZRTCK0DR2R4Z2EGQCXXDPZQ
01KZV5Q33PW4EWPGEJZJ15BKBQ,manual submit,01KZRRGW14SVP3PKMRRXC2J621,01KZRW4877SRMJMM3R17R2QE73,,2026-08-23 18:02:06.882983+08,2026-08-23 18:02:06.882983+08,01KZRTCK0B687DX075E6H575Y9
01KZV5Q33P1ED1HPY8EZH4QH57,matched,01KZRRGW149RPSGBHQY8MZC6NF,01KZRW4877R9Q45MFW4A93MM51,,2026-08-23 18:02:06.882983+08,2026-08-23 18:02:06.882983+08,01KZRTCK0DGB0HB8GQ6ZQWMAMV
01KZV5Q33PCY7XYXS0KD45595Q,mismatch,01KZRRGW14G35YB41SN7AN85CV,01KZRW4877MED929DRBY96SNBC,,2026-08-23 18:02:06.882983+08,2026-08-23 18:02:06.882983+08,01KZRTCK09EQ6773QWYGE1QPX8
01KZV5Q33PJJ0P3DPAN6KD1VZN,manual submit,01KZRRGW146F8C4946XJM2S6EC,01KZRW48774A2DK7QW4RW8GRQD,,2026-08-23 18:02:06.882983+08,2026-08-23 18:02:06.882983+08,01KZRTCK0BQSW7XRVETADJPGX3
01KZV5Q33PZCH0N7VM6536N87W,manual submit,01KZRRGW14200T0G4QVVJEZMW1,01KZRW4877QESJQX4TK48W4NS1,,2026-08-23 18:02:06.882983+08,2026-08-23 18:02:06.882983+08,01KZRTCK0AAW1X7N3509P3V3YC
01KZV5Q33Q6BZR9X83KG957W6W,matched,01KZRRGW14XPKB44H9B6WS515H,01KZRW4877B3D0MZHS3AQRJ814,,2026-08-23 18:02:06.882983+08,2026-08-23 18:02:06.882983+08,01KZRTCK0AZ6G5HWDM1EAVY676
01KZV5Q33QZPSTZTRXCZ75W3D4,matched,01KZRRGW14PHE1YJB3BS55XR3K,01KZRW4877XM3HSHJZWNN5DMVE,,2026-08-23 18:02:06.882983+08,2026-08-23 18:02:06.882983+08,01KZRTCK0AP6XBYVEZ6Q6903JJ
01KZV5Q33QFAMDJTDXRGMBC2ZG,mismatch,01KZRRGW14PHE1YJB3BS55XR3K,01KZRW4877RECBHNY9Y9VM9ZRZ,,2026-08-23 18:02:06.882983+08,2026-08-23 18:02:06.882983+08,01KZRTCK0BT0F93Q5T0Q8SE8S4
01KZV5Q33Q04VGK2JHQV4K05KW,matched,01KZRRGW14DC1V4DFEXXX74JBW,01KZRW487795H0KSW6AV992VCS,,2026-08-23 18:02:06.882983+08,2026-08-23 18:02:06.882983+08,01KZRTCK0DM1JX8RH50HRJ81KT
01KZV5Q33QSVSBBSQ56DQ61124,manual submit,01KZRRGW14FX4FRK4R4E3MKR5J,01KZRW4877ASYYCMJDQ4ZM72CY,,2026-08-23 18:02:06.882983+08,2026-08-23 18:02:06.882983+08,01KZRTCK0EQ0X6NZ9G5KKAVYH5
01KZV5Q33QBA15YB0FMNB0KF78,mismatch,01KZRRGW147SW8PDR6Z12DT4B9,01KZRW48778X9EQJ3KN65YC121,,2026-08-23 18:02:06.882983+08,2026-08-23 18:02:06.882983+08,01KZRTCK0B2QH3HHWVRA1S2RYS
01KZV5Q33R2APCT1030XYDEKCS,matched,01KZRRGW14KBMMYGKVHMX9RQD8,01KZRW4877K9M9E39HTSQE6N4Q,,2026-08-23 18:02:06.882983+08,2026-08-23 18:02:06.882983+08,01KZRTCK0DCY2JZ80A108CFHY6
01KZV5Q33RJV2NTSV3C7M4KMN6,matched,01KZRRGW14KVWBG89MRPJPJBXC,01KZRW4877Q5X4JA1EXXW4HQ9R,,2026-08-23 18:02:06.882983+08,2026-08-23 18:02:06.882983+08,01KZRTCK0C177Q8WQ75YJGX7XX
01KZV5Q33REJ3B9HDJG4JQJQCM,mismatch,01KZRRGW14W9JF1K1J0X6X34N8,01KZRW4877JD5H1HZVRFSFTM98,,2026-08-23 18:02:06.882983+08,2026-08-23 18:02:06.882983+08,01KZRTCK0AFRE6PEDGHZG9MHG8
01KZV5Q33R48VYKP8E3785WJJ3,manual submit,01KZRRGW14KMGR1H2QPNVXB420,01KZRW48774A2DK7QW4RW8GRQD,,2026-08-23 18:02:06.882983+08,2026-08-23 18:02:06.882983+08,01KZRTCK0APWRK1DH37AGBQ3G9
01KZV5Q33RCZDY9BCRGKEJ8AZ6,manual submit,01KZRRGW14A7VW9HY70W2ZKDCX,01KZRW4877Z1GGC6GJTVS7J2AP,,2026-08-23 18:02:06.882983+08,2026-08-23 18:02:06.882983+08,01KZRTCK0ATZEF3NZGEMKF8JHQ
01KZV5Q33RC9476HFY2KTNTVW0,manual submit,01KZRRGW142XAJ3EN2YJAF1HJB,01KZRW4877F027DTG1RSTES089,,2026-08-23 18:02:06.882983+08,2026-08-23 18:02:06.882983+08,01KZRTCK0C3SKRYQJ09WEW22MT
01KZV5Q33R729N5M931TE3FCKZ,manual submit,01KZRRGW14Y65J9N71RS7C99PT,01KZRW4877Q5X4JA1EXXW4HQ9R,,2026-08-23 18:02:06.882983+08,2026-08-23 18:02:06.882983+08,01KZRTCK0EDFDDPS25G0397ZK8
01KZV5Q33R15RTQPETZ9VRXPJZ,manual submit,01KZRRGW14KMGR1H2QPNVXB420,01KZRW48773P9B1HDR1BKFG957,,2026-08-23 18:02:06.882983+08,2026-08-23 18:02:06.882983+08,01KZRTCK0G0YCS65GWQ8Q0F0XT
01KZV5Q33R57221Q15YR3DX6B1,mismatch,01KZRRGW14JQ7JEW5HBDS8P7VJ,01KZRW4877NYSZZ4VFYZTN4ES1,,2026-08-23 18:02:06.882983+08,2026-08-23 18:02:06.882983+08,01KZRTCK0EHX29TS3SRMV30VE7
01KZV5Q33R6RG2B30NPRYC0KZX,matched,01KZRRGW14FX4FRK4R4E3MKR5J,01KZRW4877Z8TPYQZSPSR7KQ3R,,2026-08-23 18:02:06.882983+08,2026-08-23 18:02:06.882983+08,01KZRTCK0C2ZPRW1BRBNNHZXQ4
01KZV5Q33SAM9YDH5420V28SPZ,matched,01KZRRGW14MXEWF9HMYNXVS5ER,01KZRW4877QZNEVFAY7G115HT9,,2026-08-23 18:02:06.882983+08,2026-08-23 18:02:06.882983+08,01KZRTCK0CHE4EMABHFK85SSXE
01KZV5Q33S4C2PRZ7FW1JZKJN9,mismatch,01KZRRGW14VWS3587600FPGYJJ,01KZRW4877QYTMJX48NHFYBFCC,,2026-08-23 18:02:06.882983+08,2026-08-23 18:02:06.882983+08,01KZRTCK0979P77Y69Q7JMXRJW
01KZV5Q33SDX0RMZ0Q39AJS5NJ,mismatch,01KZRRGW146F8C4946XJM2S6EC,01KZRW4877MFF924CSKP3J6WW4,,2026-08-23 18:02:06.882983+08,2026-08-23 18:02:06.882983+08,01KZRTCK0GJS8ZTGCXPET9SSSY
01KZV5Q33SAAWYQ94ZY2KWW641,manual submit,01KZRRGW14MXEWF9HMYNXVS5ER,01KZRW4877RK7R5ZV77193KMDQ,,2026-08-23 18:02:06.882983+08,2026-08-23 18:02:06.882983+08,01KZRTCK0A9GSKW6MBC2KCH01E
01KZV5Q33S633XDDGSW5QV33XS,mismatch,01KZRRGW14WSB3JJJKQDEREKF3,01KZRW48779CWAQ752ZGCV7AN3,,2026-08-23 18:02:06.882983+08,2026-08-23 18:02:06.882983+08,01KZRTCK0E7Q3TJ5HN76J6QS58
01KZV5Q33SEVKWWJG4D7YFDDPH,manual submit,01KZRRGW142XAJ3EN2YJAF1HJB,01KZRW48779S54N1CEJC2Y3AZY,,2026-08-23 18:02:06.882983+08,2026-08-23 18:02:06.882983+08,01KZRTCK0993J5VEXTBNE4Z534
01KZV5Q33SYECCXGRTM6E253XJ,matched,01KZRRGW1448AZYH3Y9E70DS21,01KZRW4877VZEYQPDKKQXF13AV,,2026-08-23 18:02:06.882983+08,2026-08-23 18:02:06.882983+08,01KZRTCK0CEFPWC56VXBVEG3F5
01KZV5Q33SK0JHEJ4RV9HY13CW,manual submit,01KZRRGW146F8C4946XJM2S6EC,01KZRW48771BV67J8RNDGKP3AK,,2026-08-23 18:02:06.882983+08,2026-08-23 18:02:06.882983+08,01KZRTCK0AVMFDG6WFY9QHJGHT
01KZV5Q33SMKG0E4SFBQY5M0GH,matched,01KZRRGW142XAJ3EN2YJAF1HJB,01KZRW48779S7EXPA0TNQWKTA6,,2026-08-23 18:02:06.882983+08,2026-08-23 18:02:06.882983+08,01KZRTCK0BGZKJNX3BD3QGQ7H5
01KZV5Q33THPS94G4S5MAATA2S,manual submit,01KZRRGW14X04WHWJ78QR6J8H3,01KZRW4877HTSZDBP5ZKDZNQYA,,2026-08-23 18:02:06.882983+08,2026-08-23 18:02:06.882983+08,01KZRTCK0AHE7R4TBTG4DS31WP
01KZV5Q33TXC2ZWRRM3SBXRG41,mismatch,01KZRRGW14PHE1YJB3BS55XR3K,01KZRW4877X5K4QDEQJ8HJV36S,,2026-08-23 18:02:06.882983+08,2026-08-23 18:02:06.882983+08,01KZRTCK0GE00TNY4ZJBWA6PY0
01KZV5Q33TJ1ZEB4FJAW3B7687,manual submit,01KZRRGW14FX4FRK4R4E3MKR5J,01KZRW48779R4JNZ47ZW2T3PQB,,2026-08-23 18:02:06.882983+08,2026-08-23 18:02:06.882983+08,01KZRTCK09Z1PF1BAJHD6PH4T6
01KZV5Q33T14CCGW8EMKKPW8KW,mismatch,01KZRRGW14SVP3PKMRRXC2J621,01KZRW4877EFAE21HQ86WYE6X8,,2026-08-23 18:02:06.882983+08,2026-08-23 18:02:06.882983+08,01KZRTCK0GTDA6V811V6820HZ3
01KZV5Q33TW2P68MMKT9CMWSB9,manual submit,01KZRRGW142XAJ3EN2YJAF1HJB,01KZRW487795H0KSW6AV992VCS,,2026-08-23 18:02:06.882983+08,2026-08-23 18:02:06.882983+08,01KZRTCK0GSN84H3ZVQABZ5P3N
01KZV5Q33TJSYY496P0VP17EPC,manual submit,01KZRRGW14KVWBG89MRPJPJBXC,01KZRW4877H6020WSQ0GV9YAQ5,,2026-08-23 18:02:06.882983+08,2026-08-23 18:02:06.882983+08,01KZRTCK0DHGS76JR9SHR1XMM9
01KZV5Q33T4NSJ06569XA0ASEJ,mismatch,01KZRRGW143XAZME28X8CPEY8S,01KZRW4877BFP4JMW1E9SHS153,,2026-08-23 18:02:06.882983+08,2026-08-23 18:02:06.882983+08,01KZRTCK0DX3C3181MEY7QQRYB
01KZV5Q33TE9KRYXFBWSEWJF1T,manual submit,01KZRRGW14J5MRZ241JHXYMPE5,01KZRW48779S7EXPA0TNQWKTA6,,2026-08-23 18:02:06.882983+08,2026-08-23 18:02:06.882983+08,01KZRTCK09KPV8751VDTXKCZPY
01KZV5Q33T94GN1YACSCW5V7TC,mismatch,01KZRRGW14PHE1YJB3BS55XR3K,01KZRW48779S7EXPA0TNQWKTA6,,2026-08-23 18:02:06.882983+08,2026-08-23 18:02:06.882983+08,01KZRTCK0AA8AJDQM61AJQ7WJ9
01KZV5Q33TJVKZP2S0CQ9ETVMT,manual submit,01KZRRGW14DC1V4DFEXXX74JBW,01KZRW4877BKP2FRH1B8G1CTC9,,2026-08-23 18:02:06.882983+08,2026-08-23 18:02:06.882983+08,01KZRTCK0D1Y7TW9V82Y98HN68
01KZV5Q33T4V725AHP08Y7H0JK,manual submit,01KZRRGW14G35YB41SN7AN85CV,01KZRW4877B3D0MZHS3AQRJ814,,2026-08-23 18:02:06.882983+08,2026-08-23 18:02:06.882983+08,01KZRTCK0B527PMS1CQABWT0GX
01KZV5Q33V6ZXR0YNGC5Z1VSKX,matched,01KZRRGW14KBMMYGKVHMX9RQD8,01KZRW4877MED929DRBY96SNBC,,2026-08-23 18:02:06.882983+08,2026-08-23 18:02:06.882983+08,01KZRTCK0AE5R7SGXT1B8JK35M
01KZV5Q33V71P3YSG0JF71AE78,matched,01KZRRGW14JQ7JEW5HBDS8P7VJ,01KZRW4877DZMG7S8EQEYF7D89,,2026-08-23 18:02:06.882983+08,2026-08-23 18:02:06.882983+08,01KZRTCK092AZXZRGKDPE4HGER
01KZV5Q33VBKDNE47M8G40QM90,mismatch,01KZRRGW14JQ7JEW5HBDS8P7VJ,01KZRW4877V0J57H3JPGGS28WZ,,2026-08-23 18:02:06.882983+08,2026-08-23 18:02:06.882983+08,01KZRTCK0B51AN8VXK1AFH9676
01KZV5Q33VFMTJ34KTV29PN1A8,mismatch,01KZRRGW14A7VW9HY70W2ZKDCX,01KZRW4877K9M9E39HTSQE6N4Q,,2026-08-23 18:02:06.882983+08,2026-08-23 18:02:06.882983+08,01KZRTCK0CREXSXN31VQVDW0BC
01KZV5Q33V8KY9F50H2XCVVJDY,matched,01KZRRGW14200T0G4QVVJEZMW1,01KZRW48777JDTMGDM6JZY87AF,,2026-08-23 18:02:06.882983+08,2026-08-23 18:02:06.882983+08,01KZRTCK0GBXT4JPP8224FFFQY
01KZV5Q33V524XTKN24RE8DQ0X,mismatch,01KZRRGW14X04WHWJ78QR6J8H3,01KZRW4877NYSZZ4VFYZTN4ES1,,2026-08-23 18:02:06.882983+08,2026-08-23 18:02:06.882983+08,01KZRTCK09PJAFN0927Z11SSXG
01KZV5Q33VDAQR94SA1AH2ZPFY,manual submit,01KZRRGW14FX4FRK4R4E3MKR5J,01KZRW4877J6H9QTAKXMT8A2FE,,2026-08-23 18:02:06.882983+08,2026-08-23 18:02:06.882983+08,01KZRTCK099JFYWXAKG01064WT
01KZV5Q33V4YGAMZT2EQ29XQA2,mismatch,01KZRRGW14G35YB41SN7AN85CV,01KZRW4877C5YNZ203SCBWWZXZ,,2026-08-23 18:02:06.882983+08,2026-08-23 18:02:06.882983+08,01KZRTCK0CF1Q3YJWG9YB3FZ6S
01KZV5Q33VWVWC82BNRF0JHJET,manual submit,01KZRRGW1448AZYH3Y9E70DS21,01KZRW48773GHQQ4H8241WY49R,,2026-08-23 18:02:06.882983+08,2026-08-23 18:02:06.882983+08,01KZRTCK0AA8AJDQM61AJQ7WJ9
01KZV5Q33W544VGWDBYB47AKRG,manual submit,01KZRRGW14FX4FRK4R4E3MKR5J,01KZRW4877JGM1JN0BBQ9YM7WK,,2026-08-23 18:02:06.882983+08,2026-08-23 18:02:06.882983+08,01KZRTCK0GSBVZEVQQ2S050RP5
01KZV5Q33WXM9Q0E4Z5V575QHT,matched,01KZRRGW14N56M3HGFGXE3FN5T,01KZRW48773C4ZFCJ993MWDQBY,,2026-08-23 18:02:06.882983+08,2026-08-23 18:02:06.882983+08,01KZRTCK0BY57280VXS22GTG9F
01KZV5Q33W114JFW0B1EVBDTKS,matched,01KZRRGW1442K27HM42RTFZG1M,01KZRW4877H6020WSQ0GV9YAQ5,,2026-08-23 18:02:06.882983+08,2026-08-23 18:02:06.882983+08,01KZRTCK0EVQGH0HZF0YD7Z32X
01KZV5Q33WDPRRC2WYWJWBN8QM,matched,01KZRRGW14KVWBG89MRPJPJBXC,01KZRW48771VS10A2E45E408EC,,2026-08-23 18:02:06.882983+08,2026-08-23 18:02:06.882983+08,01KZRTCK09Q34SDD3A4R8G3QYV
01KZV5Q33WYCP4ZZ9WJM310YWZ,matched,01KZRRGW14G35YB41SN7AN85CV,01KZRW48779S54N1CEJC2Y3AZY,,2026-08-23 18:02:06.882983+08,2026-08-23 18:02:06.882983+08,01KZRTCK0E0MA1M0P94AE191DC
01KZV5Q33WF905MNSDP1VNET0J,matched,01KZRRGW14WH1V6PTWDSASC4XK,01KZRW4877SRMJMM3R17R2QE73,,2026-08-23 18:02:06.882983+08,2026-08-23 18:02:06.882983+08,01KZRTCK09DG7WYYS3NQ763QHR
01KZV5Q33W1ES0RBGBH554JHWS,mismatch,01KZRRGW14FX4FRK4R4E3MKR5J,01KZRW4877C3T2MSDMNBQ24EB4,,2026-08-23 18:02:06.882983+08,2026-08-23 18:02:06.882983+08,01KZRTCK09ZHH89VZ0S97GSFGZ
01KZV5Q33W5KCSER1MJ1S4MKFJ,matched,01KZRRGW142RC6MARTSS19R7GK,01KZRW4877W4J1M6PJM0QPSR4V,,2026-08-23 18:02:06.882983+08,2026-08-23 18:02:06.882983+08,01KZRTCK0ADN3K9EDHCXZVTVNP
01KZV5Q33WD9VRWS899QC201TA,manual submit,01KZRRGW14KMGR1H2QPNVXB420,01KZRW4877V0J57H3JPGGS28WZ,,2026-08-23 18:02:06.882983+08,2026-08-23 18:02:06.882983+08,01KZRTCK0DJHWF18CVJQXSACA6
01KZV5Q33WQK88RPHF78CAYMER,manual submit,01KZRRGW14200T0G4QVVJEZMW1,01KZRW487795H0KSW6AV992VCS,,2026-08-23 18:02:06.882983+08,2026-08-23 18:02:06.882983+08,01KZRTCK0BA2PEZXQZF2JXYVBZ
01KZV5Q33WMRVR5YDC3XY95QDR,manual submit,01KZRRGW14X9Y2N7Y1J43BS87F,01KZRW4877Z1GGC6GJTVS7J2AP,,2026-08-23 18:02:06.882983+08,2026-08-23 18:02:06.882983+08,01KZRTCK09E64Q0179EYSWMBAS
01KZV5Q33WQT71QYV5PC40FQFX,manual submit,01KZRRGW14MXEWF9HMYNXVS5ER,01KZRW4877C5YNZ203SCBWWZXZ,,2026-08-23 18:02:06.882983+08,2026-08-23 18:02:06.882983+08,01KZRTCK0BHJF1WCYAF884V68A
01KZV5Q33WS02QX66928K12CA3,manual submit,01KZRRGW142XAJ3EN2YJAF1HJB,01KZRW4877QYTMJX48NHFYBFCC,,2026-08-23 18:02:06.882983+08,2026-08-23 18:02:06.882983+08,01KZRTCK09F5WAJBTQXD3AN8YM
01KZV5Q33XPB6CJ242CWTGXHZQ,manual submit,01KZRRGW140MQ9ZE887EQDG87Z,01KZRW4877J6H9QTAKXMT8A2FE,,2026-08-23 18:02:06.882983+08,2026-08-23 18:02:06.882983+08,01KZRTCK0D45TQ636XNSP44HV1
01KZV5Q33XD9RQHCTVSKY0RXW8,matched,01KZRRGW143DR9TSRKKQDPRDKM,01KZRW4877B4VKB2E5TT4BWFP8,,2026-08-23 18:02:06.882983+08,2026-08-23 18:02:06.882983+08,01KZRTCK0GCK45TR5APBAVBJZG
01KZV5Q33XR9H6BQGQM7GY0EHW,matched,01KZRRGW1442K27HM42RTFZG1M,01KZRW4877SBDJ1EK7XZMJJQ2W,,2026-08-23 18:02:06.882983+08,2026-08-23 18:02:06.882983+08,01KZRTCK0GTTY7XV47X02X498P
01KZV5Q33X4WSA97DNNJ2ZPEMW,manual submit,01KZRRGW149RPSGBHQY8MZC6NF,01KZRW4877G0YHH3T1F43JMJ4N,,2026-08-23 18:02:06.882983+08,2026-08-23 18:02:06.882983+08,01KZRTCK0HAFXMSMEWT5R0CHVR
01KZV5Q33X1JPT1RQW33W18YFA,mismatch,01KZRRGW142RC6MARTSS19R7GK,01KZRW48770HAGRX3Y72BY1D43,,2026-08-23 18:02:06.882983+08,2026-08-23 18:02:06.882983+08,01KZRTCK0A44FZMVENHF5GD3G1
01KZV5Q33X59WR5QYK38AQ44PW,mismatch,01KZRRGW14200T0G4QVVJEZMW1,01KZRW4877MFF924CSKP3J6WW4,,2026-08-23 18:02:06.882983+08,2026-08-23 18:02:06.882983+08,01KZRTCK0BSET6CHA9K5ZR1ZS2
01KZV5Q33XFZC03W8TGBRAHHVQ,matched,01KZRRGW14JQ7JEW5HBDS8P7VJ,01KZRW4877TQ7065A4RCCYE8SH,,2026-08-23 18:02:06.882983+08,2026-08-23 18:02:06.882983+08,01KZRTCK0BF4T63J8GQR2QBY7T
01KZV5Q33XQRANEQEGBC06ZGR6,manual submit,01KZRRGW14EVYGVAR1F5M4N714,01KZRW48779S7EXPA0TNQWKTA6,,2026-08-23 18:02:06.882983+08,2026-08-23 18:02:06.882983+08,01KZRTCK09GTAK290CQGVCSQ5R
01KZV5Q33XBQRQCHBQZW2X4KEM,manual submit,01KZRRGW14FX4FRK4R4E3MKR5J,01KZRW4877K9M9E39HTSQE6N4Q,,2026-08-23 18:02:06.882983+08,2026-08-23 18:02:06.882983+08,01KZRTCK0BHY01HMXP08JXMT95
01KZV5Q33XW9GQMV4N8NQGH1NV,manual submit,01KZRRGW142XAJ3EN2YJAF1HJB,01KZRW4877B3D0MZHS3AQRJ814,,2026-08-23 18:02:06.882983+08,2026-08-23 18:02:06.882983+08,01KZRTCK0A45DEX0ZMSYNJMXTQ
01KZV5Q33YCFD5W5V12J6VWQXV,mismatch,01KZRRGW14EVYGVAR1F5M4N714,01KZRW4877HTSZDBP5ZKDZNQYA,,2026-08-23 18:02:06.882983+08,2026-08-23 18:02:06.882983+08,01KZRTCK09X089VKFK4JRYAFKB
01KZV5Q33YBGCWD2KPCJ1N3VQV,mismatch,01KZRRGW14RBSVD8GEY7WA5YWC,01KZRW4877JGM1JN0BBQ9YM7WK,,2026-08-23 18:02:06.882983+08,2026-08-23 18:02:06.882983+08,01KZRTCK0B41H9210JW6FV65B1
01KZV5Q33Y9ANAWYHNVV0843TZ,manual submit,01KZRRGW14N9EVMX0Z1ZRJRRAH,01KZRW48779S7EXPA0TNQWKTA6,,2026-08-23 18:02:06.882983+08,2026-08-23 18:02:06.882983+08,01KZRTCK0DM1JX8RH50HRJ81KT
01KZV5Q33Y5VMB439J5476RGRH,manual submit,01KZRRGW14WH1V6PTWDSASC4XK,01KZRW4877T3XV4P4JY2BTWW8J,,2026-08-23 18:02:06.882983+08,2026-08-23 18:02:06.882983+08,01KZRTCK09BZWGKTVZH0NRF6QC
01KZV5Q33YSA31ASJPMTP8RNA5,matched,01KZRRGW146F8C4946XJM2S6EC,01KZRW4877570TMPXQJ6F3CTPG,,2026-08-23 18:02:06.882983+08,2026-08-23 18:02:06.882983+08,01KZRTCK0FDH1RFPKH0QCY6CZV
01KZV5Q33Z0BGBJP1J6G7CH4Y5,mismatch,01KZRRGW14EVYGVAR1F5M4N714,01KZRW4877HQV77AK3B14GNXZ1,,2026-08-23 18:02:06.882983+08,2026-08-23 18:02:06.882983+08,01KZRTCK09BZWGKTVZH0NRF6QC
01KZV5Q33Z260TGBCJV9A06PJJ,matched,01KZRRGW14WSB3JJJKQDEREKF3,01KZRW4877D0MJ7B5AT3RZ0G0Q,,2026-08-23 18:02:06.882983+08,2026-08-23 18:02:06.882983+08,01KZRTCK0GECX5GXYB26W39FQA
01KZV5Q33ZGJRJ8X33949TJYN2,mismatch,01KZRRGW14FX4FRK4R4E3MKR5J,01KZRW4877QESJQX4TK48W4NS1,,2026-08-23 18:02:06.882983+08,2026-08-23 18:02:06.882983+08,01KZRTCK0BF1Y0GG0ZYQDVPGFB
01KZV5Q33ZBPZPEHSCSPBM2TFR,mismatch,01KZRRGW14EVYGVAR1F5M4N714,01KZRW4877JT4P6WNFK8H35SP9,,2026-08-23 18:02:06.882983+08,2026-08-23 18:02:06.882983+08,01KZRTCK08TGC4E5EV7HDR480Q
01KZV5Q33ZT5ARR1KN93H7FC92,mismatch,01KZRRGW14Y65J9N71RS7C99PT,01KZRW4877JGM1JN0BBQ9YM7WK,,2026-08-23 18:02:06.882983+08,2026-08-23 18:02:06.882983+08,01KZRTCK0DW4HP34NDM1GSW6XB
01KZV5Q33ZEZB479VR3NJMRSZ4,manual submit,01KZRRGW14N5VHBCMAJGNJ0GJH,01KZRW4877CATZ1KPW5MYDDBWC,,2026-08-23 18:02:06.882983+08,2026-08-23 18:02:06.882983+08,01KZRTCK0EKXQY6BYA7RZ8H2YS
01KZV5Q33ZZ5K8P267GV2WDV9Z,mismatch,01KZRRGW14PHE1YJB3BS55XR3K,01KZRW4877HVT4X8HFK0HTQ94N,,2026-08-23 18:02:06.882983+08,2026-08-23 18:02:06.882983+08,01KZRTCK09RN2ZJN8C382NNETD
01KZV5Q33Z2THV27H9AN6729DK,matched,01KZRRGW14200T0G4QVVJEZMW1,01KZRW4877FQ91CFKG4PJTR1JJ,,2026-08-23 18:02:06.882983+08,2026-08-23 18:02:06.882983+08,01KZRTCK097QCWJVTY6RGX4PPM
01KZV5Q33ZS297G03MNP7WNY52,manual submit,01KZRRGW14Z2V2BPKDSQ6DKV67,01KZRW4877T3XV4P4JY2BTWW8J,,2026-08-23 18:02:06.882983+08,2026-08-23 18:02:06.882983+08,01KZRTCK0EC0F6RP7DWRWPWP26
01KZV5Q33ZCGVJ1N78J95P2TB7,manual submit,01KZRRGW14FX4FRK4R4E3MKR5J,01KZRW4877JGM1JN0BBQ9YM7WK,,2026-08-23 18:02:06.882983+08,2026-08-23 18:02:06.882983+08,01KZRTCK0943NB0JXF8SXA0YQD
01KZV5Q33ZEV2EYCNX2YZ7A609,matched,01KZRRGW14G35YB41SN7AN85CV,01KZRW4877WE0F7J1HSG76PWQF,,2026-08-23 18:02:06.882983+08,2026-08-23 18:02:06.882983+08,01KZRTCK092Z8HXXBK9XEJ6114
01KZV5Q33ZNQM3E02TRMF893P6,mismatch,01KZRRGW14W9JF1K1J0X6X34N8,01KZRW4877D5ZY6TAERNGTV34K,,2026-08-23 18:02:06.882983+08,2026-08-23 18:02:06.882983+08,01KZRTCK0A2HMZD0JZ0CW7F53C
01KZV5Q340EV04EQXZBVE8FGCN,matched,01KZRRGW14W9JF1K1J0X6X34N8,01KZRW4877570TMPXQJ6F3CTPG,,2026-08-23 18:02:06.882983+08,2026-08-23 18:02:06.882983+08,01KZRTCK0GECX5GXYB26W39FQA
01KZV5Q340HPZNZ3PDY1ADS1TB,mismatch,01KZRRGW14A7VW9HY70W2ZKDCX,01KZRW48779V159SGJGWDHBYTJ,,2026-08-23 18:02:06.882983+08,2026-08-23 18:02:06.882983+08,01KZRTCK0EQYG078R98T48YDRV
01KZV5Q34064PXP9PADCT803F7,manual submit,01KZRRGW14J5MRZ241JHXYMPE5,01KZRW4877RECBHNY9Y9VM9ZRZ,,2026-08-23 18:02:06.882983+08,2026-08-23 18:02:06.882983+08,01KZRTCK0C3RFZAM2KNZW9YWKP
01KZV5Q340MPA5WTRE1XN4JRJF,matched,01KZRRGW14JQ7JEW5HBDS8P7VJ,01KZRW4877HQV77AK3B14GNXZ1,,2026-08-23 18:02:06.882983+08,2026-08-23 18:02:06.882983+08,01KZRTCK0DZNMMA3NPH3PN7HQY
01KZV5Q340EW0EHANK10VNF7KP,manual submit,01KZRRGW14N5VHBCMAJGNJ0GJH,01KZRW4877HVT4X8HFK0HTQ94N,,2026-08-23 18:02:06.882983+08,2026-08-23 18:02:06.882983+08,01KZRTCK0D0T9KQRQB997BVJZY
01KZV5Q340BPDRMNMXBRVAN2CN,matched,01KZRRGW14XPKB44H9B6WS515H,01KZRW48773GHQQ4H8241WY49R,,2026-08-23 18:02:06.882983+08,2026-08-23 18:02:06.882983+08,01KZRTCK0C3RFZAM2KNZW9YWKP
01KZV5Q340N5P4EHR9MJ3N5PNM,matched,01KZRRGW14N9EVMX0Z1ZRJRRAH,01KZRW4877AMSR96T952JSFTS6,,2026-08-23 18:02:06.882983+08,2026-08-23 18:02:06.882983+08,01KZRTCK0A3VPPKPZKRABNG1BR
01KZV5Q34020WY4W1FYD0STPJC,matched,01KZRRGW149RPSGBHQY8MZC6NF,01KZRW4877TQ7065A4RCCYE8SH,,2026-08-23 18:02:06.882983+08,2026-08-23 18:02:06.882983+08,01KZRTCK0G5G9BRJHPATP6GYWG
01KZV5Q340QCJ7NPKZC7Z8YY87,matched,01KZRRGW14N5VHBCMAJGNJ0GJH,01KZRW4877T3XV4P4JY2BTWW8J,,2026-08-23 18:02:06.882983+08,2026-08-23 18:02:06.882983+08,01KZRTCK0DWVYNY10PD9GN36HX
01KZV5Q340BSNTZST6Q538764A,manual submit,01KZRRGW14PHE1YJB3BS55XR3K,01KZRW48777AHPHKJ81KF0SBSV,,2026-08-23 18:02:06.882983+08,2026-08-23 18:02:06.882983+08,01KZRTCK090THH65VT7Z8XH6DP
01KZV5Q340RZCCVZZPHJ90E62E,mismatch,01KZRRGW14N9EVMX0Z1ZRJRRAH,01KZRW4877HTSZDBP5ZKDZNQYA,,2026-08-23 18:02:06.882983+08,2026-08-23 18:02:06.882983+08,01KZRTCK0AZSVPH6AWXV94XHK5
01KZV5Q341YKZCARQJJXQQD50J,manual submit,01KZRRGW14FX4FRK4R4E3MKR5J,01KZRW4877ZVCRK1H9RNQPG5NR,,2026-08-23 18:02:06.882983+08,2026-08-23 18:02:06.882983+08,01KZRTCK09ANXYNGZC4GX394GE
01KZV5Q341BYXYF2AFGW1DCN6G,matched,01KZRRGW14G35YB41SN7AN85CV,01KZRW4877BFP4JMW1E9SHS153,,2026-08-23 18:02:06.882983+08,2026-08-23 18:02:06.882983+08,01KZRTCK0AATZ1RQAC4PNGKS1B
01KZV5Q3413TRDXSB5P2ANM1H8,mismatch,01KZRRGW14XPKB44H9B6WS515H,01KZRW4877V5PZPAVH7Z3DSPSZ,,2026-08-23 18:02:06.882983+08,2026-08-23 18:02:06.882983+08,01KZRTCK0DG4YRTKAHAHZP9WPT
01KZV5Q341GYV23W75MPZMFTP4,matched,01KZRRGW14J5MRZ241JHXYMPE5,01KZRW4877J6H9QTAKXMT8A2FE,,2026-08-23 18:02:06.882983+08,2026-08-23 18:02:06.882983+08,01KZRTCK0FVC3VJ0E64591GMTG
01KZV5Q3416BXD206MYPDY3WXK,mismatch,01KZRRGW14VWS3587600FPGYJJ,01KZRW48773P9B1HDR1BKFG957,,2026-08-23 18:02:06.882983+08,2026-08-23 18:02:06.882983+08,01KZRTCK09QD6MY0D99NWN05J6
01KZV5Q341CCZ1KR4YTZSXYW24,matched,01KZRRGW1448AZYH3Y9E70DS21,01KZRW48779S54N1CEJC2Y3AZY,,2026-08-23 18:02:06.882983+08,2026-08-23 18:02:06.882983+08,01KZRTCK0G3CYD7AB61CH46401
01KZV5Q34103CANC0VGB5Y1H50,mismatch,01KZRRGW147SW8PDR6Z12DT4B9,01KZRW4877A147WBBGMNMTXNA3,,2026-08-23 18:02:06.882983+08,2026-08-23 18:02:06.882983+08,01KZRTCK0DHGS76JR9SHR1XMM9
01KZV5Q341XVDFMF9ZNA1BJQ3D,matched,01KZRRGW14X04WHWJ78QR6J8H3,01KZRW4877FQ91CFKG4PJTR1JJ,,2026-08-23 18:02:06.882983+08,2026-08-23 18:02:06.882983+08,01KZRTCK0CEFPWC56VXBVEG3F5
01KZV5Q34144J7DEMFGK99WEHC,manual submit,01KZRRGW14J5MRZ241JHXYMPE5,01KZRW4877CATZ1KPW5MYDDBWC,,2026-08-23 18:02:06.882983+08,2026-08-23 18:02:06.882983+08,01KZRTCK09PDNGHBTJJF4R0NJ4
01KZV5Q341QPGBVZQX8KHHJEKG,mismatch,01KZRRGW142XAJ3EN2YJAF1HJB,01KZRW48779R4JNZ47ZW2T3PQB,,2026-08-23 18:02:06.882983+08,2026-08-23 18:02:06.882983+08,01KZRTCK0G7M1BJ0VZ2PGQ3WDW
01KZV5Q341DT9SBCXBDMZNM9T0,matched,01KZRRGW14KVWBG89MRPJPJBXC,01KZRW4877570TMPXQJ6F3CTPG,,2026-08-23 18:02:06.882983+08,2026-08-23 18:02:06.882983+08,01KZRTCK0ECFQJR59MSMF8PC1D
01KZV5Q341J16JAPPQTD5A21K1,matched,01KZRRGW140MQ9ZE887EQDG87Z,01KZRW48779S7EXPA0TNQWKTA6,,2026-08-23 18:02:06.882983+08,2026-08-23 18:02:06.882983+08,01KZRTCK09YD8FP0DW9951YF5D
01KZV5Q342GJB698HXCAX0RDD0,manual submit,01KZRRGW14WH1V6PTWDSASC4XK,01KZRW4877BFP4JMW1E9SHS153,,2026-08-23 18:02:06.882983+08,2026-08-23 18:02:06.882983+08,01KZRTCK0A45DEX0ZMSYNJMXTQ
01KZV5Q342J3ACABCZ3NAXRJ90,mismatch,01KZRRGW14WSB3JJJKQDEREKF3,01KZRW48774Y44DVZFJV030K96,,2026-08-23 18:02:06.882983+08,2026-08-23 18:02:06.882983+08,01KZRTCK0ETQ4920B2ZQH3YG5A
01KZV5Q34237W8KJNQ7692F361,mismatch,01KZRRGW14N56M3HGFGXE3FN5T,01KZRW48778X9EQJ3KN65YC121,,2026-08-23 18:02:06.882983+08,2026-08-23 18:02:06.882983+08,01KZRTCK09B4B8ZDEP9N1TJ43D
01KZV5Q342TD6BDHNRM4J7G2YN,manual submit,01KZRRGW14THZB9B34PPHZSFE2,01KZRW4877B9B3MX4SDENM2X4F,,2026-08-23 18:02:06.882983+08,2026-08-23 18:02:06.882983+08,01KZRTCK0CJSAMVNDAWSSM2W7N
01KZV5Q342VKFVPYY818E67MZ9,mismatch,01KZRRGW14N9EVMX0Z1ZRJRRAH,01KZRW48777AHPHKJ81KF0SBSV,,2026-08-23 18:02:06.882983+08,2026-08-23 18:02:06.882983+08,01KZRTCK0AVP8VPXMGC3W7CZ6Y
01KZV5Q343Y3JHKD1Z6BRNSE6R,matched,01KZRRGW14PHE1YJB3BS55XR3K,01KZRW48779V159SGJGWDHBYTJ,,2026-08-23 18:02:06.882983+08,2026-08-23 18:02:06.882983+08,01KZRTCK0DNFAZMJXA3F8RYT0T
01KZV5Q3435HJHRG54NJ3GEQ32,manual submit,01KZRRGW140MQ9ZE887EQDG87Z,01KZRW4877FQ91CFKG4PJTR1JJ,,2026-08-23 18:02:06.882983+08,2026-08-23 18:02:06.882983+08,01KZRTCK0FJ8M3W0GESH0BM6ZH
01KZV5Q3438ZJJCYNPFXGHV59P,manual submit,01KZRRGW14KVWBG89MRPJPJBXC,01KZRW4877BFP4JMW1E9SHS153,,2026-08-23 18:02:06.882983+08,2026-08-23 18:02:06.882983+08,01KZRTCK0GH5FRY3BPX3X0G5H4
01KZV5Q343W0QYHHR7ZH1DXXQM,mismatch,01KZRRGW14N56M3HGFGXE3FN5T,01KZRW4877QYTMJX48NHFYBFCC,,2026-08-23 18:02:06.882983+08,2026-08-23 18:02:06.882983+08,01KZRTCK0DWZM4B0DQG7R9D3N9
01KZV5Q343YPZ141QTG6DJ6S4A,matched,01KZRRGW14MXEWF9HMYNXVS5ER,01KZRW4877R9Q45MFW4A93MM51,,2026-08-23 18:02:06.882983+08,2026-08-23 18:02:06.882983+08,01KZRTCK0EMVB85AZV5QEBKCCC
01KZV5Q343RN3DX91FKM0ZSXDG,manual submit,01KZRRGW140MQ9ZE887EQDG87Z,01KZRW48774Y44DVZFJV030K96,,2026-08-23 18:02:06.882983+08,2026-08-23 18:02:06.882983+08,01KZRTCK0D482CXA7Y539DY2CR
01KZV5Q3437T7234FWW47K3Y50,matched,01KZRRGW14DC1V4DFEXXX74JBW,01KZRW4877VA8TBBCFWH8TVEM7,,2026-08-23 18:02:06.882983+08,2026-08-23 18:02:06.882983+08,01KZRTCK090THH65VT7Z8XH6DP
01KZV5Q344G65MQVQD1554ACWR,mismatch,01KZRRGW14PHE1YJB3BS55XR3K,01KZRW487741KD7GWF4QB79EFH,,2026-08-23 18:02:06.882983+08,2026-08-23 18:02:06.882983+08,01KZRTCK0AYRZ4CDYTEYKR0QRJ
01KZV5Q344KTP4HHXAQ0K3ZTBE,matched,01KZRRGW14PHE1YJB3BS55XR3K,01KZRW4877B9B3MX4SDENM2X4F,,2026-08-23 18:02:06.882983+08,2026-08-23 18:02:06.882983+08,01KZRTCK0GZEHSPCP1MDMWM73K
01KZV5Q34446MMH4H2NFC94YZN,mismatch,01KZRRGW140MQ9ZE887EQDG87Z,01KZRW4877570TMPXQJ6F3CTPG,,2026-08-23 18:02:06.882983+08,2026-08-23 18:02:06.882983+08,01KZRTCK0GF6MN2Q4H2087EGE7
01KZV5Q344J9723HW5XZT48BT9,manual submit,01KZRRGW14G35YB41SN7AN85CV,01KZRW4877Z8TPYQZSPSR7KQ3R,,2026-08-23 18:02:06.882983+08,2026-08-23 18:02:06.882983+08,01KZRTCK0A7WT737XDSA6EBNRS
01KZV5Q3442V03C4NKR5HRCJB9,matched,01KZRRGW14EVYGVAR1F5M4N714,01KZRW4877MFF924CSKP3J6WW4,,2026-08-23 18:02:06.882983+08,2026-08-23 18:02:06.882983+08,01KZRTCK0DNPT31EZ6PG5VME3A
01KZV5Q344BM9B1EMFY9HFJ4PT,mismatch,01KZRRGW149RPSGBHQY8MZC6NF,01KZRW4877DZMG7S8EQEYF7D89,,2026-08-23 18:02:06.882983+08,2026-08-23 18:02:06.882983+08,01KZRTCK0EDT0XBYPGH85KCXEM
01KZV5Q3446267CFH837DFXPBJ,manual submit,01KZRRGW147SW8PDR6Z12DT4B9,01KZRW4877SRMJMM3R17R2QE73,,2026-08-23 18:02:06.882983+08,2026-08-23 18:02:06.882983+08,01KZRTCK0BFTRDQX2FR4HTRD3H
01KZV5Q344QSP9WPW0XZTDAXV6,matched,01KZRRGW143XAZME28X8CPEY8S,01KZRW4877Z8TPYQZSPSR7KQ3R,,2026-08-23 18:02:06.882983+08,2026-08-23 18:02:06.882983+08,01KZRTCK0A44Y2YARYW3522FAB
01KZV5Q344AV1P5QJ9MRMXHEHT,mismatch,01KZRRGW14G35YB41SN7AN85CV,01KZRW4877NYSZZ4VFYZTN4ES1,,2026-08-23 18:02:06.882983+08,2026-08-23 18:02:06.882983+08,01KZRTCK0AZNYAZ33PC4NK8DSZ
01KZV5Q3451M1BYZF1S75TMD4S,matched,01KZRRGW14G35YB41SN7AN85CV,01KZRW4877J6H9QTAKXMT8A2FE,,2026-08-23 18:02:06.882983+08,2026-08-23 18:02:06.882983+08,01KZRTCK0B0F7Q6QQP063MFVZX
01KZV5Q345AGFK3Y0KDBRMJWX7,manual submit,01KZRRGW14EVYGVAR1F5M4N714,01KZRW487701VM9C8JDQAVM50G,,2026-08-23 18:02:06.882983+08,2026-08-23 18:02:06.882983+08,01KZRTCK0GEB47XJX12MSPS38Z
01KZV5Q3453STWPGWQ61YAXAM2,mismatch,01KZRRGW147SW8PDR6Z12DT4B9,01KZRW4877WQZA5NY9SXK8D7Q3,,2026-08-23 18:02:06.882983+08,2026-08-23 18:02:06.882983+08,01KZRTCK09JQWH04W3H525JV6T
01KZV5Q345GM8T7CYV6HJHVDVG,manual submit,01KZRRGW14W9JF1K1J0X6X34N8,01KZRW4877JD5H1HZVRFSFTM98,,2026-08-23 18:02:06.882983+08,2026-08-23 18:02:06.882983+08,01KZRTCK0BR8PGT25N9RA7Z57H
01KZV5Q345S7ZRDNWGT16R61ZG,matched,01KZRRGW14X04WHWJ78QR6J8H3,01KZRW4877A147WBBGMNMTXNA3,,2026-08-23 18:02:06.882983+08,2026-08-23 18:02:06.882983+08,01KZRTCK0CJN9QNFNYBS8QCCQQ
01KZV5Q345AGS6ESB7EN3V1GR5,manual submit,01KZRRGW14PHE1YJB3BS55XR3K,01KZRW4877FZS8TFJN9ZMN5RWV,,2026-08-23 18:02:06.882983+08,2026-08-23 18:02:06.882983+08,01KZRTCK0GZTRVX8XYCCCA2DZX
01KZV5Q345GW2K5AX21WM7VZ2V,manual submit,01KZRRGW14200T0G4QVVJEZMW1,01KZRW48770HAGRX3Y72BY1D43,,2026-08-23 18:02:06.882983+08,2026-08-23 18:02:06.882983+08,01KZRTCK09W7KVC9CQ2DAB6DNM
01KZV5Q345XHM8JBDM5G3PBPCM,manual submit,01KZRRGW143XAZME28X8CPEY8S,01KZRW4877QZNEVFAY7G115HT9,,2026-08-23 18:02:06.882983+08,2026-08-23 18:02:06.882983+08,01KZRTCK0D297Q3S4WAGJ6416V
01KZV5Q345WNRCGF07N4Q9H5GC,mismatch,01KZRRGW14THZB9B34PPHZSFE2,01KZRW4877JD5H1HZVRFSFTM98,,2026-08-23 18:02:06.882983+08,2026-08-23 18:02:06.882983+08,01KZRTCK0EVVRWY5PEG0RV33SH
01KZV5Q345HYSGJNM23S8D40CN,mismatch,01KZRRGW14THZB9B34PPHZSFE2,01KZRW4877HTSZDBP5ZKDZNQYA,,2026-08-23 18:02:06.882983+08,2026-08-23 18:02:06.882983+08,01KZRTCK0C5JG7J9APDB0XR2M3
01KZV5Q345FPXRQ02M1EZ1BSSW,manual submit,01KZRRGW142XAJ3EN2YJAF1HJB,01KZRW48771BV67J8RNDGKP3AK,,2026-08-23 18:02:06.882983+08,2026-08-23 18:02:06.882983+08,01KZRTCK0AG5BJQNAC0933K8XY
01KZV5Q3459GZQNQNX65PW03NN,manual submit,01KZRRGW14DC1V4DFEXXX74JBW,01KZRW48770HAGRX3Y72BY1D43,,2026-08-23 18:02:06.882983+08,2026-08-23 18:02:06.882983+08,01KZRTCK09RV414EJ452P52H7F
01KZV5Q346G1AAWVPK3AVBMG7E,manual submit,01KZRRGW1442K27HM42RTFZG1M,01KZRW48774A2DK7QW4RW8GRQD,,2026-08-23 18:02:06.882983+08,2026-08-23 18:02:06.882983+08,01KZRTCK0BY57280VXS22GTG9F
01KZV5Q346VH6XF1H06G70DG94,manual submit,01KZRRGW143DR9TSRKKQDPRDKM,01KZRW4877G0YHH3T1F43JMJ4N,,2026-08-23 18:02:06.882983+08,2026-08-23 18:02:06.882983+08,01KZRTCK0AMBXW6VP5JCVVFCCV
01KZV5Q346HN8W68GMRFCRNWGV,matched,01KZRRGW14WH1V6PTWDSASC4XK,01KZRW4877Q5X4JA1EXXW4HQ9R,,2026-08-23 18:02:06.882983+08,2026-08-23 18:02:06.882983+08,01KZRTCK09FRW536QKEMFS0YY5
01KZV5Q3466C2PVR50XJJBBR6P,manual submit,01KZRRGW14WSB3JJJKQDEREKF3,01KZRW4877VZEYQPDKKQXF13AV,,2026-08-23 18:02:06.882983+08,2026-08-23 18:02:06.882983+08,01KZRTCK0BXTANP5CFWN1KQ1TC
01KZV5Q346YRNXZARPW8SB5S61,manual submit,01KZRRGW1442K27HM42RTFZG1M,01KZRW48771BV67J8RNDGKP3AK,,2026-08-23 18:02:06.882983+08,2026-08-23 18:02:06.882983+08,01KZRTCK0F9S940845GMF99A81
01KZV5Q346899M5N4SMPYZKK19,mismatch,01KZRRGW14N5VHBCMAJGNJ0GJH,01KZRW48777AHPHKJ81KF0SBSV,,2026-08-23 18:02:06.882983+08,2026-08-23 18:02:06.882983+08,01KZRTCK0D32PQZ49N7W9RYQT0
01KZV5Q3468EW0WTPK44XTH55E,mismatch,01KZRRGW14WSB3JJJKQDEREKF3,01KZRW4877TQ7065A4RCCYE8SH,,2026-08-23 18:02:06.882983+08,2026-08-23 18:02:06.882983+08,01KZRTCK0C1Q8TQK95DKCWBYPE
01KZV5Q3471QZGXF2SFMNE3DG6,matched,01KZRRGW14W9JF1K1J0X6X34N8,01KZRW4877E1K1FVC8Z9DHP6KE,,2026-08-23 18:02:06.882983+08,2026-08-23 18:02:06.882983+08,01KZRTCK089CKZ37H7JGX22K2F
01KZV5Q347P76T6WZMNN4W3KWY,manual submit,01KZRRGW142XAJ3EN2YJAF1HJB,01KZRW4877W4J1M6PJM0QPSR4V,,2026-08-23 18:02:06.882983+08,2026-08-23 18:02:06.882983+08,01KZRTCK0GB6EC5TCGDNRBC08Y
01KZV5Q347F1D1MDHYK5WZ64ME,matched,01KZRRGW14MXEWF9HMYNXVS5ER,01KZRW4877ASYYCMJDQ4ZM72CY,,2026-08-23 18:02:06.882983+08,2026-08-23 18:02:06.882983+08,01KZRTCK0GBKCV3Y4R9FVP6GAD
01KZV5Q347BTKG6V43N7QW11B1,mismatch,01KZRRGW14W9JF1K1J0X6X34N8,01KZRW4877JT4P6WNFK8H35SP9,,2026-08-23 18:02:06.882983+08,2026-08-23 18:02:06.882983+08,01KZRTCK0BR5MJS3BV694767DP
01KZV5Q347BBNTMMQHMRT47DBR,matched,01KZRRGW14JQ7JEW5HBDS8P7VJ,01KZRW4877X5K4QDEQJ8HJV36S,,2026-08-23 18:02:06.882983+08,2026-08-23 18:02:06.882983+08,01KZRTCK09E523A93WX97Q4MZP
01KZV5Q3475A67P9RHHXB458VK,mismatch,01KZRRGW14N56M3HGFGXE3FN5T,01KZRW4877RECBHNY9Y9VM9ZRZ,,2026-08-23 18:02:06.882983+08,2026-08-23 18:02:06.882983+08,01KZRTCK09F7V5CMSXPN9DDNR9
01KZV5Q347SRCAYWDXPHCQTRAN,mismatch,01KZRRGW14KMGR1H2QPNVXB420,01KZRW4877SBDJ1EK7XZMJJQ2W,,2026-08-23 18:02:06.882983+08,2026-08-23 18:02:06.882983+08,01KZRTCK0D46TN323ZXD16NVZG
01KZV5Q347P3X1ZMBNNXRKEJXC,matched,01KZRRGW14PHE1YJB3BS55XR3K,01KZRW4877EFAE21HQ86WYE6X8,,2026-08-23 18:02:06.882983+08,2026-08-23 18:02:06.882983+08,01KZRTCK0GRHWMZAMEW7A6MKB9
01KZV5Q347A9329AC1ZB7KFE9V,mismatch,01KZRRGW14VWS3587600FPGYJJ,01KZRW4877VZEYQPDKKQXF13AV,,2026-08-23 18:02:06.882983+08,2026-08-23 18:02:06.882983+08,01KZRTCK0CJJKTTP3ZYEWWJE3T
01KZV5Q3476MJYJM6T3813MZQ8,manual submit,01KZRRGW142RC6MARTSS19R7GK,01KZRW4877ZVCRK1H9RNQPG5NR,,2026-08-23 18:02:06.882983+08,2026-08-23 18:02:06.882983+08,01KZRTCK0E30Y73HWSR5ZEJQPG
01KZV5Q348P1PQJ0TB9F156ZV1,mismatch,01KZRRGW140MQ9ZE887EQDG87Z,01KZRW4877SRMJMM3R17R2QE73,,2026-08-23 18:02:06.882983+08,2026-08-23 18:02:06.882983+08,01KZRTCK0A1ANBXW4YGZQ3QQDJ
01KZV5Q348X0G8MZYPRMKJ2M3B,mismatch,01KZRRGW14N56M3HGFGXE3FN5T,01KZRW487795H0KSW6AV992VCS,,2026-08-23 18:02:06.882983+08,2026-08-23 18:02:06.882983+08,01KZRTCK0BXTANP5CFWN1KQ1TC
01KZV5Q348AHG0SA76HMG6Y5CQ,matched,01KZRRGW149RPSGBHQY8MZC6NF,01KZRW4877VGS7YRYB4P0A5H4N,,2026-08-23 18:02:06.882983+08,2026-08-23 18:02:06.882983+08,01KZRTCK0A7WT737XDSA6EBNRS
01KZV5Q348VWMMHZP9W6TA6PEH,manual submit,01KZRRGW14A7VW9HY70W2ZKDCX,01KZRW4877ASYYCMJDQ4ZM72CY,,2026-08-23 18:02:06.882983+08,2026-08-23 18:02:06.882983+08,01KZRTCK0D46TN323ZXD16NVZG
01KZV5Q348GH4YPHWCN9NEDK0M,matched,01KZRRGW143DR9TSRKKQDPRDKM,01KZRW4877FQ91CFKG4PJTR1JJ,,2026-08-23 18:02:06.882983+08,2026-08-23 18:02:06.882983+08,01KZRTCK0DQPSDDJD3F93GBEQK
01KZV5Q3482QH42N4B1FPE3S2N,matched,01KZRRGW143DR9TSRKKQDPRDKM,01KZRW4877Z1GGC6GJTVS7J2AP,,2026-08-23 18:02:06.882983+08,2026-08-23 18:02:06.882983+08,01KZRTCK0GSN84H3ZVQABZ5P3N
01KZV5Q3487VBP890D6V0G04QE,matched,01KZRRGW14G35YB41SN7AN85CV,01KZRW487795H0KSW6AV992VCS,,2026-08-23 18:02:06.882983+08,2026-08-23 18:02:06.882983+08,01KZRTCK0C3JYNEF4BW3TPW6DM
01KZV5Q3486FPTR9K3S5HG773H,manual submit,01KZRRGW14KMGR1H2QPNVXB420,01KZRW4877ASYYCMJDQ4ZM72CY,,2026-08-23 18:02:06.882983+08,2026-08-23 18:02:06.882983+08,01KZRTCK0CZE85RQNVBHE8Z0XY
01KZV5Q348Y7M37TW5TJQ5VBM0,manual submit,01KZRRGW14THZB9B34PPHZSFE2,01KZRW48773C4ZFCJ993MWDQBY,,2026-08-23 18:02:06.882983+08,2026-08-23 18:02:06.882983+08,01KZRTCK0AKJEQFFF9P9JCRFKG
01KZV5Q3489YENV20PQW7G1SSR,matched,01KZRRGW1442K27HM42RTFZG1M,01KZRW4877V5PZPAVH7Z3DSPSZ,,2026-08-23 18:02:06.882983+08,2026-08-23 18:02:06.882983+08,01KZRTCK0AZQ145806DSRY8046
01KZV5Q34953V3SCTQ1MKBCNS7,mismatch,01KZRRGW142XAJ3EN2YJAF1HJB,01KZRW4877MED929DRBY96SNBC,,2026-08-23 18:02:06.882983+08,2026-08-23 18:02:06.882983+08,01KZRTCK092Y0KQQ4BKC4GQC07
01KZV5Q349QVT9X03DZFYEBCYJ,manual submit,01KZRRGW142XAJ3EN2YJAF1HJB,01KZRW48771VS10A2E45E408EC,,2026-08-23 18:02:06.882983+08,2026-08-23 18:02:06.882983+08,01KZRTCK0GACTR99655EJD9N5F
01KZV5Q349GXRC9TZTWC0BWNGQ,mismatch,01KZRRGW1442K27HM42RTFZG1M,01KZRW4877XM3HSHJZWNN5DMVE,,2026-08-23 18:02:06.882983+08,2026-08-23 18:02:06.882983+08,01KZRTCK099MKB7C96NRV7XJCA
01KZV5Q349D20HG1WAADPRDYTS,matched,01KZRRGW142XAJ3EN2YJAF1HJB,01KZRW4877CATZ1KPW5MYDDBWC,,2026-08-23 18:02:06.882983+08,2026-08-23 18:02:06.882983+08,01KZRTCK099CJR80GFY52Q88JH
01KZV5Q3493BGNCDQBZCX119CQ,matched,01KZRRGW14J5MRZ241JHXYMPE5,01KZRW4877WQJZ3J1CH35W5XY0,,2026-08-23 18:02:06.882983+08,2026-08-23 18:02:06.882983+08,01KZRTCK0GK2WD07J6C5FAD9Z4
01KZV5Q3498ARXRR33Y7W74BB9,mismatch,01KZRRGW142RC6MARTSS19R7GK,01KZRW48779V159SGJGWDHBYTJ,,2026-08-23 18:02:06.882983+08,2026-08-23 18:02:06.882983+08,01KZRTCK0BHXY95TRN3J0M873S
01KZV5Q34AMDGXHR8XXETG5NG6,mismatch,01KZRRGW14KMGR1H2QPNVXB420,01KZRW48773C4ZFCJ993MWDQBY,,2026-08-23 18:02:06.882983+08,2026-08-23 18:02:06.882983+08,01KZRTCK0DS1NV47TS67N1NJAA
01KZV5Q34APMHJC30QT8H06GH4,matched,01KZRRGW14WSB3JJJKQDEREKF3,01KZRW4877C3T2MSDMNBQ24EB4,,2026-08-23 18:02:06.882983+08,2026-08-23 18:02:06.882983+08,01KZRTCK0EHDJ7ZE2H29SEMP4F
01KZV5Q34AV93MSKPF6WTPDX4Z,manual submit,01KZRRGW14XPKB44H9B6WS515H,01KZRW4877QZNEVFAY7G115HT9,,2026-08-23 18:02:06.882983+08,2026-08-23 18:02:06.882983+08,01KZRTCK0GV68BW06WW51MJ7ZG
01KZV5Q34AYH8DX0FEPEV1JW6F,matched,01KZRRGW14W9JF1K1J0X6X34N8,01KZRW4877WQZA5NY9SXK8D7Q3,,2026-08-23 18:02:06.882983+08,2026-08-23 18:02:06.882983+08,01KZRTCK0993J5VEXTBNE4Z534
01KZV5Q34AT6NDSYGT7WR01Y0K,mismatch,01KZRRGW14N56M3HGFGXE3FN5T,01KZRW4877D9R8T6DSGNC22W4X,,2026-08-23 18:02:06.882983+08,2026-08-23 18:02:06.882983+08,01KZRTCK0CDRG8XRZD44JERMT2
01KZV5Q34AW0FHZ72F69616P6B,mismatch,01KZRRGW147SW8PDR6Z12DT4B9,01KZRW4877GVVZRA6JKSTGEVNK,,2026-08-23 18:02:06.882983+08,2026-08-23 18:02:06.882983+08,01KZRTCK09JDN45Y0CMF0QB4H0
01KZV5Q34AFHY908BG5PJZ0QR2,mismatch,01KZRRGW14EVYGVAR1F5M4N714,01KZRW4877EFAE21HQ86WYE6X8,,2026-08-23 18:02:06.882983+08,2026-08-23 18:02:06.882983+08,01KZRTCK0FWMR5Q3YMJYJDQT77
01KZV5Q34AE88P55CKRQ2MG559,mismatch,01KZRRGW14DC1V4DFEXXX74JBW,01KZRW4877ZVCRK1H9RNQPG5NR,,2026-08-23 18:02:06.882983+08,2026-08-23 18:02:06.882983+08,01KZRTCK0CPQAF5HE4KTKRK71C
01KZV5Q34AMPXJVRTSEB7PNK0C,manual submit,01KZRRGW14THZB9B34PPHZSFE2,01KZRW4877FZ26T405N4WYZMRG,,2026-08-23 18:02:06.882983+08,2026-08-23 18:02:06.882983+08,01KZRTCK0GR8YTS99JD3NT8KWS
01KZV5Q34BT0YRCN1XDD2BTSHB,matched,01KZRRGW142RC6MARTSS19R7GK,01KZRW4877YEX8C3RH16STZ2B2,,2026-08-23 18:02:06.882983+08,2026-08-23 18:02:06.882983+08,01KZRTCK0A5NAWNKVRKEKZZEYK
01KZV5Q34BW859HGB3Y4QWD3MK,manual submit,01KZRRGW14N9EVMX0Z1ZRJRRAH,01KZRW4877TQ3XX3R3NF9TGABV,,2026-08-23 18:02:06.882983+08,2026-08-23 18:02:06.882983+08,01KZRTCK0D72WGVM29FWQD5BXN
01KZV5Q34B1WXRTKTEH79DNCZ5,mismatch,01KZRRGW14K9GDB2KGW0SVFJBM,01KZRW4877C5YNZ203SCBWWZXZ,,2026-08-23 18:02:06.882983+08,2026-08-23 18:02:06.882983+08,01KZRTCK0BR8PGT25N9RA7Z57H
01KZV5Q34BC0P74Q6NBNEJ39AB,mismatch,01KZRRGW14Z2V2BPKDSQ6DKV67,01KZRW4877J6H9QTAKXMT8A2FE,,2026-08-23 18:02:06.882983+08,2026-08-23 18:02:06.882983+08,01KZRTCK0AKDWYJ55NDGVWWMWE
01KZV5Q34B03WD5BRS850ZCFBF,matched,01KZRRGW14XPKB44H9B6WS515H,01KZRW4877X5K4QDEQJ8HJV36S,,2026-08-23 18:02:06.882983+08,2026-08-23 18:02:06.882983+08,01KZRTCK08XCZVMKA20A3SF398
01KZV5Q34BHM2AFYATVQMSAQX7,manual submit,01KZRRGW14FX4FRK4R4E3MKR5J,01KZRW4877DZMG7S8EQEYF7D89,,2026-08-23 18:02:06.882983+08,2026-08-23 18:02:06.882983+08,01KZRTCK0GRHWMZAMEW7A6MKB9
01KZV5Q34C3CA1A8KNS79CGBER,manual submit,01KZRRGW14RBSVD8GEY7WA5YWC,01KZRW4877WE0F7J1HSG76PWQF,,2026-08-23 18:02:06.882983+08,2026-08-23 18:02:06.882983+08,01KZRTCK09VCZA0D7KN8EWXTHA
01KZV5Q34CBE9BRKZKKZB1HY2Y,manual submit,01KZRRGW1448AZYH3Y9E70DS21,01KZRW4877FZ26T405N4WYZMRG,,2026-08-23 18:02:06.882983+08,2026-08-23 18:02:06.882983+08,01KZRTCK0EZ23VHVB0YEESQ8B4
01KZV5Q34CH4DM9J09CB2T5WZT,manual submit,01KZRRGW14Z2V2BPKDSQ6DKV67,01KZRW4877D0MJ7B5AT3RZ0G0Q,,2026-08-23 18:02:06.882983+08,2026-08-23 18:02:06.882983+08,01KZRTCK0BTR5V02F0RSQVJNMQ
01KZV5Q34CWT3E0WHVEVBABNF4,mismatch,01KZRRGW14A7VW9HY70W2ZKDCX,01KZRW4877AMSR96T952JSFTS6,,2026-08-23 18:02:06.882983+08,2026-08-23 18:02:06.882983+08,01KZRTCK0ATZEF3NZGEMKF8JHQ
01KZV5Q34CQSTQKQJ8YMCVKTJP,manual submit,01KZRRGW14W9JF1K1J0X6X34N8,01KZRW4877F027DTG1RSTES089,,2026-08-23 18:02:06.882983+08,2026-08-23 18:02:06.882983+08,01KZRTCK08YCCX02TVJ5CPZ9D1
01KZV5Q34CMV2K9FK7NAPF57X4,matched,01KZRRGW14KVWBG89MRPJPJBXC,01KZRW48771BV67J8RNDGKP3AK,,2026-08-23 18:02:06.882983+08,2026-08-23 18:02:06.882983+08,01KZRTCK0DPG79BQCJ03YESKH6
01KZV5Q34DV22EZB1VZ7R7K0CD,manual submit,01KZRRGW14FX4FRK4R4E3MKR5J,01KZRW4877TQ7065A4RCCYE8SH,,2026-08-23 18:02:06.882983+08,2026-08-23 18:02:06.882983+08,01KZRTCK0H1AMFMFNJG8Y13SG6
01KZV5Q34DKPZ78JVY4DZP7TJ8,manual submit,01KZRRGW147SW8PDR6Z12DT4B9,01KZRW4877BFP4JMW1E9SHS153,,2026-08-23 18:02:06.882983+08,2026-08-23 18:02:06.882983+08,01KZRTCK092GFH21QZEA4STMT4
01KZV5Q34DJ7AR9VZGRR8RMF69,manual submit,01KZRRGW14J5MRZ241JHXYMPE5,01KZRW4877C3T2MSDMNBQ24EB4,,2026-08-23 18:02:06.882983+08,2026-08-23 18:02:06.882983+08,01KZRTCK0EMBB4M9QMX4B1TQBT
01KZV5Q34DAPTQFDHRVP1CG6KT,matched,01KZRRGW14EVYGVAR1F5M4N714,01KZRW48771VS10A2E45E408EC,,2026-08-23 18:02:06.882983+08,2026-08-23 18:02:06.882983+08,01KZRTCK09AXGRFPA5QGV2J60H
01KZV5Q34EQ17K1R9KPA064VSB,matched,01KZRRGW1442K27HM42RTFZG1M,01KZRW4877EFAE21HQ86WYE6X8,,2026-08-23 18:02:06.882983+08,2026-08-23 18:02:06.882983+08,01KZRTCK0CERPWPNNS9HF1W2NC
01KZV5Q34E42GGMR36YAR1WQXH,matched,01KZRRGW146F8C4946XJM2S6EC,01KZRW4877JT4P6WNFK8H35SP9,,2026-08-23 18:02:06.882983+08,2026-08-23 18:02:06.882983+08,01KZRTCK09XJDC0Y807HCN4YDR
01KZV5Q34EBR5Q02V7Y9R087TT,manual submit,01KZRRGW14KVWBG89MRPJPJBXC,01KZRW48778X9EQJ3KN65YC121,,2026-08-23 18:02:06.882983+08,2026-08-23 18:02:06.882983+08,01KZRTCK0G5HE6VCYV7JZD8CEM
01KZV5Q34EGVFGJBDSXYEP41KN,matched,01KZRRGW14N56M3HGFGXE3FN5T,01KZRW4877K9M9E39HTSQE6N4Q,,2026-08-23 18:02:06.882983+08,2026-08-23 18:02:06.882983+08,01KZRTCK0BQ23AV4Z8BRZR87F6
01KZV5Q34EBV13K8D6TN6V00P5,matched,01KZRRGW14A7VW9HY70W2ZKDCX,01KZRW4877YEX8C3RH16STZ2B2,,2026-08-23 18:02:06.882983+08,2026-08-23 18:02:06.882983+08,01KZRTCK0ECFQJR59MSMF8PC1D
01KZV5Q34E6Z1VQ0SREEZ6MCFH,matched,01KZRRGW14KVWBG89MRPJPJBXC,01KZRW4877JD5H1HZVRFSFTM98,,2026-08-23 18:02:06.882983+08,2026-08-23 18:02:06.882983+08,01KZRTCK0H7AY41EGX8AM303VG
01KZV5Q34EWQG0G7SFV3YB03CE,matched,01KZRRGW14MXEWF9HMYNXVS5ER,01KZRW48774Y44DVZFJV030K96,,2026-08-23 18:02:06.882983+08,2026-08-23 18:02:06.882983+08,01KZRTCK09KZW2JGK46PGZ43AJ
01KZV5Q34E2TSFA1TEYAQTDKCJ,manual submit,01KZRRGW14G35YB41SN7AN85CV,01KZRW4877WQJZ3J1CH35W5XY0,,2026-08-23 18:02:06.882983+08,2026-08-23 18:02:06.882983+08,01KZRTCK0F28JC5P9ZXTNGM8ET
01KZV5Q34F42XA5NH7BT93YEH5,matched,01KZRRGW143DR9TSRKKQDPRDKM,01KZRW48771VS10A2E45E408EC,,2026-08-23 18:02:06.882983+08,2026-08-23 18:02:06.882983+08,01KZRTCK0GD5V4YWBRRWTGYKM0
01KZV5Q34FJG7RVF4E73EZE9A9,mismatch,01KZRRGW14Y65J9N71RS7C99PT,01KZRW4877G0YHH3T1F43JMJ4N,,2026-08-23 18:02:06.882983+08,2026-08-23 18:02:06.882983+08,01KZRTCK0AA2DXDM79PMFP8ZWF
01KZV5Q34FXCC1BZ820VXNYPAF,manual submit,01KZRRGW14G35YB41SN7AN85CV,01KZRW48778GNNZ5BFJZ0VXNNN,,2026-08-23 18:02:06.882983+08,2026-08-23 18:02:06.882983+08,01KZRTCK0GYFPA9W58CFPCRRPN
01KZV5Q34FTYMYCA7KBVJJPJ64,manual submit,01KZRRGW14VWS3587600FPGYJJ,01KZRW4877FQ91CFKG4PJTR1JJ,,2026-08-23 18:02:06.882983+08,2026-08-23 18:02:06.882983+08,01KZRTCK09GTAK290CQGVCSQ5R
01KZV5Q34FBSD3SS0F7P5CJMK4,matched,01KZRRGW14FX4FRK4R4E3MKR5J,01KZRW4877C5YNZ203SCBWWZXZ,,2026-08-23 18:02:06.882983+08,2026-08-23 18:02:06.882983+08,01KZRTCK0GH2W5DXZHC14YE730
01KZV5Q34F3AFJ0NTKKSCTCZY1,matched,01KZRRGW1442K27HM42RTFZG1M,01KZRW4877570TMPXQJ6F3CTPG,,2026-08-23 18:02:06.882983+08,2026-08-23 18:02:06.882983+08,01KZRTCK09DC6GTXZ401A5Y6XR
01KZV5Q34FPYYYC96X2BWXMQE6,mismatch,01KZRRGW14RBSVD8GEY7WA5YWC,01KZRW4877JGM1JN0BBQ9YM7WK,,2026-08-23 18:02:06.882983+08,2026-08-23 18:02:06.882983+08,01KZRTCK0D5J97CWNXM3WBPASH
01KZV5Q34F49GNT96EVK7M4AM2,manual submit,01KZRRGW143XAZME28X8CPEY8S,01KZRW4877V0J57H3JPGGS28WZ,,2026-08-23 18:02:06.882983+08,2026-08-23 18:02:06.882983+08,01KZRTCK0GACTR99655EJD9N5F
01KZV5Q34F8ZAC0CW7D89NK67V,manual submit,01KZRRGW14XPKB44H9B6WS515H,01KZRW4877T3KKF85T8W2FJ0J5,,2026-08-23 18:02:06.882983+08,2026-08-23 18:02:06.882983+08,01KZRTCK0AS8CYHG8HQET13XNF
01KZV5Q34G7WNTRJ8S82BWPRNG,mismatch,01KZRRGW14EVYGVAR1F5M4N714,01KZRW48771BV67J8RNDGKP3AK,,2026-08-23 18:02:06.882983+08,2026-08-23 18:02:06.882983+08,01KZRTCK0C3SKRYQJ09WEW22MT
01KZV5Q34G1A4FADGMG4FKPZ0B,matched,01KZRRGW14A7VW9HY70W2ZKDCX,01KZRW4877HTTETZMDFBTY9TG8,,2026-08-23 18:02:06.882983+08,2026-08-23 18:02:06.882983+08,01KZRTCK0BK52E4PK2WTAAPHC5
01KZV5Q34GJ5X4A910PJ4G8KWD,matched,01KZRRGW14SVP3PKMRRXC2J621,01KZRW4877QYTMJX48NHFYBFCC,,2026-08-23 18:02:06.882983+08,2026-08-23 18:02:06.882983+08,01KZRTCK0CT4WZDZ6DY2SXT7P1
01KZV5Q34GRN5V336V1KMD5V62,mismatch,01KZRRGW14Y65J9N71RS7C99PT,01KZRW4877J6H9QTAKXMT8A2FE,,2026-08-23 18:02:06.882983+08,2026-08-23 18:02:06.882983+08,01KZRTCK0AP6XBYVEZ6Q6903JJ
01KZV5Q34GKCWWVJEQ8WSE0NQM,matched,01KZRRGW14Z2V2BPKDSQ6DKV67,01KZRW4877V0J57H3JPGGS28WZ,,2026-08-23 18:02:06.882983+08,2026-08-23 18:02:06.882983+08,01KZRTCK0EC0F6RP7DWRWPWP26
01KZV5Q34G7QQ7XPMJPYADW9NC,manual submit,01KZRRGW142XAJ3EN2YJAF1HJB,01KZRW4877EFAE21HQ86WYE6X8,,2026-08-23 18:02:06.882983+08,2026-08-23 18:02:06.882983+08,01KZRTCK0A16DDSH2VE5D97XWZ
01KZV5Q34G1Z62BD0NHXEPT8JE,matched,01KZRRGW14A7VW9HY70W2ZKDCX,01KZRW4877ZVCRK1H9RNQPG5NR,,2026-08-23 18:02:06.882983+08,2026-08-23 18:02:06.882983+08,01KZRTCK0GE8DXEHHPTCWPZAK0
01KZV5Q34G2MY9QFWF5BXDSFFT,matched,01KZRRGW149RPSGBHQY8MZC6NF,01KZRW48771BV67J8RNDGKP3AK,,2026-08-23 18:02:06.882983+08,2026-08-23 18:02:06.882983+08,01KZRTCK0974WJCDKCAW8PZZH8
01KZV5Q34GE14E43CBJTSG7DJR,manual submit,01KZRRGW14K9GDB2KGW0SVFJBM,01KZRW4877VA8TBBCFWH8TVEM7,,2026-08-23 18:02:06.882983+08,2026-08-23 18:02:06.882983+08,01KZRTCK09RQH9MK8ZM5P1G0FN
01KZV5Q34G2N0A2FG6J7N3AS3H,mismatch,01KZRRGW1448AZYH3Y9E70DS21,01KZRW4877JGM1JN0BBQ9YM7WK,,2026-08-23 18:02:06.882983+08,2026-08-23 18:02:06.882983+08,01KZRTCK0CPQAF5HE4KTKRK71C
01KZV5Q34HDT9RPVFRQRFDXN57,mismatch,01KZRRGW143XAZME28X8CPEY8S,01KZRW4877Z8TPYQZSPSR7KQ3R,,2026-08-23 18:02:06.882983+08,2026-08-23 18:02:06.882983+08,01KZRTCK09KQGQMP082VDRRAR8
01KZV5Q34HVPBKKFER9TTHBNKY,mismatch,01KZRRGW14W9JF1K1J0X6X34N8,01KZRW4877AZR5K32Y5PAGXHRC,,2026-08-23 18:02:06.882983+08,2026-08-23 18:02:06.882983+08,01KZRTCK0BBEDMSEST18JE5HAY
01KZV5Q34HYFXDVWANPMAKNKZ1,matched,01KZRRGW14FX4FRK4R4E3MKR5J,01KZRW4877HQV77AK3B14GNXZ1,,2026-08-23 18:02:06.882983+08,2026-08-23 18:02:06.882983+08,01KZRTCK0A1E4N20HXBGV80RQ6
01KZV5Q34HRHKE2C22G5B3SFG4,matched,01KZRRGW14X04WHWJ78QR6J8H3,01KZRW48773C4ZFCJ993MWDQBY,,2026-08-23 18:02:06.882983+08,2026-08-23 18:02:06.882983+08,01KZRTCK0DWTT3AWFEEXSKWSPX
01KZV5Q34J3P91E8A05YHSWTAY,mismatch,01KZRRGW14A7VW9HY70W2ZKDCX,01KZRW4877B4VKB2E5TT4BWFP8,,2026-08-23 18:02:06.882983+08,2026-08-23 18:02:06.882983+08,01KZRTCK0F24TJWQV1GWZNV4QE
01KZV5Q34JC4ME9SJQYY0TKCSY,manual submit,01KZRRGW143DR9TSRKKQDPRDKM,01KZRW48773GHQQ4H8241WY49R,,2026-08-23 18:02:06.882983+08,2026-08-23 18:02:06.882983+08,01KZRTCK0A1TMHYNW0SDYF5SBV
01KZV5Q34JBDG4XZFJAFFXQ0JT,mismatch,01KZRRGW14RBSVD8GEY7WA5YWC,01KZRW4877C5YNZ203SCBWWZXZ,,2026-08-23 18:02:06.882983+08,2026-08-23 18:02:06.882983+08,01KZRTCK0C37GD576RTY4K5X1M
01KZV5Q34JTXR1WP24S97B8AAZ,mismatch,01KZRRGW14W9JF1K1J0X6X34N8,01KZRW48773TK4Y7T9N1T5N0JM,,2026-08-23 18:02:06.882983+08,2026-08-23 18:02:06.882983+08,01KZRTCK09JDN45Y0CMF0QB4H0
01KZV5Q34JSYFJ0H7WCBDEXND5,matched,01KZRRGW146F8C4946XJM2S6EC,01KZRW4877MED929DRBY96SNBC,,2026-08-23 18:02:06.882983+08,2026-08-23 18:02:06.882983+08,01KZRTCK0GYXQ8JHT60N2EMR7A
01KZV5Q34JPBYG591SZCXYX0FG,matched,01KZRRGW14VWS3587600FPGYJJ,01KZRW4877HQV77AK3B14GNXZ1,,2026-08-23 18:02:06.882983+08,2026-08-23 18:02:06.882983+08,01KZRTCK0FPAMHS7P4ME58ACZC
01KZV5Q34J1C4C0PQHPASH0VA2,manual submit,01KZRRGW147SW8PDR6Z12DT4B9,01KZRW4877HTTETZMDFBTY9TG8,,2026-08-23 18:02:06.882983+08,2026-08-23 18:02:06.882983+08,01KZRTCK0A3KJGBGWMS8Y0S0K6
01KZV5Q34JKZAMQ3QNJ9YAT71K,manual submit,01KZRRGW14PHE1YJB3BS55XR3K,01KZRW4877WQJZ3J1CH35W5XY0,,2026-08-23 18:02:06.882983+08,2026-08-23 18:02:06.882983+08,01KZRTCK0GCK45TR5APBAVBJZG
01KZV5Q34JKA061Q5294R5BA3Q,mismatch,01KZRRGW14W9JF1K1J0X6X34N8,01KZRW4877B3D0MZHS3AQRJ814,,2026-08-23 18:02:06.882983+08,2026-08-23 18:02:06.882983+08,01KZRTCK09W26XFV3SB29T7ZQF
01KZV5Q34KTK5XZ9GQYWZQ4A3G,mismatch,01KZRRGW14N9EVMX0Z1ZRJRRAH,01KZRW4877A147WBBGMNMTXNA3,,2026-08-23 18:02:06.882983+08,2026-08-23 18:02:06.882983+08,01KZRTCK09NJGGJ11079F287G0
01KZV5Q34KVEVQPKQXCXKHB6KW,manual submit,01KZRRGW14KMGR1H2QPNVXB420,01KZRW4877D9R8T6DSGNC22W4X,,2026-08-23 18:02:06.882983+08,2026-08-23 18:02:06.882983+08,01KZRTCK0BE5M1MEWH7ZE672PZ
01KZV5Q34K13D5ZXC9VMST2SRY,manual submit,01KZRRGW14VWS3587600FPGYJJ,01KZRW4877QYTMJX48NHFYBFCC,,2026-08-23 18:02:06.882983+08,2026-08-23 18:02:06.882983+08,01KZRTCK0GP87SNNJYJNB2TJVE
01KZV5Q34KTEA2XEFSQHKKY1KW,manual submit,01KZRRGW1448AZYH3Y9E70DS21,01KZRW48773GHQQ4H8241WY49R,,2026-08-23 18:02:06.882983+08,2026-08-23 18:02:06.882983+08,01KZRTCK0DHJQ0BH909V6C9ZWP
01KZV5Q34K98JN5D3KVD071XG1,manual submit,01KZRRGW14A7VW9HY70W2ZKDCX,01KZRW4877ASYYCMJDQ4ZM72CY,,2026-08-23 18:02:06.882983+08,2026-08-23 18:02:06.882983+08,01KZRTCK0CE0MDAXRX80M7TQKH
01KZV5Q34K0ZFCFJE4Y5JJZ1EN,matched,01KZRRGW14N9EVMX0Z1ZRJRRAH,01KZRW4877B9B3MX4SDENM2X4F,,2026-08-23 18:02:06.882983+08,2026-08-23 18:02:06.882983+08,01KZRTCK09F3N1M25RNM29Y3P9
01KZV5Q34KKM39EY1SNHQ53N76,mismatch,01KZRRGW14JQ7JEW5HBDS8P7VJ,01KZRW48778X9EQJ3KN65YC121,,2026-08-23 18:02:06.882983+08,2026-08-23 18:02:06.882983+08,01KZRTCK09VCZA0D7KN8EWXTHA
01KZV5Q34KG0WT41NKE3XF3W32,matched,01KZRRGW1448AZYH3Y9E70DS21,01KZRW4877ZVCRK1H9RNQPG5NR,,2026-08-23 18:02:06.882983+08,2026-08-23 18:02:06.882983+08,01KZRTCK0DVXZ4F6KMNH5QPXNW
01KZV5Q34K13VC65FE690PNB09,manual submit,01KZRRGW14Y65J9N71RS7C99PT,01KZRW4877G0YHH3T1F43JMJ4N,,2026-08-23 18:02:06.882983+08,2026-08-23 18:02:06.882983+08,01KZRTCK09ESDK10APXQA6PMR6
01KZV5Q34MDZZZDVBZV8NFZJHA,manual submit,01KZRRGW143XAZME28X8CPEY8S,01KZRW48778GNNZ5BFJZ0VXNNN,,2026-08-23 18:02:06.882983+08,2026-08-23 18:02:06.882983+08,01KZRTCK0A58RXWWQ4YYNS7HDB
01KZV5Q34M1R65Y76Z26WHZCDH,mismatch,01KZRRGW14A7VW9HY70W2ZKDCX,01KZRW4877B3D0MZHS3AQRJ814,,2026-08-23 18:02:06.882983+08,2026-08-23 18:02:06.882983+08,01KZRTCK0GNVQMA3VNACGDPH85
01KZV5Q34MYTJ7Q9YZK6PW46T4,manual submit,01KZRRGW14VWS3587600FPGYJJ,01KZRW4877SVSEW2MKDM1JJJMY,,2026-08-23 18:02:06.882983+08,2026-08-23 18:02:06.882983+08,01KZRTCK0951G3HTJP47FXJXFY
01KZV5Q34NGSNTJ6TZ6YGHRWE3,manual submit,01KZRRGW14A7VW9HY70W2ZKDCX,01KZRW4877SVSEW2MKDM1JJJMY,,2026-08-23 18:02:06.882983+08,2026-08-23 18:02:06.882983+08,01KZRTCK0CC0HGPX4D3KT1ED57
01KZV5Q34N8FF46C77DS1FJHW3,manual submit,01KZRRGW14XPKB44H9B6WS515H,01KZRW4877HTTETZMDFBTY9TG8,,2026-08-23 18:02:06.882983+08,2026-08-23 18:02:06.882983+08,01KZRTCK09X9P4EEX8HTCE1ZVR
01KZV5Q34NVASKZ3YNG8GGQ1E7,manual submit,01KZRRGW14X04WHWJ78QR6J8H3,01KZRW4877T3XV4P4JY2BTWW8J,,2026-08-23 18:02:06.882983+08,2026-08-23 18:02:06.882983+08,01KZRTCK0GVB6CNFF1YFJ6K1BS
01KZV5Q34N7A4MPS7XHN10RRTK,mismatch,01KZRRGW149RPSGBHQY8MZC6NF,01KZRW4877JT4P6WNFK8H35SP9,,2026-08-23 18:02:06.882983+08,2026-08-23 18:02:06.882983+08,01KZRTCK0EVNVAQ0Q07JR3DVCE
01KZV5Q34NKYR7XRZGB2JGGST1,mismatch,01KZRRGW142XAJ3EN2YJAF1HJB,01KZRW4877J6H9QTAKXMT8A2FE,,2026-08-23 18:02:06.882983+08,2026-08-23 18:02:06.882983+08,01KZRTCK0GRBQN52ABNGERXANB
01KZV5Q34N30CWMAH3TDAXBE3C,mismatch,01KZRRGW14SVP3PKMRRXC2J621,01KZRW4877RECBHNY9Y9VM9ZRZ,,2026-08-23 18:02:06.882983+08,2026-08-23 18:02:06.882983+08,01KZRTCK0EXRE3AH897P6FDZT6
01KZV5Q34NZJEB3KKJ9EPNRC4R,mismatch,01KZRRGW14X04WHWJ78QR6J8H3,01KZRW4877NYSZZ4VFYZTN4ES1,,2026-08-23 18:02:06.882983+08,2026-08-23 18:02:06.882983+08,01KZRTCK0DS1NV47TS67N1NJAA
01KZV5Q34PD18EZV47MVY5Z3HT,manual submit,01KZRRGW14WSB3JJJKQDEREKF3,01KZRW4877WQJZ3J1CH35W5XY0,,2026-08-23 18:02:06.882983+08,2026-08-23 18:02:06.882983+08,01KZRTCK0GSP9FCHCEMA10PWE5
01KZV5Q34P4AHH6T5139AD54C4,mismatch,01KZRRGW14J5MRZ241JHXYMPE5,01KZRW4877HTSZDBP5ZKDZNQYA,,2026-08-23 18:02:06.882983+08,2026-08-23 18:02:06.882983+08,01KZRTCK0B687DX075E6H575Y9
01KZV5Q34PS81AJQ0V4CFZ0AD7,matched,01KZRRGW14K9GDB2KGW0SVFJBM,01KZRW4877YEX8C3RH16STZ2B2,,2026-08-23 18:02:06.882983+08,2026-08-23 18:02:06.882983+08,01KZRTCK0A11VGE873PA7ARCAK
01KZV5Q34P1V7H2EE0N1EZ89R9,manual submit,01KZRRGW14DC1V4DFEXXX74JBW,01KZRW48774Y44DVZFJV030K96,,2026-08-23 18:02:06.882983+08,2026-08-23 18:02:06.882983+08,01KZRTCK0B1VC1WQ9736DHJWBG
01KZV5Q34PNHASW1QT5G83VASS,mismatch,01KZRRGW14A7VW9HY70W2ZKDCX,01KZRW4877QESJQX4TK48W4NS1,,2026-08-23 18:02:06.882983+08,2026-08-23 18:02:06.882983+08,01KZRTCK0D7RK1NEST6ZZ5A5H7
01KZV5Q34Q8KKR3QQY700FPBNW,manual submit,01KZRRGW14EVYGVAR1F5M4N714,01KZRW4877C5YNZ203SCBWWZXZ,,2026-08-23 18:02:06.882983+08,2026-08-23 18:02:06.882983+08,01KZRTCK0BRXV68K49S2MS0Z3X
01KZV5Q34Q5P4W5XK8JQ5101Z1,matched,01KZRRGW14THZB9B34PPHZSFE2,01KZRW48777JDTMGDM6JZY87AF,,2026-08-23 18:02:06.882983+08,2026-08-23 18:02:06.882983+08,01KZRTCK0DNFAZMJXA3F8RYT0T
01KZV5Q34QTKNKBRDG08VFRH3H,matched,01KZRRGW14KVWBG89MRPJPJBXC,01KZRW4877MFF924CSKP3J6WW4,,2026-08-23 18:02:06.882983+08,2026-08-23 18:02:06.882983+08,01KZRTCK0CSRW951PBQ0CMYFCC
01KZV5Q34QG8TDKQEYH8F3P695,mismatch,01KZRRGW143DR9TSRKKQDPRDKM,01KZRW48773GHQQ4H8241WY49R,,2026-08-23 18:02:06.882983+08,2026-08-23 18:02:06.882983+08,01KZRTCK08K0YBZJE755VD6F8C
01KZV5Q34Q97AP9TRNZ36BQ9ER,mismatch,01KZRRGW14PHE1YJB3BS55XR3K,01KZRW48778X9EQJ3KN65YC121,,2026-08-23 18:02:06.882983+08,2026-08-23 18:02:06.882983+08,01KZRTCK09DHFCMHQNJX94Z9BG
01KZV5Q34R2QBPB4DX2YTQCAP5,matched,01KZRRGW146F8C4946XJM2S6EC,01KZRW4877S7NXK01W1S3HFM9Z,,2026-08-23 18:02:06.882983+08,2026-08-23 18:02:06.882983+08,01KZRTCK0G6M767BDHBVVSSQBC
01KZV5Q34RV04D6RKXMQSM7DTV,mismatch,01KZRRGW14MXEWF9HMYNXVS5ER,01KZRW4877YEX8C3RH16STZ2B2,,2026-08-23 18:02:06.882983+08,2026-08-23 18:02:06.882983+08,01KZRTCK09P0K1KPC14MPTPA75
01KZV5Q34RXFG6SA25BCWEFT6C,mismatch,01KZRRGW14FX4FRK4R4E3MKR5J,01KZRW4877K9M9E39HTSQE6N4Q,,2026-08-23 18:02:06.882983+08,2026-08-23 18:02:06.882983+08,01KZRTCK0D2SY3YNCZXZEKZZ5M
01KZV5Q34RC1JA3Q98WKQP9YWT,matched,01KZRRGW14Z2V2BPKDSQ6DKV67,01KZRW4877VZEYQPDKKQXF13AV,,2026-08-23 18:02:06.882983+08,2026-08-23 18:02:06.882983+08,01KZRTCK0BJQMP8F8F3AB15H7Y
01KZV5Q34R5731N3PTW60RJ87C,manual submit,01KZRRGW14N56M3HGFGXE3FN5T,01KZRW4877AMSR96T952JSFTS6,,2026-08-23 18:02:06.882983+08,2026-08-23 18:02:06.882983+08,01KZRTCK0CZE85RQNVBHE8Z0XY
01KZV5Q34SWN8CFHN1KN6135BY,matched,01KZRRGW143XAZME28X8CPEY8S,01KZRW48778X9EQJ3KN65YC121,,2026-08-23 18:02:06.882983+08,2026-08-23 18:02:06.882983+08,01KZRTCK0E8H9XZ6XM3NQG8FD3
01KZV5Q34SWW49901Z3CRZYSXK,manual submit,01KZRRGW142RC6MARTSS19R7GK,01KZRW4877H6020WSQ0GV9YAQ5,,2026-08-23 18:02:06.882983+08,2026-08-23 18:02:06.882983+08,01KZRTCK0DTVAJG1H0X10YA349
01KZV5Q34SPWY3578T5N1M37BR,mismatch,01KZRRGW1442K27HM42RTFZG1M,01KZRW4877Z1GGC6GJTVS7J2AP,,2026-08-23 18:02:06.882983+08,2026-08-23 18:02:06.882983+08,01KZRTCK0CYJPG6EQ6FC3TXRFE
01KZV5Q34SQB2T2N9AHB5Q73Y8,matched,01KZRRGW14WH1V6PTWDSASC4XK,01KZRW4877T3XV4P4JY2BTWW8J,,2026-08-23 18:02:06.882983+08,2026-08-23 18:02:06.882983+08,01KZRTCK0AXEK1DFEBESVMVJ5D
01KZV5Q34SB8VZHJQABRFPHKWC,mismatch,01KZRRGW14W9JF1K1J0X6X34N8,01KZRW4877X5K4QDEQJ8HJV36S,,2026-08-23 18:02:06.882983+08,2026-08-23 18:02:06.882983+08,01KZRTCK0DM6SNKM4FHTNKPBK1
01KZV5Q34S48BV9WK15ASPG2BX,mismatch,01KZRRGW14KVWBG89MRPJPJBXC,01KZRW4877YEX8C3RH16STZ2B2,,2026-08-23 18:02:06.882983+08,2026-08-23 18:02:06.882983+08,01KZRTCK0GQJWAY0ESAJKNZ4SY
01KZV5Q34SRQ4YKV8M4WCV3PW0,manual submit,01KZRRGW14KBMMYGKVHMX9RQD8,01KZRW4877HQV77AK3B14GNXZ1,,2026-08-23 18:02:06.882983+08,2026-08-23 18:02:06.882983+08,01KZRTCK09B34GZGK8BGS6MFTV
01KZV5Q34S6B3V12EZ5DD507E9,matched,01KZRRGW14X04WHWJ78QR6J8H3,01KZRW48770HAGRX3Y72BY1D43,,2026-08-23 18:02:06.882983+08,2026-08-23 18:02:06.882983+08,01KZRTCK0AA8ZRQ0J117HRK5ET
01KZV5Q34TWCWXH7C7R0NSH95R,manual submit,01KZRRGW149RPSGBHQY8MZC6NF,01KZRW4877R9Q45MFW4A93MM51,,2026-08-23 18:02:06.882983+08,2026-08-23 18:02:06.882983+08,01KZRTCK0CE8YZEH2Z6BFSF3GD
01KZV5Q34TW434R6PDQS5JMQ4X,manual submit,01KZRRGW14N56M3HGFGXE3FN5T,01KZRW48773P9B1HDR1BKFG957,,2026-08-23 18:02:06.882983+08,2026-08-23 18:02:06.882983+08,01KZRTCK08XCZVMKA20A3SF398
01KZV5Q34T8M9N50HBDTAABA0X,matched,01KZRRGW14N56M3HGFGXE3FN5T,01KZRW48777AHPHKJ81KF0SBSV,,2026-08-23 18:02:06.882983+08,2026-08-23 18:02:06.882983+08,01KZRTCK0C1ZAZXVFRE6P7XM5B
01KZV5Q34TX31N0KNM2YRVBRV5,matched,01KZRRGW14PHE1YJB3BS55XR3K,01KZRW4877FZS8TFJN9ZMN5RWV,,2026-08-23 18:02:06.882983+08,2026-08-23 18:02:06.882983+08,01KZRTCK0GP87SNNJYJNB2TJVE
01KZV5Q34T10GCP5PQXD3APFVE,mismatch,01KZRRGW14XPKB44H9B6WS515H,01KZRW4877ASYYCMJDQ4ZM72CY,,2026-08-23 18:02:06.882983+08,2026-08-23 18:02:06.882983+08,01KZRTCK0B4J4KQ6EP4C5JPKX6
01KZV5Q34TBBFP8JA4RZ21X25W,matched,01KZRRGW147SW8PDR6Z12DT4B9,01KZRW4877MFF924CSKP3J6WW4,,2026-08-23 18:02:06.882983+08,2026-08-23 18:02:06.882983+08,01KZRTCK0G6RGN1YY6Q8475GAQ
01KZV5Q34VM6263MD3Q0VVMNG6,mismatch,01KZRRGW14SVP3PKMRRXC2J621,01KZRW4877VGS7YRYB4P0A5H4N,,2026-08-23 18:02:06.882983+08,2026-08-23 18:02:06.882983+08,01KZRTCK0GGBW2NFJNG1SS74PF
01KZV5Q34VC1NQ7VM20MGVA6FN,manual submit,01KZRRGW1442K27HM42RTFZG1M,01KZRW4877SRMJMM3R17R2QE73,,2026-08-23 18:02:06.882983+08,2026-08-23 18:02:06.882983+08,01KZRTCK0B8BD3DNPP8XPWX2NK
01KZV5Q34VVS97YFQ3TDSYK8FE,manual submit,01KZRRGW14J5MRZ241JHXYMPE5,01KZRW48779CWAQ752ZGCV7AN3,,2026-08-23 18:02:06.882983+08,2026-08-23 18:02:06.882983+08,01KZRTCK0EZN1H0MRK6J3G7SAM
01KZV5Q34VAZ35H77151712YB0,mismatch,01KZRRGW1442K27HM42RTFZG1M,01KZRW4877SRMJMM3R17R2QE73,,2026-08-23 18:02:06.882983+08,2026-08-23 18:02:06.882983+08,01KZRTCK0DB33XBVVG02BZKXMQ
01KZV5Q34VQ2FYKM8VTP1NAY1V,matched,01KZRRGW14J5MRZ241JHXYMPE5,01KZRW4877X5K4QDEQJ8HJV36S,,2026-08-23 18:02:06.882983+08,2026-08-23 18:02:06.882983+08,01KZRTCK0B5S3T4RTM9FQHQR12
01KZV5Q34VPTC8VM5XNHZW0DHG,manual submit,01KZRRGW14200T0G4QVVJEZMW1,01KZRW4877S7NXK01W1S3HFM9Z,,2026-08-23 18:02:06.882983+08,2026-08-23 18:02:06.882983+08,01KZRTCK09W43PB8H7GTEZPBE9
01KZV5Q34VVX86CYEN7Q0Z8CDN,manual submit,01KZRRGW14J5MRZ241JHXYMPE5,01KZRW48778X9EQJ3KN65YC121,,2026-08-23 18:02:06.882983+08,2026-08-23 18:02:06.882983+08,01KZRTCK0G0FCE690JW10FM181
01KZV5Q34VHEFWDRJ7E70JS5GJ,mismatch,01KZRRGW14THZB9B34PPHZSFE2,01KZRW4877D0MJ7B5AT3RZ0G0Q,,2026-08-23 18:02:06.882983+08,2026-08-23 18:02:06.882983+08,01KZRTCK0GTTY7XV47X02X498P
01KZV5Q34VTKXMR23H6H4FPG66,manual submit,01KZRRGW14MXEWF9HMYNXVS5ER,01KZRW4877HTSZDBP5ZKDZNQYA,,2026-08-23 18:02:06.882983+08,2026-08-23 18:02:06.882983+08,01KZRTCK0GKRZ69YKCV4G7B6HD
01KZV5Q34W6NG7F7199TV2Z6Z1,manual submit,01KZRRGW14RBSVD8GEY7WA5YWC,01KZRW4877V5PZPAVH7Z3DSPSZ,,2026-08-23 18:02:06.882983+08,2026-08-23 18:02:06.882983+08,01KZRTCK0G3XSCPJ3G2YHQHD2T
01KZV5Q34WNE9S1RXR549W4SAM,mismatch,01KZRRGW14G35YB41SN7AN85CV,01KZRW4877570TMPXQJ6F3CTPG,,2026-08-23 18:02:06.882983+08,2026-08-23 18:02:06.882983+08,01KZRTCK09BBH1YX3X7ZTJQ3YB
01KZV5Q34WCY3PDJ4Q3RSTTZXT,mismatch,01KZRRGW14X04WHWJ78QR6J8H3,01KZRW4877S7NXK01W1S3HFM9Z,,2026-08-23 18:02:06.882983+08,2026-08-23 18:02:06.882983+08,01KZRTCK0EYN3HYHJSMAQ7RNSV
01KZV5Q34XCN5XCTF3XDRFPE3J,mismatch,01KZRRGW14N9EVMX0Z1ZRJRRAH,01KZRW4877D0MJ7B5AT3RZ0G0Q,,2026-08-23 18:02:06.882983+08,2026-08-23 18:02:06.882983+08,01KZRTCK0BX7NSQC3HT7C08FR6
01KZV5Q34XTEKESJNRE0C30T8J,matched,01KZRRGW14PHE1YJB3BS55XR3K,01KZRW4877K9M9E39HTSQE6N4Q,,2026-08-23 18:02:06.882983+08,2026-08-23 18:02:06.882983+08,01KZRTCK0BEAQQM4JNP15TZ9D3
01KZV5Q34X0PV012S24ANN4AR7,mismatch,01KZRRGW14X04WHWJ78QR6J8H3,01KZRW4877WE0F7J1HSG76PWQF,,2026-08-23 18:02:06.882983+08,2026-08-23 18:02:06.882983+08,01KZRTCK097QCWJVTY6RGX4PPM
01KZV5Q34XBESC2BTG94GN1DRA,manual submit,01KZRRGW14KVWBG89MRPJPJBXC,01KZRW4877D9R8T6DSGNC22W4X,,2026-08-23 18:02:06.882983+08,2026-08-23 18:02:06.882983+08,01KZRTCK09CJ6HP50ZGWAQY2QQ
01KZV5Q34X6ABWHGJXGAME59FM,matched,01KZRRGW14FX4FRK4R4E3MKR5J,01KZRW4877TRFEBWEFKEZC1X5H,,2026-08-23 18:02:06.882983+08,2026-08-23 18:02:06.882983+08,01KZRTCK091X8QTJC92JHBS1PP
01KZV5Q34XWZ1KXKNFZ4KAPH0A,matched,01KZRRGW14SVP3PKMRRXC2J621,01KZRW4877HTTETZMDFBTY9TG8,,2026-08-23 18:02:06.882983+08,2026-08-23 18:02:06.882983+08,01KZRTCK09FCZFVJG6A9CCM6MD
01KZV5Q34XF21TKHXDEZFQ2ZH3,matched,01KZRRGW14PHE1YJB3BS55XR3K,01KZRW4877T3KKF85T8W2FJ0J5,,2026-08-23 18:02:06.882983+08,2026-08-23 18:02:06.882983+08,01KZRTCK0AW4NE5924A9Z5H61Z
01KZV5Q34XAQVB0N3HRP9EEC27,matched,01KZRRGW14KBMMYGKVHMX9RQD8,01KZRW4877JT4P6WNFK8H35SP9,,2026-08-23 18:02:06.882983+08,2026-08-23 18:02:06.882983+08,01KZRTCK0AD3VX3A1NC6ASQQGS
01KZV5Q34XTBG51NBCWQ6Q3KZC,manual submit,01KZRRGW14A7VW9HY70W2ZKDCX,01KZRW4877HTTETZMDFBTY9TG8,,2026-08-23 18:02:06.882983+08,2026-08-23 18:02:06.882983+08,01KZRTCK0D72WGVM29FWQD5BXN
01KZV5Q34YNHQJG7TPDSNMEFGH,matched,01KZRRGW14VWS3587600FPGYJJ,01KZRW4877WQJZ3J1CH35W5XY0,,2026-08-23 18:02:06.882983+08,2026-08-23 18:02:06.882983+08,01KZRTCK0EY631B4MWR3ACDP70
01KZV5Q34Y3HQR15M699R8NP63,manual submit,01KZRRGW14Y65J9N71RS7C99PT,01KZRW4877D0MJ7B5AT3RZ0G0Q,,2026-08-23 18:02:06.882983+08,2026-08-23 18:02:06.882983+08,01KZRTCK08ZJ6HXA59V0F5H2AA
01KZV5Q34YWEZGN7J74XD1ZFBF,mismatch,01KZRRGW14K9GDB2KGW0SVFJBM,01KZRW48771VS10A2E45E408EC,,2026-08-23 18:02:06.882983+08,2026-08-23 18:02:06.882983+08,01KZRTCK0GZEHSPCP1MDMWM73K
01KZV5Q34YGY4PWDED458V56NN,mismatch,01KZRRGW14MXEWF9HMYNXVS5ER,01KZRW48771BV67J8RNDGKP3AK,,2026-08-23 18:02:06.882983+08,2026-08-23 18:02:06.882983+08,01KZRTCK0BEYFZZZHH38X5HN06
01KZV5Q34Y9WGCTV9NA9T6HG54,matched,01KZRRGW14W9JF1K1J0X6X34N8,01KZRW4877QESJQX4TK48W4NS1,,2026-08-23 18:02:06.882983+08,2026-08-23 18:02:06.882983+08,01KZRTCK0E025JCYWZ5YQQDR27
01KZV5Q34YMK6CMC175264EESN,matched,01KZRRGW143XAZME28X8CPEY8S,01KZRW4877QYTMJX48NHFYBFCC,,2026-08-23 18:02:06.882983+08,2026-08-23 18:02:06.882983+08,01KZRTCK09M3FGNFT1RNB7PXXP
01KZV5Q34Y7EAC8TDGN6A9P7J1,matched,01KZRRGW1448AZYH3Y9E70DS21,01KZRW4877GVVZRA6JKSTGEVNK,,2026-08-23 18:02:06.882983+08,2026-08-23 18:02:06.882983+08,01KZRTCK09YD8FP0DW9951YF5D
01KZV5Q34ZTW7J6PYSGTKYDY49,manual submit,01KZRRGW14THZB9B34PPHZSFE2,01KZRW4877HQV77AK3B14GNXZ1,,2026-08-23 18:02:06.882983+08,2026-08-23 18:02:06.882983+08,01KZRTCK0A26ZZPQHP26K7HEYT
01KZV5Q34ZBKJWADQVMEKYDK5J,mismatch,01KZRRGW14JQ7JEW5HBDS8P7VJ,01KZRW4877B3D0MZHS3AQRJ814,,2026-08-23 18:02:06.882983+08,2026-08-23 18:02:06.882983+08,01KZRTCK0ECFQJR59MSMF8PC1D
01KZV5Q34ZJYVMRGECW3ACR9JB,manual submit,01KZRRGW14Y65J9N71RS7C99PT,01KZRW4877ZVCRK1H9RNQPG5NR,,2026-08-23 18:02:06.882983+08,2026-08-23 18:02:06.882983+08,01KZRTCK0BBRHB6W67DC1946DM
01KZV5Q34ZEG44D1CE94DXB8MB,manual submit,01KZRRGW140MQ9ZE887EQDG87Z,01KZRW4877HTSZDBP5ZKDZNQYA,,2026-08-23 18:02:06.882983+08,2026-08-23 18:02:06.882983+08,01KZRTCK0CDRG8XRZD44JERMT2
01KZV5Q34Z5CVK42X1FP1BTM21,manual submit,01KZRRGW147SW8PDR6Z12DT4B9,01KZRW48779S54N1CEJC2Y3AZY,,2026-08-23 18:02:06.882983+08,2026-08-23 18:02:06.882983+08,01KZRTCK08W2VKBBGB5EHC35RN
01KZV5Q34ZEPRPBSYWD566ZBPG,mismatch,01KZRRGW143XAZME28X8CPEY8S,01KZRW4877HTSZDBP5ZKDZNQYA,,2026-08-23 18:02:06.882983+08,2026-08-23 18:02:06.882983+08,01KZRTCK0AY9M8S0WJXXSCYGQM
01KZV5Q3508VMMWTDTJYH26QWB,matched,01KZRRGW14KBMMYGKVHMX9RQD8,01KZRW4877WQJZ3J1CH35W5XY0,,2026-08-23 18:02:06.882983+08,2026-08-23 18:02:06.882983+08,01KZRTCK0EKZQ38Z5JJK7W95SX
01KZV5Q350AT6P301Y317ADQCN,matched,01KZRRGW14VWS3587600FPGYJJ,01KZRW4877JT4P6WNFK8H35SP9,,2026-08-23 18:02:06.882983+08,2026-08-23 18:02:06.882983+08,01KZRTCK0BX7NSQC3HT7C08FR6
01KZV5Q3503WTNKHV8S1V477VZ,mismatch,01KZRRGW14EVYGVAR1F5M4N714,01KZRW4877EFAE21HQ86WYE6X8,,2026-08-23 18:02:06.882983+08,2026-08-23 18:02:06.882983+08,01KZRTCK0AFRE6PEDGHZG9MHG8
01KZV5Q350J73WRHK1339BBE8F,matched,01KZRRGW142RC6MARTSS19R7GK,01KZRW48778GNNZ5BFJZ0VXNNN,,2026-08-23 18:02:06.882983+08,2026-08-23 18:02:06.882983+08,01KZRTCK0G6RGN1YY6Q8475GAQ
01KZV5Q3500SX6404XCWCBEKHE,manual submit,01KZRRGW14KVWBG89MRPJPJBXC,01KZRW4877570TMPXQJ6F3CTPG,,2026-08-23 18:02:06.882983+08,2026-08-23 18:02:06.882983+08,01KZRTCK0DNMNHKDK1FJFH0PJ1
01KZV5Q350J3M7NQXBJQSBPJWA,matched,01KZRRGW1442K27HM42RTFZG1M,01KZRW48773TK4Y7T9N1T5N0JM,,2026-08-23 18:02:06.882983+08,2026-08-23 18:02:06.882983+08,01KZRTCK0FJ8M3W0GESH0BM6ZH
01KZV5Q351T6A0AR1D007FGCHG,mismatch,01KZRRGW14VWS3587600FPGYJJ,01KZRW4877QESJQX4TK48W4NS1,,2026-08-23 18:02:06.882983+08,2026-08-23 18:02:06.882983+08,01KZRTCK0A76DWND9P11YBHZ5C
01KZV5Q351F5TTWB1BZG4TH2K0,mismatch,01KZRRGW14X9Y2N7Y1J43BS87F,01KZRW4877QZNEVFAY7G115HT9,,2026-08-23 18:02:06.882983+08,2026-08-23 18:02:06.882983+08,01KZRTCK0C100GFPESRB7R0Y6M
01KZV5Q3518Y8KQFCQRCS9NR2C,manual submit,01KZRRGW14W9JF1K1J0X6X34N8,01KZRW4877CATZ1KPW5MYDDBWC,,2026-08-23 18:02:06.882983+08,2026-08-23 18:02:06.882983+08,01KZRTCK0AKDWYJ55NDGVWWMWE
01KZV5Q351EEKKWSFYCR89YQM5,manual submit,01KZRRGW14A7VW9HY70W2ZKDCX,01KZRW48771VS10A2E45E408EC,,2026-08-23 18:02:06.882983+08,2026-08-23 18:02:06.882983+08,01KZRTCK09Q34HK88C4HAHP82S
01KZV5Q3514E2GHNNK0150T779,matched,01KZRRGW14A7VW9HY70W2ZKDCX,01KZRW4877TQ3XX3R3NF9TGABV,,2026-08-23 18:02:06.882983+08,2026-08-23 18:02:06.882983+08,01KZRTCK091J27H0GC1C520D0N
01KZV5Q351Q7QBSMKEJH8C7ATY,mismatch,01KZRRGW140MQ9ZE887EQDG87Z,01KZRW4877VZEYQPDKKQXF13AV,,2026-08-23 18:02:06.882983+08,2026-08-23 18:02:06.882983+08,01KZRTCK0BWF30DYT87X6AH4D8
01KZV5Q352FQM93S0RVMH1REER,mismatch,01KZRRGW140MQ9ZE887EQDG87Z,01KZRW48774CQFFFPSV57ZNBPR,,2026-08-23 18:02:06.882983+08,2026-08-23 18:02:06.882983+08,01KZRTCK0EJX5D44ES7Z5KGZDB
01KZV5Q352F4E284NE548KAGR1,matched,01KZRRGW142RC6MARTSS19R7GK,01KZRW4877C3T2MSDMNBQ24EB4,,2026-08-23 18:02:06.882983+08,2026-08-23 18:02:06.882983+08,01KZRTCK09P69F7X0H2QFPSCFJ
01KZV5Q35221DBFWB609WCVTM3,manual submit,01KZRRGW14VWS3587600FPGYJJ,01KZRW487795H0KSW6AV992VCS,,2026-08-23 18:02:06.882983+08,2026-08-23 18:02:06.882983+08,01KZRTCK0936VNBN2VQ3XQ74GW
01KZV5Q3521G4JJ2MT8N265TYH,manual submit,01KZRRGW14THZB9B34PPHZSFE2,01KZRW4877QZNEVFAY7G115HT9,,2026-08-23 18:02:06.882983+08,2026-08-23 18:02:06.882983+08,01KZRTCK0AY9M8S0WJXXSCYGQM
01KZV5Q352VHDTK6WYG2CQF3VK,mismatch,01KZRRGW142RC6MARTSS19R7GK,01KZRW48779CWAQ752ZGCV7AN3,,2026-08-23 18:02:06.882983+08,2026-08-23 18:02:06.882983+08,01KZRTCK0C7TKK0KYGA3SHEYQM
01KZV5Q352D23S13GH8KM9TVRF,mismatch,01KZRRGW14EVYGVAR1F5M4N714,01KZRW48779R4JNZ47ZW2T3PQB,,2026-08-23 18:02:06.882983+08,2026-08-23 18:02:06.882983+08,01KZRTCK0G6M767BDHBVVSSQBC
01KZV5Q352PTJJJ60AXF488BCC,manual submit,01KZRRGW14WH1V6PTWDSASC4XK,01KZRW4877SBDJ1EK7XZMJJQ2W,,2026-08-23 18:02:06.882983+08,2026-08-23 18:02:06.882983+08,01KZRTCK0B7NH6E3DTJ2JATGM1
01KZV5Q352BDB3V89XWGB2Q7NF,mismatch,01KZRRGW14SVP3PKMRRXC2J621,01KZRW48774A2DK7QW4RW8GRQD,,2026-08-23 18:02:06.882983+08,2026-08-23 18:02:06.882983+08,01KZRTCK0AHE7R4TBTG4DS31WP
01KZV5Q352GPDCX0Z0Y8SZGTWQ,manual submit,01KZRRGW14XPKB44H9B6WS515H,01KZRW4877D5ZY6TAERNGTV34K,,2026-08-23 18:02:06.882983+08,2026-08-23 18:02:06.882983+08,01KZRTCK0FE8CZ0BSTC34EC5EN
01KZV5Q3531S3CMJWRHQW0QN3A,manual submit,01KZRRGW1448AZYH3Y9E70DS21,01KZRW4877TRFEBWEFKEZC1X5H,,2026-08-23 18:02:06.882983+08,2026-08-23 18:02:06.882983+08,01KZRTCK0B5S3T4RTM9FQHQR12
01KZV5Q3531T4FXTEMVCTMHSP4,manual submit,01KZRRGW146F8C4946XJM2S6EC,01KZRW4877SBDJ1EK7XZMJJQ2W,,2026-08-23 18:02:06.882983+08,2026-08-23 18:02:06.882983+08,01KZRTCK0ENY95TTPJWD6SE30C
01KZV5Q35349496ZRDH5D5RSTG,mismatch,01KZRRGW14WH1V6PTWDSASC4XK,01KZRW4877A147WBBGMNMTXNA3,,2026-08-23 18:02:06.882983+08,2026-08-23 18:02:06.882983+08,01KZRTCK09S2DCCC2KG5EJK0DT
01KZV5Q3532E3N1B5MHDV76WNE,mismatch,01KZRRGW143XAZME28X8CPEY8S,01KZRW48771BV67J8RNDGKP3AK,,2026-08-23 18:02:06.882983+08,2026-08-23 18:02:06.882983+08,01KZRTCK0GVQCHXHTG0K6DYA0Z
01KZV5Q353H68AGPF55JM7YBX5,manual submit,01KZRRGW14A7VW9HY70W2ZKDCX,01KZRW4877JGM1JN0BBQ9YM7WK,,2026-08-23 18:02:06.882983+08,2026-08-23 18:02:06.882983+08,01KZRTCK0ATZEF3NZGEMKF8JHQ
01KZV5Q353AVF22TB9FRQ8T7XS,mismatch,01KZRRGW14KMGR1H2QPNVXB420,01KZRW48770HAGRX3Y72BY1D43,,2026-08-23 18:02:06.882983+08,2026-08-23 18:02:06.882983+08,01KZRTCK0GAPT4H87ZJ94VTE39
01KZV5Q35489JSWR810223PG9P,manual submit,01KZRRGW14X9Y2N7Y1J43BS87F,01KZRW4877E1K1FVC8Z9DHP6KE,,2026-08-23 18:02:06.882983+08,2026-08-23 18:02:06.882983+08,01KZRTCK098XKPA9MXX71PFAA5
01KZV5Q354W57YMV6Q3H8ST5SB,matched,01KZRRGW14N9EVMX0Z1ZRJRRAH,01KZRW4877NYSZZ4VFYZTN4ES1,,2026-08-23 18:02:06.882983+08,2026-08-23 18:02:06.882983+08,01KZRTCK091J27H0GC1C520D0N
01KZV5Q354GZMABCSY2EMDBK21,mismatch,01KZRRGW14KVWBG89MRPJPJBXC,01KZRW48771BV67J8RNDGKP3AK,,2026-08-23 18:02:06.882983+08,2026-08-23 18:02:06.882983+08,01KZRTCK0EDT0XBYPGH85KCXEM
01KZV5Q35476568KED3QEDEZFM,manual submit,01KZRRGW14N56M3HGFGXE3FN5T,01KZRW4877BFP4JMW1E9SHS153,,2026-08-23 18:02:06.882983+08,2026-08-23 18:02:06.882983+08,01KZRTCK0CWRS3M51WK9YDYY4G
01KZV5Q3544R449Z3R1N778GTN,manual submit,01KZRRGW14N9EVMX0Z1ZRJRRAH,01KZRW4877X5K4QDEQJ8HJV36S,,2026-08-23 18:02:06.882983+08,2026-08-23 18:02:06.882983+08,01KZRTCK09QKQA7PRHSYWQHPGZ
01KZV5Q354V1T29K0X4T9KF004,mismatch,01KZRRGW149RPSGBHQY8MZC6NF,01KZRW4877BFP4JMW1E9SHS153,,2026-08-23 18:02:06.882983+08,2026-08-23 18:02:06.882983+08,01KZRTCK0F1ND55SV6YG4ADY5P
01KZV5Q354CJJ1NXEEE7CBZT10,manual submit,01KZRRGW14DC1V4DFEXXX74JBW,01KZRW4877570TMPXQJ6F3CTPG,,2026-08-23 18:02:06.882983+08,2026-08-23 18:02:06.882983+08,01KZRTCK09VATQ888BPKA4D4MK
01KZV5Q354FMZAP0ADWZZH3XJY,mismatch,01KZRRGW14EVYGVAR1F5M4N714,01KZRW4877AMSR96T952JSFTS6,,2026-08-23 18:02:06.882983+08,2026-08-23 18:02:06.882983+08,01KZRTCK0AVMFDG6WFY9QHJGHT
01KZV5Q354PS3GVQFQ7VK8630H,manual submit,01KZRRGW149RPSGBHQY8MZC6NF,01KZRW4877T3KKF85T8W2FJ0J5,,2026-08-23 18:02:06.882983+08,2026-08-23 18:02:06.882983+08,01KZRTCK09W43PB8H7GTEZPBE9
01KZV5Q355FRDV6KAQWRV2DHNK,mismatch,01KZRRGW14G35YB41SN7AN85CV,01KZRW4877MFF924CSKP3J6WW4,,2026-08-23 18:02:06.882983+08,2026-08-23 18:02:06.882983+08,01KZRTCK0D46TN323ZXD16NVZG
01KZV5Q355XDXPSV31G7D99D5P,mismatch,01KZRRGW14VWS3587600FPGYJJ,01KZRW4877RJWA8G8EVGD5AKV5,,2026-08-23 18:02:06.882983+08,2026-08-23 18:02:06.882983+08,01KZRTCK09BBH1YX3X7ZTJQ3YB
01KZV5Q355Q3C8V0QFKGDC2JRK,matched,01KZRRGW14JQ7JEW5HBDS8P7VJ,01KZRW4877CATZ1KPW5MYDDBWC,,2026-08-23 18:02:06.882983+08,2026-08-23 18:02:06.882983+08,01KZRTCK09W7KVC9CQ2DAB6DNM
01KZV5Q355RB7GHPNREKJ4H6EA,mismatch,01KZRRGW14X9Y2N7Y1J43BS87F,01KZRW4877AZR5K32Y5PAGXHRC,,2026-08-23 18:02:06.882983+08,2026-08-23 18:02:06.882983+08,01KZRTCK0AKAC5W4T3NT17NPNP
01KZV5Q355QHB1SJF8QTZ1SEKR,matched,01KZRRGW14N9EVMX0Z1ZRJRRAH,01KZRW4877RK7R5ZV77193KMDQ,,2026-08-23 18:02:06.882983+08,2026-08-23 18:02:06.882983+08,01KZRTCK0BFFN9N3N6TJ0EJ2EP
01KZV5Q355PXM6EFDAWMR2Y84A,manual submit,01KZRRGW14KVWBG89MRPJPJBXC,01KZRW48771S3VZMTY431CY71G,,2026-08-23 18:02:06.882983+08,2026-08-23 18:02:06.882983+08,01KZRTCK0B7J5MX1WFG0HET40C
01KZV5Q3557RARB30FW7VAAGET,matched,01KZRRGW14EVYGVAR1F5M4N714,01KZRW4877HTTETZMDFBTY9TG8,,2026-08-23 18:02:06.882983+08,2026-08-23 18:02:06.882983+08,01KZRTCK0GR1M1GNY0VJK79HM8
01KZV5Q356KKJ9CRKEE5YBCYAR,manual submit,01KZRRGW14RBSVD8GEY7WA5YWC,01KZRW48771BV67J8RNDGKP3AK,,2026-08-23 18:02:06.882983+08,2026-08-23 18:02:06.882983+08,01KZRTCK0ED492QGGAXMRZSZ5W
01KZV5Q356F9D2AWBS0GME4D4P,mismatch,01KZRRGW14EVYGVAR1F5M4N714,01KZRW4877WE0F7J1HSG76PWQF,,2026-08-23 18:02:06.882983+08,2026-08-23 18:02:06.882983+08,01KZRTCK08ZJ6HXA59V0F5H2AA
01KZV5Q356X2E1JMY80TAXY0TY,matched,01KZRRGW14N9EVMX0Z1ZRJRRAH,01KZRW4877D0MJ7B5AT3RZ0G0Q,,2026-08-23 18:02:06.882983+08,2026-08-23 18:02:06.882983+08,01KZRTCK0EKN2D2B328YJ1WW2H
01KZV5Q356252K8R9G0FX54B2V,mismatch,01KZRRGW149RPSGBHQY8MZC6NF,01KZRW4877RK7R5ZV77193KMDQ,,2026-08-23 18:02:06.882983+08,2026-08-23 18:02:06.882983+08,01KZRTCK0C9PADBX8NDJ75TMP5
01KZV5Q357C0WFA3YZYN2DKQC4,manual submit,01KZRRGW14RBSVD8GEY7WA5YWC,01KZRW4877AZR5K32Y5PAGXHRC,,2026-08-23 18:02:06.882983+08,2026-08-23 18:02:06.882983+08,01KZRTCK0GJJ5QGAVJYG9JC1H5
01KZV5Q35704CHD1F4PK9Q37V4,mismatch,01KZRRGW14DC1V4DFEXXX74JBW,01KZRW48777JDTMGDM6JZY87AF,,2026-08-23 18:02:06.882983+08,2026-08-23 18:02:06.882983+08,01KZRTCK09ANXYNGZC4GX394GE
01KZV5Q3576EK4RWDQNM7Q1Q48,matched,01KZRRGW1448AZYH3Y9E70DS21,01KZRW4877EFAE21HQ86WYE6X8,,2026-08-23 18:02:06.882983+08,2026-08-23 18:02:06.882983+08,01KZRTCK09TQE3V0WK5G6T795W
01KZV5Q3578F0ECSQKAKN03JZ2,manual submit,01KZRRGW14VWS3587600FPGYJJ,01KZRW4877D0MJ7B5AT3RZ0G0Q,,2026-08-23 18:02:06.882983+08,2026-08-23 18:02:06.882983+08,01KZRTCK0BFFN9N3N6TJ0EJ2EP
01KZV5Q357NX0NPY61GFJC42PA,mismatch,01KZRRGW1448AZYH3Y9E70DS21,01KZRW4877VA8TBBCFWH8TVEM7,,2026-08-23 18:02:06.882983+08,2026-08-23 18:02:06.882983+08,01KZRTCK09537T8MCF6MWS0BQ8
01KZV5Q358QQWXVJG3HSV0YWNV,mismatch,01KZRRGW147SW8PDR6Z12DT4B9,01KZRW4877HTSZDBP5ZKDZNQYA,,2026-08-23 18:02:06.882983+08,2026-08-23 18:02:06.882983+08,01KZRTCK092GFH21QZEA4STMT4
01KZV5Q35870H93G4TY4FG8FSZ,mismatch,01KZRRGW14G35YB41SN7AN85CV,01KZRW4877QZNEVFAY7G115HT9,,2026-08-23 18:02:06.882983+08,2026-08-23 18:02:06.882983+08,01KZRTCK09A0SPMMGH0T5XABG2
01KZV5Q358J008758P5MRY2MSN,manual submit,01KZRRGW14N9EVMX0Z1ZRJRRAH,01KZRW4877B4VKB2E5TT4BWFP8,,2026-08-23 18:02:06.882983+08,2026-08-23 18:02:06.882983+08,01KZRTCK09GJDXVC7JCP3GRKRD
01KZV5Q358MN9S8432TRD8MES2,manual submit,01KZRRGW14WH1V6PTWDSASC4XK,01KZRW4877WE0F7J1HSG76PWQF,,2026-08-23 18:02:06.882983+08,2026-08-23 18:02:06.882983+08,01KZRTCK0DW4HP34NDM1GSW6XB
01KZV5Q358YRN0SCX4X35XGBAA,matched,01KZRRGW14N56M3HGFGXE3FN5T,01KZRW4877FZ26T405N4WYZMRG,,2026-08-23 18:02:06.882983+08,2026-08-23 18:02:06.882983+08,01KZRTCK0AYRZ4CDYTEYKR0QRJ
01KZV5Q358XYJFKVEMFT17H0JM,matched,01KZRRGW14N56M3HGFGXE3FN5T,01KZRW48773P9B1HDR1BKFG957,,2026-08-23 18:02:06.882983+08,2026-08-23 18:02:06.882983+08,01KZRTCK0AS8CYHG8HQET13XNF
01KZV5Q358VRS8F8E7NZ3Q1TGK,matched,01KZRRGW149RPSGBHQY8MZC6NF,01KZRW4877B4VKB2E5TT4BWFP8,,2026-08-23 18:02:06.882983+08,2026-08-23 18:02:06.882983+08,01KZRTCK0GEB47XJX12MSPS38Z
01KZV5Q3585MTSH8834M0QQGJC,mismatch,01KZRRGW149RPSGBHQY8MZC6NF,01KZRW4877SRMJMM3R17R2QE73,,2026-08-23 18:02:06.882983+08,2026-08-23 18:02:06.882983+08,01KZRTCK0AN84N5W6CD2G9BSKS
01KZV5Q35918HRGHC6PP9XXS3W,mismatch,01KZRRGW14KVWBG89MRPJPJBXC,01KZRW4877ZVCRK1H9RNQPG5NR,,2026-08-23 18:02:06.882983+08,2026-08-23 18:02:06.882983+08,01KZRTCK0F4PF88AZ0N95KMGQ6
01KZV5Q359KCBHW1BFJEARATT9,matched,01KZRRGW14WH1V6PTWDSASC4XK,01KZRW4877WQJZ3J1CH35W5XY0,,2026-08-23 18:02:06.882983+08,2026-08-23 18:02:06.882983+08,01KZRTCK0D65VA58SDF4JFR5V3
01KZV5Q3592P4PYTFN2GWNYKYR,mismatch,01KZRRGW14JQ7JEW5HBDS8P7VJ,01KZRW4877F027DTG1RSTES089,,2026-08-23 18:02:06.882983+08,2026-08-23 18:02:06.882983+08,01KZRTCK0G2QV7AC4HJSVS53F4
01KZV5Q359VTNH43B0ZEV7T72G,mismatch,01KZRRGW143DR9TSRKKQDPRDKM,01KZRW4877WQJZ3J1CH35W5XY0,,2026-08-23 18:02:06.882983+08,2026-08-23 18:02:06.882983+08,01KZRTCK0GXFTNETVRT9F8175Q
01KZV5Q359AA6HN8VFFGJSMQZA,manual submit,01KZRRGW143XAZME28X8CPEY8S,01KZRW4877E1K1FVC8Z9DHP6KE,,2026-08-23 18:02:06.882983+08,2026-08-23 18:02:06.882983+08,01KZRTCK0CKVTRXF06YEV6NB99
01KZV5Q359TCFC21AX1B45Y7Q3,matched,01KZRRGW143DR9TSRKKQDPRDKM,01KZRW4877W4J1M6PJM0QPSR4V,,2026-08-23 18:02:06.882983+08,2026-08-23 18:02:06.882983+08,01KZRTCK0GBTKTBM7T570JY27A
01KZV5Q359AA1BJR38TTA641XV,manual submit,01KZRRGW14KVWBG89MRPJPJBXC,01KZRW4877EFAE21HQ86WYE6X8,,2026-08-23 18:02:06.882983+08,2026-08-23 18:02:06.882983+08,01KZRTCK08BT0XKYRQCNA5GZZ4
01KZV5Q359C5YY2NH34GXVCRD4,mismatch,01KZRRGW14K9GDB2KGW0SVFJBM,01KZRW4877S7NXK01W1S3HFM9Z,,2026-08-23 18:02:06.882983+08,2026-08-23 18:02:06.882983+08,01KZRTCK0E2TZ41D59P6QATK6K
01KZV5Q359DK1CDNS3KT1QZ1MH,mismatch,01KZRRGW14200T0G4QVVJEZMW1,01KZRW4877G0YHH3T1F43JMJ4N,,2026-08-23 18:02:06.882983+08,2026-08-23 18:02:06.882983+08,01KZRTCK0CKG4NK1FYBW1EJCA3
01KZV5Q3591TMCQJV31WT9VPD1,manual submit,01KZRRGW14N9EVMX0Z1ZRJRRAH,01KZRW4877WQJZ3J1CH35W5XY0,,2026-08-23 18:02:06.882983+08,2026-08-23 18:02:06.882983+08,01KZRTCK09FW958EZGRF419YF4
01KZV5Q35AGJFM9WZHF4RAENC2,manual submit,01KZRRGW14SVP3PKMRRXC2J621,01KZRW4877TRFEBWEFKEZC1X5H,,2026-08-23 18:02:06.882983+08,2026-08-23 18:02:06.882983+08,01KZRTCK0E3B79RE1AR8NAD5HX
01KZV5Q35ASJMJS9R1EE0J0DSJ,matched,01KZRRGW14WH1V6PTWDSASC4XK,01KZRW4877EFAE21HQ86WYE6X8,,2026-08-23 18:02:06.882983+08,2026-08-23 18:02:06.882983+08,01KZRTCK0DNFAZMJXA3F8RYT0T
01KZV5Q35AVY45263BKGBF6XBD,manual submit,01KZRRGW14N9EVMX0Z1ZRJRRAH,01KZRW4877G0YHH3T1F43JMJ4N,,2026-08-23 18:02:06.882983+08,2026-08-23 18:02:06.882983+08,01KZRTCK0HBBM92PKB9RX2B98N
01KZV5Q35A3485XHMWA26RNC18,mismatch,01KZRRGW14WH1V6PTWDSASC4XK,01KZRW4877E1K1FVC8Z9DHP6KE,,2026-08-23 18:02:06.882983+08,2026-08-23 18:02:06.882983+08,01KZRTCK0GBAH5A994RPSKVQX0
01KZV5Q35A9G6CR98H1ZR11A1D,manual submit,01KZRRGW14N9EVMX0Z1ZRJRRAH,01KZRW4877QYTMJX48NHFYBFCC,,2026-08-23 18:02:06.882983+08,2026-08-23 18:02:06.882983+08,01KZRTCK0GYZ251NHANMN7SD71
01KZV5Q35BXM7C956FJD7DQZGX,manual submit,01KZRRGW14FX4FRK4R4E3MKR5J,01KZRW4877BKP2FRH1B8G1CTC9,,2026-08-23 18:02:06.882983+08,2026-08-23 18:02:06.882983+08,01KZRTCK0BXM36KB0P4RX1E20P
01KZV5Q35BDVKB3FAYQ3J54VQ9,mismatch,01KZRRGW14KBMMYGKVHMX9RQD8,01KZRW4877ASYYCMJDQ4ZM72CY,,2026-08-23 18:02:06.882983+08,2026-08-23 18:02:06.882983+08,01KZRTCK09R8T2XRGG1WMYE1PF
01KZV5Q35BB6DK6XPMF36C2YFV,matched,01KZRRGW14KVWBG89MRPJPJBXC,01KZRW4877T3XV4P4JY2BTWW8J,,2026-08-23 18:02:06.882983+08,2026-08-23 18:02:06.882983+08,01KZRTCK0AM9KAN4F4Z4XREFC0
01KZV5Q35B49A9J43F0HT7F77M,mismatch,01KZRRGW14KMGR1H2QPNVXB420,01KZRW4877YEX8C3RH16STZ2B2,,2026-08-23 18:02:06.882983+08,2026-08-23 18:02:06.882983+08,01KZRTCK09F3N1M25RNM29Y3P9
01KZV5Q35B2TRHQDFJXTV6PDKN,matched,01KZRRGW142RC6MARTSS19R7GK,01KZRW4877D5ZY6TAERNGTV34K,,2026-08-23 18:02:06.882983+08,2026-08-23 18:02:06.882983+08,01KZRTCK09GQT701TNJDT5C1JP
01KZV5Q35BD00ZGK1AR4EMJ8YT,manual submit,01KZRRGW14Y65J9N71RS7C99PT,01KZRW4877NYSZZ4VFYZTN4ES1,,2026-08-23 18:02:06.882983+08,2026-08-23 18:02:06.882983+08,01KZRTCK0EPAK7SM9GQMAQCJPB
01KZV5Q35BBAMPBQ7QAGTNPFCZ,matched,01KZRRGW14X04WHWJ78QR6J8H3,01KZRW4877CATZ1KPW5MYDDBWC,,2026-08-23 18:02:06.882983+08,2026-08-23 18:02:06.882983+08,01KZRTCK0GTDA6V811V6820HZ3
01KZV5Q35CY49RRHM1146MAWQB,mismatch,01KZRRGW14A7VW9HY70W2ZKDCX,01KZRW4877HTSZDBP5ZKDZNQYA,,2026-08-23 18:02:06.882983+08,2026-08-23 18:02:06.882983+08,01KZRTCK0GD5V4YWBRRWTGYKM0
01KZV5Q35CXJW5JTZ6D9WWHSY2,mismatch,01KZRRGW1448AZYH3Y9E70DS21,01KZRW4877HVT4X8HFK0HTQ94N,,2026-08-23 18:02:06.882983+08,2026-08-23 18:02:06.882983+08,01KZRTCK0CMFV5SXDDZK891JRK
01KZV5Q35C8MVG50MWA3D6SBSE,mismatch,01KZRRGW1442K27HM42RTFZG1M,01KZRW48773GHQQ4H8241WY49R,,2026-08-23 18:02:06.882983+08,2026-08-23 18:02:06.882983+08,01KZRTCK0E0D04X529EWNJGZTQ
01KZV5Q35CJYB3Y2P652K1PF3H,manual submit,01KZRRGW14VWS3587600FPGYJJ,01KZRW48774CQFFFPSV57ZNBPR,,2026-08-23 18:02:06.882983+08,2026-08-23 18:02:06.882983+08,01KZRTCK0AAW1X7N3509P3V3YC
01KZV5Q35C3TJSAX6WASBQ5ZBK,matched,01KZRRGW14N5VHBCMAJGNJ0GJH,01KZRW4877QESJQX4TK48W4NS1,,2026-08-23 18:02:06.882983+08,2026-08-23 18:02:06.882983+08,01KZRTCK0GDZ8SB6YYGT9SSY2X
01KZV5Q35CNYS9B7FYPC2Z26R8,mismatch,01KZRRGW143DR9TSRKKQDPRDKM,01KZRW48779S54N1CEJC2Y3AZY,,2026-08-23 18:02:06.882983+08,2026-08-23 18:02:06.882983+08,01KZRTCK0GT4F2PKYY7R4S3AF0
01KZV5Q35CDQSRX8AF0DZW9WW9,mismatch,01KZRRGW14FX4FRK4R4E3MKR5J,01KZRW4877CATZ1KPW5MYDDBWC,,2026-08-23 18:02:06.882983+08,2026-08-23 18:02:06.882983+08,01KZRTCK09F3N1M25RNM29Y3P9
01KZV5Q35C9R26RHQBR0174FCE,matched,01KZRRGW14KMGR1H2QPNVXB420,01KZRW48778HEX0CCC1CXQ27DR,,2026-08-23 18:02:06.882983+08,2026-08-23 18:02:06.882983+08,01KZRTCK0F4PF88AZ0N95KMGQ6
01KZV5Q35CZBJB23TQ0SFASPYB,mismatch,01KZRRGW147SW8PDR6Z12DT4B9,01KZRW48773TK4Y7T9N1T5N0JM,,2026-08-23 18:02:06.882983+08,2026-08-23 18:02:06.882983+08,01KZRTCK0B2WM1A67JNVYZ9MAQ
01KZV5Q35D319TP1X5Y5N28HSP,mismatch,01KZRRGW143DR9TSRKKQDPRDKM,01KZRW4877WQJZ3J1CH35W5XY0,,2026-08-23 18:02:06.882983+08,2026-08-23 18:02:06.882983+08,01KZRTCK0A16DDSH2VE5D97XWZ
01KZV5Q35DV1HQYN8Z0TS81RBS,mismatch,01KZRRGW14W9JF1K1J0X6X34N8,01KZRW4877G0YHH3T1F43JMJ4N,,2026-08-23 18:02:06.882983+08,2026-08-23 18:02:06.882983+08,01KZRTCK0EVVRWY5PEG0RV33SH
01KZV5Q35DYDAA4Q349EWPM602,manual submit,01KZRRGW14DC1V4DFEXXX74JBW,01KZRW4877Z8TPYQZSPSR7KQ3R,,2026-08-23 18:02:06.882983+08,2026-08-23 18:02:06.882983+08,01KZRTCK0GMG4P3YTEMCQPTA56
01KZV5Q35DK5FE88YF9QZ7C0GJ,matched,01KZRRGW14RBSVD8GEY7WA5YWC,01KZRW4877F027DTG1RSTES089,,2026-08-23 18:02:06.882983+08,2026-08-23 18:02:06.882983+08,01KZRTCK0EEN6QKPGVEK3Y94H0
01KZV5Q35D88QKM85N0JPN0GKJ,manual submit,01KZRRGW14KBMMYGKVHMX9RQD8,01KZRW4877BKP2FRH1B8G1CTC9,,2026-08-23 18:02:06.882983+08,2026-08-23 18:02:06.882983+08,01KZRTCK09RN2ZJN8C382NNETD
01KZV5Q35EZAVEG65PSR7FWKAT,mismatch,01KZRRGW14FX4FRK4R4E3MKR5J,01KZRW4877V5PZPAVH7Z3DSPSZ,,2026-08-23 18:02:06.882983+08,2026-08-23 18:02:06.882983+08,01KZRTCK0GD5V4YWBRRWTGYKM0
01KZV5Q35EF91SSDTXP6TJ1MQ5,mismatch,01KZRRGW14200T0G4QVVJEZMW1,01KZRW487701VM9C8JDQAVM50G,,2026-08-23 18:02:06.882983+08,2026-08-23 18:02:06.882983+08,01KZRTCK0FGVJF2N7RBZF81SBK
01KZV5Q35EJ0X8EHYJWN5V7QFA,matched,01KZRRGW14G35YB41SN7AN85CV,01KZRW4877NYSZZ4VFYZTN4ES1,,2026-08-23 18:02:06.882983+08,2026-08-23 18:02:06.882983+08,01KZRTCK0BXTANP5CFWN1KQ1TC
01KZV5Q35EB3SK2VCJZS1FW9JR,matched,01KZRRGW142XAJ3EN2YJAF1HJB,01KZRW4877D9R8T6DSGNC22W4X,,2026-08-23 18:02:06.882983+08,2026-08-23 18:02:06.882983+08,01KZRTCK0C177Q8WQ75YJGX7XX
