id,status,freezer_id,account_id,user_id,created_at,updated_at,origin,destination
01KZV5Q32DEYJ30CEHEHC9S172,deployment,01KZRTCK0EQTP8KZSMEW2EMB5G,01KZRRGW143DR9TSRKKQDPRDKM,01KZRW4877B9B3MX4SDENM2X4F,2026-08-23 18:02:06.840256+08,2026-08-23 18:02:06.840256+08,01KZRRGW143DR9TSRKKQDPRDKM,01KZRRGW14A7VW9HY70W2ZKDCX
01KZV5Q32DP3HTQP5N2RJEFPMM,for downgrade,01KZRTCK0BXEQ1SWHM21K47A6J,01KZRRGW14FX4FRK4R4E3MKR5J,01KZRW4877JT4P6WNFK8H35SP9,2026-08-23 18:02:06.840256+08,2026-08-23 18:02:06.840256+08,01KZRRGW14WH1V6PTWDSASC4XK,01KZRRGW14Y65J9N71RS7C99PT
01KZV5Q32DHVRVBE0M4BJD1B7C,for pullout,01KZRTCK0H7AY41EGX8AM303VG,01KZRRGW14X04WHWJ78QR6J8H3,01KZRW48778HEX0CCC1CXQ27DR,2026-08-23 18:02:06.840256+08,2026-08-23 18:02:06.840256+08,01KZRRGW142RC6MARTSS19R7GK,01KZRRGW14RBSVD8GEY7WA5YWC
01KZV5Q32DVWW1JMBH0KMNNXBM,for pullout,01KZRTCK0GMDM40TGX0C3EYTK7,01KZRRGW14K9GDB2KGW0SVFJBM,01KZRW4877WE0F7J1HSG76PWQF,2026-08-23 18:02:06.840256+08,2026-08-23 18:02:06.840256+08,01KZRRGW14KBMMYGKVHMX9RQD8,01KZRRGW143DR9TSRKKQDPRDKM
01KZV5Q32D41GS7B2FP7S6XSCT,for upgrade,01KZRTCK09K81SFRN9F1HS7ASC,01KZRRGW14MXEWF9HMYNXVS5ER,01KZRW4877NYSZZ4VFYZTN4ES1,2026-08-23 18:02:06.840256+08,2026-08-23 18:02:06.840256+08,01KZRRGW14MXEWF9HMYNXVS5ER,01KZRRGW14THZB9B34PPHZSFE2
01KZV5Q32DWMZEZK62S669SGHR,pullout by distributor,01KZRTCK0BF4T63J8GQR2QBY7T,01KZRRGW14Z2V2BPKDSQ6DKV67,01KZRW4877V5PZPAVH7Z3DSPSZ,2026-08-23 18:02:06.840256+08,2026-08-23 18:02:06.840256+08,01KZRRGW14XPKB44H9B6WS515H,01KZRRGW14W9JF1K1J0X6X34N8
01KZV5Q32DJQDYPHDC35QGT1T8,for downgrade,01KZRTCK0DE8D6XWZXWCYGJJ2W,01KZRRGW14K9GDB2KGW0SVFJBM,01KZRW4877R9Q45MFW4A93MM51,2026-08-23 18:02:06.840256+08,2026-08-23 18:02:06.840256+08,01KZRRGW14FX4FRK4R4E3MKR5J,01KZRRGW14N9EVMX0Z1ZRJRRAH
01KZV5Q32D0R38DWWFEEXYT667,for upgrade,01KZRTCK0GTDA6V811V6820HZ3,01KZRRGW14DC1V4DFEXXX74JBW,01KZRW4877E1K1FVC8Z9DHP6KE,2026-08-23 18:02:06.840256+08,2026-08-23 18:02:06.840256+08,01KZRRGW14J5MRZ241JHXYMPE5,01KZRRGW14W9JF1K1J0X6X34N8
01KZV5Q32DZQSWQFAEX96HAYPH,for upgrade,01KZRTCK0CWECWR8QCTJKMFQ0M,01KZRRGW14X04WHWJ78QR6J8H3,01KZRW48773TK4Y7T9N1T5N0JM,2026-08-23 18:02:06.840256+08,2026-08-23 18:02:06.840256+08,01KZRRGW14N56M3HGFGXE3FN5T,01KZRRGW147SW8PDR6Z12DT4B9
01KZV5Q32DXKC6CXT6JJZ1PMPM,for replacement - broken unit,01KZRTCK0GGQYB1A3BT445GRJQ,01KZRRGW14VWS3587600FPGYJJ,01KZRW4877E1K1FVC8Z9DHP6KE,2026-08-23 18:02:06.840256+08,2026-08-23 18:02:06.840256+08,01KZRRGW14W9JF1K1J0X6X34N8,01KZRRGW14RBSVD8GEY7WA5YWC
01KZV5Q32DZ6H6Z3HZ7WR0RCZG,pullout by dealer,01KZRTCK0GDZ8SB6YYGT9SSY2X,01KZRRGW149RPSGBHQY8MZC6NF,01KZRW4877C3T2MSDMNBQ24EB4,2026-08-23 18:02:06.840256+08,2026-08-23 18:02:06.840256+08,01KZRRGW14A7VW9HY70W2ZKDCX,01KZRRGW149RPSGBHQY8MZC6NF
01KZV5Q32DTRB0C9CB1YM18DV5,for replacement - broken unit,01KZRTCK0C0G07RYTY99EDRPPR,01KZRRGW14N56M3HGFGXE3FN5T,01KZRW4877FZ26T405N4WYZMRG,2026-08-23 18:02:06.840256+08,2026-08-23 18:02:06.840256+08,01KZRRGW14X9Y2N7Y1J43BS87F,01KZRRGW14KMGR1H2QPNVXB420
01KZV5Q32DSPFS4VQGM1E5V3Q3,for replacement - broken unit,01KZRTCK0CNKY69JR1FNB0N5JH,01KZRRGW14JQ7JEW5HBDS8P7VJ,01KZRW48774A2DK7QW4RW8GRQD,2026-08-23 18:02:06.840256+08,2026-08-23 18:02:06.840256+08,01KZRRGW14WSB3JJJKQDEREKF3,01KZRRGW14RBSVD8GEY7WA5YWC
01KZV5Q32D5DYMVW4QWSGNBDYV,for replacement - broken unit,01KZRTCK09KQDB5P5SS195863C,01KZRRGW14200T0G4QVVJEZMW1,01KZRW48779S7EXPA0TNQWKTA6,2026-08-23 18:02:06.840256+08,2026-08-23 18:02:06.840256+08,01KZRRGW14G35YB41SN7AN85CV,01KZRRGW1448AZYH3Y9E70DS21
01KZV5Q32E53Z3ZCCERJ1K7RRJ,pullout by distributor,01KZRTCK0CNKY69JR1FNB0N5JH,01KZRRGW14200T0G4QVVJEZMW1,01KZRW48779CWAQ752ZGCV7AN3,2026-08-23 18:02:06.840256+08,2026-08-23 18:02:06.840256+08,01KZRRGW14JQ7JEW5HBDS8P7VJ,01KZRRGW14DC1V4DFEXXX74JBW
01KZV5Q32ENHBXW39R848TD19H,for pullout,01KZRTCK09MBGRQZ918B0JYQNE,01KZRRGW14W9JF1K1J0X6X34N8,01KZRW4877E1K1FVC8Z9DHP6KE,2026-08-23 18:02:06.840256+08,2026-08-23 18:02:06.840256+08,01KZRRGW146F8C4946XJM2S6EC,01KZRRGW14K9GDB2KGW0SVFJBM
01KZV5Q32EVQ9CDXZF0QJP5XP3,deployment,01KZRTCK0G0DG8YS3VG69RZ0BJ,01KZRRGW14200T0G4QVVJEZMW1,01KZRW4877V0J57H3JPGGS28WZ,2026-08-23 18:02:06.840256+08,2026-08-23 18:02:06.840256+08,01KZRRGW143XAZME28X8CPEY8S,01KZRRGW14PHE1YJB3BS55XR3K
01KZV5Q32EXGCCTFVNXCNGMADZ,for upgrade,01KZRTCK09FTB94N3B91KZSWVS,01KZRRGW14JQ7JEW5HBDS8P7VJ,01KZRW48777AHPHKJ81KF0SBSV,2026-08-23 18:02:06.840256+08,2026-08-23 18:02:06.840256+08,01KZRRGW14N5VHBCMAJGNJ0GJH,01KZRRGW14J5MRZ241JHXYMPE5
01KZV5Q32E9RYTQE7V3YS592ET,for pullout,01KZRTCK0FPAMHS7P4ME58ACZC,01KZRRGW14X04WHWJ78QR6J8H3,01KZRW4877MED929DRBY96SNBC,2026-08-23 18:02:06.840256+08,2026-08-23 18:02:06.840256+08,01KZRRGW14MXEWF9HMYNXVS5ER,01KZRRGW14N56M3HGFGXE3FN5T
01KZV5Q32EHR963Z77ZQPHWA4A,for downgrade,01KZRTCK0DPG79BQCJ03YESKH6,01KZRRGW140MQ9ZE887EQDG87Z,01KZRW48779S7EXPA0TNQWKTA6,2026-08-23 18:02:06.840256+08,2026-08-23 18:02:06.840256+08,01KZRRGW14XPKB44H9B6WS515H,01KZRRGW14A7VW9HY70W2ZKDCX
01KZV5Q32EJAW1WF8F8W691PWH,for downgrade,01KZRTCK0BY94RS25MVQG5ANV3,01KZRRGW143XAZME28X8CPEY8S,01KZRW4877T3XV4P4JY2BTWW8J,2026-08-23 18:02:06.840256+08,2026-08-23 18:02:06.840256+08,01KZRRGW14K9GDB2KGW0SVFJBM,01KZRRGW14PHE1YJB3BS55XR3K
01KZV5Q32E8D7PB470MRW4WMNK,for upgrade,01KZRTCK0ECDDPYJ12K91GHAEQ,01KZRRGW14G35YB41SN7AN85CV,01KZRW4877W4J1M6PJM0QPSR4V,2026-08-23 18:02:06.840256+08,2026-08-23 18:02:06.840256+08,01KZRRGW14EVYGVAR1F5M4N714,01KZRRGW14DC1V4DFEXXX74JBW
01KZV5Q32ECRERGNV4S1JSE40G,pullout by dealer,01KZRTCK0CF7VCNFNEBHA9MSYH,01KZRRGW14PHE1YJB3BS55XR3K,01KZRW4877D5ZY6TAERNGTV34K,2026-08-23 18:02:06.840256+08,2026-08-23 18:02:06.840256+08,01KZRRGW14N5VHBCMAJGNJ0GJH,01KZRRGW147SW8PDR6Z12DT4B9
01KZV5Q32EW87P4ATJTSB10MGT,pullout by distributor,01KZRTCK0GPV0H93X3R2NKCDPT,01KZRRGW14WH1V6PTWDSASC4XK,01KZRW48774A2DK7QW4RW8GRQD,2026-08-23 18:02:06.840256+08,2026-08-23 18:02:06.840256+08,01KZRRGW143XAZME28X8CPEY8S,01KZRRGW140MQ9ZE887EQDG87Z
01KZV5Q32E4KZMXEJT8VQQ5QNK,pullout by distributor,01KZRTCK0AA8AJDQM61AJQ7WJ9,01KZRRGW143XAZME28X8CPEY8S,01KZRW4877SVSEW2MKDM1JJJMY,2026-08-23 18:02:06.840256+08,2026-08-23 18:02:06.840256+08,01KZRRGW14200T0G4QVVJEZMW1,01KZRRGW14X04WHWJ78QR6J8H3
01KZV5Q32EJJXXZVRFYM4MSNXC,deployment,01KZRTCK0DJ1AEH6Q0BTAA5HYW,01KZRRGW14X04WHWJ78QR6J8H3,01KZRW4877D0MJ7B5AT3RZ0G0Q,2026-08-23 18:02:06.840256+08,2026-08-23 18:02:06.840256+08,01KZRRGW14Y65J9N71RS7C99PT,01KZRRGW143XAZME28X8CPEY8S
01KZV5Q32EGCP7EB5V4F3H12F7,deployment,01KZRTCK09CJ6HP50ZGWAQY2QQ,01KZRRGW149RPSGBHQY8MZC6NF,01KZRW48777JDTMGDM6JZY87AF,2026-08-23 18:02:06.840256+08,2026-08-23 18:02:06.840256+08,01KZRRGW14THZB9B34PPHZSFE2,01KZRRGW14VWS3587600FPGYJJ
01KZV5Q32ESXC0GP7FAYAVPVSC,for downgrade,01KZRTCK09Z8X8J17D7WY4W33V,01KZRRGW142RC6MARTSS19R7GK,01KZRW4877R9Q45MFW4A93MM51,2026-08-23 18:02:06.840256+08,2026-08-23 18:02:06.840256+08,01KZRRGW14N5VHBCMAJGNJ0GJH,01KZRRGW14KMGR1H2QPNVXB420
01KZV5Q32EW1WPCT02327SWYRR,deployment,01KZRTCK09JACE1FPKA3FQAN12,01KZRRGW14EVYGVAR1F5M4N714,01KZRW4877TRFEBWEFKEZC1X5H,2026-08-23 18:02:06.840256+08,2026-08-23 18:02:06.840256+08,01KZRRGW14KBMMYGKVHMX9RQD8,01KZRRGW142XAJ3EN2YJAF1HJB
01KZV5Q32EMS12A925FQBBQWDM,for replacement - broken unit,01KZRTCK0BNANWZ0WQZA1Q55AK,01KZRRGW14DC1V4DFEXXX74JBW,01KZRW4877D9R8T6DSGNC22W4X,2026-08-23 18:02:06.840256+08,2026-08-23 18:02:06.840256+08,01KZRRGW14SVP3PKMRRXC2J621,01KZRRGW14EVYGVAR1F5M4N714
01KZV5Q32EN9E9SYS985YHFBHD,for replacement - broken unit,01KZRTCK0CV8R23PSZTP3SN5QC,01KZRRGW14VWS3587600FPGYJJ,01KZRW4877WQZA5NY9SXK8D7Q3,2026-08-23 18:02:06.840256+08,2026-08-23 18:02:06.840256+08,01KZRRGW14MXEWF9HMYNXVS5ER,01KZRRGW14N9EVMX0Z1ZRJRRAH
01KZV5Q32ESEV0Y7Z8QZJGSFGH,pullout by dealer,01KZRTCK0CKVTRXF06YEV6NB99,01KZRRGW14KMGR1H2QPNVXB420,01KZRW4877Z8TPYQZSPSR7KQ3R,2026-08-23 18:02:06.840256+08,2026-08-23 18:02:06.840256+08,01KZRRGW14KVWBG89MRPJPJBXC,01KZRRGW14200T0G4QVVJEZMW1
01KZV5Q32EQER0FYV27ZJHF5ED,for upgrade,01KZRTCK0CVW4N51KY1VQMMKJE,01KZRRGW14X04WHWJ78QR6J8H3,01KZRW4877A147WBBGMNMTXNA3,2026-08-23 18:02:06.840256+08,2026-08-23 18:02:06.840256+08,01KZRRGW140MQ9ZE887EQDG87Z,01KZRRGW14KVWBG89MRPJPJBXC
01KZV5Q32EJ23PSSDEZKYCGQMJ,for pullout,01KZRTCK0DD12V6VKQQCS94ZVM,01KZRRGW14X9Y2N7Y1J43BS87F,01KZRW4877ASYYCMJDQ4ZM72CY,2026-08-23 18:02:06.840256+08,2026-08-23 18:02:06.840256+08,01KZRRGW14K9GDB2KGW0SVFJBM,01KZRRGW14KMGR1H2QPNVXB420
01KZV5Q32EPQ2W7XNRTY6J49S9,for pullout,01KZRTCK0GNWZXD03GJ08DNY97,01KZRRGW143XAZME28X8CPEY8S,01KZRW4877WQZA5NY9SXK8D7Q3,2026-08-23 18:02:06.840256+08,2026-08-23 18:02:06.840256+08,01KZRRGW14MXEWF9HMYNXVS5ER,01KZRRGW143DR9TSRKKQDPRDKM
01KZV5Q32E7RZ2YBX5T2AFKAWQ,for downgrade,01KZRTCK0DEW20409ZB44XFM72,01KZRRGW14Y65J9N71RS7C99PT,01KZRW4877RK7R5ZV77193KMDQ,2026-08-23 18:02:06.840256+08,2026-08-23 18:02:06.840256+08,01KZRRGW14SVP3PKMRRXC2J621,01KZRRGW142RC6MARTSS19R7GK
01KZV5Q32E0JZ1EY24PSHE8PKF,for upgrade,01KZRTCK0BEYFZZZHH38X5HN06,01KZRRGW14MXEWF9HMYNXVS5ER,01KZRW4877HTSZDBP5ZKDZNQYA,2026-08-23 18:02:06.840256+08,2026-08-23 18:02:06.840256+08,01KZRRGW14WSB3JJJKQDEREKF3,01KZRRGW14VWS3587600FPGYJJ
01KZV5Q32ETDAW1JGRBA2W67Y0,pullout by dealer,01KZRTCK0CE8HX9SBE3KTPHM8W,01KZRRGW149RPSGBHQY8MZC6NF,01KZRW48779CWAQ752ZGCV7AN3,2026-08-23 18:02:06.840256+08,2026-08-23 18:02:06.840256+08,01KZRRGW1442K27HM42RTFZG1M,01KZRRGW14N56M3HGFGXE3FN5T
01KZV5Q32EYAX846JCS34HDX33,for replacement - broken unit,01KZRTCK0ADMHZHHRCYBPAS4E4,01KZRRGW14THZB9B34PPHZSFE2,01KZRW4877MFF924CSKP3J6WW4,2026-08-23 18:02:06.840256+08,2026-08-23 18:02:06.840256+08,01KZRRGW14KVWBG89MRPJPJBXC,01KZRRGW14KBMMYGKVHMX9RQD8
01KZV5Q32EK4S5Y3TZG3KPADS4,for downgrade,01KZRTCK0GF6MN2Q4H2087EGE7,01KZRRGW14X9Y2N7Y1J43BS87F,01KZRW4877SBDJ1EK7XZMJJQ2W,2026-08-23 18:02:06.840256+08,2026-08-23 18:02:06.840256+08,01KZRRGW14THZB9B34PPHZSFE2,01KZRRGW14K9GDB2KGW0SVFJBM
01KZV5Q32EJRKA2B9ZX08XE53T,for downgrade,01KZRTCK0EKN2D2B328YJ1WW2H,01KZRRGW14FX4FRK4R4E3MKR5J,01KZRW4877CATZ1KPW5MYDDBWC,2026-08-23 18:02:06.840256+08,2026-08-23 18:02:06.840256+08,01KZRRGW1448AZYH3Y9E70DS21,01KZRRGW140MQ9ZE887EQDG87Z
01KZV5Q32EXYGPYB5JRGP9QKB1,pullout by distributor,01KZRTCK0GD8AF8BTK4T4B9DJD,01KZRRGW14DC1V4DFEXXX74JBW,01KZRW48779CWAQ752ZGCV7AN3,2026-08-23 18:02:06.840256+08,2026-08-23 18:02:06.840256+08,01KZRRGW147SW8PDR6Z12DT4B9,01KZRRGW14EVYGVAR1F5M4N714
01KZV5Q32FCK2GHQKD9WSPBQZ1,deployment,01KZRTCK09WY48TBEW82X4ANB8,01KZRRGW14SVP3PKMRRXC2J621,01KZRW48777JDTMGDM6JZY87AF,2026-08-23 18:02:06.840256+08,2026-08-23 18:02:06.840256+08,01KZRRGW14X04WHWJ78QR6J8H3,01KZRRGW14X9Y2N7Y1J43BS87F
01KZV5Q32F504MYR4SDCAWZNEA,deployment,01KZRTCK0G0YCS65GWQ8Q0F0XT,01KZRRGW14WH1V6PTWDSASC4XK,01KZRW4877FQ91CFKG4PJTR1JJ,2026-08-23 18:02:06.840256+08,2026-08-23 18:02:06.840256+08,01KZRRGW14W9JF1K1J0X6X34N8,01KZRRGW1442K27HM42RTFZG1M
01KZV5Q32FSJ2Y983HNSW2B7XW,for pullout,01KZRTCK0EGEKY4EKT9Q96046A,01KZRRGW147SW8PDR6Z12DT4B9,01KZRW4877B3D0MZHS3AQRJ814,2026-08-23 18:02:06.840256+08,2026-08-23 18:02:06.840256+08,01KZRRGW14J5MRZ241JHXYMPE5,01KZRRGW14SVP3PKMRRXC2J621
01KZV5Q32FSEAY2KKVT7G44XW1,for replacement - broken unit,01KZRTCK0DEW20409ZB44XFM72,01KZRRGW14N5VHBCMAJGNJ0GJH,01KZRW4877NAVZSR88Z0ZHKRW9,2026-08-23 18:02:06.840256+08,2026-08-23 18:02:06.840256+08,01KZRRGW14K9GDB2KGW0SVFJBM,01KZRRGW14J5MRZ241JHXYMPE5
01KZV5Q32FWK3BYEQAJ12GNNE6,pullout by distributor,01KZRTCK0GSBVZEVQQ2S050RP5,01KZRRGW14200T0G4QVVJEZMW1,01KZRW4877BKP2FRH1B8G1CTC9,2026-08-23 18:02:06.840256+08,2026-08-23 18:02:06.840256+08,01KZRRGW14X04WHWJ78QR6J8H3,01KZRRGW14SVP3PKMRRXC2J621
01KZV5Q32FY8JHFSV1KJ4C6YKA,for upgrade,01KZRTCK09QKQA7PRHSYWQHPGZ,01KZRRGW14N56M3HGFGXE3FN5T,01KZRW48774A2DK7QW4RW8GRQD,2026-08-23 18:02:06.840256+08,2026-08-23 18:02:06.840256+08,01KZRRGW14VWS3587600FPGYJJ,01KZRRGW1448AZYH3Y9E70DS21
01KZV5Q32F61B514T5HCKZD2DA,deployment,01KZRTCK09GQT701TNJDT5C1JP,01KZRRGW14N5VHBCMAJGNJ0GJH,01KZRW4877JT4P6WNFK8H35SP9,2026-08-23 18:02:06.840256+08,2026-08-23 18:02:06.840256+08,01KZRRGW149RPSGBHQY8MZC6NF,01KZRRGW14XPKB44H9B6WS515H
01KZV5Q32FM4BWABEY3QGMABBM,for replacement - broken unit,01KZRTCK0BRM6G9VK7VCHRM0H8,01KZRRGW146F8C4946XJM2S6EC,01KZRW4877VGS7YRYB4P0A5H4N,2026-08-23 18:02:06.840256+08,2026-08-23 18:02:06.840256+08,01KZRRGW14WSB3JJJKQDEREKF3,01KZRRGW143XAZME28X8CPEY8S
01KZV5Q32FD54C5504FX5BNDQA,pullout by distributor,01KZRTCK0CRPK7GMM4D2FWBGVG,01KZRRGW1442K27HM42RTFZG1M,01KZRW4877C3T2MSDMNBQ24EB4,2026-08-23 18:02:06.840256+08,2026-08-23 18:02:06.840256+08,01KZRRGW149RPSGBHQY8MZC6NF,01KZRRGW147SW8PDR6Z12DT4B9
01KZV5Q32FB3FBSAZHRAJSKWJ6,for downgrade,01KZRTCK0AKW3WT9N3VW1A0EQY,01KZRRGW14N9EVMX0Z1ZRJRRAH,01KZRW4877RK7R5ZV77193KMDQ,2026-08-23 18:02:06.840256+08,2026-08-23 18:02:06.840256+08,01KZRRGW14DC1V4DFEXXX74JBW,01KZRRGW14EVYGVAR1F5M4N714
01KZV5Q32FEYEKSFM22959N2V5,for replacement - broken unit,01KZRTCK0D32PQZ49N7W9RYQT0,01KZRRGW14200T0G4QVVJEZMW1,01KZRW48779S54N1CEJC2Y3AZY,2026-08-23 18:02:06.840256+08,2026-08-23 18:02:06.840256+08,01KZRRGW147SW8PDR6Z12DT4B9,01KZRRGW14N9EVMX0Z1ZRJRRAH
01KZV5Q32FY1572MTRRGGG4A8X,pullout by distributor,01KZRTCK09DDM89Y7B0RB7Y4NT,01KZRRGW14DC1V4DFEXXX74JBW,01KZRW4877Z1GGC6GJTVS7J2AP,2026-08-23 18:02:06.840256+08,2026-08-23 18:02:06.840256+08,01KZRRGW14DC1V4DFEXXX74JBW,01KZRRGW14MXEWF9HMYNXVS5ER
01KZV5Q32F7TN14R66P9K9S7X8,for pullout,01KZRTCK0AVP8VPXMGC3W7CZ6Y,01KZRRGW1442K27HM42RTFZG1M,01KZRW4877AZR5K32Y5PAGXHRC,2026-08-23 18:02:06.840256+08,2026-08-23 18:02:06.840256+08,01KZRRGW14J5MRZ241JHXYMPE5,01KZRRGW14K9GDB2KGW0SVFJBM
01KZV5Q32FQMCKZX650M683FNN,pullout by dealer,01KZRTCK0D2N9CTQA40NE298EB,01KZRRGW147SW8PDR6Z12DT4B9,01KZRW4877B4VKB2E5TT4BWFP8,2026-08-23 18:02:06.840256+08,2026-08-23 18:02:06.840256+08,01KZRRGW14DC1V4DFEXXX74JBW,01KZRRGW14JQ7JEW5HBDS8P7VJ
01KZV5Q32F6YYMR36F608E5D1K,deployment,01KZRTCK0E2W8H97XT7FX0SE39,01KZRRGW14EVYGVAR1F5M4N714,01KZRW4877J6H9QTAKXMT8A2FE,2026-08-23 18:02:06.840256+08,2026-08-23 18:02:06.840256+08,01KZRRGW14K9GDB2KGW0SVFJBM,01KZRRGW14PHE1YJB3BS55XR3K
01KZV5Q32F0FS2M34A4TGW9K6N,for pullout,01KZRTCK0GR9N21MD31VNZ4MGN,01KZRRGW147SW8PDR6Z12DT4B9,01KZRW4877E1K1FVC8Z9DHP6KE,2026-08-23 18:02:06.840256+08,2026-08-23 18:02:06.840256+08,01KZRRGW14SVP3PKMRRXC2J621,01KZRRGW147SW8PDR6Z12DT4B9
01KZV5Q32FWW136CGW56HEHANA,pullout by distributor,01KZRTCK0CT0BJRH15H5BAZ5ZB,01KZRRGW1442K27HM42RTFZG1M,01KZRW4877B4VKB2E5TT4BWFP8,2026-08-23 18:02:06.840256+08,2026-08-23 18:02:06.840256+08,01KZRRGW14XPKB44H9B6WS515H,01KZRRGW14X9Y2N7Y1J43BS87F
01KZV5Q32FVQVKNV2ZYF3VC63D,for upgrade,01KZRTCK09MBGRQZ918B0JYQNE,01KZRRGW14FX4FRK4R4E3MKR5J,01KZRW487741KD7GWF4QB79EFH,2026-08-23 18:02:06.840256+08,2026-08-23 18:02:06.840256+08,01KZRRGW14W9JF1K1J0X6X34N8,01KZRRGW14X9Y2N7Y1J43BS87F
01KZV5Q32F6MZAA6SR6WXGD6EP,pullout by distributor,01KZRTCK0DDZXDH4NJT0BQ6C0Z,01KZRRGW1448AZYH3Y9E70DS21,01KZRW4877F027DTG1RSTES089,2026-08-23 18:02:06.840256+08,2026-08-23 18:02:06.840256+08,01KZRRGW14THZB9B34PPHZSFE2,01KZRRGW14SVP3PKMRRXC2J621
01KZV5Q32F36MVRKHZM3XGQT6X,deployment,01KZRTCK0DQYHSHQW9T5T0BNBS,01KZRRGW14KMGR1H2QPNVXB420,01KZRW4877E1K1FVC8Z9DHP6KE,2026-08-23 18:02:06.840256+08,2026-08-23 18:02:06.840256+08,01KZRRGW140MQ9ZE887EQDG87Z,01KZRRGW14WH1V6PTWDSASC4XK
01KZV5Q32FMXCSR3HAHWB4MZQV,for upgrade,01KZRTCK0A3KJGBGWMS8Y0S0K6,01KZRRGW14KBMMYGKVHMX9RQD8,01KZRW4877VZEYQPDKKQXF13AV,2026-08-23 18:02:06.840256+08,2026-08-23 18:02:06.840256+08,01KZRRGW14KBMMYGKVHMX9RQD8,01KZRRGW14JQ7JEW5HBDS8P7VJ
01KZV5Q32F9FWW7CHGHJ42Y1VB,deployment,01KZRTCK0FDZ132JNVAJDRFRB3,01KZRRGW14KVWBG89MRPJPJBXC,01KZRW4877QZNEVFAY7G115HT9,2026-08-23 18:02:06.840256+08,2026-08-23 18:02:06.840256+08,01KZRRGW14X9Y2N7Y1J43BS87F,01KZRRGW146F8C4946XJM2S6EC
01KZV5Q32FJCBRNZY8WW91QHEM,for upgrade,01KZRTCK0GD3KSYHKYZ817VG0Q,01KZRRGW14J5MRZ241JHXYMPE5,01KZRW48773GHQQ4H8241WY49R,2026-08-23 18:02:06.840256+08,2026-08-23 18:02:06.840256+08,01KZRRGW14N5VHBCMAJGNJ0GJH,01KZRRGW1448AZYH3Y9E70DS21
01KZV5Q32FG3KZA2TQ86MZ209J,for downgrade,01KZRTCK0F18GFJGT1TF7QT9SD,01KZRRGW14EVYGVAR1F5M4N714,01KZRW4877D5ZY6TAERNGTV34K,2026-08-23 18:02:06.840256+08,2026-08-23 18:02:06.840256+08,01KZRRGW14G35YB41SN7AN85CV,01KZRRGW14FX4FRK4R4E3MKR5J
01KZV5Q32FMYC90JBTKEN85XP9,for downgrade,01KZRTCK0EFF74DNPMQBMAV6VJ,01KZRRGW14WSB3JJJKQDEREKF3,01KZRW4877TRFEBWEFKEZC1X5H,2026-08-23 18:02:06.840256+08,2026-08-23 18:02:06.840256+08,01KZRRGW14EVYGVAR1F5M4N714,01KZRRGW14PHE1YJB3BS55XR3K
01KZV5Q32FVH8ZK1RX5ZV7XW7C,deployment,01KZRTCK0GD8AF8BTK4T4B9DJD,01KZRRGW14EVYGVAR1F5M4N714,01KZRW4877HTSZDBP5ZKDZNQYA,2026-08-23 18:02:06.840256+08,2026-08-23 18:02:06.840256+08,01KZRRGW14XPKB44H9B6WS515H,01KZRRGW14RBSVD8GEY7WA5YWC
01KZV5Q32FYNM1JAKPMAES2H66,for upgrade,01KZRTCK0EAFH5TWYC1JCSMC1N,01KZRRGW14X04WHWJ78QR6J8H3,01KZRW48771VS10A2E45E408EC,2026-08-23 18:02:06.840256+08,2026-08-23 18:02:06.840256+08,01KZRRGW1448AZYH3Y9E70DS21,01KZRRGW14N5VHBCMAJGNJ0GJH
01KZV5Q32F8X95NNSGBWP7Q3A5,pullout by distributor,01KZRTCK0GMDM40TGX0C3EYTK7,01KZRRGW14A7VW9HY70W2ZKDCX,01KZRW4877SVSEW2MKDM1JJJMY,2026-08-23 18:02:06.840256+08,2026-08-23 18:02:06.840256+08,01KZRRGW14WH1V6PTWDSASC4XK,01KZRRGW14SVP3PKMRRXC2J621
01KZV5Q32FQ4NX1G5T79RYPPWR,for replacement - broken unit,01KZRTCK0EXZC6P5W4YHXKRDYG,01KZRRGW14Y65J9N71RS7C99PT,01KZRW4877G39D68T0PQZ5M81A,2026-08-23 18:02:06.840256+08,2026-08-23 18:02:06.840256+08,01KZRRGW14N56M3HGFGXE3FN5T,01KZRRGW14KBMMYGKVHMX9RQD8
01KZV5Q32F8Y8C7HRCYNS8ZWM6,for downgrade,01KZRTCK0CT7001ZQ6X2W5WS1G,01KZRRGW14WSB3JJJKQDEREKF3,01KZRW4877B4VKB2E5TT4BWFP8,2026-08-23 18:02:06.840256+08,2026-08-23 18:02:06.840256+08,01KZRRGW14W9JF1K1J0X6X34N8,01KZRRGW140MQ9ZE887EQDG87Z
01KZV5Q32FMHRFE43CXHP5YWJ1,for pullout,01KZRTCK0BC3D1HAFD5T2AMNFB,01KZRRGW14DC1V4DFEXXX74JBW,01KZRW4877C3T2MSDMNBQ24EB4,2026-08-23 18:02:06.840256+08,2026-08-23 18:02:06.840256+08,01KZRRGW1448AZYH3Y9E70DS21,01KZRRGW140MQ9ZE887EQDG87Z
01KZV5Q32FDBXE0APVK50D0B5E,for downgrade,01KZRTCK0ANJQVREKV0BCZPGRZ,01KZRRGW14A7VW9HY70W2ZKDCX,01KZRW4877HVT4X8HFK0HTQ94N,2026-08-23 18:02:06.840256+08,2026-08-23 18:02:06.840256+08,01KZRRGW14RBSVD8GEY7WA5YWC,01KZRRGW1442K27HM42RTFZG1M
01KZV5Q32F2R4TR6E1DJ09YK6Q,pullout by distributor,01KZRTCK0EW34YQN3FKXZ8TVGE,01KZRRGW14J5MRZ241JHXYMPE5,01KZRW4877TRFEBWEFKEZC1X5H,2026-08-23 18:02:06.840256+08,2026-08-23 18:02:06.840256+08,01KZRRGW14A7VW9HY70W2ZKDCX,01KZRRGW14MXEWF9HMYNXVS5ER
01KZV5Q32FKNMBNV62FEC7B9DC,deployment,01KZRTCK0CBXEG1ZT841426ERM,01KZRRGW14KVWBG89MRPJPJBXC,01KZRW4877JGM1JN0BBQ9YM7WK,2026-08-23 18:02:06.840256+08,2026-08-23 18:02:06.840256+08,01KZRRGW14Y65J9N71RS7C99PT,01KZRRGW147SW8PDR6Z12DT4B9
01KZV5Q32GWMZHA129CSH0022K,pullout by distributor,01KZRTCK09RQHMVGFDXFCR9332,01KZRRGW14KVWBG89MRPJPJBXC,01KZRW487741KD7GWF4QB79EFH,2026-08-23 18:02:06.840256+08,2026-08-23 18:02:06.840256+08,01KZRRGW14FX4FRK4R4E3MKR5J,01KZRRGW142RC6MARTSS19R7GK
01KZV5Q32GSG5PJ5CRQ4XDWRVG,for replacement - broken unit,01KZRTCK0GBTKTBM7T570JY27A,01KZRRGW1448AZYH3Y9E70DS21,01KZRW48779V159SGJGWDHBYTJ,2026-08-23 18:02:06.840256+08,2026-08-23 18:02:06.840256+08,01KZRRGW14XPKB44H9B6WS515H,01KZRRGW14SVP3PKMRRXC2J621
01KZV5Q32GRMRTM16AYVVQWR36,pullout by distributor,01KZRTCK0GNFC86CEGEH9G48FS,01KZRRGW142XAJ3EN2YJAF1HJB,01KZRW4877JD5H1HZVRFSFTM98,2026-08-23 18:02:06.840256+08,2026-08-23 18:02:06.840256+08,01KZRRGW14VWS3587600FPGYJJ,01KZRRGW1448AZYH3Y9E70DS21
01KZV5Q32GZAV833B09PW6XMZX,pullout by dealer,01KZRTCK0AJ6TTHR7HEP32ZGH0,01KZRRGW14FX4FRK4R4E3MKR5J,01KZRW4877VZEYQPDKKQXF13AV,2026-08-23 18:02:06.840256+08,2026-08-23 18:02:06.840256+08,01KZRRGW14THZB9B34PPHZSFE2,01KZRRGW143DR9TSRKKQDPRDKM
01KZV5Q32GAHK3ZGCG1AZH57Z8,for pullout,01KZRTCK0AE1Z1A7VY2VZAB2QN,01KZRRGW14JQ7JEW5HBDS8P7VJ,01KZRW48778X9EQJ3KN65YC121,2026-08-23 18:02:06.840256+08,2026-08-23 18:02:06.840256+08,01KZRRGW14RBSVD8GEY7WA5YWC,01KZRRGW14K9GDB2KGW0SVFJBM
01KZV5Q32GRHGP36EFB43D9QC1,for replacement - broken unit,01KZRTCK0CC0HGPX4D3KT1ED57,01KZRRGW142RC6MARTSS19R7GK,01KZRW48771S3VZMTY431CY71G,2026-08-23 18:02:06.840256+08,2026-08-23 18:02:06.840256+08,01KZRRGW14N5VHBCMAJGNJ0GJH,01KZRRGW14X9Y2N7Y1J43BS87F
01KZV5Q32GM1QXBEYST58R8Z7V,for upgrade,01KZRTCK0CJJKTTP3ZYEWWJE3T,01KZRRGW14VWS3587600FPGYJJ,01KZRW4877J6H9QTAKXMT8A2FE,2026-08-23 18:02:06.840256+08,2026-08-23 18:02:06.840256+08,01KZRRGW14VWS3587600FPGYJJ,01KZRRGW14WSB3JJJKQDEREKF3
01KZV5Q32GTMTQZPG4XQC0W9VW,for replacement - broken unit,01KZRTCK0BMV0VC8R2MB5ED4VH,01KZRRGW14W9JF1K1J0X6X34N8,01KZRW4877B3D0MZHS3AQRJ814,2026-08-23 18:02:06.840256+08,2026-08-23 18:02:06.840256+08,01KZRRGW14MXEWF9HMYNXVS5ER,01KZRRGW14X04WHWJ78QR6J8H3
01KZV5Q32GACF0JV0PR5T9WFXX,pullout by distributor,01KZRTCK0ANE4VVNP7M9Q0A1D7,01KZRRGW14MXEWF9HMYNXVS5ER,01KZRW4877F027DTG1RSTES089,2026-08-23 18:02:06.840256+08,2026-08-23 18:02:06.840256+08,01KZRRGW14SVP3PKMRRXC2J621,01KZRRGW14G35YB41SN7AN85CV
01KZV5Q32GB2WMQW4JG9DV6KM2,for upgrade,01KZRTCK0B0ET9WRBR0G21QAK9,01KZRRGW14K9GDB2KGW0SVFJBM,01KZRW4877QESJQX4TK48W4NS1,2026-08-23 18:02:06.840256+08,2026-08-23 18:02:06.840256+08,01KZRRGW140MQ9ZE887EQDG87Z,01KZRRGW14W9JF1K1J0X6X34N8
01KZV5Q32G267E0D8CAKR6SAT0,deployment,01KZRTCK0AK305Q92JNJ1FVX13,01KZRRGW14XPKB44H9B6WS515H,01KZRW48774CQFFFPSV57ZNBPR,2026-08-23 18:02:06.840256+08,2026-08-23 18:02:06.840256+08,01KZRRGW14N9EVMX0Z1ZRJRRAH,01KZRRGW14JQ7JEW5HBDS8P7VJ
01KZV5Q32G44HSDDWWDYFBN0QQ,deployment,01KZRTCK09PCCNS10DCCW33HEX,01KZRRGW14K9GDB2KGW0SVFJBM,01KZRW48773C4ZFCJ993MWDQBY,2026-08-23 18:02:06.840256+08,2026-08-23 18:02:06.840256+08,01KZRRGW142XAJ3EN2YJAF1HJB,01KZRRGW14EVYGVAR1F5M4N714
01KZV5Q32GBJSF29R9H3SM9Y3Y,pullout by distributor,01KZRTCK0DHJQ0BH909V6C9ZWP,01KZRRGW14JQ7JEW5HBDS8P7VJ,01KZRW4877Z8TPYQZSPSR7KQ3R,2026-08-23 18:02:06.840256+08,2026-08-23 18:02:06.840256+08,01KZRRGW142RC6MARTSS19R7GK,01KZRRGW1442K27HM42RTFZG1M
01KZV5Q32GNRK3Q9VJRBY4CQ71,for replacement - broken unit,01KZRTCK0C3AA53Q449TFB27JW,01KZRRGW14200T0G4QVVJEZMW1,01KZRW48771S3VZMTY431CY71G,2026-08-23 18:02:06.840256+08,2026-08-23 18:02:06.840256+08,01KZRRGW14W9JF1K1J0X6X34N8,01KZRRGW14200T0G4QVVJEZMW1
01KZV5Q32GSN7JBTCESBKP2H8Z,for replacement - broken unit,01KZRTCK0AMP43S2KEKS9TB4MA,01KZRRGW14KMGR1H2QPNVXB420,01KZRW4877T3XV4P4JY2BTWW8J,2026-08-23 18:02:06.840256+08,2026-08-23 18:02:06.840256+08,01KZRRGW14KMGR1H2QPNVXB420,01KZRRGW14WH1V6PTWDSASC4XK
01KZV5Q32G9STD98YKXZEEY9JX,pullout by dealer,01KZRTCK09THP8KMY713KEC42C,01KZRRGW14THZB9B34PPHZSFE2,01KZRW4877570TMPXQJ6F3CTPG,2026-08-23 18:02:06.840256+08,2026-08-23 18:02:06.840256+08,01KZRRGW14J5MRZ241JHXYMPE5,01KZRRGW147SW8PDR6Z12DT4B9
01KZV5Q32G4MZS5J3G8T2XMXQR,deployment,01KZRTCK0GD8AF8BTK4T4B9DJD,01KZRRGW14KBMMYGKVHMX9RQD8,01KZRW4877V5PZPAVH7Z3DSPSZ,2026-08-23 18:02:06.840256+08,2026-08-23 18:02:06.840256+08,01KZRRGW1442K27HM42RTFZG1M,01KZRRGW14FX4FRK4R4E3MKR5J
01KZV5Q32GRFDXDJWNRNKWZ4JY,pullout by distributor,01KZRTCK0GB6EC5TCGDNRBC08Y,01KZRRGW14THZB9B34PPHZSFE2,01KZRW48771BV67J8RNDGKP3AK,2026-08-23 18:02:06.840256+08,2026-08-23 18:02:06.840256+08,01KZRRGW14G35YB41SN7AN85CV,01KZRRGW14WSB3JJJKQDEREKF3
01KZV5Q32GZNE028W86R30CHBV,for pullout,01KZRTCK099CJR80GFY52Q88JH,01KZRRGW14SVP3PKMRRXC2J621,01KZRW4877FZS8TFJN9ZMN5RWV,2026-08-23 18:02:06.840256+08,2026-08-23 18:02:06.840256+08,01KZRRGW142XAJ3EN2YJAF1HJB,01KZRRGW14JQ7JEW5HBDS8P7VJ
01KZV5Q32GNKFHB0K0JS15TWD9,pullout by distributor,01KZRTCK0BV6TQ5EWMBW49ZN4E,01KZRRGW14DC1V4DFEXXX74JBW,01KZRW4877B9B3MX4SDENM2X4F,2026-08-23 18:02:06.840256+08,2026-08-23 18:02:06.840256+08,01KZRRGW14X04WHWJ78QR6J8H3,01KZRRGW143XAZME28X8CPEY8S
01KZV5Q32GE7G4027P39PSJ3VX,for upgrade,01KZRTCK0CEC6WXS6MCDM4NNWC,01KZRRGW14W9JF1K1J0X6X34N8,01KZRW48779R4JNZ47ZW2T3PQB,2026-08-23 18:02:06.840256+08,2026-08-23 18:02:06.840256+08,01KZRRGW14KMGR1H2QPNVXB420,01KZRRGW1448AZYH3Y9E70DS21
01KZV5Q32GAQW35C93G0QGV40D,for upgrade,01KZRTCK09MV1Y5NEZ6VXE3HS1,01KZRRGW14MXEWF9HMYNXVS5ER,01KZRW48778GNNZ5BFJZ0VXNNN,2026-08-23 18:02:06.840256+08,2026-08-23 18:02:06.840256+08,01KZRRGW146F8C4946XJM2S6EC,01KZRRGW14EVYGVAR1F5M4N714
01KZV5Q32GQ6GX6NB0W4AFQDW0,pullout by distributor,01KZRTCK090THH65VT7Z8XH6DP,01KZRRGW14N56M3HGFGXE3FN5T,01KZRW487741KD7GWF4QB79EFH,2026-08-23 18:02:06.840256+08,2026-08-23 18:02:06.840256+08,01KZRRGW14N56M3HGFGXE3FN5T,01KZRRGW14KMGR1H2QPNVXB420
01KZV5Q32GKYZ57J4G48XPFGSS,for replacement - broken unit,01KZRTCK09GPF9GZPNA2A2Y4M8,01KZRRGW14Y65J9N71RS7C99PT,01KZRW4877TQ7065A4RCCYE8SH,2026-08-23 18:02:06.840256+08,2026-08-23 18:02:06.840256+08,01KZRRGW14X04WHWJ78QR6J8H3,01KZRRGW14JQ7JEW5HBDS8P7VJ
01KZV5Q32GPZXJ7Z6HBP8T1360,for replacement - broken unit,01KZRTCK09FAC0GX95W662NY1E,01KZRRGW146F8C4946XJM2S6EC,01KZRW4877K9M9E39HTSQE6N4Q,2026-08-23 18:02:06.840256+08,2026-08-23 18:02:06.840256+08,01KZRRGW14N56M3HGFGXE3FN5T,01KZRRGW1442K27HM42RTFZG1M
01KZV5Q32GXDP3THCHQ9F5NFBG,pullout by distributor,01KZRTCK09CJ6HP50ZGWAQY2QQ,01KZRRGW14VWS3587600FPGYJJ,01KZRW4877V5PZPAVH7Z3DSPSZ,2026-08-23 18:02:06.840256+08,2026-08-23 18:02:06.840256+08,01KZRRGW14200T0G4QVVJEZMW1,01KZRRGW14K9GDB2KGW0SVFJBM
01KZV5Q32GPMC91J25DHD8RDVS,for pullout,01KZRTCK0EKN2D2B328YJ1WW2H,01KZRRGW142XAJ3EN2YJAF1HJB,01KZRW4877QYTMJX48NHFYBFCC,2026-08-23 18:02:06.840256+08,2026-08-23 18:02:06.840256+08,01KZRRGW1448AZYH3Y9E70DS21,01KZRRGW14XPKB44H9B6WS515H
01KZV5Q32G7X1SQ5FN50197Z3X,for downgrade,01KZRTCK0EAFH5TWYC1JCSMC1N,01KZRRGW14J5MRZ241JHXYMPE5,01KZRW4877B4VKB2E5TT4BWFP8,2026-08-23 18:02:06.840256+08,2026-08-23 18:02:06.840256+08,01KZRRGW143DR9TSRKKQDPRDKM,01KZRRGW14A7VW9HY70W2ZKDCX
01KZV5Q32GZA0KYMKAVBG196Q2,for pullout,01KZRTCK0AFWS87JG0W01SNZHE,01KZRRGW14N5VHBCMAJGNJ0GJH,01KZRW4877W4J1M6PJM0QPSR4V,2026-08-23 18:02:06.840256+08,2026-08-23 18:02:06.840256+08,01KZRRGW14PHE1YJB3BS55XR3K,01KZRRGW143DR9TSRKKQDPRDKM
01KZV5Q32G7BMQZKYAAMBZC1Y6,for upgrade,01KZRTCK0G4FH27JKTQD3JC1JE,01KZRRGW14G35YB41SN7AN85CV,01KZRW4877FZS8TFJN9ZMN5RWV,2026-08-23 18:02:06.840256+08,2026-08-23 18:02:06.840256+08,01KZRRGW14X9Y2N7Y1J43BS87F,01KZRRGW1448AZYH3Y9E70DS21
01KZV5Q32GNQJEBNYHSM8AA39R,for pullout,01KZRTCK09DHFCMHQNJX94Z9BG,01KZRRGW14N9EVMX0Z1ZRJRRAH,01KZRW48778X9EQJ3KN65YC121,2026-08-23 18:02:06.840256+08,2026-08-23 18:02:06.840256+08,01KZRRGW14DC1V4DFEXXX74JBW,01KZRRGW146F8C4946XJM2S6EC
01KZV5Q32HF05CY8H93V3D6VYG,pullout by dealer,01KZRTCK0D0T9KQRQB997BVJZY,01KZRRGW142XAJ3EN2YJAF1HJB,01KZRW4877T3XV4P4JY2BTWW8J,2026-08-23 18:02:06.840256+08,2026-08-23 18:02:06.840256+08,01KZRRGW14RBSVD8GEY7WA5YWC,01KZRRGW14THZB9B34PPHZSFE2
01KZV5Q32HSDFRK5QK3A6G1NRZ,pullout by distributor,01KZRTCK09T1NQMD9NFP2XS7PH,01KZRRGW14KMGR1H2QPNVXB420,01KZRW48779R4JNZ47ZW2T3PQB,2026-08-23 18:02:06.840256+08,2026-08-23 18:02:06.840256+08,01KZRRGW14A7VW9HY70W2ZKDCX,01KZRRGW14EVYGVAR1F5M4N714
01KZV5Q32HTA9NH0KEMZP40CJ1,deployment,01KZRTCK0CNX0QY6P7ZKNTK327,01KZRRGW1442K27HM42RTFZG1M,01KZRW4877EFAE21HQ86WYE6X8,2026-08-23 18:02:06.840256+08,2026-08-23 18:02:06.840256+08,01KZRRGW14G35YB41SN7AN85CV,01KZRRGW140MQ9ZE887EQDG87Z
01KZV5Q32H1K263GFA3EZBWWDQ,for pullout,01KZRTCK0FJ204TWAYFAFB4EAF,01KZRRGW14N56M3HGFGXE3FN5T,01KZRW48771BV67J8RNDGKP3AK,2026-08-23 18:02:06.840256+08,2026-08-23 18:02:06.840256+08,01KZRRGW14THZB9B34PPHZSFE2,01KZRRGW140MQ9ZE887EQDG87Z
01KZV5Q32H8VJQC1893HTKM1Z3,deployment,01KZRTCK0GD3KSYHKYZ817VG0Q,01KZRRGW14X04WHWJ78QR6J8H3,01KZRW4877V0J57H3JPGGS28WZ,2026-08-23 18:02:06.840256+08,2026-08-23 18:02:06.840256+08,01KZRRGW14PHE1YJB3BS55XR3K,01KZRRGW14200T0G4QVVJEZMW1
01KZV5Q32HSP8X4AKDKPX3FXYY,for replacement - broken unit,01KZRTCK09BBH1YX3X7ZTJQ3YB,01KZRRGW14Z2V2BPKDSQ6DKV67,01KZRW4877HQV77AK3B14GNXZ1,2026-08-23 18:02:06.840256+08,2026-08-23 18:02:06.840256+08,01KZRRGW14WSB3JJJKQDEREKF3,01KZRRGW146F8C4946XJM2S6EC
01KZV5Q32HP13E0D14TZHV8ATM,pullout by distributor,01KZRTCK0ETXRGC98V4XRVR8AN,01KZRRGW14FX4FRK4R4E3MKR5J,01KZRW4877T3XV4P4JY2BTWW8J,2026-08-23 18:02:06.840256+08,2026-08-23 18:02:06.840256+08,01KZRRGW146F8C4946XJM2S6EC,01KZRRGW147SW8PDR6Z12DT4B9
01KZV5Q32HQS2X3EDEB21MMK1P,pullout by distributor,01KZRTCK08K2T65SFFGMW00359,01KZRRGW14N56M3HGFGXE3FN5T,01KZRW487701VM9C8JDQAVM50G,2026-08-23 18:02:06.840256+08,2026-08-23 18:02:06.840256+08,01KZRRGW142XAJ3EN2YJAF1HJB,01KZRRGW14FX4FRK4R4E3MKR5J
01KZV5Q32HZE7Z9406TGA9FJ9M,for upgrade,01KZRTCK0GZ7RKY3M73CPHDFCK,01KZRRGW14WSB3JJJKQDEREKF3,01KZRW4877AMSR96T952JSFTS6,2026-08-23 18:02:06.840256+08,2026-08-23 18:02:06.840256+08,01KZRRGW14J5MRZ241JHXYMPE5,01KZRRGW14FX4FRK4R4E3MKR5J
01KZV5Q32HBQ1MS14R2B6KHFF0,pullout by dealer,01KZRTCK0HAFXMSMEWT5R0CHVR,01KZRRGW14THZB9B34PPHZSFE2,01KZRW4877GVVZRA6JKSTGEVNK,2026-08-23 18:02:06.840256+08,2026-08-23 18:02:06.840256+08,01KZRRGW14MXEWF9HMYNXVS5ER,01KZRRGW14G35YB41SN7AN85CV
01KZV5Q32HHY4SGSAA81TMAG12,pullout by distributor,01KZRTCK0CC1J9ZE3R671PHB32,01KZRRGW142RC6MARTSS19R7GK,01KZRW4877A147WBBGMNMTXNA3,2026-08-23 18:02:06.840256+08,2026-08-23 18:02:06.840256+08,01KZRRGW146F8C4946XJM2S6EC,01KZRRGW14KVWBG89MRPJPJBXC
01KZV5Q32HHTQ5RVQ12CFF9C15,deployment,01KZRTCK0GAPT4H87ZJ94VTE39,01KZRRGW14J5MRZ241JHXYMPE5,01KZRW4877S7NXK01W1S3HFM9Z,2026-08-23 18:02:06.840256+08,2026-08-23 18:02:06.840256+08,01KZRRGW14K9GDB2KGW0SVFJBM,01KZRRGW14DC1V4DFEXXX74JBW
01KZV5Q32H7DEJBEEG7WH5N56V,for downgrade,01KZRTCK0BNB7XBCVZAQ2AR9M1,01KZRRGW14FX4FRK4R4E3MKR5J,01KZRW4877MFF924CSKP3J6WW4,2026-08-23 18:02:06.840256+08,2026-08-23 18:02:06.840256+08,01KZRRGW142RC6MARTSS19R7GK,01KZRRGW14N9EVMX0Z1ZRJRRAH
01KZV5Q32HQJSH80YR7BFY3BQ1,pullout by dealer,01KZRTCK0FGWAZT5HV7QPT7GD3,01KZRRGW143DR9TSRKKQDPRDKM,01KZRW48774CQFFFPSV57ZNBPR,2026-08-23 18:02:06.840256+08,2026-08-23 18:02:06.840256+08,01KZRRGW1442K27HM42RTFZG1M,01KZRRGW1448AZYH3Y9E70DS21
01KZV5Q32H1WAPNEN2T00XN0M9,deployment,01KZRTCK09PJAFN0927Z11SSXG,01KZRRGW143XAZME28X8CPEY8S,01KZRW4877R9Q45MFW4A93MM51,2026-08-23 18:02:06.840256+08,2026-08-23 18:02:06.840256+08,01KZRRGW14FX4FRK4R4E3MKR5J,01KZRRGW14PHE1YJB3BS55XR3K
01KZV5Q32HEW7VV7QCTDKQ6REY,for replacement - broken unit,01KZRTCK0EEN6QKPGVEK3Y94H0,01KZRRGW14A7VW9HY70W2ZKDCX,01KZRW4877F027DTG1RSTES089,2026-08-23 18:02:06.840256+08,2026-08-23 18:02:06.840256+08,01KZRRGW14MXEWF9HMYNXVS5ER,01KZRRGW14JQ7JEW5HBDS8P7VJ
01KZV5Q32HMFFZZ0HEW7XGWGDG,pullout by distributor,01KZRTCK0FJ204TWAYFAFB4EAF,01KZRRGW14G35YB41SN7AN85CV,01KZRW48773TK4Y7T9N1T5N0JM,2026-08-23 18:02:06.840256+08,2026-08-23 18:02:06.840256+08,01KZRRGW14VWS3587600FPGYJJ,01KZRRGW14N9EVMX0Z1ZRJRRAH
01KZV5Q32HK53B6949BQV2RV5E,for pullout,01KZRTCK09W43PB8H7GTEZPBE9,01KZRRGW14K9GDB2KGW0SVFJBM,01KZRW4877V5PZPAVH7Z3DSPSZ,2026-08-23 18:02:06.840256+08,2026-08-23 18:02:06.840256+08,01KZRRGW14200T0G4QVVJEZMW1,01KZRRGW14X04WHWJ78QR6J8H3
01KZV5Q32HFF20C5801X2KGZDB,pullout by dealer,01KZRTCK0CF1GTBQJAE1TKCT6Z,01KZRRGW1448AZYH3Y9E70DS21,01KZRW4877QZNEVFAY7G115HT9,2026-08-23 18:02:06.840256+08,2026-08-23 18:02:06.840256+08,01KZRRGW140MQ9ZE887EQDG87Z,01KZRRGW14K9GDB2KGW0SVFJBM
01KZV5Q32HA4DKKVHFCT2YMXZC,for upgrade,01KZRTCK0EZ23VHVB0YEESQ8B4,01KZRRGW14X04WHWJ78QR6J8H3,01KZRW4877MED929DRBY96SNBC,2026-08-23 18:02:06.840256+08,2026-08-23 18:02:06.840256+08,01KZRRGW14XPKB44H9B6WS515H,01KZRRGW140MQ9ZE887EQDG87Z
01KZV5Q32H16E5GSA2S8KV9W6H,for upgrade,01KZRTCK0E9VRXB2X1X784NBCE,01KZRRGW14KMGR1H2QPNVXB420,01KZRW4877B3D0MZHS3AQRJ814,2026-08-23 18:02:06.840256+08,2026-08-23 18:02:06.840256+08,01KZRRGW14WH1V6PTWDSASC4XK,01KZRRGW14JQ7JEW5HBDS8P7VJ
01KZV5Q32HDXEF40B2H74VRSJR,for downgrade,01KZRTCK0GE00TNY4ZJBWA6PY0,01KZRRGW14XPKB44H9B6WS515H,01KZRW4877RK7R5ZV77193KMDQ,2026-08-23 18:02:06.840256+08,2026-08-23 18:02:06.840256+08,01KZRRGW14KMGR1H2QPNVXB420,01KZRRGW14VWS3587600FPGYJJ
01KZV5Q32H7WJCR2ZA0FSBMEVJ,for pullout,01KZRTCK0AXEK1DFEBESVMVJ5D,01KZRRGW143DR9TSRKKQDPRDKM,01KZRW48773P9B1HDR1BKFG957,2026-08-23 18:02:06.840256+08,2026-08-23 18:02:06.840256+08,01KZRRGW14X04WHWJ78QR6J8H3,01KZRRGW14THZB9B34PPHZSFE2
01KZV5Q32H83PYCXEA82BEWAAH,pullout by distributor,01KZRTCK0E5BF0MZG6B4468W6Y,01KZRRGW14VWS3587600FPGYJJ,01KZRW4877MED929DRBY96SNBC,2026-08-23 18:02:06.840256+08,2026-08-23 18:02:06.840256+08,01KZRRGW14DC1V4DFEXXX74JBW,01KZRRGW14XPKB44H9B6WS515H
01KZV5Q32HB1P9BE3BN4PV8QF0,pullout by dealer,01KZRTCK0CHE4EMABHFK85SSXE,01KZRRGW14Y65J9N71RS7C99PT,01KZRW4877HQV77AK3B14GNXZ1,2026-08-23 18:02:06.840256+08,2026-08-23 18:02:06.840256+08,01KZRRGW14G35YB41SN7AN85CV,01KZRRGW14X04WHWJ78QR6J8H3
01KZV5Q32H0G3XFSEX1ZRY8R4D,for downgrade,01KZRTCK0GV68BW06WW51MJ7ZG,01KZRRGW14MXEWF9HMYNXVS5ER,01KZRW4877VGS7YRYB4P0A5H4N,2026-08-23 18:02:06.840256+08,2026-08-23 18:02:06.840256+08,01KZRRGW14N5VHBCMAJGNJ0GJH,01KZRRGW140MQ9ZE887EQDG87Z
01KZV5Q32HJ1HAC9ZPWWZRZ4MJ,for replacement - broken unit,01KZRTCK0EM2T547BMFCFG54J6,01KZRRGW14Z2V2BPKDSQ6DKV67,01KZRW4877HTSZDBP5ZKDZNQYA,2026-08-23 18:02:06.840256+08,2026-08-23 18:02:06.840256+08,01KZRRGW140MQ9ZE887EQDG87Z,01KZRRGW14WH1V6PTWDSASC4XK
01KZV5Q32H4R5ZFE0X6N5060ZC,pullout by dealer,01KZRTCK0G6PC451Y2FF1Y1NKE,01KZRRGW14X9Y2N7Y1J43BS87F,01KZRW4877B3D0MZHS3AQRJ814,2026-08-23 18:02:06.840256+08,2026-08-23 18:02:06.840256+08,01KZRRGW1448AZYH3Y9E70DS21,01KZRRGW14A7VW9HY70W2ZKDCX
01KZV5Q32H9CSQN1FRMTG3FNYF,for upgrade,01KZRTCK0G5HE6VCYV7JZD8CEM,01KZRRGW142RC6MARTSS19R7GK,01KZRW4877R9Q45MFW4A93MM51,2026-08-23 18:02:06.840256+08,2026-08-23 18:02:06.840256+08,01KZRRGW14W9JF1K1J0X6X34N8,01KZRRGW14THZB9B34PPHZSFE2
01KZV5Q32H1ARRAXF4X0ZFQN1R,for upgrade,01KZRTCK092BEYMXEF98F8WW13,01KZRRGW14Y65J9N71RS7C99PT,01KZRW4877T3KKF85T8W2FJ0J5,2026-08-23 18:02:06.840256+08,2026-08-23 18:02:06.840256+08,01KZRRGW14WSB3JJJKQDEREKF3,01KZRRGW14FX4FRK4R4E3MKR5J
01KZV5Q32H536NW0FM6ZFWJ45M,pullout by dealer,01KZRTCK0D0T9KQRQB997BVJZY,01KZRRGW14W9JF1K1J0X6X34N8,01KZRW4877HVT4X8HFK0HTQ94N,2026-08-23 18:02:06.840256+08,2026-08-23 18:02:06.840256+08,01KZRRGW14KVWBG89MRPJPJBXC,01KZRRGW14XPKB44H9B6WS515H
01KZV5Q32HCGXXQ2W4K46PQMW0,pullout by distributor,01KZRTCK0GP87SNNJYJNB2TJVE,01KZRRGW14MXEWF9HMYNXVS5ER,01KZRW48779V159SGJGWDHBYTJ,2026-08-23 18:02:06.840256+08,2026-08-23 18:02:06.840256+08,01KZRRGW142RC6MARTSS19R7GK,01KZRRGW14X04WHWJ78QR6J8H3
01KZV5Q32HX3MVCS1TF328W3X2,for downgrade,01KZRTCK08YCCX02TVJ5CPZ9D1,01KZRRGW1448AZYH3Y9E70DS21,01KZRW48773P9B1HDR1BKFG957,2026-08-23 18:02:06.840256+08,2026-08-23 18:02:06.840256+08,01KZRRGW14WSB3JJJKQDEREKF3,01KZRRGW1442K27HM42RTFZG1M
01KZV5Q32JSNEJGVH3927TN94W,for upgrade,01KZRTCK0EC0F6RP7DWRWPWP26,01KZRRGW14Z2V2BPKDSQ6DKV67,01KZRW4877MED929DRBY96SNBC,2026-08-23 18:02:06.840256+08,2026-08-23 18:02:06.840256+08,01KZRRGW14X9Y2N7Y1J43BS87F,01KZRRGW14J5MRZ241JHXYMPE5
01KZV5Q32J8S4C6D3BYWBGX15W,pullout by distributor,01KZRTCK0BA00X94QFB56JKRDV,01KZRRGW14KBMMYGKVHMX9RQD8,01KZRW48773P9B1HDR1BKFG957,2026-08-23 18:02:06.840256+08,2026-08-23 18:02:06.840256+08,01KZRRGW142XAJ3EN2YJAF1HJB,01KZRRGW14KBMMYGKVHMX9RQD8
01KZV5Q32JGHPSDE2FFDY2TSQ2,pullout by dealer,01KZRTCK0C1ZAZXVFRE6P7XM5B,01KZRRGW142XAJ3EN2YJAF1HJB,01KZRW4877B4VKB2E5TT4BWFP8,2026-08-23 18:02:06.840256+08,2026-08-23 18:02:06.840256+08,01KZRRGW147SW8PDR6Z12DT4B9,01KZRRGW14RBSVD8GEY7WA5YWC
01KZV5Q32JQ8WR14APHMEM1105,for replacement - broken unit,01KZRTCK0BJQMP8F8F3AB15H7Y,01KZRRGW14WSB3JJJKQDEREKF3,01KZRW4877V5PZPAVH7Z3DSPSZ,2026-08-23 18:02:06.840256+08,2026-08-23 18:02:06.840256+08,01KZRRGW142RC6MARTSS19R7GK,01KZRRGW14FX4FRK4R4E3MKR5J
01KZV5Q32JYEKXYQJKNT82SGYA,for pullout,01KZRTCK0EKZQ38Z5JJK7W95SX,01KZRRGW14MXEWF9HMYNXVS5ER,01KZRW48774CQFFFPSV57ZNBPR,2026-08-23 18:02:06.840256+08,2026-08-23 18:02:06.840256+08,01KZRRGW143XAZME28X8CPEY8S,01KZRRGW14J5MRZ241JHXYMPE5
01KZV5Q32JX86YB61F6D1DHF74,pullout by distributor,01KZRTCK0DE8D6XWZXWCYGJJ2W,01KZRRGW14N5VHBCMAJGNJ0GJH,01KZRW4877HQV77AK3B14GNXZ1,2026-08-23 18:02:06.840256+08,2026-08-23 18:02:06.840256+08,01KZRRGW1448AZYH3Y9E70DS21,01KZRRGW14VWS3587600FPGYJJ
01KZV5Q32JHPPTWR5GDHR2QQNP,for downgrade,01KZRTCK099QJBWN6CP6ETFH2R,01KZRRGW1448AZYH3Y9E70DS21,01KZRW4877WQJZ3J1CH35W5XY0,2026-08-23 18:02:06.840256+08,2026-08-23 18:02:06.840256+08,01KZRRGW14J5MRZ241JHXYMPE5,01KZRRGW14FX4FRK4R4E3MKR5J
01KZV5Q32JA6PT3AY738YHB4X3,deployment,01KZRTCK0AQBBSRG3B0RT20FGP,01KZRRGW14N9EVMX0Z1ZRJRRAH,01KZRW4877XM3HSHJZWNN5DMVE,2026-08-23 18:02:06.840256+08,2026-08-23 18:02:06.840256+08,01KZRRGW140MQ9ZE887EQDG87Z,01KZRRGW14KBMMYGKVHMX9RQD8
01KZV5Q32JNXPVSW37NRY21MNC,for pullout,01KZRTCK0AZW30TJAQN2C5EBJ7,01KZRRGW14VWS3587600FPGYJJ,01KZRW4877JT4P6WNFK8H35SP9,2026-08-23 18:02:06.840256+08,2026-08-23 18:02:06.840256+08,01KZRRGW14THZB9B34PPHZSFE2,01KZRRGW1442K27HM42RTFZG1M
01KZV5Q32J1GYYY3WA6FV1S44X,pullout by dealer,01KZRTCK0ECFQJR59MSMF8PC1D,01KZRRGW140MQ9ZE887EQDG87Z,01KZRW4877W4J1M6PJM0QPSR4V,2026-08-23 18:02:06.840256+08,2026-08-23 18:02:06.840256+08,01KZRRGW14W9JF1K1J0X6X34N8,01KZRRGW1448AZYH3Y9E70DS21
01KZV5Q32J78SBE8PYA2X081AV,for upgrade,01KZRTCK0E4B61YFAXDMSR3GJ5,01KZRRGW1448AZYH3Y9E70DS21,01KZRW4877Z8TPYQZSPSR7KQ3R,2026-08-23 18:02:06.840256+08,2026-08-23 18:02:06.840256+08,01KZRRGW14VWS3587600FPGYJJ,01KZRRGW14A7VW9HY70W2ZKDCX
01KZV5Q32JCTZ8QZWFZ0Z6D8FM,for pullout,01KZRTCK0DTM14A86P8V0TRXCY,01KZRRGW14MXEWF9HMYNXVS5ER,01KZRW48774Y44DVZFJV030K96,2026-08-23 18:02:06.840256+08,2026-08-23 18:02:06.840256+08,01KZRRGW14Z2V2BPKDSQ6DKV67,01KZRRGW14THZB9B34PPHZSFE2
01KZV5Q32J5BXFV784NYVSYFYK,deployment,01KZRTCK0GJT8MWPDBCHH34Z40,01KZRRGW14EVYGVAR1F5M4N714,01KZRW4877BFP4JMW1E9SHS153,2026-08-23 18:02:06.840256+08,2026-08-23 18:02:06.840256+08,01KZRRGW14J5MRZ241JHXYMPE5,01KZRRGW14N56M3HGFGXE3FN5T
01KZV5Q32JYX3PBTW07EYYJSGV,for upgrade,01KZRTCK0GSN84H3ZVQABZ5P3N,01KZRRGW14N56M3HGFGXE3FN5T,01KZRW48770HAGRX3Y72BY1D43,2026-08-23 18:02:06.840256+08,2026-08-23 18:02:06.840256+08,01KZRRGW14KVWBG89MRPJPJBXC,01KZRRGW14SVP3PKMRRXC2J621
01KZV5Q32JNQEQWT6S0CD8E0AP,for replacement - broken unit,01KZRTCK0BXTANP5CFWN1KQ1TC,01KZRRGW149RPSGBHQY8MZC6NF,01KZRW4877HVT4X8HFK0HTQ94N,2026-08-23 18:02:06.840256+08,2026-08-23 18:02:06.840256+08,01KZRRGW14EVYGVAR1F5M4N714,01KZRRGW146F8C4946XJM2S6EC
01KZV5Q32J78ZR7DBY8DQ1NM7R,pullout by dealer,01KZRTCK0FTNCSNJD8NPJR9V7J,01KZRRGW14SVP3PKMRRXC2J621,01KZRW4877BFP4JMW1E9SHS153,2026-08-23 18:02:06.840256+08,2026-08-23 18:02:06.840256+08,01KZRRGW1442K27HM42RTFZG1M,01KZRRGW14PHE1YJB3BS55XR3K
01KZV5Q32JPDT1CFX7G14YDMHK,pullout by distributor,01KZRTCK0BR5MJS3BV694767DP,01KZRRGW14THZB9B34PPHZSFE2,01KZRW4877VGS7YRYB4P0A5H4N,2026-08-23 18:02:06.840256+08,2026-08-23 18:02:06.840256+08,01KZRRGW14KBMMYGKVHMX9RQD8,01KZRRGW14VWS3587600FPGYJJ
01KZV5Q32J68V4DJC35JJVD8TQ,for downgrade,01KZRTCK0974WJCDKCAW8PZZH8,01KZRRGW14J5MRZ241JHXYMPE5,01KZRW4877V0J57H3JPGGS28WZ,2026-08-23 18:02:06.840256+08,2026-08-23 18:02:06.840256+08,01KZRRGW14J5MRZ241JHXYMPE5,01KZRRGW14K9GDB2KGW0SVFJBM
01KZV5Q32JR2QNR6H7TH9X3QH1,for replacement - broken unit,01KZRTCK09BZWGKTVZH0NRF6QC,01KZRRGW14200T0G4QVVJEZMW1,01KZRW48779R4JNZ47ZW2T3PQB,2026-08-23 18:02:06.840256+08,2026-08-23 18:02:06.840256+08,01KZRRGW143XAZME28X8CPEY8S,01KZRRGW14RBSVD8GEY7WA5YWC
01KZV5Q32JJ1AMGBS3YTNRW0DQ,for upgrade,01KZRTCK0C0F1E3WYCZW7GP12W,01KZRRGW14G35YB41SN7AN85CV,01KZRW4877AZR5K32Y5PAGXHRC,2026-08-23 18:02:06.840256+08,2026-08-23 18:02:06.840256+08,01KZRRGW1448AZYH3Y9E70DS21,01KZRRGW14DC1V4DFEXXX74JBW
01KZV5Q32J9M09VG6RWKTQV6WX,for pullout,01KZRTCK0AMP43S2KEKS9TB4MA,01KZRRGW14X9Y2N7Y1J43BS87F,01KZRW4877SBDJ1EK7XZMJJQ2W,2026-08-23 18:02:06.840256+08,2026-08-23 18:02:06.840256+08,01KZRRGW14Z2V2BPKDSQ6DKV67,01KZRRGW14FX4FRK4R4E3MKR5J
01KZV5Q32JME63WAVFNSM5N39H,for replacement - broken unit,01KZRTCK0A58RXWWQ4YYNS7HDB,01KZRRGW14Z2V2BPKDSQ6DKV67,01KZRW4877S7NXK01W1S3HFM9Z,2026-08-23 18:02:06.840256+08,2026-08-23 18:02:06.840256+08,01KZRRGW14K9GDB2KGW0SVFJBM,01KZRRGW140MQ9ZE887EQDG87Z
01KZV5Q32KMPZ7Q4KA6PEJ6EWR,pullout by dealer,01KZRTCK0E7EB2KA03AT0Z365Y,01KZRRGW14Y65J9N71RS7C99PT,01KZRW4877S7NXK01W1S3HFM9Z,2026-08-23 18:02:06.840256+08,2026-08-23 18:02:06.840256+08,01KZRRGW14DC1V4DFEXXX74JBW,01KZRRGW14JQ7JEW5HBDS8P7VJ
01KZV5Q32K8N6XW5QJEK2S6G03,pullout by distributor,01KZRTCK0ABFSM9A21G1474V33,01KZRRGW1442K27HM42RTFZG1M,01KZRW48778GNNZ5BFJZ0VXNNN,2026-08-23 18:02:06.840256+08,2026-08-23 18:02:06.840256+08,01KZRRGW1442K27HM42RTFZG1M,01KZRRGW14K9GDB2KGW0SVFJBM
01KZV5Q32KRVBH1095Y7TR1J86,for replacement - broken unit,01KZRTCK0DNMNHKDK1FJFH0PJ1,01KZRRGW14DC1V4DFEXXX74JBW,01KZRW4877BKP2FRH1B8G1CTC9,2026-08-23 18:02:06.840256+08,2026-08-23 18:02:06.840256+08,01KZRRGW14N56M3HGFGXE3FN5T,01KZRRGW14FX4FRK4R4E3MKR5J
01KZV5Q32K2N08HMH2GXBN2N7H,deployment,01KZRTCK0BQSW7XRVETADJPGX3,01KZRRGW14KVWBG89MRPJPJBXC,01KZRW4877QZNEVFAY7G115HT9,2026-08-23 18:02:06.840256+08,2026-08-23 18:02:06.840256+08,01KZRRGW14KVWBG89MRPJPJBXC,01KZRRGW14MXEWF9HMYNXVS5ER
01KZV5Q32KYWTSWXE5GP81WMVX,for replacement - broken unit,01KZRTCK0G33GM2YQBJVAPC0YG,01KZRRGW14Z2V2BPKDSQ6DKV67,01KZRW48771S3VZMTY431CY71G,2026-08-23 18:02:06.840256+08,2026-08-23 18:02:06.840256+08,01KZRRGW14WSB3JJJKQDEREKF3,01KZRRGW14Z2V2BPKDSQ6DKV67
01KZV5Q32KH90CFK1BX072ZX58,for pullout,01KZRTCK0970ATMKDKCQ11WBAJ,01KZRRGW14W9JF1K1J0X6X34N8,01KZRW487741KD7GWF4QB79EFH,2026-08-23 18:02:06.840256+08,2026-08-23 18:02:06.840256+08,01KZRRGW14VWS3587600FPGYJJ,01KZRRGW143DR9TSRKKQDPRDKM
01KZV5Q32K4PZF9R96B46QK7FQ,deployment,01KZRTCK0E3B79RE1AR8NAD5HX,01KZRRGW143DR9TSRKKQDPRDKM,01KZRW4877D0MJ7B5AT3RZ0G0Q,2026-08-23 18:02:06.840256+08,2026-08-23 18:02:06.840256+08,01KZRRGW143XAZME28X8CPEY8S,01KZRRGW14200T0G4QVVJEZMW1
01KZV5Q32KWVT00PE77YCDTH6Y,deployment,01KZRTCK0GXFTNETVRT9F8175Q,01KZRRGW14THZB9B34PPHZSFE2,01KZRW4877WQJZ3J1CH35W5XY0,2026-08-23 18:02:06.840256+08,2026-08-23 18:02:06.840256+08,01KZRRGW140MQ9ZE887EQDG87Z,01KZRRGW14K9GDB2KGW0SVFJBM
01KZV5Q32K9ZPGS0G2TNFH0RZA,pullout by dealer,01KZRTCK0CPMTYAYNVVX544CNZ,01KZRRGW14RBSVD8GEY7WA5YWC,01KZRW4877VZEYQPDKKQXF13AV,2026-08-23 18:02:06.840256+08,2026-08-23 18:02:06.840256+08,01KZRRGW14THZB9B34PPHZSFE2,01KZRRGW14X9Y2N7Y1J43BS87F
01KZV5Q32KNFQP80YHG1FPAM8C,for upgrade,01KZRTCK0FH9M4SVPTEFZ8SZP5,01KZRRGW14WSB3JJJKQDEREKF3,01KZRW4877X5K4QDEQJ8HJV36S,2026-08-23 18:02:06.840256+08,2026-08-23 18:02:06.840256+08,01KZRRGW14XPKB44H9B6WS515H,01KZRRGW143XAZME28X8CPEY8S
01KZV5Q32K1KDK1DYG6JS42K36,for pullout,01KZRTCK0C636V50XAHJ89M8DY,01KZRRGW14DC1V4DFEXXX74JBW,01KZRW4877XM3HSHJZWNN5DMVE,2026-08-23 18:02:06.840256+08,2026-08-23 18:02:06.840256+08,01KZRRGW14KBMMYGKVHMX9RQD8,01KZRRGW1448AZYH3Y9E70DS21
01KZV5Q32KZ3G8SVTEB2CNC09D,for upgrade,01KZRTCK09SXCXMP4WFX26Y7FV,01KZRRGW14W9JF1K1J0X6X34N8,01KZRW48774Y44DVZFJV030K96,2026-08-23 18:02:06.840256+08,2026-08-23 18:02:06.840256+08,01KZRRGW1448AZYH3Y9E70DS21,01KZRRGW14JQ7JEW5HBDS8P7VJ
01KZV5Q32KZKAS429761TYKS0H,for upgrade,01KZRTCK0F097KKZ4E2356E55Y,01KZRRGW14WH1V6PTWDSASC4XK,01KZRW4877F027DTG1RSTES089,2026-08-23 18:02:06.840256+08,2026-08-23 18:02:06.840256+08,01KZRRGW14Z2V2BPKDSQ6DKV67,01KZRRGW14WH1V6PTWDSASC4XK
01KZV5Q32KWMRDFB77CYC2P812,for pullout,01KZRTCK09QEZKCKZ672X4K053,01KZRRGW14RBSVD8GEY7WA5YWC,01KZRW4877H6020WSQ0GV9YAQ5,2026-08-23 18:02:06.840256+08,2026-08-23 18:02:06.840256+08,01KZRRGW1448AZYH3Y9E70DS21,01KZRRGW14XPKB44H9B6WS515H
01KZV5Q32KJEKX97TGAFX5XAYW,for pullout,01KZRTCK0EKHX0V93GB38V3V5D,01KZRRGW14SVP3PKMRRXC2J621,01KZRW4877EFAE21HQ86WYE6X8,2026-08-23 18:02:06.840256+08,2026-08-23 18:02:06.840256+08,01KZRRGW1442K27HM42RTFZG1M,01KZRRGW14G35YB41SN7AN85CV
01KZV5Q32K7ARXN8HV7B3D2SF9,for pullout,01KZRTCK0ETJF0KDWEWDBV5CP8,01KZRRGW14RBSVD8GEY7WA5YWC,01KZRW4877Q5X4JA1EXXW4HQ9R,2026-08-23 18:02:06.840256+08,2026-08-23 18:02:06.840256+08,01KZRRGW140MQ9ZE887EQDG87Z,01KZRRGW14J5MRZ241JHXYMPE5
01KZV5Q32KZSNT5G3T41Y88J55,pullout by dealer,01KZRTCK0HM003RDJPDZW29CZ8,01KZRRGW14FX4FRK4R4E3MKR5J,01KZRW4877J6H9QTAKXMT8A2FE,2026-08-23 18:02:06.840256+08,2026-08-23 18:02:06.840256+08,01KZRRGW14N56M3HGFGXE3FN5T,01KZRRGW147SW8PDR6Z12DT4B9
01KZV5Q32KMDKWTD6AGZ2828KJ,for replacement - broken unit,01KZRTCK09SYMG9RJEJYKNNNNY,01KZRRGW147SW8PDR6Z12DT4B9,01KZRW48771S3VZMTY431CY71G,2026-08-23 18:02:06.840256+08,2026-08-23 18:02:06.840256+08,01KZRRGW147SW8PDR6Z12DT4B9,01KZRRGW14DC1V4DFEXXX74JBW
01KZV5Q32K1T08YWXA7VH3R0VN,for downgrade,01KZRTCK0H7AY41EGX8AM303VG,01KZRRGW14DC1V4DFEXXX74JBW,01KZRW48771BV67J8RNDGKP3AK,2026-08-23 18:02:06.840256+08,2026-08-23 18:02:06.840256+08,01KZRRGW14WSB3JJJKQDEREKF3,01KZRRGW14THZB9B34PPHZSFE2
01KZV5Q32KNN987K1SA2SB18G6,for upgrade,01KZRTCK0BT1KVF9HE0B048A4E,01KZRRGW14MXEWF9HMYNXVS5ER,01KZRW4877NYSZZ4VFYZTN4ES1,2026-08-23 18:02:06.840256+08,2026-08-23 18:02:06.840256+08,01KZRRGW14G35YB41SN7AN85CV,01KZRRGW14JQ7JEW5HBDS8P7VJ
01KZV5Q32KKG2W37KAFG5SB3FT,pullout by dealer,01KZRTCK0DTVAJG1H0X10YA349,01KZRRGW1442K27HM42RTFZG1M,01KZRW4877RECBHNY9Y9VM9ZRZ,2026-08-23 18:02:06.840256+08,2026-08-23 18:02:06.840256+08,01KZRRGW14PHE1YJB3BS55XR3K,01KZRRGW14EVYGVAR1F5M4N714
01KZV5Q32MQVG5VDTNCXSQP5WV,pullout by dealer,01KZRTCK0BFCDK77BDTH3N1S87,01KZRRGW14EVYGVAR1F5M4N714,01KZRW4877VZEYQPDKKQXF13AV,2026-08-23 18:02:06.840256+08,2026-08-23 18:02:06.840256+08,01KZRRGW14A7VW9HY70W2ZKDCX,01KZRRGW14KMGR1H2QPNVXB420
01KZV5Q32MVWGXJPCZE1D9C49F,pullout by distributor,01KZRTCK0EGEKY4EKT9Q96046A,01KZRRGW14KVWBG89MRPJPJBXC,01KZRW4877D5ZY6TAERNGTV34K,2026-08-23 18:02:06.840256+08,2026-08-23 18:02:06.840256+08,01KZRRGW14A7VW9HY70W2ZKDCX,01KZRRGW14X04WHWJ78QR6J8H3
01KZV5Q32MMVVS98PZACS1G2K0,deployment,01KZRTCK09SP0XENY3MPZGTBKB,01KZRRGW143DR9TSRKKQDPRDKM,01KZRW4877NAVZSR88Z0ZHKRW9,2026-08-23 18:02:06.840256+08,2026-08-23 18:02:06.840256+08,01KZRRGW1442K27HM42RTFZG1M,01KZRRGW14X04WHWJ78QR6J8H3
01KZV5Q32MCAG3J59V93EA3QH5,deployment,01KZRTCK0A965VAJ697MPPCVTA,01KZRRGW14PHE1YJB3BS55XR3K,01KZRW4877ZVCRK1H9RNQPG5NR,2026-08-23 18:02:06.840256+08,2026-08-23 18:02:06.840256+08,01KZRRGW14PHE1YJB3BS55XR3K,01KZRRGW14N5VHBCMAJGNJ0GJH
01KZV5Q32MSB9XKBRQYNAQ991P,deployment,01KZRTCK09ESDK10APXQA6PMR6,01KZRRGW14X04WHWJ78QR6J8H3,01KZRW4877B9B3MX4SDENM2X4F,2026-08-23 18:02:06.840256+08,2026-08-23 18:02:06.840256+08,01KZRRGW14SVP3PKMRRXC2J621,01KZRRGW146F8C4946XJM2S6EC
01KZV5Q32M5RH3YM0HH1WA0WEN,pullout by distributor,01KZRTCK0DYF7FXYJF1FDAFFVG,01KZRRGW149RPSGBHQY8MZC6NF,01KZRW4877B9B3MX4SDENM2X4F,2026-08-23 18:02:06.840256+08,2026-08-23 18:02:06.840256+08,01KZRRGW14A7VW9HY70W2ZKDCX,01KZRRGW14SVP3PKMRRXC2J621
01KZV5Q32M5XBD2VNBVPZVWGPZ,pullout by distributor,01KZRTCK0DS1NV47TS67N1NJAA,01KZRRGW142RC6MARTSS19R7GK,01KZRW4877HQV77AK3B14GNXZ1,2026-08-23 18:02:06.840256+08,2026-08-23 18:02:06.840256+08,01KZRRGW143DR9TSRKKQDPRDKM,01KZRRGW14PHE1YJB3BS55XR3K
01KZV5Q32M9XDBYWSRT120ZW8Q,for replacement - broken unit,01KZRTCK09RV414EJ452P52H7F,01KZRRGW14JQ7JEW5HBDS8P7VJ,01KZRW487795H0KSW6AV992VCS,2026-08-23 18:02:06.840256+08,2026-08-23 18:02:06.840256+08,01KZRRGW14W9JF1K1J0X6X34N8,01KZRRGW14RBSVD8GEY7WA5YWC
01KZV5Q32MJB9N2V1QCTPN2477,for upgrade,01KZRTCK0AKW3WT9N3VW1A0EQY,01KZRRGW143DR9TSRKKQDPRDKM,01KZRW4877E1K1FVC8Z9DHP6KE,2026-08-23 18:02:06.840256+08,2026-08-23 18:02:06.840256+08,01KZRRGW14X04WHWJ78QR6J8H3,01KZRRGW14Y65J9N71RS7C99PT
01KZV5Q32MEXGK7CNV38MMKM7T,for upgrade,01KZRTCK09X9P4EEX8HTCE1ZVR,01KZRRGW14THZB9B34PPHZSFE2,01KZRW4877SBDJ1EK7XZMJJQ2W,2026-08-23 18:02:06.840256+08,2026-08-23 18:02:06.840256+08,01KZRRGW143XAZME28X8CPEY8S,01KZRRGW1442K27HM42RTFZG1M
01KZV5Q32MK8PFS84XFQ8VCETA,for replacement - broken unit,01KZRTCK092AZXZRGKDPE4HGER,01KZRRGW14KBMMYGKVHMX9RQD8,01KZRW48779S54N1CEJC2Y3AZY,2026-08-23 18:02:06.840256+08,2026-08-23 18:02:06.840256+08,01KZRRGW14WSB3JJJKQDEREKF3,01KZRRGW14WH1V6PTWDSASC4XK
01KZV5Q32M98DZF1NH97R0D6SY,for replacement - broken unit,01KZRTCK0CN7NWD4WDY3W38Q4R,01KZRRGW14XPKB44H9B6WS515H,01KZRW48774CQFFFPSV57ZNBPR,2026-08-23 18:02:06.840256+08,2026-08-23 18:02:06.840256+08,01KZRRGW149RPSGBHQY8MZC6NF,01KZRRGW14VWS3587600FPGYJJ
01KZV5Q32M1HTJG2QSEFFVXVTD,deployment,01KZRTCK0HGQ7HMANRWYZGDHG9,01KZRRGW14VWS3587600FPGYJJ,01KZRW4877C5YNZ203SCBWWZXZ,2026-08-23 18:02:06.840256+08,2026-08-23 18:02:06.840256+08,01KZRRGW14W9JF1K1J0X6X34N8,01KZRRGW14DC1V4DFEXXX74JBW
01KZV5Q32M0TJFBC20XFAEJ496,deployment,01KZRTCK0FGVJF2N7RBZF81SBK,01KZRRGW14K9GDB2KGW0SVFJBM,01KZRW4877NAVZSR88Z0ZHKRW9,2026-08-23 18:02:06.840256+08,2026-08-23 18:02:06.840256+08,01KZRRGW1448AZYH3Y9E70DS21,01KZRRGW140MQ9ZE887EQDG87Z
01KZV5Q32MFM45C2CM08DHHC8S,pullout by distributor,01KZRTCK0EHN2YG57XCBPT7T15,01KZRRGW14200T0G4QVVJEZMW1,01KZRW4877VA8TBBCFWH8TVEM7,2026-08-23 18:02:06.840256+08,2026-08-23 18:02:06.840256+08,01KZRRGW14FX4FRK4R4E3MKR5J,01KZRRGW14KMGR1H2QPNVXB420
01KZV5Q32NPTNS5BM68S7CCVX9,for upgrade,01KZRTCK092KE6C6NQ053J5HV2,01KZRRGW1448AZYH3Y9E70DS21,01KZRW4877B9B3MX4SDENM2X4F,2026-08-23 18:02:06.840256+08,2026-08-23 18:02:06.840256+08,01KZRRGW14Z2V2BPKDSQ6DKV67,01KZRRGW14A7VW9HY70W2ZKDCX
01KZV5Q32NCS2MW487SFTTGCYQ,for downgrade,01KZRTCK099B0099THJ98J1W58,01KZRRGW143XAZME28X8CPEY8S,01KZRW4877FQ91CFKG4PJTR1JJ,2026-08-23 18:02:06.840256+08,2026-08-23 18:02:06.840256+08,01KZRRGW14JQ7JEW5HBDS8P7VJ,01KZRRGW14N9EVMX0Z1ZRJRRAH
01KZV5Q32N7FMFWGZFBHSV25TG,for replacement - broken unit,01KZRTCK09MNKMZ2YZN0KV5G3G,01KZRRGW14XPKB44H9B6WS515H,01KZRW4877Z8TPYQZSPSR7KQ3R,2026-08-23 18:02:06.840256+08,2026-08-23 18:02:06.840256+08,01KZRRGW14XPKB44H9B6WS515H,01KZRRGW142XAJ3EN2YJAF1HJB
01KZV5Q32NN061N1QQZAV440M2,for replacement - broken unit,01KZRTCK0AFBGVRGWJAZS3RYT5,01KZRRGW14X9Y2N7Y1J43BS87F,01KZRW4877570TMPXQJ6F3CTPG,2026-08-23 18:02:06.840256+08,2026-08-23 18:02:06.840256+08,01KZRRGW1442K27HM42RTFZG1M,01KZRRGW14K9GDB2KGW0SVFJBM
01KZV5Q32N2SAAFH2SCXY8V9XC,for pullout,01KZRTCK0CNX0QY6P7ZKNTK327,01KZRRGW142XAJ3EN2YJAF1HJB,01KZRW48774CQFFFPSV57ZNBPR,2026-08-23 18:02:06.840256+08,2026-08-23 18:02:06.840256+08,01KZRRGW14XPKB44H9B6WS515H,01KZRRGW14A7VW9HY70W2ZKDCX
01KZV5Q32NXHQGDQDWVBF4YGR1,for upgrade,01KZRTCK0GPV0H93X3R2NKCDPT,01KZRRGW14Y65J9N71RS7C99PT,01KZRW4877TQ3XX3R3NF9TGABV,2026-08-23 18:02:06.840256+08,2026-08-23 18:02:06.840256+08,01KZRRGW143DR9TSRKKQDPRDKM,01KZRRGW142XAJ3EN2YJAF1HJB
01KZV5Q32NSJFCCD4553GXSBCS,deployment,01KZRTCK0FGRA5Z6BP5CCRRF3V,01KZRRGW147SW8PDR6Z12DT4B9,01KZRW4877HVT4X8HFK0HTQ94N,2026-08-23 18:02:06.840256+08,2026-08-23 18:02:06.840256+08,01KZRRGW142RC6MARTSS19R7GK,01KZRRGW14N9EVMX0Z1ZRJRRAH
01KZV5Q32NWGHW5WX96GK0EDVB,for replacement - broken unit,01KZRTCK0CEC6WXS6MCDM4NNWC,01KZRRGW14VWS3587600FPGYJJ,01KZRW48770HAGRX3Y72BY1D43,2026-08-23 18:02:06.840256+08,2026-08-23 18:02:06.840256+08,01KZRRGW143DR9TSRKKQDPRDKM,01KZRRGW14PHE1YJB3BS55XR3K
01KZV5Q32NRVP9SF9NRBNXH3XR,pullout by distributor,01KZRTCK0D2CJ7PSN4PEZ185Z3,01KZRRGW14J5MRZ241JHXYMPE5,01KZRW48778HEX0CCC1CXQ27DR,2026-08-23 18:02:06.840256+08,2026-08-23 18:02:06.840256+08,01KZRRGW143DR9TSRKKQDPRDKM,01KZRRGW1442K27HM42RTFZG1M
01KZV5Q32N2KFBJM2PESZDXZ89,for replacement - broken unit,01KZRTCK0D1JVH3R4F9TJNT8SR,01KZRRGW14EVYGVAR1F5M4N714,01KZRW4877BFP4JMW1E9SHS153,2026-08-23 18:02:06.840256+08,2026-08-23 18:02:06.840256+08,01KZRRGW14200T0G4QVVJEZMW1,01KZRRGW14WH1V6PTWDSASC4XK
01KZV5Q32NVG9X3BJMBQEKYZ1C,for upgrade,01KZRTCK0AD24REK3WKPN9X6QN,01KZRRGW14MXEWF9HMYNXVS5ER,01KZRW4877D0MJ7B5AT3RZ0G0Q,2026-08-23 18:02:06.840256+08,2026-08-23 18:02:06.840256+08,01KZRRGW14THZB9B34PPHZSFE2,01KZRRGW14JQ7JEW5HBDS8P7VJ
01KZV5Q32N4J3EQ8MQN8HNM4M3,pullout by dealer,01KZRTCK09ZP4NFE31ACHCNEMQ,01KZRRGW14Z2V2BPKDSQ6DKV67,01KZRW487701VM9C8JDQAVM50G,2026-08-23 18:02:06.840256+08,2026-08-23 18:02:06.840256+08,01KZRRGW14WH1V6PTWDSASC4XK,01KZRRGW14X04WHWJ78QR6J8H3
01KZV5Q32NTEPKS7G2Q0851M6X,for upgrade,01KZRTCK0DENYQFBRMZCBXKTES,01KZRRGW14PHE1YJB3BS55XR3K,01KZRW4877RJWA8G8EVGD5AKV5,2026-08-23 18:02:06.840256+08,2026-08-23 18:02:06.840256+08,01KZRRGW14N5VHBCMAJGNJ0GJH,01KZRRGW149RPSGBHQY8MZC6NF
01KZV5Q32NRZ68157RPEJ84HCH,for downgrade,01KZRTCK0A965VAJ697MPPCVTA,01KZRRGW14THZB9B34PPHZSFE2,01KZRW4877MED929DRBY96SNBC,2026-08-23 18:02:06.840256+08,2026-08-23 18:02:06.840256+08,01KZRRGW14VWS3587600FPGYJJ,01KZRRGW14EVYGVAR1F5M4N714
01KZV5Q32NGS6GF1GHPEDY78G9,for upgrade,01KZRTCK0DBKRF237KSYD28F5D,01KZRRGW14A7VW9HY70W2ZKDCX,01KZRW4877AMSR96T952JSFTS6,2026-08-23 18:02:06.840256+08,2026-08-23 18:02:06.840256+08,01KZRRGW14WH1V6PTWDSASC4XK,01KZRRGW14K9GDB2KGW0SVFJBM
01KZV5Q32P1KCJTEYZFW49DGNT,for replacement - broken unit,01KZRTCK0GBKCV3Y4R9FVP6GAD,01KZRRGW140MQ9ZE887EQDG87Z,01KZRW4877SRMJMM3R17R2QE73,2026-08-23 18:02:06.840256+08,2026-08-23 18:02:06.840256+08,01KZRRGW14N9EVMX0Z1ZRJRRAH,01KZRRGW1442K27HM42RTFZG1M
01KZV5Q32PNJGGCCJF72Z05QHG,for replacement - broken unit,01KZRTCK0B5NEFS09SD4Z6NCQR,01KZRRGW14KVWBG89MRPJPJBXC,01KZRW4877HQV77AK3B14GNXZ1,2026-08-23 18:02:06.840256+08,2026-08-23 18:02:06.840256+08,01KZRRGW147SW8PDR6Z12DT4B9,01KZRRGW14J5MRZ241JHXYMPE5
01KZV5Q32P6G6KKV51MZTTJDD8,pullout by distributor,01KZRTCK0BNANWZ0WQZA1Q55AK,01KZRRGW14MXEWF9HMYNXVS5ER,01KZRW48779R4JNZ47ZW2T3PQB,2026-08-23 18:02:06.840256+08,2026-08-23 18:02:06.840256+08,01KZRRGW14G35YB41SN7AN85CV,01KZRRGW14RBSVD8GEY7WA5YWC
01KZV5Q32PEVA2HWHMGCZ0F6B2,pullout by dealer,01KZRTCK0GNWZXD03GJ08DNY97,01KZRRGW146F8C4946XJM2S6EC,01KZRW48773P9B1HDR1BKFG957,2026-08-23 18:02:06.840256+08,2026-08-23 18:02:06.840256+08,01KZRRGW14WH1V6PTWDSASC4XK,01KZRRGW14W9JF1K1J0X6X34N8
01KZV5Q32PM5HRGFS337JQ17WD,for pullout,01KZRTCK0FZKEKMCV2GRFQX68C,01KZRRGW14N5VHBCMAJGNJ0GJH,01KZRW4877AMSR96T952JSFTS6,2026-08-23 18:02:06.840256+08,2026-08-23 18:02:06.840256+08,01KZRRGW14KBMMYGKVHMX9RQD8,01KZRRGW14THZB9B34PPHZSFE2
01KZV5Q32PV1CB6N2Y17344FXD,pullout by distributor,01KZRTCK0HYD6H5Q1WH69A78DA,01KZRRGW14EVYGVAR1F5M4N714,01KZRW4877B3D0MZHS3AQRJ814,2026-08-23 18:02:06.840256+08,2026-08-23 18:02:06.840256+08,01KZRRGW140MQ9ZE887EQDG87Z,01KZRRGW14X04WHWJ78QR6J8H3
01KZV5Q32PDPV0TVRQDM3A6Y91,pullout by dealer,01KZRTCK0CNPZGSX4Q8SY2N0VK,01KZRRGW14KVWBG89MRPJPJBXC,01KZRW4877A147WBBGMNMTXNA3,2026-08-23 18:02:06.840256+08,2026-08-23 18:02:06.840256+08,01KZRRGW14200T0G4QVVJEZMW1,01KZRRGW14FX4FRK4R4E3MKR5J
01KZV5Q32P891MMAAKQJG48761,for upgrade,01KZRTCK0CE0MDAXRX80M7TQKH,01KZRRGW143XAZME28X8CPEY8S,01KZRW4877DZMG7S8EQEYF7D89,2026-08-23 18:02:06.840256+08,2026-08-23 18:02:06.840256+08,01KZRRGW149RPSGBHQY8MZC6NF,01KZRRGW14KBMMYGKVHMX9RQD8
01KZV5Q32P1466QDB0YVV64VHP,deployment,01KZRTCK0A7WT737XDSA6EBNRS,01KZRRGW14PHE1YJB3BS55XR3K,01KZRW487741KD7GWF4QB79EFH,2026-08-23 18:02:06.840256+08,2026-08-23 18:02:06.840256+08,01KZRRGW14200T0G4QVVJEZMW1,01KZRRGW143DR9TSRKKQDPRDKM
01KZV5Q32PGCWW94QSVYF0Q4WN,pullout by dealer,01KZRTCK0B2QH3HHWVRA1S2RYS,01KZRRGW14DC1V4DFEXXX74JBW,01KZRW4877WQZA5NY9SXK8D7Q3,2026-08-23 18:02:06.840256+08,2026-08-23 18:02:06.840256+08,01KZRRGW14JQ7JEW5HBDS8P7VJ,01KZRRGW14KMGR1H2QPNVXB420
01KZV5Q32PXMJ02FCCZ39568TC,pullout by dealer,01KZRTCK0A1E4N20HXBGV80RQ6,01KZRRGW14VWS3587600FPGYJJ,01KZRW4877WE0F7J1HSG76PWQF,2026-08-23 18:02:06.840256+08,2026-08-23 18:02:06.840256+08,01KZRRGW14J5MRZ241JHXYMPE5,01KZRRGW14FX4FRK4R4E3MKR5J
01KZV5Q32P9SFQ2SMWSG3FH7WT,for downgrade,01KZRTCK0HCZDKMRF4TD0M0APW,01KZRRGW143DR9TSRKKQDPRDKM,01KZRW4877HTSZDBP5ZKDZNQYA,2026-08-23 18:02:06.840256+08,2026-08-23 18:02:06.840256+08,01KZRRGW14N56M3HGFGXE3FN5T,01KZRRGW14A7VW9HY70W2ZKDCX
01KZV5Q32PTC9XFDY6YAKDDBKS,deployment,01KZRTCK091J27H0GC1C520D0N,01KZRRGW140MQ9ZE887EQDG87Z,01KZRW4877K9M9E39HTSQE6N4Q,2026-08-23 18:02:06.840256+08,2026-08-23 18:02:06.840256+08,01KZRRGW146F8C4946XJM2S6EC,01KZRRGW143DR9TSRKKQDPRDKM
01KZV5Q32PDHS0FBJ59A17F8FR,for downgrade,01KZRTCK0EAFH5TWYC1JCSMC1N,01KZRRGW14N9EVMX0Z1ZRJRRAH,01KZRW4877GVVZRA6JKSTGEVNK,2026-08-23 18:02:06.840256+08,2026-08-23 18:02:06.840256+08,01KZRRGW14X9Y2N7Y1J43BS87F,01KZRRGW14200T0G4QVVJEZMW1
01KZV5Q32P9NJ2QATBG8CDAZ2Z,pullout by dealer,01KZRTCK08HVKDNCXE8ZZTDXN4,01KZRRGW14THZB9B34PPHZSFE2,01KZRW4877VGS7YRYB4P0A5H4N,2026-08-23 18:02:06.840256+08,2026-08-23 18:02:06.840256+08,01KZRRGW14J5MRZ241JHXYMPE5,01KZRRGW142RC6MARTSS19R7GK
01KZV5Q32PJY9009YM77QYEZK0,for upgrade,01KZRTCK0AFSPM3ZVZ2P1NTHG0,01KZRRGW14DC1V4DFEXXX74JBW,01KZRW4877A147WBBGMNMTXNA3,2026-08-23 18:02:06.840256+08,2026-08-23 18:02:06.840256+08,01KZRRGW14J5MRZ241JHXYMPE5,01KZRRGW14THZB9B34PPHZSFE2
01KZV5Q32P40CY7WHCQNY99E1W,deployment,01KZRTCK0CEC6WXS6MCDM4NNWC,01KZRRGW140MQ9ZE887EQDG87Z,01KZRW4877H6020WSQ0GV9YAQ5,2026-08-23 18:02:06.840256+08,2026-08-23 18:02:06.840256+08,01KZRRGW14KVWBG89MRPJPJBXC,01KZRRGW14XPKB44H9B6WS515H
01KZV5Q32PH3K2QENBSPJD0A27,for pullout,01KZRTCK0GF6MN2Q4H2087EGE7,01KZRRGW14WH1V6PTWDSASC4XK,01KZRW4877VA8TBBCFWH8TVEM7,2026-08-23 18:02:06.840256+08,2026-08-23 18:02:06.840256+08,01KZRRGW14VWS3587600FPGYJJ,01KZRRGW14DC1V4DFEXXX74JBW
01KZV5Q32PAZ6NMNMRWPHHNGKM,for downgrade,01KZRTCK0BXBF2JS9X9BXN8Z0Z,01KZRRGW146F8C4946XJM2S6EC,01KZRW4877QESJQX4TK48W4NS1,2026-08-23 18:02:06.840256+08,2026-08-23 18:02:06.840256+08,01KZRRGW14WH1V6PTWDSASC4XK,01KZRRGW14G35YB41SN7AN85CV
01KZV5Q32PJ224CJQT2XGN78Y5,for upgrade,01KZRTCK09RN9DJ46HGFCMN58Q,01KZRRGW14X04WHWJ78QR6J8H3,01KZRW4877EFAE21HQ86WYE6X8,2026-08-23 18:02:06.840256+08,2026-08-23 18:02:06.840256+08,01KZRRGW14200T0G4QVVJEZMW1,01KZRRGW14MXEWF9HMYNXVS5ER
01KZV5Q32PW64KEZENDM212QA0,for replacement - broken unit,01KZRTCK09Y3R2M1FRET9HHVA2,01KZRRGW14THZB9B34PPHZSFE2,01KZRW4877T3KKF85T8W2FJ0J5,2026-08-23 18:02:06.840256+08,2026-08-23 18:02:06.840256+08,01KZRRGW142XAJ3EN2YJAF1HJB,01KZRRGW14X04WHWJ78QR6J8H3
01KZV5Q32Q01VQ2VME06MC9D3V,pullout by dealer,01KZRTCK0HP2DT7ACB4SQT7DX3,01KZRRGW1448AZYH3Y9E70DS21,01KZRW4877BFP4JMW1E9SHS153,2026-08-23 18:02:06.840256+08,2026-08-23 18:02:06.840256+08,01KZRRGW14G35YB41SN7AN85CV,01KZRRGW14Z2V2BPKDSQ6DKV67
01KZV5Q32Q7DPTN1PSANJ0Z0B4,pullout by distributor,01KZRTCK0AEVPKWS07PC1Y8XPB,01KZRRGW14K9GDB2KGW0SVFJBM,01KZRW48778GNNZ5BFJZ0VXNNN,2026-08-23 18:02:06.840256+08,2026-08-23 18:02:06.840256+08,01KZRRGW14J5MRZ241JHXYMPE5,01KZRRGW142RC6MARTSS19R7GK
01KZV5Q32Q33Q4ATAK2VHFX4D9,pullout by dealer,01KZRTCK0D2MSZRKPMHPWZ2Z6V,01KZRRGW14JQ7JEW5HBDS8P7VJ,01KZRW48771VS10A2E45E408EC,2026-08-23 18:02:06.840256+08,2026-08-23 18:02:06.840256+08,01KZRRGW14RBSVD8GEY7WA5YWC,01KZRRGW14DC1V4DFEXXX74JBW
01KZV5Q32Q1HC6KAYD9B1NFNEA,for downgrade,01KZRTCK0HAFXMSMEWT5R0CHVR,01KZRRGW14KVWBG89MRPJPJBXC,01KZRW4877X5K4QDEQJ8HJV36S,2026-08-23 18:02:06.840256+08,2026-08-23 18:02:06.840256+08,01KZRRGW14THZB9B34PPHZSFE2,01KZRRGW14SVP3PKMRRXC2J621
01KZV5Q32QWWVZ7VXM7CFECXPR,pullout by dealer,01KZRTCK08BNBG3WHVFR7752C9,01KZRRGW14PHE1YJB3BS55XR3K,01KZRW4877QESJQX4TK48W4NS1,2026-08-23 18:02:06.840256+08,2026-08-23 18:02:06.840256+08,01KZRRGW14A7VW9HY70W2ZKDCX,01KZRRGW14WSB3JJJKQDEREKF3
01KZV5Q32QZKXRNCC00HBDTFPK,for pullout,01KZRTCK0DFFGNQGABVBR5FQYF,01KZRRGW14Y65J9N71RS7C99PT,01KZRW4877G39D68T0PQZ5M81A,2026-08-23 18:02:06.840256+08,2026-08-23 18:02:06.840256+08,01KZRRGW14X04WHWJ78QR6J8H3,01KZRRGW14Z2V2BPKDSQ6DKV67
01KZV5Q32QM1B11FZGSQB1MP63,pullout by distributor,01KZRTCK0AWKNQ4AEBDNP3CNY2,01KZRRGW14RBSVD8GEY7WA5YWC,01KZRW4877G0YHH3T1F43JMJ4N,2026-08-23 18:02:06.840256+08,2026-08-23 18:02:06.840256+08,01KZRRGW149RPSGBHQY8MZC6NF,01KZRRGW143DR9TSRKKQDPRDKM
01KZV5Q32QCR5TYV7SET65716H,for pullout,01KZRTCK0GX27B750G175T3FKV,01KZRRGW14KBMMYGKVHMX9RQD8,01KZRW48774CQFFFPSV57ZNBPR,2026-08-23 18:02:06.840256+08,2026-08-23 18:02:06.840256+08,01KZRRGW147SW8PDR6Z12DT4B9,01KZRRGW14Z2V2BPKDSQ6DKV67
01KZV5Q32QG802F9FECZ62936F,for upgrade,01KZRTCK0D1Y7TW9V82Y98HN68,01KZRRGW14Y65J9N71RS7C99PT,01KZRW4877R9Q45MFW4A93MM51,2026-08-23 18:02:06.840256+08,2026-08-23 18:02:06.840256+08,01KZRRGW14XPKB44H9B6WS515H,01KZRRGW143DR9TSRKKQDPRDKM
01KZV5Q32Q77ET2D1V2EWT5F84,pullout by dealer,01KZRTCK0CMFV5SXDDZK891JRK,01KZRRGW146F8C4946XJM2S6EC,01KZRW48773GHQQ4H8241WY49R,2026-08-23 18:02:06.840256+08,2026-08-23 18:02:06.840256+08,01KZRRGW14Y65J9N71RS7C99PT,01KZRRGW14SVP3PKMRRXC2J621
01KZV5Q32Q4XK690RX723BKQ19,for replacement - broken unit,01KZRTCK0D0XNJRCBJ7K1T6QWV,01KZRRGW14Z2V2BPKDSQ6DKV67,01KZRW4877FZS8TFJN9ZMN5RWV,2026-08-23 18:02:06.840256+08,2026-08-23 18:02:06.840256+08,01KZRRGW14VWS3587600FPGYJJ,01KZRRGW14RBSVD8GEY7WA5YWC
01KZV5Q32Q5W6NWA3XX9NFH77X,deployment,01KZRTCK0CBK918AZD6QAEDYC6,01KZRRGW14A7VW9HY70W2ZKDCX,01KZRW4877FZ26T405N4WYZMRG,2026-08-23 18:02:06.840256+08,2026-08-23 18:02:06.840256+08,01KZRRGW14MXEWF9HMYNXVS5ER,01KZRRGW14WSB3JJJKQDEREKF3
01KZV5Q32Q5YB1FGFK2YHDPDN8,pullout by distributor,01KZRTCK0E0DSWK4C0CZ9BNDER,01KZRRGW14200T0G4QVVJEZMW1,01KZRW4877D5ZY6TAERNGTV34K,2026-08-23 18:02:06.840256+08,2026-08-23 18:02:06.840256+08,01KZRRGW14SVP3PKMRRXC2J621,01KZRRGW149RPSGBHQY8MZC6NF
01KZV5Q32Q75SS1D57Q5KTZZG9,for upgrade,01KZRTCK0DEGHHJHD67ZFEXVZN,01KZRRGW142XAJ3EN2YJAF1HJB,01KZRW4877VZEYQPDKKQXF13AV,2026-08-23 18:02:06.840256+08,2026-08-23 18:02:06.840256+08,01KZRRGW14FX4FRK4R4E3MKR5J,01KZRRGW14EVYGVAR1F5M4N714
01KZV5Q32Q96S24TK00ZZ0PR44,for downgrade,01KZRTCK0BXTANP5CFWN1KQ1TC,01KZRRGW14N9EVMX0Z1ZRJRRAH,01KZRW4877B4VKB2E5TT4BWFP8,2026-08-23 18:02:06.840256+08,2026-08-23 18:02:06.840256+08,01KZRRGW14200T0G4QVVJEZMW1,01KZRRGW143XAZME28X8CPEY8S
01KZV5Q32QEHYY2X7G6Z2EN98D,deployment,01KZRTCK0ECDDPYJ12K91GHAEQ,01KZRRGW14PHE1YJB3BS55XR3K,01KZRW4877F027DTG1RSTES089,2026-08-23 18:02:06.840256+08,2026-08-23 18:02:06.840256+08,01KZRRGW142XAJ3EN2YJAF1HJB,01KZRRGW14FX4FRK4R4E3MKR5J
01KZV5Q32QS0NWD4HFMN6W8XE3,for replacement - broken unit,01KZRTCK0AAMDH0JZWDHMKJK9S,01KZRRGW14PHE1YJB3BS55XR3K,01KZRW4877XM3HSHJZWNN5DMVE,2026-08-23 18:02:06.840256+08,2026-08-23 18:02:06.840256+08,01KZRRGW14RBSVD8GEY7WA5YWC,01KZRRGW14X04WHWJ78QR6J8H3
01KZV5Q32QZKSA46915NP53HVT,pullout by dealer,01KZRTCK0C636V50XAHJ89M8DY,01KZRRGW14DC1V4DFEXXX74JBW,01KZRW4877ZVCRK1H9RNQPG5NR,2026-08-23 18:02:06.840256+08,2026-08-23 18:02:06.840256+08,01KZRRGW14Z2V2BPKDSQ6DKV67,01KZRRGW14DC1V4DFEXXX74JBW
01KZV5Q32Q7MFG0N9JPY90AQXX,pullout by distributor,01KZRTCK0GVQCHXHTG0K6DYA0Z,01KZRRGW14X04WHWJ78QR6J8H3,01KZRW4877SBDJ1EK7XZMJJQ2W,2026-08-23 18:02:06.840256+08,2026-08-23 18:02:06.840256+08,01KZRRGW14FX4FRK4R4E3MKR5J,01KZRRGW143DR9TSRKKQDPRDKM
01KZV5Q32QFFCGCV2ECBHEMTCY,for pullout,01KZRTCK0DWJ7HYXSHEKGCWTJC,01KZRRGW14N5VHBCMAJGNJ0GJH,01KZRW48779S54N1CEJC2Y3AZY,2026-08-23 18:02:06.840256+08,2026-08-23 18:02:06.840256+08,01KZRRGW142XAJ3EN2YJAF1HJB,01KZRRGW14FX4FRK4R4E3MKR5J
01KZV5Q32QP9BJM2KJTZP0HDAE,for pullout,01KZRTCK0AKCWBHDYCJ592BJSH,01KZRRGW14X9Y2N7Y1J43BS87F,01KZRW48777JDTMGDM6JZY87AF,2026-08-23 18:02:06.840256+08,2026-08-23 18:02:06.840256+08,01KZRRGW14K9GDB2KGW0SVFJBM,01KZRRGW14N5VHBCMAJGNJ0GJH
01KZV5Q32QR33BQGB5XSD03PME,deployment,01KZRTCK09X089VKFK4JRYAFKB,01KZRRGW14K9GDB2KGW0SVFJBM,01KZRW4877AMSR96T952JSFTS6,2026-08-23 18:02:06.840256+08,2026-08-23 18:02:06.840256+08,01KZRRGW14KMGR1H2QPNVXB420,01KZRRGW14WSB3JJJKQDEREKF3
01KZV5Q32QBZ4B6JN7ES7KG30W,pullout by distributor,01KZRTCK09RN2ZJN8C382NNETD,01KZRRGW14KMGR1H2QPNVXB420,01KZRW4877Z8TPYQZSPSR7KQ3R,2026-08-23 18:02:06.840256+08,2026-08-23 18:02:06.840256+08,01KZRRGW14XPKB44H9B6WS515H,01KZRRGW14K9GDB2KGW0SVFJBM
01KZV5Q32QVBFYBAYPHFY1PPJN,pullout by distributor,01KZRTCK0EXRE3AH897P6FDZT6,01KZRRGW14WSB3JJJKQDEREKF3,01KZRW48771S3VZMTY431CY71G,2026-08-23 18:02:06.840256+08,2026-08-23 18:02:06.840256+08,01KZRRGW14DC1V4DFEXXX74JBW,01KZRRGW14MXEWF9HMYNXVS5ER
01KZV5Q32QJV4KXK1DHDDGYR3J,deployment,01KZRTCK0BBRHB6W67DC1946DM,01KZRRGW14N9EVMX0Z1ZRJRRAH,01KZRW4877VA8TBBCFWH8TVEM7,2026-08-23 18:02:06.840256+08,2026-08-23 18:02:06.840256+08,01KZRRGW14Y65J9N71RS7C99PT,01KZRRGW14N56M3HGFGXE3FN5T
01KZV5Q32RTN79BT6WYRBKZJTW,for pullout,01KZRTCK0CSXS2TANW55X6317F,01KZRRGW14N56M3HGFGXE3FN5T,01KZRW4877AZR5K32Y5PAGXHRC,2026-08-23 18:02:06.840256+08,2026-08-23 18:02:06.840256+08,01KZRRGW14200T0G4QVVJEZMW1,01KZRRGW143XAZME28X8CPEY8S
01KZV5Q32RCEKD0HDV1QXNR4KP,pullout by dealer,01KZRTCK0ANJQVREKV0BCZPGRZ,01KZRRGW142XAJ3EN2YJAF1HJB,01KZRW4877V0J57H3JPGGS28WZ,2026-08-23 18:02:06.840256+08,2026-08-23 18:02:06.840256+08,01KZRRGW14RBSVD8GEY7WA5YWC,01KZRRGW14W9JF1K1J0X6X34N8
01KZV5Q32RV1N0MRDKBHPTARCM,deployment,01KZRTCK0BH8602JP17M6G1MA5,01KZRRGW14G35YB41SN7AN85CV,01KZRW4877D0MJ7B5AT3RZ0G0Q,2026-08-23 18:02:06.840256+08,2026-08-23 18:02:06.840256+08,01KZRRGW14WH1V6PTWDSASC4XK,01KZRRGW14N56M3HGFGXE3FN5T
01KZV5Q32R41NHJ9PH3R3WQSK3,for replacement - broken unit,01KZRTCK0AMP43S2KEKS9TB4MA,01KZRRGW14WSB3JJJKQDEREKF3,01KZRW4877E1K1FVC8Z9DHP6KE,2026-08-23 18:02:06.840256+08,2026-08-23 18:02:06.840256+08,01KZRRGW14DC1V4DFEXXX74JBW,01KZRRGW140MQ9ZE887EQDG87Z
01KZV5Q32R8TSAEC2MSPPBN1VE,pullout by dealer,01KZRTCK0EZ4QMCDC5BA6MX9J8,01KZRRGW143XAZME28X8CPEY8S,01KZRW4877AMSR96T952JSFTS6,2026-08-23 18:02:06.840256+08,2026-08-23 18:02:06.840256+08,01KZRRGW14N9EVMX0Z1ZRJRRAH,01KZRRGW143XAZME28X8CPEY8S
01KZV5Q32R8QQ5Q9WSJ1SAJZ2F,for replacement - broken unit,01KZRTCK0G3CYD7AB61CH46401,01KZRRGW14X04WHWJ78QR6J8H3,01KZRW4877TRFEBWEFKEZC1X5H,2026-08-23 18:02:06.840256+08,2026-08-23 18:02:06.840256+08,01KZRRGW14WSB3JJJKQDEREKF3,01KZRRGW14EVYGVAR1F5M4N714
01KZV5Q32RDC06KQF3311KNZ62,pullout by dealer,01KZRTCK0EMBB4M9QMX4B1TQBT,01KZRRGW14Y65J9N71RS7C99PT,01KZRW4877TQ7065A4RCCYE8SH,2026-08-23 18:02:06.840256+08,2026-08-23 18:02:06.840256+08,01KZRRGW143DR9TSRKKQDPRDKM,01KZRRGW14FX4FRK4R4E3MKR5J
01KZV5Q32RKYXBPF284GM27R6E,pullout by dealer,01KZRTCK0BG3VZV9TK580W16BY,01KZRRGW142RC6MARTSS19R7GK,01KZRW4877V5PZPAVH7Z3DSPSZ,2026-08-23 18:02:06.840256+08,2026-08-23 18:02:06.840256+08,01KZRRGW14K9GDB2KGW0SVFJBM,01KZRRGW14PHE1YJB3BS55XR3K
01KZV5Q32R5TW45P9FTYMEZ93J,for downgrade,01KZRTCK0E2TZ41D59P6QATK6K,01KZRRGW14RBSVD8GEY7WA5YWC,01KZRW48773P9B1HDR1BKFG957,2026-08-23 18:02:06.840256+08,2026-08-23 18:02:06.840256+08,01KZRRGW147SW8PDR6Z12DT4B9,01KZRRGW14THZB9B34PPHZSFE2
01KZV5Q32R3WQ42M5VR4NG8PSW,for pullout,01KZRTCK0ER5GH761SHHR3Z74C,01KZRRGW1448AZYH3Y9E70DS21,01KZRW4877C5YNZ203SCBWWZXZ,2026-08-23 18:02:06.840256+08,2026-08-23 18:02:06.840256+08,01KZRRGW14200T0G4QVVJEZMW1,01KZRRGW14KMGR1H2QPNVXB420
01KZV5Q32RT1HNVX29TRG1MFDV,pullout by distributor,01KZRTCK090THH65VT7Z8XH6DP,01KZRRGW143DR9TSRKKQDPRDKM,01KZRW487701VM9C8JDQAVM50G,2026-08-23 18:02:06.840256+08,2026-08-23 18:02:06.840256+08,01KZRRGW147SW8PDR6Z12DT4B9,01KZRRGW14KMGR1H2QPNVXB420
01KZV5Q32RTWFWPME479AZMNVP,for downgrade,01KZRTCK09S558QVBHTFWY4T6N,01KZRRGW14G35YB41SN7AN85CV,01KZRW4877FQ91CFKG4PJTR1JJ,2026-08-23 18:02:06.840256+08,2026-08-23 18:02:06.840256+08,01KZRRGW14MXEWF9HMYNXVS5ER,01KZRRGW1448AZYH3Y9E70DS21
01KZV5Q32RT90CYVRJ0A9CEP5D,for replacement - broken unit,01KZRTCK09JN0THVZ31Y0WZVVG,01KZRRGW14X9Y2N7Y1J43BS87F,01KZRW4877TQ7065A4RCCYE8SH,2026-08-23 18:02:06.840256+08,2026-08-23 18:02:06.840256+08,01KZRRGW14Z2V2BPKDSQ6DKV67,01KZRRGW14G35YB41SN7AN85CV
01KZV5Q32RR2PVW81FB5XK0P12,for upgrade,01KZRTCK0G5MVQXDRCE7B6VZ1X,01KZRRGW14DC1V4DFEXXX74JBW,01KZRW4877SRMJMM3R17R2QE73,2026-08-23 18:02:06.840256+08,2026-08-23 18:02:06.840256+08,01KZRRGW14SVP3PKMRRXC2J621,01KZRRGW14WH1V6PTWDSASC4XK
01KZV5Q32R2A1KBKZD95SSQ2WW,for pullout,01KZRTCK0DJHWF18CVJQXSACA6,01KZRRGW142RC6MARTSS19R7GK,01KZRW4877GVVZRA6JKSTGEVNK,2026-08-23 18:02:06.840256+08,2026-08-23 18:02:06.840256+08,01KZRRGW14200T0G4QVVJEZMW1,01KZRRGW14FX4FRK4R4E3MKR5J
01KZV5Q32R0VR1NBPS0GCEREJE,pullout by dealer,01KZRTCK0G6N69PYS73Y67B05H,01KZRRGW14VWS3587600FPGYJJ,01KZRW4877ZVCRK1H9RNQPG5NR,2026-08-23 18:02:06.840256+08,2026-08-23 18:02:06.840256+08,01KZRRGW147SW8PDR6Z12DT4B9,01KZRRGW14N56M3HGFGXE3FN5T
01KZV5Q32RMWQF53WE2V2HV0Z2,deployment,01KZRTCK08W2VKBBGB5EHC35RN,01KZRRGW14Y65J9N71RS7C99PT,01KZRW4877HTTETZMDFBTY9TG8,2026-08-23 18:02:06.840256+08,2026-08-23 18:02:06.840256+08,01KZRRGW142XAJ3EN2YJAF1HJB,01KZRRGW14Z2V2BPKDSQ6DKV67
01KZV5Q32SRCN654NR2XNAT0VJ,pullout by distributor,01KZRTCK0D0A555RXQ4VNQE3MT,01KZRRGW14FX4FRK4R4E3MKR5J,01KZRW4877B3D0MZHS3AQRJ814,2026-08-23 18:02:06.840256+08,2026-08-23 18:02:06.840256+08,01KZRRGW14X04WHWJ78QR6J8H3,01KZRRGW14JQ7JEW5HBDS8P7VJ
01KZV5Q32S3W4X4MXGFAQ7Z5GQ,for upgrade,01KZRTCK0BDZAEDAFEA2GAHZQG,01KZRRGW14KMGR1H2QPNVXB420,01KZRW4877DZMG7S8EQEYF7D89,2026-08-23 18:02:06.840256+08,2026-08-23 18:02:06.840256+08,01KZRRGW14XPKB44H9B6WS515H,01KZRRGW14PHE1YJB3BS55XR3K
01KZV5Q32S8XMNE54VE403C5KZ,for downgrade,01KZRTCK0B0ET9WRBR0G21QAK9,01KZRRGW14J5MRZ241JHXYMPE5,01KZRW4877W4J1M6PJM0QPSR4V,2026-08-23 18:02:06.840256+08,2026-08-23 18:02:06.840256+08,01KZRRGW149RPSGBHQY8MZC6NF,01KZRRGW14X04WHWJ78QR6J8H3
01KZV5Q32S0WN0YJ73A6BSVHWG,deployment,01KZRTCK09PFWN3HFQVTVA1G1N,01KZRRGW14N5VHBCMAJGNJ0GJH,01KZRW4877VA8TBBCFWH8TVEM7,2026-08-23 18:02:06.840256+08,2026-08-23 18:02:06.840256+08,01KZRRGW14MXEWF9HMYNXVS5ER,01KZRRGW142RC6MARTSS19R7GK
01KZV5Q32SJ3JTNHQ8H9BDYA25,for pullout,01KZRTCK0GBKCV3Y4R9FVP6GAD,01KZRRGW146F8C4946XJM2S6EC,01KZRW4877NYSZZ4VFYZTN4ES1,2026-08-23 18:02:06.840256+08,2026-08-23 18:02:06.840256+08,01KZRRGW14WSB3JJJKQDEREKF3,01KZRRGW149RPSGBHQY8MZC6NF
01KZV5Q32S9ZAQD81WP7JNDQ1Z,for downgrade,01KZRTCK0CKVTRXF06YEV6NB99,01KZRRGW14SVP3PKMRRXC2J621,01KZRW4877VA8TBBCFWH8TVEM7,2026-08-23 18:02:06.840256+08,2026-08-23 18:02:06.840256+08,01KZRRGW14WH1V6PTWDSASC4XK,01KZRRGW14JQ7JEW5HBDS8P7VJ
01KZV5Q32S0ZKJRK3HMP2CZ7YN,for replacement - broken unit,01KZRTCK0D9C8737QVTS68FQT2,01KZRRGW140MQ9ZE887EQDG87Z,01KZRW4877B9B3MX4SDENM2X4F,2026-08-23 18:02:06.840256+08,2026-08-23 18:02:06.840256+08,01KZRRGW14VWS3587600FPGYJJ,01KZRRGW143XAZME28X8CPEY8S
01KZV5Q32S4NW3K2DK01KWC4GA,deployment,01KZRTCK0E5FKHYBWJSN5G9N4B,01KZRRGW14PHE1YJB3BS55XR3K,01KZRW4877MFF924CSKP3J6WW4,2026-08-23 18:02:06.840256+08,2026-08-23 18:02:06.840256+08,01KZRRGW149RPSGBHQY8MZC6NF,01KZRRGW14X04WHWJ78QR6J8H3
01KZV5Q32SEHQKFGQPHNB7EBPM,for downgrade,01KZRTCK0DV56PAA5Q9DK5VZZ9,01KZRRGW14A7VW9HY70W2ZKDCX,01KZRW48778X9EQJ3KN65YC121,2026-08-23 18:02:06.840256+08,2026-08-23 18:02:06.840256+08,01KZRRGW14XPKB44H9B6WS515H,01KZRRGW14WSB3JJJKQDEREKF3
01KZV5Q32S65MJ64053VFGGMJ0,for upgrade,01KZRTCK09JDN45Y0CMF0QB4H0,01KZRRGW14PHE1YJB3BS55XR3K,01KZRW48779V159SGJGWDHBYTJ,2026-08-23 18:02:06.840256+08,2026-08-23 18:02:06.840256+08,01KZRRGW143XAZME28X8CPEY8S,01KZRRGW142XAJ3EN2YJAF1HJB
01KZV5Q32SEPNRX7KG25ATEHH1,pullout by dealer,01KZRTCK0GH2W5DXZHC14YE730,01KZRRGW142RC6MARTSS19R7GK,01KZRW4877YEX8C3RH16STZ2B2,2026-08-23 18:02:06.840256+08,2026-08-23 18:02:06.840256+08,01KZRRGW14PHE1YJB3BS55XR3K,01KZRRGW14200T0G4QVVJEZMW1
01KZV5Q32SEVPCPWHD2ATT1RE8,for downgrade,01KZRTCK0CK0CKRD1PY72EX1Q2,01KZRRGW14FX4FRK4R4E3MKR5J,01KZRW4877Z1GGC6GJTVS7J2AP,2026-08-23 18:02:06.840256+08,2026-08-23 18:02:06.840256+08,01KZRRGW1448AZYH3Y9E70DS21,01KZRRGW14MXEWF9HMYNXVS5ER
01KZV5Q32SE3825NQ4MDCQWXRJ,pullout by dealer,01KZRTCK09HB4VP5Z9TR48H6Z6,01KZRRGW14XPKB44H9B6WS515H,01KZRW48778X9EQJ3KN65YC121,2026-08-23 18:02:06.840256+08,2026-08-23 18:02:06.840256+08,01KZRRGW14DC1V4DFEXXX74JBW,01KZRRGW14J5MRZ241JHXYMPE5
01KZV5Q32SD8AZ7GHQ65DEDPG0,for upgrade,01KZRTCK0EAJVR02XV8WCNFXJQ,01KZRRGW14SVP3PKMRRXC2J621,01KZRW4877Q5X4JA1EXXW4HQ9R,2026-08-23 18:02:06.840256+08,2026-08-23 18:02:06.840256+08,01KZRRGW14WSB3JJJKQDEREKF3,01KZRRGW14200T0G4QVVJEZMW1
01KZV5Q32SXF38J9DF7EJ1ZKKR,for pullout,01KZRTCK0CF7VCNFNEBHA9MSYH,01KZRRGW14PHE1YJB3BS55XR3K,01KZRW48771BV67J8RNDGKP3AK,2026-08-23 18:02:06.840256+08,2026-08-23 18:02:06.840256+08,01KZRRGW14A7VW9HY70W2ZKDCX,01KZRRGW14FX4FRK4R4E3MKR5J
01KZV5Q32TK7M0356EGZJGEXYY,for pullout,01KZRTCK0BWF30DYT87X6AH4D8,01KZRRGW14VWS3587600FPGYJJ,01KZRW4877WE0F7J1HSG76PWQF,2026-08-23 18:02:06.840256+08,2026-08-23 18:02:06.840256+08,01KZRRGW14VWS3587600FPGYJJ,01KZRRGW14Y65J9N71RS7C99PT
01KZV5Q32TSYYFV3YX0V31T1N6,for pullout,01KZRTCK0EM2T547BMFCFG54J6,01KZRRGW14RBSVD8GEY7WA5YWC,01KZRW4877G0YHH3T1F43JMJ4N,2026-08-23 18:02:06.840256+08,2026-08-23 18:02:06.840256+08,01KZRRGW14WSB3JJJKQDEREKF3,01KZRRGW14A7VW9HY70W2ZKDCX
01KZV5Q32TQDDVRZ900A9BP1AJ,for pullout,01KZRTCK0C04T6F8AGVN2J7C9M,01KZRRGW14X04WHWJ78QR6J8H3,01KZRW4877H6020WSQ0GV9YAQ5,2026-08-23 18:02:06.840256+08,2026-08-23 18:02:06.840256+08,01KZRRGW146F8C4946XJM2S6EC,01KZRRGW149RPSGBHQY8MZC6NF
01KZV5Q32T74JGMPE4TZKVVVTB,for upgrade,01KZRTCK0A1JMVFECWJ2XRBASD,01KZRRGW14JQ7JEW5HBDS8P7VJ,01KZRW48779V159SGJGWDHBYTJ,2026-08-23 18:02:06.840256+08,2026-08-23 18:02:06.840256+08,01KZRRGW149RPSGBHQY8MZC6NF,01KZRRGW14N56M3HGFGXE3FN5T
01KZV5Q32T7188B0W3DC8Z73NH,for downgrade,01KZRTCK0E7BVGSSN22G2TDSYA,01KZRRGW14MXEWF9HMYNXVS5ER,01KZRW4877RJWA8G8EVGD5AKV5,2026-08-23 18:02:06.840256+08,2026-08-23 18:02:06.840256+08,01KZRRGW142RC6MARTSS19R7GK,01KZRRGW14KVWBG89MRPJPJBXC
01KZV5Q32T0DJZCB8Q0C06XN4D,for replacement - broken unit,01KZRTCK0EKN2D2B328YJ1WW2H,01KZRRGW14K9GDB2KGW0SVFJBM,01KZRW4877ASYYCMJDQ4ZM72CY,2026-08-23 18:02:06.840256+08,2026-08-23 18:02:06.840256+08,01KZRRGW14PHE1YJB3BS55XR3K,01KZRRGW14Y65J9N71RS7C99PT
01KZV5Q32TPQAYSC1ZHNF1W23Q,for pullout,01KZRTCK0EQT6F5Z4P9EPZSRED,01KZRRGW14EVYGVAR1F5M4N714,01KZRW4877JT4P6WNFK8H35SP9,2026-08-23 18:02:06.840256+08,2026-08-23 18:02:06.840256+08,01KZRRGW14X04WHWJ78QR6J8H3,01KZRRGW149RPSGBHQY8MZC6NF
01KZV5Q32T2M94P6PMCNGTVCHW,for replacement - broken unit,01KZRTCK0CJSAMVNDAWSSM2W7N,01KZRRGW14SVP3PKMRRXC2J621,01KZRW4877NYSZZ4VFYZTN4ES1,2026-08-23 18:02:06.840256+08,2026-08-23 18:02:06.840256+08,01KZRRGW143XAZME28X8CPEY8S,01KZRRGW147SW8PDR6Z12DT4B9
01KZV5Q32TYEBXKEV3FF89SSVB,deployment,01KZRTCK0GG5AGBZY7AC1DEK66,01KZRRGW14KVWBG89MRPJPJBXC,01KZRW4877QESJQX4TK48W4NS1,2026-08-23 18:02:06.840256+08,2026-08-23 18:02:06.840256+08,01KZRRGW147SW8PDR6Z12DT4B9,01KZRRGW149RPSGBHQY8MZC6NF
01KZV5Q32TYRATETRBJ3NVCHRH,deployment,01KZRTCK0BMSRJPEBP3NQM86X9,01KZRRGW14N9EVMX0Z1ZRJRRAH,01KZRW4877ASYYCMJDQ4ZM72CY,2026-08-23 18:02:06.840256+08,2026-08-23 18:02:06.840256+08,01KZRRGW14N56M3HGFGXE3FN5T,01KZRRGW14KMGR1H2QPNVXB420
01KZV5Q32TY8ZYX1V0JFECM1JP,pullout by distributor,01KZRTCK0C2ZPRW1BRBNNHZXQ4,01KZRRGW14KVWBG89MRPJPJBXC,01KZRW4877TQ3XX3R3NF9TGABV,2026-08-23 18:02:06.840256+08,2026-08-23 18:02:06.840256+08,01KZRRGW14200T0G4QVVJEZMW1,01KZRRGW14SVP3PKMRRXC2J621
01KZV5Q32TCFNFC98E2ZSYJF6E,for upgrade,01KZRTCK09D4XSVNGDB7GS82S2,01KZRRGW14DC1V4DFEXXX74JBW,01KZRW48777JDTMGDM6JZY87AF,2026-08-23 18:02:06.840256+08,2026-08-23 18:02:06.840256+08,01KZRRGW14N5VHBCMAJGNJ0GJH,01KZRRGW14KMGR1H2QPNVXB420
01KZV5Q32TT3D9A568D0RW60KF,pullout by dealer,01KZRTCK0AQE0ERW5C96Z8AKH6,01KZRRGW147SW8PDR6Z12DT4B9,01KZRW487741KD7GWF4QB79EFH,2026-08-23 18:02:06.840256+08,2026-08-23 18:02:06.840256+08,01KZRRGW14A7VW9HY70W2ZKDCX,01KZRRGW14JQ7JEW5HBDS8P7VJ
01KZV5Q32TE4M2XEDDTF704X4Z,pullout by dealer,01KZRTCK0APWRK1DH37AGBQ3G9,01KZRRGW14DC1V4DFEXXX74JBW,01KZRW48774CQFFFPSV57ZNBPR,2026-08-23 18:02:06.840256+08,2026-08-23 18:02:06.840256+08,01KZRRGW14VWS3587600FPGYJJ,01KZRRGW1442K27HM42RTFZG1M
01KZV5Q32TFKCXSB7PNS92MPNT,for downgrade,01KZRTCK09272R3821QNVX1EB3,01KZRRGW14FX4FRK4R4E3MKR5J,01KZRW4877RK7R5ZV77193KMDQ,2026-08-23 18:02:06.840256+08,2026-08-23 18:02:06.840256+08,01KZRRGW14X9Y2N7Y1J43BS87F,01KZRRGW14EVYGVAR1F5M4N714
01KZV5Q32TS67WPF3A8WV5XDQT,deployment,01KZRTCK0GK2WD07J6C5FAD9Z4,01KZRRGW14X9Y2N7Y1J43BS87F,01KZRW4877TQ7065A4RCCYE8SH,2026-08-23 18:02:06.840256+08,2026-08-23 18:02:06.840256+08,01KZRRGW1442K27HM42RTFZG1M,01KZRRGW142XAJ3EN2YJAF1HJB
01KZV5Q32TX6B3VNVKBQHZ26PH,for downgrade,01KZRTCK0G5VNAQ631YNFXCVBX,01KZRRGW14N9EVMX0Z1ZRJRRAH,01KZRW48777JDTMGDM6JZY87AF,2026-08-23 18:02:06.840256+08,2026-08-23 18:02:06.840256+08,01KZRRGW14XPKB44H9B6WS515H,01KZRRGW14THZB9B34PPHZSFE2
01KZV5Q32TATJQ0NB9M8BBJS0C,for upgrade,01KZRTCK0C100GFPESRB7R0Y6M,01KZRRGW14FX4FRK4R4E3MKR5J,01KZRW4877W4J1M6PJM0QPSR4V,2026-08-23 18:02:06.840256+08,2026-08-23 18:02:06.840256+08,01KZRRGW14WSB3JJJKQDEREKF3,01KZRRGW142XAJ3EN2YJAF1HJB
01KZV5Q32TVDPKM7KHY3R8K751,for downgrade,01KZRTCK0D45TQ636XNSP44HV1,01KZRRGW143XAZME28X8CPEY8S,01KZRW48771BV67J8RNDGKP3AK,2026-08-23 18:02:06.840256+08,2026-08-23 18:02:06.840256+08,01KZRRGW1442K27HM42RTFZG1M,01KZRRGW143DR9TSRKKQDPRDKM
01KZV5Q32T5TJTT99ZJ29MH7JM,deployment,01KZRTCK0EJCV9TGM4VA1B4GK5,01KZRRGW14A7VW9HY70W2ZKDCX,01KZRW4877G39D68T0PQZ5M81A,2026-08-23 18:02:06.840256+08,2026-08-23 18:02:06.840256+08,01KZRRGW146F8C4946XJM2S6EC,01KZRRGW14W9JF1K1J0X6X34N8
01KZV5Q32TAYEXYZ7D0D4FPA82,pullout by dealer,01KZRTCK0G5XSS8YFQGFRS7ADE,01KZRRGW14EVYGVAR1F5M4N714,01KZRW4877VGS7YRYB4P0A5H4N,2026-08-23 18:02:06.840256+08,2026-08-23 18:02:06.840256+08,01KZRRGW14A7VW9HY70W2ZKDCX,01KZRRGW14G35YB41SN7AN85CV
01KZV5Q32TC9R02KM02YN7J9D6,for upgrade,01KZRTCK0GYXQ8JHT60N2EMR7A,01KZRRGW14DC1V4DFEXXX74JBW,01KZRW48771VS10A2E45E408EC,2026-08-23 18:02:06.840256+08,2026-08-23 18:02:06.840256+08,01KZRRGW146F8C4946XJM2S6EC,01KZRRGW14JQ7JEW5HBDS8P7VJ
01KZV5Q32T7JHKH5H5NTD7PSSG,pullout by dealer,01KZRTCK0DTM14A86P8V0TRXCY,01KZRRGW14MXEWF9HMYNXVS5ER,01KZRW4877T3XV4P4JY2BTWW8J,2026-08-23 18:02:06.840256+08,2026-08-23 18:02:06.840256+08,01KZRRGW147SW8PDR6Z12DT4B9,01KZRRGW14EVYGVAR1F5M4N714
01KZV5Q32TD43Y2Z369W4B6EJZ,pullout by distributor,01KZRTCK0ECHGS3APJ467Y392A,01KZRRGW14KBMMYGKVHMX9RQD8,01KZRW4877D9R8T6DSGNC22W4X,2026-08-23 18:02:06.840256+08,2026-08-23 18:02:06.840256+08,01KZRRGW14MXEWF9HMYNXVS5ER,01KZRRGW1448AZYH3Y9E70DS21
01KZV5Q32V9C4HEDZHZBZ5CGK4,pullout by distributor,01KZRTCK0BY57280VXS22GTG9F,01KZRRGW14X9Y2N7Y1J43BS87F,01KZRW4877XM3HSHJZWNN5DMVE,2026-08-23 18:02:06.840256+08,2026-08-23 18:02:06.840256+08,01KZRRGW14N9EVMX0Z1ZRJRRAH,01KZRRGW143XAZME28X8CPEY8S
01KZV5Q32V46JKC46NQ44MW50R,pullout by dealer,01KZRTCK0EDFDDPS25G0397ZK8,01KZRRGW14N9EVMX0Z1ZRJRRAH,01KZRW48771S3VZMTY431CY71G,2026-08-23 18:02:06.840256+08,2026-08-23 18:02:06.840256+08,01KZRRGW149RPSGBHQY8MZC6NF,01KZRRGW14Y65J9N71RS7C99PT
01KZV5Q32VKWZGPEWWZ62SSS5X,deployment,01KZRTCK0G6PC451Y2FF1Y1NKE,01KZRRGW14200T0G4QVVJEZMW1,01KZRW4877TQ7065A4RCCYE8SH,2026-08-23 18:02:06.840256+08,2026-08-23 18:02:06.840256+08,01KZRRGW1448AZYH3Y9E70DS21,01KZRRGW14MXEWF9HMYNXVS5ER
01KZV5Q32V8MKW5QWKQFDEVENA,for replacement - broken unit,01KZRTCK09S2DCCC2KG5EJK0DT,01KZRRGW147SW8PDR6Z12DT4B9,01KZRW4877J6H9QTAKXMT8A2FE,2026-08-23 18:02:06.840256+08,2026-08-23 18:02:06.840256+08,01KZRRGW14SVP3PKMRRXC2J621,01KZRRGW14FX4FRK4R4E3MKR5J
01KZV5Q32V2ZP5S70V3PS7JXJX,for upgrade,01KZRTCK09Z8X8J17D7WY4W33V,01KZRRGW142RC6MARTSS19R7GK,01KZRW48777AHPHKJ81KF0SBSV,2026-08-23 18:02:06.840256+08,2026-08-23 18:02:06.840256+08,01KZRRGW14Y65J9N71RS7C99PT,01KZRRGW14SVP3PKMRRXC2J621
01KZV5Q32VDF6GP77VVKRN6GE5,deployment,01KZRTCK0951G3HTJP47FXJXFY,01KZRRGW14VWS3587600FPGYJJ,01KZRW4877YEX8C3RH16STZ2B2,2026-08-23 18:02:06.840256+08,2026-08-23 18:02:06.840256+08,01KZRRGW14KVWBG89MRPJPJBXC,01KZRRGW143DR9TSRKKQDPRDKM
01KZV5Q32VDZZMDRJ8Y2VPE8YA,for pullout,01KZRTCK0FWSK8JPBYQA9V6GJJ,01KZRRGW14THZB9B34PPHZSFE2,01KZRW48779CWAQ752ZGCV7AN3,2026-08-23 18:02:06.840256+08,2026-08-23 18:02:06.840256+08,01KZRRGW14THZB9B34PPHZSFE2,01KZRRGW14MXEWF9HMYNXVS5ER
01KZV5Q32VK49GJRJF4GW9GBV5,for pullout,01KZRTCK0CYJPG6EQ6FC3TXRFE,01KZRRGW142RC6MARTSS19R7GK,01KZRW4877MFF924CSKP3J6WW4,2026-08-23 18:02:06.840256+08,2026-08-23 18:02:06.840256+08,01KZRRGW142XAJ3EN2YJAF1HJB,01KZRRGW14KMGR1H2QPNVXB420
01KZV5Q32VDX95HD5X87AXJXXZ,for downgrade,01KZRTCK0DQYHSHQW9T5T0BNBS,01KZRRGW14Y65J9N71RS7C99PT,01KZRW4877V0J57H3JPGGS28WZ,2026-08-23 18:02:06.840256+08,2026-08-23 18:02:06.840256+08,01KZRRGW14Z2V2BPKDSQ6DKV67,01KZRRGW14200T0G4QVVJEZMW1
01KZV5Q32VBWFMVP03M4M928JY,for replacement - broken unit,01KZRTCK09CSDJXX74G09YYKYK,01KZRRGW143DR9TSRKKQDPRDKM,01KZRW4877Z8TPYQZSPSR7KQ3R,2026-08-23 18:02:06.840256+08,2026-08-23 18:02:06.840256+08,01KZRRGW14X04WHWJ78QR6J8H3,01KZRRGW14RBSVD8GEY7WA5YWC
01KZV5Q32VYYK7HHQJJ7D08QBE,for upgrade,01KZRTCK0ARZQVGR60WYV53PTZ,01KZRRGW14Y65J9N71RS7C99PT,01KZRW487795H0KSW6AV992VCS,2026-08-23 18:02:06.840256+08,2026-08-23 18:02:06.840256+08,01KZRRGW14SVP3PKMRRXC2J621,01KZRRGW149RPSGBHQY8MZC6NF
01KZV5Q32VGQMZCVQ4T333K81D,for downgrade,01KZRTCK08GHYTVAKJYB5W4WT0,01KZRRGW14Y65J9N71RS7C99PT,01KZRW48774A2DK7QW4RW8GRQD,2026-08-23 18:02:06.840256+08,2026-08-23 18:02:06.840256+08,01KZRRGW140MQ9ZE887EQDG87Z,01KZRRGW14RBSVD8GEY7WA5YWC
01KZV5Q32VDXTZNF9GXPV82B7N,for upgrade,01KZRTCK0DM6SNKM4FHTNKPBK1,01KZRRGW143DR9TSRKKQDPRDKM,01KZRW48779S54N1CEJC2Y3AZY,2026-08-23 18:02:06.840256+08,2026-08-23 18:02:06.840256+08,01KZRRGW14THZB9B34PPHZSFE2,01KZRRGW14J5MRZ241JHXYMPE5
01KZV5Q32VCDT43FEC7A21YRW7,pullout by distributor,01KZRTCK0B0WVFACGBF4QW5XCN,01KZRRGW14X9Y2N7Y1J43BS87F,01KZRW4877E1K1FVC8Z9DHP6KE,2026-08-23 18:02:06.840256+08,2026-08-23 18:02:06.840256+08,01KZRRGW146F8C4946XJM2S6EC,01KZRRGW142XAJ3EN2YJAF1HJB
01KZV5Q32V81QCWMG5GNT5C2TG,for upgrade,01KZRTCK0DHJQ0BH909V6C9ZWP,01KZRRGW14K9GDB2KGW0SVFJBM,01KZRW4877WQJZ3J1CH35W5XY0,2026-08-23 18:02:06.840256+08,2026-08-23 18:02:06.840256+08,01KZRRGW1442K27HM42RTFZG1M,01KZRRGW14K9GDB2KGW0SVFJBM
01KZV5Q32VJ0DC80FVS72G1YV4,pullout by dealer,01KZRTCK0A2ZGYQ5TYVK0493ZK,01KZRRGW14XPKB44H9B6WS515H,01KZRW4877FZS8TFJN9ZMN5RWV,2026-08-23 18:02:06.840256+08,2026-08-23 18:02:06.840256+08,01KZRRGW142RC6MARTSS19R7GK,01KZRRGW14200T0G4QVVJEZMW1
01KZV5Q32VS7TAKRN748ZW0QP9,pullout by distributor,01KZRTCK0BDTMQ8HVYK11JDDFD,01KZRRGW14KMGR1H2QPNVXB420,01KZRW4877Q5X4JA1EXXW4HQ9R,2026-08-23 18:02:06.840256+08,2026-08-23 18:02:06.840256+08,01KZRRGW14N9EVMX0Z1ZRJRRAH,01KZRRGW140MQ9ZE887EQDG87Z
01KZV5Q32VWQM1PBFDSZMJVF35,pullout by distributor,01KZRTCK08BNBG3WHVFR7752C9,01KZRRGW14X04WHWJ78QR6J8H3,01KZRW4877H6020WSQ0GV9YAQ5,2026-08-23 18:02:06.840256+08,2026-08-23 18:02:06.840256+08,01KZRRGW149RPSGBHQY8MZC6NF,01KZRRGW14JQ7JEW5HBDS8P7VJ
01KZV5Q32VB13R4Y00XV4X92KA,deployment,01KZRTCK0BXBF2JS9X9BXN8Z0Z,01KZRRGW14Y65J9N71RS7C99PT,01KZRW4877BFP4JMW1E9SHS153,2026-08-23 18:02:06.840256+08,2026-08-23 18:02:06.840256+08,01KZRRGW14X04WHWJ78QR6J8H3,01KZRRGW14A7VW9HY70W2ZKDCX
01KZV5Q32W3VQQ6RDBN0G4XWRH,deployment,01KZRTCK09KQGQMP082VDRRAR8,01KZRRGW14J5MRZ241JHXYMPE5,01KZRW4877WQZA5NY9SXK8D7Q3,2026-08-23 18:02:06.840256+08,2026-08-23 18:02:06.840256+08,01KZRRGW14J5MRZ241JHXYMPE5,01KZRRGW14FX4FRK4R4E3MKR5J
01KZV5Q32W1M4C1T9GVN9H96DS,for downgrade,01KZRTCK0DB33XBVVG02BZKXMQ,01KZRRGW14EVYGVAR1F5M4N714,01KZRW48774CQFFFPSV57ZNBPR,2026-08-23 18:02:06.840256+08,2026-08-23 18:02:06.840256+08,01KZRRGW14JQ7JEW5HBDS8P7VJ,01KZRRGW1448AZYH3Y9E70DS21
01KZV5Q32WVG6QK2X2YPJSAJ9B,pullout by distributor,01KZRTCK0A5A1C4JMXBVEA2A9J,01KZRRGW14KVWBG89MRPJPJBXC,01KZRW48771VS10A2E45E408EC,2026-08-23 18:02:06.840256+08,2026-08-23 18:02:06.840256+08,01KZRRGW14A7VW9HY70W2ZKDCX,01KZRRGW1448AZYH3Y9E70DS21
01KZV5Q32WDSGT7G1FSYQW666P,deployment,01KZRTCK0BWC752R1260NN4K2G,01KZRRGW14G35YB41SN7AN85CV,01KZRW4877JD5H1HZVRFSFTM98,2026-08-23 18:02:06.840256+08,2026-08-23 18:02:06.840256+08,01KZRRGW14WSB3JJJKQDEREKF3,01KZRRGW14JQ7JEW5HBDS8P7VJ
01KZV5Q32WQ6FQEYTYXX2FBYKK,for upgrade,01KZRTCK0DTY6P9VQEFJQ5BAVQ,01KZRRGW146F8C4946XJM2S6EC,01KZRW48773GHQQ4H8241WY49R,2026-08-23 18:02:06.840256+08,2026-08-23 18:02:06.840256+08,01KZRRGW143XAZME28X8CPEY8S,01KZRRGW14W9JF1K1J0X6X34N8
01KZV5Q32WY3QBW0J39TCQHCA2,for pullout,01KZRTCK0A43HW4TH91YXT2T4W,01KZRRGW147SW8PDR6Z12DT4B9,01KZRW4877BFP4JMW1E9SHS153,2026-08-23 18:02:06.840256+08,2026-08-23 18:02:06.840256+08,01KZRRGW14FX4FRK4R4E3MKR5J,01KZRRGW14JQ7JEW5HBDS8P7VJ
01KZV5Q32WVSDJ0PATB6P8QVTN,for replacement - broken unit,01KZRTCK09J6APB1QDVA3ZANM8,01KZRRGW14XPKB44H9B6WS515H,01KZRW48771BV67J8RNDGKP3AK,2026-08-23 18:02:06.840256+08,2026-08-23 18:02:06.840256+08,01KZRRGW14A7VW9HY70W2ZKDCX,01KZRRGW14W9JF1K1J0X6X34N8
01KZV5Q32X0B2774A4VMZQJ6E4,for downgrade,01KZRTCK0A43HW4TH91YXT2T4W,01KZRRGW14SVP3PKMRRXC2J621,01KZRW48771S3VZMTY431CY71G,2026-08-23 18:02:06.840256+08,2026-08-23 18:02:06.840256+08,01KZRRGW143DR9TSRKKQDPRDKM,01KZRRGW14G35YB41SN7AN85CV
01KZV5Q32X0N6T879EVBN67973,pullout by dealer,01KZRTCK0BF12H8K77YTEK7NPM,01KZRRGW14KBMMYGKVHMX9RQD8,01KZRW4877B4VKB2E5TT4BWFP8,2026-08-23 18:02:06.840256+08,2026-08-23 18:02:06.840256+08,01KZRRGW143DR9TSRKKQDPRDKM,01KZRRGW14X9Y2N7Y1J43BS87F
01KZV5Q32XSPF9YDJZ3CSP823K,for pullout,01KZRTCK086NH160N9DBHN8VQD,01KZRRGW146F8C4946XJM2S6EC,01KZRW48774CQFFFPSV57ZNBPR,2026-08-23 18:02:06.840256+08,2026-08-23 18:02:06.840256+08,01KZRRGW147SW8PDR6Z12DT4B9,01KZRRGW14N56M3HGFGXE3FN5T
01KZV5Q32X4GWW7Y08X16Z4EFP,for pullout,01KZRTCK0CC1J9ZE3R671PHB32,01KZRRGW14VWS3587600FPGYJJ,01KZRW4877HQV77AK3B14GNXZ1,2026-08-23 18:02:06.840256+08,2026-08-23 18:02:06.840256+08,01KZRRGW14RBSVD8GEY7WA5YWC,01KZRRGW14A7VW9HY70W2ZKDCX
01KZV5Q32XXF3ZQXX2B25PTDEZ,pullout by distributor,01KZRTCK0GSNZS08476MBT1QPG,01KZRRGW14W9JF1K1J0X6X34N8,01KZRW4877R9Q45MFW4A93MM51,2026-08-23 18:02:06.840256+08,2026-08-23 18:02:06.840256+08,01KZRRGW146F8C4946XJM2S6EC,01KZRRGW1448AZYH3Y9E70DS21
01KZV5Q32XPC7287HZBE23BQ7W,for pullout,01KZRTCK0C3AA53Q449TFB27JW,01KZRRGW14WSB3JJJKQDEREKF3,01KZRW48773GHQQ4H8241WY49R,2026-08-23 18:02:06.840256+08,2026-08-23 18:02:06.840256+08,01KZRRGW14K9GDB2KGW0SVFJBM,01KZRRGW1448AZYH3Y9E70DS21
01KZV5Q32XHFE61W0VM9F6VHZG,pullout by dealer,01KZRTCK0974WJCDKCAW8PZZH8,01KZRRGW14JQ7JEW5HBDS8P7VJ,01KZRW48777JDTMGDM6JZY87AF,2026-08-23 18:02:06.840256+08,2026-08-23 18:02:06.840256+08,01KZRRGW14X04WHWJ78QR6J8H3,01KZRRGW14N56M3HGFGXE3FN5T
01KZV5Q32XC5R51ZMEC3B2QDJT,pullout by dealer,01KZRTCK0ER5GH761SHHR3Z74C,01KZRRGW14KMGR1H2QPNVXB420,01KZRW4877D5ZY6TAERNGTV34K,2026-08-23 18:02:06.840256+08,2026-08-23 18:02:06.840256+08,01KZRRGW146F8C4946XJM2S6EC,01KZRRGW14XPKB44H9B6WS515H
01KZV5Q32X4B4JSWAX3HJSVE62,pullout by distributor,01KZRTCK0B527PMS1CQABWT0GX,01KZRRGW14N56M3HGFGXE3FN5T,01KZRW4877AMSR96T952JSFTS6,2026-08-23 18:02:06.840256+08,2026-08-23 18:02:06.840256+08,01KZRRGW14200T0G4QVVJEZMW1,01KZRRGW14N9EVMX0Z1ZRJRRAH
01KZV5Q32XQ4C0DJXPM1VAZE53,for replacement - broken unit,01KZRTCK0CREXSXN31VQVDW0BC,01KZRRGW14KMGR1H2QPNVXB420,01KZRW48774A2DK7QW4RW8GRQD,2026-08-23 18:02:06.840256+08,2026-08-23 18:02:06.840256+08,01KZRRGW14XPKB44H9B6WS515H,01KZRRGW14K9GDB2KGW0SVFJBM
01KZV5Q32X2DGQW0BY63481W86,for pullout,01KZRTCK0CDV77MA242PC4NBZF,01KZRRGW143DR9TSRKKQDPRDKM,01KZRW4877BKP2FRH1B8G1CTC9,2026-08-23 18:02:06.840256+08,2026-08-23 18:02:06.840256+08,01KZRRGW142XAJ3EN2YJAF1HJB,01KZRRGW14A7VW9HY70W2ZKDCX
01KZV5Q32XDXE2QA1AGV3VXKHK,deployment,01KZRTCK0D482CXA7Y539DY2CR,01KZRRGW14N5VHBCMAJGNJ0GJH,01KZRW4877D0MJ7B5AT3RZ0G0Q,2026-08-23 18:02:06.840256+08,2026-08-23 18:02:06.840256+08,01KZRRGW142XAJ3EN2YJAF1HJB,01KZRRGW140MQ9ZE887EQDG87Z
01KZV5Q32XTPXQMVFYFGBWESZ8,for replacement - broken unit,01KZRTCK0DBKRF237KSYD28F5D,01KZRRGW14A7VW9HY70W2ZKDCX,01KZRW48779S54N1CEJC2Y3AZY,2026-08-23 18:02:06.840256+08,2026-08-23 18:02:06.840256+08,01KZRRGW14JQ7JEW5HBDS8P7VJ,01KZRRGW14PHE1YJB3BS55XR3K
01KZV5Q32XZ6F7VY15DMC957MB,pullout by dealer,01KZRTCK09ZP4NFE31ACHCNEMQ,01KZRRGW143DR9TSRKKQDPRDKM,01KZRW4877D0MJ7B5AT3RZ0G0Q,2026-08-23 18:02:06.840256+08,2026-08-23 18:02:06.840256+08,01KZRRGW14X04WHWJ78QR6J8H3,01KZRRGW14Z2V2BPKDSQ6DKV67
01KZV5Q32X9TRNEN0R330SJSC8,for upgrade,01KZRTCK0GSN84H3ZVQABZ5P3N,01KZRRGW14WH1V6PTWDSASC4XK,01KZRW48773P9B1HDR1BKFG957,2026-08-23 18:02:06.840256+08,2026-08-23 18:02:06.840256+08,01KZRRGW1442K27HM42RTFZG1M,01KZRRGW14N5VHBCMAJGNJ0GJH
01KZV5Q32X8DTJV3FXJH1JYY76,for replacement - broken unit,01KZRTCK0DVXZ4F6KMNH5QPXNW,01KZRRGW14FX4FRK4R4E3MKR5J,01KZRW4877TQ7065A4RCCYE8SH,2026-08-23 18:02:06.840256+08,2026-08-23 18:02:06.840256+08,01KZRRGW143DR9TSRKKQDPRDKM,01KZRRGW142RC6MARTSS19R7GK
01KZV5Q32XPWWPTW01KQVACC0F,for replacement - broken unit,01KZRTCK0GDR0SZHA61K56JG0T,01KZRRGW143XAZME28X8CPEY8S,01KZRW4877WE0F7J1HSG76PWQF,2026-08-23 18:02:06.840256+08,2026-08-23 18:02:06.840256+08,01KZRRGW14A7VW9HY70W2ZKDCX,01KZRRGW14KMGR1H2QPNVXB420
01KZV5Q32X1A2C541AXPQDSVJ9,pullout by distributor,01KZRTCK0BQHFDJXEWTTJDBTGD,01KZRRGW14KBMMYGKVHMX9RQD8,01KZRW4877SRMJMM3R17R2QE73,2026-08-23 18:02:06.840256+08,2026-08-23 18:02:06.840256+08,01KZRRGW14JQ7JEW5HBDS8P7VJ,01KZRRGW14WSB3JJJKQDEREKF3
01KZV5Q32YFQHWYWR5J56VG1S1,pullout by dealer,01KZRTCK0A8R3S9YABCRB1VGCK,01KZRRGW14N56M3HGFGXE3FN5T,01KZRW4877J6H9QTAKXMT8A2FE,2026-08-23 18:02:06.840256+08,2026-08-23 18:02:06.840256+08,01KZRRGW14THZB9B34PPHZSFE2,01KZRRGW14RBSVD8GEY7WA5YWC
01KZV5Q32YNGG1YTRN8QTHX9KQ,pullout by distributor,01KZRTCK0EP8G0W3HPWNQQPM9C,01KZRRGW14THZB9B34PPHZSFE2,01KZRW4877AMSR96T952JSFTS6,2026-08-23 18:02:06.840256+08,2026-08-23 18:02:06.840256+08,01KZRRGW14N5VHBCMAJGNJ0GJH,01KZRRGW14N9EVMX0Z1ZRJRRAH
01KZV5Q32YQBAC1KXN5JKHGTD6,for downgrade,01KZRTCK0B8378Y18MY92HTEC3,01KZRRGW142XAJ3EN2YJAF1HJB,01KZRW4877Z1GGC6GJTVS7J2AP,2026-08-23 18:02:06.840256+08,2026-08-23 18:02:06.840256+08,01KZRRGW146F8C4946XJM2S6EC,01KZRRGW143DR9TSRKKQDPRDKM
01KZV5Q32YMFC321BY56PF1Y2T,for upgrade,01KZRTCK0F9S940845GMF99A81,01KZRRGW142RC6MARTSS19R7GK,01KZRW48773TK4Y7T9N1T5N0JM,2026-08-23 18:02:06.840256+08,2026-08-23 18:02:06.840256+08,01KZRRGW14N5VHBCMAJGNJ0GJH,01KZRRGW14WH1V6PTWDSASC4XK
01KZV5Q32YQAHWE2HGNW8TY200,pullout by distributor,01KZRTCK0CHE4EMABHFK85SSXE,01KZRRGW14Y65J9N71RS7C99PT,01KZRW48777AHPHKJ81KF0SBSV,2026-08-23 18:02:06.840256+08,2026-08-23 18:02:06.840256+08,01KZRRGW14X04WHWJ78QR6J8H3,01KZRRGW140MQ9ZE887EQDG87Z
01KZV5Q32Y4SKC8HT2FAHXPBFA,for downgrade,01KZRTCK0D45TQ636XNSP44HV1,01KZRRGW149RPSGBHQY8MZC6NF,01KZRW48773P9B1HDR1BKFG957,2026-08-23 18:02:06.840256+08,2026-08-23 18:02:06.840256+08,01KZRRGW14VWS3587600FPGYJJ,01KZRRGW14THZB9B34PPHZSFE2
01KZV5Q32YMETGR4CWN0KB3S2Z,pullout by distributor,01KZRTCK08HVKDNCXE8ZZTDXN4,01KZRRGW14Y65J9N71RS7C99PT,01KZRW4877S7NXK01W1S3HFM9Z,2026-08-23 18:02:06.840256+08,2026-08-23 18:02:06.840256+08,01KZRRGW14Z2V2BPKDSQ6DKV67,01KZRRGW14K9GDB2KGW0SVFJBM
01KZV5Q32YJ9VZJATZKRVAZMPY,for replacement - broken unit,01KZRTCK0GPV0H93X3R2NKCDPT,01KZRRGW1442K27HM42RTFZG1M,01KZRW4877D5ZY6TAERNGTV34K,2026-08-23 18:02:06.840256+08,2026-08-23 18:02:06.840256+08,01KZRRGW14VWS3587600FPGYJJ,01KZRRGW14JQ7JEW5HBDS8P7VJ
01KZV5Q32Y2E77JVC8175W3N6T,pullout by dealer,01KZRTCK09X089VKFK4JRYAFKB,01KZRRGW147SW8PDR6Z12DT4B9,01KZRW4877R9Q45MFW4A93MM51,2026-08-23 18:02:06.840256+08,2026-08-23 18:02:06.840256+08,01KZRRGW14KBMMYGKVHMX9RQD8,01KZRRGW14K9GDB2KGW0SVFJBM
01KZV5Q32YT7CERAT0D3N8Q8B4,pullout by dealer,01KZRTCK09VYJVM4QS2Z2GF8TB,01KZRRGW14THZB9B34PPHZSFE2,01KZRW48779CWAQ752ZGCV7AN3,2026-08-23 18:02:06.840256+08,2026-08-23 18:02:06.840256+08,01KZRRGW147SW8PDR6Z12DT4B9,01KZRRGW14A7VW9HY70W2ZKDCX
01KZV5Q32Y9GWPTNCZJ4FANB4D,for upgrade,01KZRTCK0AQ0EXB18SXRHPK45C,01KZRRGW149RPSGBHQY8MZC6NF,01KZRW4877BKP2FRH1B8G1CTC9,2026-08-23 18:02:06.840256+08,2026-08-23 18:02:06.840256+08,01KZRRGW14200T0G4QVVJEZMW1,01KZRRGW14PHE1YJB3BS55XR3K
01KZV5Q32YAA3WDFE4764B5MKQ,for pullout,01KZRTCK08K0YBZJE755VD6F8C,01KZRRGW143DR9TSRKKQDPRDKM,01KZRW48779V159SGJGWDHBYTJ,2026-08-23 18:02:06.840256+08,2026-08-23 18:02:06.840256+08,01KZRRGW14KMGR1H2QPNVXB420,01KZRRGW14J5MRZ241JHXYMPE5
01KZV5Q32Z15QP4TJ8FC8ZC9W6,for pullout,01KZRTCK0D297Q3S4WAGJ6416V,01KZRRGW14Z2V2BPKDSQ6DKV67,01KZRW4877H6020WSQ0GV9YAQ5,2026-08-23 18:02:06.840256+08,2026-08-23 18:02:06.840256+08,01KZRRGW147SW8PDR6Z12DT4B9,01KZRRGW14SVP3PKMRRXC2J621
01KZV5Q32Z8V22G9CA1FKN2VTK,for upgrade,01KZRTCK0A2ZGYQ5TYVK0493ZK,01KZRRGW14DC1V4DFEXXX74JBW,01KZRW4877B9B3MX4SDENM2X4F,2026-08-23 18:02:06.840256+08,2026-08-23 18:02:06.840256+08,01KZRRGW14THZB9B34PPHZSFE2,01KZRRGW147SW8PDR6Z12DT4B9
01KZV5Q32ZYHXKJH6M80C5Y582,deployment,01KZRTCK09272R3821QNVX1EB3,01KZRRGW14200T0G4QVVJEZMW1,01KZRW4877WQZA5NY9SXK8D7Q3,2026-08-23 18:02:06.840256+08,2026-08-23 18:02:06.840256+08,01KZRRGW14WSB3JJJKQDEREKF3,01KZRRGW14SVP3PKMRRXC2J621
01KZV5Q32Z20M7Q6DMXV4SFDGV,for replacement - broken unit,01KZRTCK0G4EWS4QYBG0FHMSDG,01KZRRGW147SW8PDR6Z12DT4B9,01KZRW487795H0KSW6AV992VCS,2026-08-23 18:02:06.840256+08,2026-08-23 18:02:06.840256+08,01KZRRGW14K9GDB2KGW0SVFJBM,01KZRRGW142RC6MARTSS19R7GK
01KZV5Q32Z204RKJ6EXK6S0CFD,for replacement - broken unit,01KZRTCK0BCV4KPWZE4E6F5FRG,01KZRRGW14WH1V6PTWDSASC4XK,01KZRW4877D5ZY6TAERNGTV34K,2026-08-23 18:02:06.840256+08,2026-08-23 18:02:06.840256+08,01KZRRGW1442K27HM42RTFZG1M,01KZRRGW14DC1V4DFEXXX74JBW
01KZV5Q32ZBB5PN9DD64DHCV6M,pullout by dealer,01KZRTCK0EVQGH0HZF0YD7Z32X,01KZRRGW14XPKB44H9B6WS515H,01KZRW4877B3D0MZHS3AQRJ814,2026-08-23 18:02:06.840256+08,2026-08-23 18:02:06.840256+08,01KZRRGW147SW8PDR6Z12DT4B9,01KZRRGW146F8C4946XJM2S6EC
01KZV5Q32Z3S6146YMNZJ3ZRF6,for downgrade,01KZRTCK0GD8AF8BTK4T4B9DJD,01KZRRGW14J5MRZ241JHXYMPE5,01KZRW4877R9Q45MFW4A93MM51,2026-08-23 18:02:06.840256+08,2026-08-23 18:02:06.840256+08,01KZRRGW14KBMMYGKVHMX9RQD8,01KZRRGW14N56M3HGFGXE3FN5T
01KZV5Q32Z8ZX57XRYV723KAR9,for replacement - broken unit,01KZRTCK0D2BF9BWN57HT7XRFA,01KZRRGW142RC6MARTSS19R7GK,01KZRW4877SRMJMM3R17R2QE73,2026-08-23 18:02:06.840256+08,2026-08-23 18:02:06.840256+08,01KZRRGW14SVP3PKMRRXC2J621,01KZRRGW14THZB9B34PPHZSFE2
01KZV5Q32ZZQ76GP0SKHMSYCTY,for upgrade,01KZRTCK0E8H9XZ6XM3NQG8FD3,01KZRRGW14WH1V6PTWDSASC4XK,01KZRW48771S3VZMTY431CY71G,2026-08-23 18:02:06.840256+08,2026-08-23 18:02:06.840256+08,01KZRRGW14KVWBG89MRPJPJBXC,01KZRRGW142RC6MARTSS19R7GK
01KZV5Q32ZEPEK1GXC6W72ZBHF,for downgrade,01KZRTCK0EAVQQP0H4Z4J5Q59Q,01KZRRGW140MQ9ZE887EQDG87Z,01KZRW4877Z8TPYQZSPSR7KQ3R,2026-08-23 18:02:06.840256+08,2026-08-23 18:02:06.840256+08,01KZRRGW14A7VW9HY70W2ZKDCX,01KZRRGW14EVYGVAR1F5M4N714
01KZV5Q33092SD1SBF526TF8HX,for replacement - broken unit,01KZRTCK0B51AN8VXK1AFH9676,01KZRRGW14X9Y2N7Y1J43BS87F,01KZRW4877DZMG7S8EQEYF7D89,2026-08-23 18:02:06.840256+08,2026-08-23 18:02:06.840256+08,01KZRRGW14N5VHBCMAJGNJ0GJH,01KZRRGW147SW8PDR6Z12DT4B9
01KZV5Q330GKDD4S6J2K8QGGVK,pullout by distributor,01KZRTCK0FPAMHS7P4ME58ACZC,01KZRRGW14J5MRZ241JHXYMPE5,01KZRW48779R4JNZ47ZW2T3PQB,2026-08-23 18:02:06.840256+08,2026-08-23 18:02:06.840256+08,01KZRRGW14Y65J9N71RS7C99PT,01KZRRGW140MQ9ZE887EQDG87Z
01KZV5Q330QRR15ATKKKM0TAJB,pullout by distributor,01KZRTCK0BQ5AE7CH3W5D811VK,01KZRRGW14VWS3587600FPGYJJ,01KZRW48773TK4Y7T9N1T5N0JM,2026-08-23 18:02:06.840256+08,2026-08-23 18:02:06.840256+08,01KZRRGW14W9JF1K1J0X6X34N8,01KZRRGW14Z2V2BPKDSQ6DKV67
01KZV5Q3300ASPR8X4W8HXPCF7,pullout by dealer,01KZRTCK09PFWN3HFQVTVA1G1N,01KZRRGW146F8C4946XJM2S6EC,01KZRW4877B9B3MX4SDENM2X4F,2026-08-23 18:02:06.840256+08,2026-08-23 18:02:06.840256+08,01KZRRGW146F8C4946XJM2S6EC,01KZRRGW1448AZYH3Y9E70DS21
01KZV5Q330BCDX2GP5JHKX7ZJ6,for replacement - broken unit,01KZRTCK0GA56QN7HSK4XNVY5M,01KZRRGW146F8C4946XJM2S6EC,01KZRW4877T3XV4P4JY2BTWW8J,2026-08-23 18:02:06.840256+08,2026-08-23 18:02:06.840256+08,01KZRRGW14WSB3JJJKQDEREKF3,01KZRRGW140MQ9ZE887EQDG87Z
01KZV5Q330SX7X2Z5KJYBJ8T92,pullout by distributor,01KZRTCK09BBH1YX3X7ZTJQ3YB,01KZRRGW14Z2V2BPKDSQ6DKV67,01KZRW487701VM9C8JDQAVM50G,2026-08-23 18:02:06.840256+08,2026-08-23 18:02:06.840256+08,01KZRRGW143XAZME28X8CPEY8S,01KZRRGW146F8C4946XJM2S6EC
01KZV5Q330JHMFNBKG0T2R0F3E,pullout by distributor,01KZRTCK0EC0F6RP7DWRWPWP26,01KZRRGW14EVYGVAR1F5M4N714,01KZRW4877J6H9QTAKXMT8A2FE,2026-08-23 18:02:06.840256+08,2026-08-23 18:02:06.840256+08,01KZRRGW14EVYGVAR1F5M4N714,01KZRRGW14PHE1YJB3BS55XR3K
01KZV5Q3302KZCA5RCE3CGH1Z3,for pullout,01KZRTCK0DNFAZMJXA3F8RYT0T,01KZRRGW14N56M3HGFGXE3FN5T,01KZRW4877JGM1JN0BBQ9YM7WK,2026-08-23 18:02:06.840256+08,2026-08-23 18:02:06.840256+08,01KZRRGW14X9Y2N7Y1J43BS87F,01KZRRGW14K9GDB2KGW0SVFJBM
01KZV5Q330YA5QJ702XMANM6V0,deployment,01KZRTCK0A1YB90KJTXR57ZBDW,01KZRRGW14G35YB41SN7AN85CV,01KZRW4877J6H9QTAKXMT8A2FE,2026-08-23 18:02:06.840256+08,2026-08-23 18:02:06.840256+08,01KZRRGW14KMGR1H2QPNVXB420,01KZRRGW14XPKB44H9B6WS515H
01KZV5Q33071WWD00RKRAVZW64,for pullout,01KZRTCK0DRKSQY8KT2KX6KK60,01KZRRGW14KMGR1H2QPNVXB420,01KZRW4877RK7R5ZV77193KMDQ,2026-08-23 18:02:06.840256+08,2026-08-23 18:02:06.840256+08,01KZRRGW14MXEWF9HMYNXVS5ER,01KZRRGW14K9GDB2KGW0SVFJBM
01KZV5Q330A3K3PF6EPSVCTAPX,deployment,01KZRTCK0BC3D1HAFD5T2AMNFB,01KZRRGW1442K27HM42RTFZG1M,01KZRW4877Q5X4JA1EXXW4HQ9R,2026-08-23 18:02:06.840256+08,2026-08-23 18:02:06.840256+08,01KZRRGW14J5MRZ241JHXYMPE5,01KZRRGW14WSB3JJJKQDEREKF3
01KZV5Q330VZCK1XD5989CR45R,for replacement - broken unit,01KZRTCK0F097KKZ4E2356E55Y,01KZRRGW143DR9TSRKKQDPRDKM,01KZRW4877E1K1FVC8Z9DHP6KE,2026-08-23 18:02:06.840256+08,2026-08-23 18:02:06.840256+08,01KZRRGW14EVYGVAR1F5M4N714,01KZRRGW143DR9TSRKKQDPRDKM
01KZV5Q330YK5SSKJ5NWXJG5HJ,pullout by distributor,01KZRTCK0GQ5MBAH7RC7BZR3R9,01KZRRGW14WSB3JJJKQDEREKF3,01KZRW4877QZNEVFAY7G115HT9,2026-08-23 18:02:06.840256+08,2026-08-23 18:02:06.840256+08,01KZRRGW14KMGR1H2QPNVXB420,01KZRRGW149RPSGBHQY8MZC6NF
01KZV5Q330MPM4D0FW1E108NMY,deployment,01KZRTCK0ECFQJR59MSMF8PC1D,01KZRRGW14KMGR1H2QPNVXB420,01KZRW4877WQZA5NY9SXK8D7Q3,2026-08-23 18:02:06.840256+08,2026-08-23 18:02:06.840256+08,01KZRRGW14JQ7JEW5HBDS8P7VJ,01KZRRGW14N56M3HGFGXE3FN5T
01KZV5Q3306B2XQV7TC4C5B7FM,deployment,01KZRTCK0EW34YQN3FKXZ8TVGE,01KZRRGW14THZB9B34PPHZSFE2,01KZRW4877Z1GGC6GJTVS7J2AP,2026-08-23 18:02:06.840256+08,2026-08-23 18:02:06.840256+08,01KZRRGW14WH1V6PTWDSASC4XK,01KZRRGW143XAZME28X8CPEY8S
01KZV5Q330F546G6YTDF3H4Z0W,deployment,01KZRTCK0GBTKTBM7T570JY27A,01KZRRGW14X04WHWJ78QR6J8H3,01KZRW4877G0YHH3T1F43JMJ4N,2026-08-23 18:02:06.840256+08,2026-08-23 18:02:06.840256+08,01KZRRGW142XAJ3EN2YJAF1HJB,01KZRRGW140MQ9ZE887EQDG87Z
01KZV5Q330HT45YAZ0M70G6RGR,pullout by distributor,01KZRTCK0BRXV68K49S2MS0Z3X,01KZRRGW14WH1V6PTWDSASC4XK,01KZRW4877AZR5K32Y5PAGXHRC,2026-08-23 18:02:06.840256+08,2026-08-23 18:02:06.840256+08,01KZRRGW14Z2V2BPKDSQ6DKV67,01KZRRGW14Y65J9N71RS7C99PT
01KZV5Q330K5QRBMXPX3Y6QW1B,deployment,01KZRTCK0FG8P35E6HWRNHXVGX,01KZRRGW14K9GDB2KGW0SVFJBM,01KZRW4877RK7R5ZV77193KMDQ,2026-08-23 18:02:06.840256+08,2026-08-23 18:02:06.840256+08,01KZRRGW14RBSVD8GEY7WA5YWC,01KZRRGW14N9EVMX0Z1ZRJRRAH
01KZV5Q330NPFTP94EDPZRK53C,pullout by distributor,01KZRTCK0B1N2HA9QJZCQ5H52N,01KZRRGW14JQ7JEW5HBDS8P7VJ,01KZRW4877XM3HSHJZWNN5DMVE,2026-08-23 18:02:06.840256+08,2026-08-23 18:02:06.840256+08,01KZRRGW1448AZYH3Y9E70DS21,01KZRRGW143XAZME28X8CPEY8S
01KZV5Q330NP8RJFF08D5KTPG9,for downgrade,01KZRTCK0C5GEQZW3T9TFPVQWS,01KZRRGW14XPKB44H9B6WS515H,01KZRW4877GVVZRA6JKSTGEVNK,2026-08-23 18:02:06.840256+08,2026-08-23 18:02:06.840256+08,01KZRRGW14PHE1YJB3BS55XR3K,01KZRRGW14KVWBG89MRPJPJBXC
01KZV5Q330Q1G54FYRA5PKB72N,for pullout,01KZRTCK09AV895HB0SAQ0CR9W,01KZRRGW14WSB3JJJKQDEREKF3,01KZRW4877ZVCRK1H9RNQPG5NR,2026-08-23 18:02:06.840256+08,2026-08-23 18:02:06.840256+08,01KZRRGW14K9GDB2KGW0SVFJBM,01KZRRGW142XAJ3EN2YJAF1HJB
01KZV5Q331WPY4VKY7MEAY2C8H,for upgrade,01KZRTCK096MHZ7YWHSG3TP8MY,01KZRRGW1442K27HM42RTFZG1M,01KZRW4877K9M9E39HTSQE6N4Q,2026-08-23 18:02:06.840256+08,2026-08-23 18:02:06.840256+08,01KZRRGW14W9JF1K1J0X6X34N8,01KZRRGW14X9Y2N7Y1J43BS87F
01KZV5Q331B300FZ334BTKJSQ6,for downgrade,01KZRTCK0CCXXHQPJA40WKGFYX,01KZRRGW14G35YB41SN7AN85CV,01KZRW48774Y44DVZFJV030K96,2026-08-23 18:02:06.840256+08,2026-08-23 18:02:06.840256+08,01KZRRGW14Z2V2BPKDSQ6DKV67,01KZRRGW147SW8PDR6Z12DT4B9
01KZV5Q331T3GWSGNFAEHG5NVR,for replacement - broken unit,01KZRTCK0A4WZ12MG945KNMMQ7,01KZRRGW14KBMMYGKVHMX9RQD8,01KZRW4877Q5X4JA1EXXW4HQ9R,2026-08-23 18:02:06.840256+08,2026-08-23 18:02:06.840256+08,01KZRRGW14WH1V6PTWDSASC4XK,01KZRRGW14Z2V2BPKDSQ6DKV67
01KZV5Q331B4SXZP0FCNRPJAD8,for replacement - broken unit,01KZRTCK0EKXQY6BYA7RZ8H2YS,01KZRRGW14N5VHBCMAJGNJ0GJH,01KZRW4877NAVZSR88Z0ZHKRW9,2026-08-23 18:02:06.840256+08,2026-08-23 18:02:06.840256+08,01KZRRGW14N9EVMX0Z1ZRJRRAH,01KZRRGW140MQ9ZE887EQDG87Z
01KZV5Q331EER60HVZ3VKFY67W,for replacement - broken unit,01KZRTCK09XJDC0Y807HCN4YDR,01KZRRGW14VWS3587600FPGYJJ,01KZRW4877D9R8T6DSGNC22W4X,2026-08-23 18:02:06.840256+08,2026-08-23 18:02:06.840256+08,01KZRRGW14FX4FRK4R4E3MKR5J,01KZRRGW14MXEWF9HMYNXVS5ER
01KZV5Q331CXCRMQCR9DSPXHBB,for pullout,01KZRTCK09S4T78A3JFJBR11YV,01KZRRGW14N56M3HGFGXE3FN5T,01KZRW4877QESJQX4TK48W4NS1,2026-08-23 18:02:06.840256+08,2026-08-23 18:02:06.840256+08,01KZRRGW14J5MRZ241JHXYMPE5,01KZRRGW14Z2V2BPKDSQ6DKV67
01KZV5Q331F6YSP4HKYEEW4CHF,for pullout,01KZRTCK0DWZM4B0DQG7R9D3N9,01KZRRGW14PHE1YJB3BS55XR3K,01KZRW4877J6H9QTAKXMT8A2FE,2026-08-23 18:02:06.840256+08,2026-08-23 18:02:06.840256+08,01KZRRGW14SVP3PKMRRXC2J621,01KZRRGW140MQ9ZE887EQDG87Z
01KZV5Q331535CFDX89ERQTAVS,pullout by dealer,01KZRTCK09R71BWMYRDP03Z4WA,01KZRRGW14N56M3HGFGXE3FN5T,01KZRW4877B9B3MX4SDENM2X4F,2026-08-23 18:02:06.840256+08,2026-08-23 18:02:06.840256+08,01KZRRGW14N5VHBCMAJGNJ0GJH,01KZRRGW14XPKB44H9B6WS515H
01KZV5Q331MTN96QKZ28PD3MRC,pullout by distributor,01KZRTCK0GK4FAY87TXH0F808N,01KZRRGW143DR9TSRKKQDPRDKM,01KZRW48779R4JNZ47ZW2T3PQB,2026-08-23 18:02:06.840256+08,2026-08-23 18:02:06.840256+08,01KZRRGW14200T0G4QVVJEZMW1,01KZRRGW14WH1V6PTWDSASC4XK
01KZV5Q331ZAM6E12M20BBKKKT,for upgrade,01KZRTCK0CBWBCDA9V48G3JZJ0,01KZRRGW14WSB3JJJKQDEREKF3,01KZRW4877WQZA5NY9SXK8D7Q3,2026-08-23 18:02:06.840256+08,2026-08-23 18:02:06.840256+08,01KZRRGW1442K27HM42RTFZG1M,01KZRRGW14KVWBG89MRPJPJBXC
01KZV5Q3319YQBWBKXPEHS3JNT,for pullout,01KZRTCK0A9GSKW6MBC2KCH01E,01KZRRGW14XPKB44H9B6WS515H,01KZRW4877RK7R5ZV77193KMDQ,2026-08-23 18:02:06.840256+08,2026-08-23 18:02:06.840256+08,01KZRRGW14G35YB41SN7AN85CV,01KZRRGW14VWS3587600FPGYJJ
01KZV5Q331NH6EQ4TD55K4G5DY,for replacement - broken unit,01KZRTCK0CJN9QNFNYBS8QCCQQ,01KZRRGW146F8C4946XJM2S6EC,01KZRW4877T3XV4P4JY2BTWW8J,2026-08-23 18:02:06.840256+08,2026-08-23 18:02:06.840256+08,01KZRRGW14DC1V4DFEXXX74JBW,01KZRRGW142XAJ3EN2YJAF1HJB
01KZV5Q3313T7KR89ZGYE310PX,for downgrade,01KZRTCK08XJ6Y1YDGT35AM4H7,01KZRRGW1448AZYH3Y9E70DS21,01KZRW4877GVVZRA6JKSTGEVNK,2026-08-23 18:02:06.840256+08,2026-08-23 18:02:06.840256+08,01KZRRGW14J5MRZ241JHXYMPE5,01KZRRGW14XPKB44H9B6WS515H
01KZV5Q331EWX8GWVFFT417CB7,deployment,01KZRTCK091627YFZ7HXSNH8RT,01KZRRGW14VWS3587600FPGYJJ,01KZRW487795H0KSW6AV992VCS,2026-08-23 18:02:06.840256+08,2026-08-23 18:02:06.840256+08,01KZRRGW14WH1V6PTWDSASC4XK,01KZRRGW146F8C4946XJM2S6EC
01KZV5Q331XD611BWTJ4BTH9S3,for downgrade,01KZRTCK0CJSAMVNDAWSSM2W7N,01KZRRGW140MQ9ZE887EQDG87Z,01KZRW4877XM3HSHJZWNN5DMVE,2026-08-23 18:02:06.840256+08,2026-08-23 18:02:06.840256+08,01KZRRGW14K9GDB2KGW0SVFJBM,01KZRRGW14WH1V6PTWDSASC4XK
01KZV5Q331WYNFXCJ7FJX6Y6D6,pullout by distributor,01KZRTCK09D4XSVNGDB7GS82S2,01KZRRGW14X9Y2N7Y1J43BS87F,01KZRW4877Z8TPYQZSPSR7KQ3R,2026-08-23 18:02:06.840256+08,2026-08-23 18:02:06.840256+08,01KZRRGW14N9EVMX0Z1ZRJRRAH,01KZRRGW147SW8PDR6Z12DT4B9
01KZV5Q331YE88RS1JPZ6BKF0B,for replacement - broken unit,01KZRTCK09DDM89Y7B0RB7Y4NT,01KZRRGW14WH1V6PTWDSASC4XK,01KZRW4877DZMG7S8EQEYF7D89,2026-08-23 18:02:06.840256+08,2026-08-23 18:02:06.840256+08,01KZRRGW14MXEWF9HMYNXVS5ER,01KZRRGW14RBSVD8GEY7WA5YWC
01KZV5Q3319A2CA6VW1KBMWHPQ,for pullout,01KZRTCK0ECZWCFBE9SY8W79CX,01KZRRGW14A7VW9HY70W2ZKDCX,01KZRW4877FZS8TFJN9ZMN5RWV,2026-08-23 18:02:06.840256+08,2026-08-23 18:02:06.840256+08,01KZRRGW1442K27HM42RTFZG1M,01KZRRGW1448AZYH3Y9E70DS21
01KZV5Q331BSZXBK7ZAT2E4J59,for replacement - broken unit,01KZRTCK0ECB4NS9QNHS09HMZE,01KZRRGW14PHE1YJB3BS55XR3K,01KZRW48779S54N1CEJC2Y3AZY,2026-08-23 18:02:06.840256+08,2026-08-23 18:02:06.840256+08,01KZRRGW14N5VHBCMAJGNJ0GJH,01KZRRGW14JQ7JEW5HBDS8P7VJ
01KZV5Q332KR082EYPYEBYR9P3,deployment,01KZRTCK0A0HV7N1RT7QVXKSVE,01KZRRGW14SVP3PKMRRXC2J621,01KZRW4877FQ91CFKG4PJTR1JJ,2026-08-23 18:02:06.840256+08,2026-08-23 18:02:06.840256+08,01KZRRGW143DR9TSRKKQDPRDKM,01KZRRGW14XPKB44H9B6WS515H
01KZV5Q34VKNN5VPPSMHDYDHCB,deployment,01KZRTCK0DSRT8PW41AN38CEG2,01KZRRGW14KVWBG89MRPJPJBXC,01KZRW4877EFAE21HQ86WYE6X8,2026-08-23 18:02:06.840256+08,2026-08-23 18:02:06.840256+08,01KZRRGW14EVYGVAR1F5M4N714,01KZRRGW14RBSVD8GEY7WA5YWC
01KZV5Q332JGVDBP9FD83VR0F2,deployment,01KZRTCK09BZWGKTVZH0NRF6QC,01KZRRGW14N9EVMX0Z1ZRJRRAH,01KZRW4877FZ26T405N4WYZMRG,2026-08-23 18:02:06.840256+08,2026-08-23 18:02:06.840256+08,01KZRRGW14K9GDB2KGW0SVFJBM,01KZRRGW14WSB3JJJKQDEREKF3
01KZV5Q332P7BTHH4FQ80HB7J4,for downgrade,01KZRTCK0B5NEFS09SD4Z6NCQR,01KZRRGW14N56M3HGFGXE3FN5T,01KZRW4877F027DTG1RSTES089,2026-08-23 18:02:06.840256+08,2026-08-23 18:02:06.840256+08,01KZRRGW14N9EVMX0Z1ZRJRRAH,01KZRRGW14WSB3JJJKQDEREKF3
01KZV5Q33241XMGJDA6GRQAT9C,for replacement - broken unit,01KZRTCK086NH160N9DBHN8VQD,01KZRRGW1442K27HM42RTFZG1M,01KZRW4877E1K1FVC8Z9DHP6KE,2026-08-23 18:02:06.840256+08,2026-08-23 18:02:06.840256+08,01KZRRGW14Y65J9N71RS7C99PT,01KZRRGW14JQ7JEW5HBDS8P7VJ
01KZV5Q332BQFMR4QJ37ZYSSKX,deployment,01KZRTCK0DVBYA32M9AAYQ5J8A,01KZRRGW142RC6MARTSS19R7GK,01KZRW48774Y44DVZFJV030K96,2026-08-23 18:02:06.840256+08,2026-08-23 18:02:06.840256+08,01KZRRGW14DC1V4DFEXXX74JBW,01KZRRGW14MXEWF9HMYNXVS5ER
01KZV5Q332ATNABEE5T7Q9B4EF,for upgrade,01KZRTCK0G6RGN1YY6Q8475GAQ,01KZRRGW1442K27HM42RTFZG1M,01KZRW4877RJWA8G8EVGD5AKV5,2026-08-23 18:02:06.840256+08,2026-08-23 18:02:06.840256+08,01KZRRGW14THZB9B34PPHZSFE2,01KZRRGW1448AZYH3Y9E70DS21
01KZV5Q333J2VDFQW4YKW1YPYZ,for downgrade,01KZRTCK0C6Y0YX8W4E6MTEQRM,01KZRRGW14Y65J9N71RS7C99PT,01KZRW4877HVT4X8HFK0HTQ94N,2026-08-23 18:02:06.840256+08,2026-08-23 18:02:06.840256+08,01KZRRGW147SW8PDR6Z12DT4B9,01KZRRGW14X9Y2N7Y1J43BS87F
01KZV5Q333S4M1QMHSBW3RY2GE,pullout by distributor,01KZRTCK0AJCD56FVTPX8C30Z8,01KZRRGW14XPKB44H9B6WS515H,01KZRW4877JT4P6WNFK8H35SP9,2026-08-23 18:02:06.840256+08,2026-08-23 18:02:06.840256+08,01KZRRGW14THZB9B34PPHZSFE2,01KZRRGW142XAJ3EN2YJAF1HJB
01KZV5Q3339XD0YE9M2CWRN1ZB,for upgrade,01KZRTCK0DVJPE8DECE5Z14PT1,01KZRRGW14XPKB44H9B6WS515H,01KZRW4877V0J57H3JPGGS28WZ,2026-08-23 18:02:06.840256+08,2026-08-23 18:02:06.840256+08,01KZRRGW14PHE1YJB3BS55XR3K,01KZRRGW14N5VHBCMAJGNJ0GJH
01KZV5Q333RA2GRSP0JR8D7G6S,deployment,01KZRTCK0EXRE3AH897P6FDZT6,01KZRRGW14Z2V2BPKDSQ6DKV67,01KZRW4877DZMG7S8EQEYF7D89,2026-08-23 18:02:06.840256+08,2026-08-23 18:02:06.840256+08,01KZRRGW14KVWBG89MRPJPJBXC,01KZRRGW1442K27HM42RTFZG1M
01KZV5Q333A05SZ7TRHBE0PS62,for replacement - broken unit,01KZRTCK0EXNFAFF09HEKQ9MNW,01KZRRGW142XAJ3EN2YJAF1HJB,01KZRW4877AZR5K32Y5PAGXHRC,2026-08-23 18:02:06.840256+08,2026-08-23 18:02:06.840256+08,01KZRRGW14WH1V6PTWDSASC4XK,01KZRRGW14W9JF1K1J0X6X34N8
01KZV5Q333JCA1SD6PDRZKH67G,deployment,01KZRTCK0H34S4EPPN23HF13FT,01KZRRGW14X04WHWJ78QR6J8H3,01KZRW4877X5K4QDEQJ8HJV36S,2026-08-23 18:02:06.840256+08,2026-08-23 18:02:06.840256+08,01KZRRGW14KBMMYGKVHMX9RQD8,01KZRRGW14SVP3PKMRRXC2J621
01KZV5Q333ABF6TP0H499VM3N9,for upgrade,01KZRTCK09THP8KMY713KEC42C,01KZRRGW14FX4FRK4R4E3MKR5J,01KZRW48771S3VZMTY431CY71G,2026-08-23 18:02:06.840256+08,2026-08-23 18:02:06.840256+08,01KZRRGW149RPSGBHQY8MZC6NF,01KZRRGW14PHE1YJB3BS55XR3K
01KZV5Q333JMM10ZGZQ5CM1DDQ,for upgrade,01KZRTCK0D2SY3YNCZXZEKZZ5M,01KZRRGW142XAJ3EN2YJAF1HJB,01KZRW4877Q5X4JA1EXXW4HQ9R,2026-08-23 18:02:06.840256+08,2026-08-23 18:02:06.840256+08,01KZRRGW143DR9TSRKKQDPRDKM,01KZRRGW14G35YB41SN7AN85CV
01KZV5Q333VY2F73YB29FM746W,for upgrade,01KZRTCK09Z8X8J17D7WY4W33V,01KZRRGW14FX4FRK4R4E3MKR5J,01KZRW4877T3XV4P4JY2BTWW8J,2026-08-23 18:02:06.840256+08,2026-08-23 18:02:06.840256+08,01KZRRGW143XAZME28X8CPEY8S,01KZRRGW14FX4FRK4R4E3MKR5J
01KZV5Q3337XS6QKBJE176KQHC,for upgrade,01KZRTCK0EAFH5TWYC1JCSMC1N,01KZRRGW147SW8PDR6Z12DT4B9,01KZRW48773P9B1HDR1BKFG957,2026-08-23 18:02:06.840256+08,2026-08-23 18:02:06.840256+08,01KZRRGW14RBSVD8GEY7WA5YWC,01KZRRGW14MXEWF9HMYNXVS5ER
01KZV5Q333J39JA3MDW03RCG16,for upgrade,01KZRTCK0AQE0ERW5C96Z8AKH6,01KZRRGW14PHE1YJB3BS55XR3K,01KZRW48771S3VZMTY431CY71G,2026-08-23 18:02:06.840256+08,2026-08-23 18:02:06.840256+08,01KZRRGW143DR9TSRKKQDPRDKM,01KZRRGW14G35YB41SN7AN85CV
01KZV5Q334EKFYQ7RW043KW46K,for pullout,01KZRTCK0BBEDMSEST18JE5HAY,01KZRRGW14N5VHBCMAJGNJ0GJH,01KZRW48778X9EQJ3KN65YC121,2026-08-23 18:02:06.840256+08,2026-08-23 18:02:06.840256+08,01KZRRGW142XAJ3EN2YJAF1HJB,01KZRRGW14A7VW9HY70W2ZKDCX
01KZV5Q334X2FK5M81YFJE4N7Y,for replacement - broken unit,01KZRTCK09MNMMTG518PGQ0WG8,01KZRRGW142XAJ3EN2YJAF1HJB,01KZRW48777AHPHKJ81KF0SBSV,2026-08-23 18:02:06.840256+08,2026-08-23 18:02:06.840256+08,01KZRRGW14N9EVMX0Z1ZRJRRAH,01KZRRGW14X04WHWJ78QR6J8H3
01KZV5Q334WE54VRAKNJ9Q1GRA,for pullout,01KZRTCK0G3XSCPJ3G2YHQHD2T,01KZRRGW140MQ9ZE887EQDG87Z,01KZRW48773P9B1HDR1BKFG957,2026-08-23 18:02:06.840256+08,2026-08-23 18:02:06.840256+08,01KZRRGW14KVWBG89MRPJPJBXC,01KZRRGW1442K27HM42RTFZG1M
01KZV5Q334BWJ7GSKM9HN3D7AC,pullout by distributor,01KZRTCK0EEN6QKPGVEK3Y94H0,01KZRRGW14THZB9B34PPHZSFE2,01KZRW4877JT4P6WNFK8H35SP9,2026-08-23 18:02:06.840256+08,2026-08-23 18:02:06.840256+08,01KZRRGW14EVYGVAR1F5M4N714,01KZRRGW149RPSGBHQY8MZC6NF
01KZV5Q3344A1CMN6ZRYYVA83N,deployment,01KZRTCK0974WJCDKCAW8PZZH8,01KZRRGW142RC6MARTSS19R7GK,01KZRW4877AMSR96T952JSFTS6,2026-08-23 18:02:06.840256+08,2026-08-23 18:02:06.840256+08,01KZRRGW14G35YB41SN7AN85CV,01KZRRGW14Y65J9N71RS7C99PT
01KZV5Q334YXBXH4CC57QG943M,pullout by distributor,01KZRTCK0AMP43S2KEKS9TB4MA,01KZRRGW14G35YB41SN7AN85CV,01KZRW4877C3T2MSDMNBQ24EB4,2026-08-23 18:02:06.840256+08,2026-08-23 18:02:06.840256+08,01KZRRGW14FX4FRK4R4E3MKR5J,01KZRRGW1442K27HM42RTFZG1M
01KZV5Q334YRW7H11YSMVVWQJ3,for upgrade,01KZRTCK0BMSRJPEBP3NQM86X9,01KZRRGW14FX4FRK4R4E3MKR5J,01KZRW4877MFF924CSKP3J6WW4,2026-08-23 18:02:06.840256+08,2026-08-23 18:02:06.840256+08,01KZRRGW14N5VHBCMAJGNJ0GJH,01KZRRGW14XPKB44H9B6WS515H
01KZV5Q334W1AH25RBT6MXMMHK,for downgrade,01KZRTCK0B3FTCNZ44PCJFM0B5,01KZRRGW14KBMMYGKVHMX9RQD8,01KZRW4877D0MJ7B5AT3RZ0G0Q,2026-08-23 18:02:06.840256+08,2026-08-23 18:02:06.840256+08,01KZRRGW14KVWBG89MRPJPJBXC,01KZRRGW147SW8PDR6Z12DT4B9
01KZV5Q334D2A9V7XJVKCQBPD6,for replacement - broken unit,01KZRTCK0H7AY41EGX8AM303VG,01KZRRGW14KBMMYGKVHMX9RQD8,01KZRW4877SVSEW2MKDM1JJJMY,2026-08-23 18:02:06.840256+08,2026-08-23 18:02:06.840256+08,01KZRRGW14JQ7JEW5HBDS8P7VJ,01KZRRGW146F8C4946XJM2S6EC
01KZV5Q334NBZYS4D8WAW7W5BJ,for replacement - broken unit,01KZRTCK0D3M1P4TQ3YYXXE5VJ,01KZRRGW14DC1V4DFEXXX74JBW,01KZRW48779S7EXPA0TNQWKTA6,2026-08-23 18:02:06.840256+08,2026-08-23 18:02:06.840256+08,01KZRRGW1442K27HM42RTFZG1M,01KZRRGW14X9Y2N7Y1J43BS87F
01KZV5Q335SRCY5B887SC9A4WV,deployment,01KZRTCK0DCY2JZ80A108CFHY6,01KZRRGW14X04WHWJ78QR6J8H3,01KZRW4877B9B3MX4SDENM2X4F,2026-08-23 18:02:06.840256+08,2026-08-23 18:02:06.840256+08,01KZRRGW149RPSGBHQY8MZC6NF,01KZRRGW143DR9TSRKKQDPRDKM
01KZV5Q335152SHT16F8JM9SGB,deployment,01KZRTCK0C039QVBQ24DJH25NG,01KZRRGW149RPSGBHQY8MZC6NF,01KZRW4877B9B3MX4SDENM2X4F,2026-08-23 18:02:06.840256+08,2026-08-23 18:02:06.840256+08,01KZRRGW1448AZYH3Y9E70DS21,01KZRRGW149RPSGBHQY8MZC6NF
01KZV5Q335WY0KY3F64T365RHA,pullout by dealer,01KZRTCK09ZP4NFE31ACHCNEMQ,01KZRRGW14N9EVMX0Z1ZRJRRAH,01KZRW4877A147WBBGMNMTXNA3,2026-08-23 18:02:06.840256+08,2026-08-23 18:02:06.840256+08,01KZRRGW14XPKB44H9B6WS515H,01KZRRGW14K9GDB2KGW0SVFJBM
01KZV5Q335XNF7PT491QAAGHKZ,for downgrade,01KZRTCK0G4EWS4QYBG0FHMSDG,01KZRRGW14N5VHBCMAJGNJ0GJH,01KZRW4877RJWA8G8EVGD5AKV5,2026-08-23 18:02:06.840256+08,2026-08-23 18:02:06.840256+08,01KZRRGW140MQ9ZE887EQDG87Z,01KZRRGW14THZB9B34PPHZSFE2
01KZV5Q3352J2NC8HBDH42V50A,for pullout,01KZRTCK0E9THCDJVGVSSA0N07,01KZRRGW14JQ7JEW5HBDS8P7VJ,01KZRW48779R4JNZ47ZW2T3PQB,2026-08-23 18:02:06.840256+08,2026-08-23 18:02:06.840256+08,01KZRRGW14XPKB44H9B6WS515H,01KZRRGW147SW8PDR6Z12DT4B9
01KZV5Q335SMPPRBFJ3NZWKCYR,for replacement - broken unit,01KZRTCK0BFTRDQX2FR4HTRD3H,01KZRRGW14N56M3HGFGXE3FN5T,01KZRW4877XM3HSHJZWNN5DMVE,2026-08-23 18:02:06.840256+08,2026-08-23 18:02:06.840256+08,01KZRRGW143XAZME28X8CPEY8S,01KZRRGW14WH1V6PTWDSASC4XK
01KZV5Q335BAR51EZQQYEF5TQB,for pullout,01KZRTCK0A0HV7N1RT7QVXKSVE,01KZRRGW14K9GDB2KGW0SVFJBM,01KZRW4877CATZ1KPW5MYDDBWC,2026-08-23 18:02:06.840256+08,2026-08-23 18:02:06.840256+08,01KZRRGW14J5MRZ241JHXYMPE5,01KZRRGW149RPSGBHQY8MZC6NF
01KZV5Q335HR1K2VB1KY6MP436,pullout by dealer,01KZRTCK0EQYG078R98T48YDRV,01KZRRGW142XAJ3EN2YJAF1HJB,01KZRW4877E1K1FVC8Z9DHP6KE,2026-08-23 18:02:06.840256+08,2026-08-23 18:02:06.840256+08,01KZRRGW1442K27HM42RTFZG1M,01KZRRGW14200T0G4QVVJEZMW1
01KZV5Q335TQ395CBWETBWGB5T,for downgrade,01KZRTCK0E3B79RE1AR8NAD5HX,01KZRRGW14XPKB44H9B6WS515H,01KZRW4877NYSZZ4VFYZTN4ES1,2026-08-23 18:02:06.840256+08,2026-08-23 18:02:06.840256+08,01KZRRGW146F8C4946XJM2S6EC,01KZRRGW147SW8PDR6Z12DT4B9
01KZV5Q336M8YQM6VTY7V3XC4N,for downgrade,01KZRTCK0G7BEC9D6Y8KPR0S3R,01KZRRGW14THZB9B34PPHZSFE2,01KZRW4877HTTETZMDFBTY9TG8,2026-08-23 18:02:06.840256+08,2026-08-23 18:02:06.840256+08,01KZRRGW14A7VW9HY70W2ZKDCX,01KZRRGW14N9EVMX0Z1ZRJRRAH
01KZV5Q33642YC49W4CA5N8YMS,for replacement - broken unit,01KZRTCK0C2ZPRW1BRBNNHZXQ4,01KZRRGW14JQ7JEW5HBDS8P7VJ,01KZRW48774A2DK7QW4RW8GRQD,2026-08-23 18:02:06.840256+08,2026-08-23 18:02:06.840256+08,01KZRRGW149RPSGBHQY8MZC6NF,01KZRRGW14FX4FRK4R4E3MKR5J
01KZV5Q336ZCVDAENQ9V3R2GJM,for pullout,01KZRTCK096MHZ7YWHSG3TP8MY,01KZRRGW14EVYGVAR1F5M4N714,01KZRW4877AZR5K32Y5PAGXHRC,2026-08-23 18:02:06.840256+08,2026-08-23 18:02:06.840256+08,01KZRRGW143XAZME28X8CPEY8S,01KZRRGW14FX4FRK4R4E3MKR5J
01KZV5Q336S6GWK2M431F8B0PV,for pullout,01KZRTCK0H9T4M23MGY86SJBZJ,01KZRRGW14WH1V6PTWDSASC4XK,01KZRW4877JD5H1HZVRFSFTM98,2026-08-23 18:02:06.840256+08,2026-08-23 18:02:06.840256+08,01KZRRGW14MXEWF9HMYNXVS5ER,01KZRRGW14JQ7JEW5HBDS8P7VJ
01KZV5Q3361JRVJETRXZ2VJ7J5,for downgrade,01KZRTCK09K0S0XW35Q0YH1Q75,01KZRRGW14Y65J9N71RS7C99PT,01KZRW4877SRMJMM3R17R2QE73,2026-08-23 18:02:06.840256+08,2026-08-23 18:02:06.840256+08,01KZRRGW14WSB3JJJKQDEREKF3,01KZRRGW14KMGR1H2QPNVXB420
01KZV5Q336XK8BZNWX8R0GJ2KB,for replacement - broken unit,01KZRTCK0ECHGS3APJ467Y392A,01KZRRGW14X04WHWJ78QR6J8H3,01KZRW4877BKP2FRH1B8G1CTC9,2026-08-23 18:02:06.840256+08,2026-08-23 18:02:06.840256+08,01KZRRGW14X04WHWJ78QR6J8H3,01KZRRGW14SVP3PKMRRXC2J621
01KZV5Q3369CJT4CMDNVHWBC4F,for downgrade,01KZRTCK09FQ52VN3GMKNENJXK,01KZRRGW1448AZYH3Y9E70DS21,01KZRW487795H0KSW6AV992VCS,2026-08-23 18:02:06.840256+08,2026-08-23 18:02:06.840256+08,01KZRRGW14X9Y2N7Y1J43BS87F,01KZRRGW14WH1V6PTWDSASC4XK
01KZV5Q336AEPP2R44SKJ9HKXA,deployment,01KZRTCK09RN2ZJN8C382NNETD,01KZRRGW14KVWBG89MRPJPJBXC,01KZRW4877D5ZY6TAERNGTV34K,2026-08-23 18:02:06.840256+08,2026-08-23 18:02:06.840256+08,01KZRRGW14SVP3PKMRRXC2J621,01KZRRGW143XAZME28X8CPEY8S
01KZV5Q337REAKB0R2PBM03J31,for pullout,01KZRTCK0DJM4DS9M52VRTB2KB,01KZRRGW14A7VW9HY70W2ZKDCX,01KZRW4877XM3HSHJZWNN5DMVE,2026-08-23 18:02:06.840256+08,2026-08-23 18:02:06.840256+08,01KZRRGW14RBSVD8GEY7WA5YWC,01KZRRGW14X04WHWJ78QR6J8H3
01KZV5Q33737P73TW5DMBHZDH1,for downgrade,01KZRTCK09P69F7X0H2QFPSCFJ,01KZRRGW14X04WHWJ78QR6J8H3,01KZRW4877WQJZ3J1CH35W5XY0,2026-08-23 18:02:06.840256+08,2026-08-23 18:02:06.840256+08,01KZRRGW149RPSGBHQY8MZC6NF,01KZRRGW146F8C4946XJM2S6EC
01KZV5Q337HJRYCXG7WJP4FFGJ,deployment,01KZRTCK0D72WGVM29FWQD5BXN,01KZRRGW14A7VW9HY70W2ZKDCX,01KZRW4877FQ91CFKG4PJTR1JJ,2026-08-23 18:02:06.840256+08,2026-08-23 18:02:06.840256+08,01KZRRGW14DC1V4DFEXXX74JBW,01KZRRGW14THZB9B34PPHZSFE2
01KZV5Q337EVG2DDVVERMNPFT1,for downgrade,01KZRTCK09JN0THVZ31Y0WZVVG,01KZRRGW14J5MRZ241JHXYMPE5,01KZRW4877E1K1FVC8Z9DHP6KE,2026-08-23 18:02:06.840256+08,2026-08-23 18:02:06.840256+08,01KZRRGW14200T0G4QVVJEZMW1,01KZRRGW147SW8PDR6Z12DT4B9
01KZV5Q337ATWFKQ1CTB0QAKYV,for replacement - broken unit,01KZRTCK0H34S4EPPN23HF13FT,01KZRRGW142XAJ3EN2YJAF1HJB,01KZRW4877HQV77AK3B14GNXZ1,2026-08-23 18:02:06.840256+08,2026-08-23 18:02:06.840256+08,01KZRRGW149RPSGBHQY8MZC6NF,01KZRRGW14PHE1YJB3BS55XR3K
01KZV5Q33BNWZVT618G125471Q,for replacement - broken unit,01KZRTCK09SVFVQHA5JNMCDA77,01KZRRGW143XAZME28X8CPEY8S,01KZRW487701VM9C8JDQAVM50G,2026-08-23 18:02:06.840256+08,2026-08-23 18:02:06.840256+08,01KZRRGW14WH1V6PTWDSASC4XK,01KZRRGW14KBMMYGKVHMX9RQD8
01KZV5Q33B2BBEN1SYA3XZ59Z8,for replacement - broken unit,01KZRTCK092GJFW0FN0EKYPGEY,01KZRRGW14THZB9B34PPHZSFE2,01KZRW4877A147WBBGMNMTXNA3,2026-08-23 18:02:06.840256+08,2026-08-23 18:02:06.840256+08,01KZRRGW14Z2V2BPKDSQ6DKV67,01KZRRGW147SW8PDR6Z12DT4B9
01KZV5Q33BKFXAH4T5Z8TQ3QRD,for pullout,01KZRTCK0GRSKAP10ESAWDY7WY,01KZRRGW14KVWBG89MRPJPJBXC,01KZRW4877SRMJMM3R17R2QE73,2026-08-23 18:02:06.840256+08,2026-08-23 18:02:06.840256+08,01KZRRGW14WSB3JJJKQDEREKF3,01KZRRGW14KBMMYGKVHMX9RQD8
01KZV5Q33BMVHJ5B1T43AF67CX,deployment,01KZRTCK09AV895HB0SAQ0CR9W,01KZRRGW14SVP3PKMRRXC2J621,01KZRW48777AHPHKJ81KF0SBSV,2026-08-23 18:02:06.840256+08,2026-08-23 18:02:06.840256+08,01KZRRGW1442K27HM42RTFZG1M,01KZRRGW14THZB9B34PPHZSFE2
01KZV5Q33BZKHSDMQ11Q21T2TF,for pullout,01KZRTCK0AMP43S2KEKS9TB4MA,01KZRRGW14WSB3JJJKQDEREKF3,01KZRW4877T3XV4P4JY2BTWW8J,2026-08-23 18:02:06.840256+08,2026-08-23 18:02:06.840256+08,01KZRRGW14KMGR1H2QPNVXB420,01KZRRGW14VWS3587600FPGYJJ
01KZV5Q33B8QRC3F1JTBHGV0S7,deployment,01KZRTCK0BNC88AG7K9WC3E3DZ,01KZRRGW14Y65J9N71RS7C99PT,01KZRW4877AMSR96T952JSFTS6,2026-08-23 18:02:06.840256+08,2026-08-23 18:02:06.840256+08,01KZRRGW14KVWBG89MRPJPJBXC,01KZRRGW14EVYGVAR1F5M4N714
01KZV5Q33B2H43KH0SFZJ6JEPX,for downgrade,01KZRTCK0EFA05SSP1VNR508GM,01KZRRGW14G35YB41SN7AN85CV,01KZRW4877SVSEW2MKDM1JJJMY,2026-08-23 18:02:06.840256+08,2026-08-23 18:02:06.840256+08,01KZRRGW14VWS3587600FPGYJJ,01KZRRGW14RBSVD8GEY7WA5YWC
01KZV5Q33BB4ZFRJRTR7JDYVJ6,pullout by dealer,01KZRTCK0DSRT8PW41AN38CEG2,01KZRRGW14N56M3HGFGXE3FN5T,01KZRW48779CWAQ752ZGCV7AN3,2026-08-23 18:02:06.840256+08,2026-08-23 18:02:06.840256+08,01KZRRGW14MXEWF9HMYNXVS5ER,01KZRRGW14KVWBG89MRPJPJBXC
01KZV5Q33B0X7X10N7N071X57X,for replacement - broken unit,01KZRTCK0CNS593WZF2WWA4CGC,01KZRRGW140MQ9ZE887EQDG87Z,01KZRW4877V0J57H3JPGGS28WZ,2026-08-23 18:02:06.840256+08,2026-08-23 18:02:06.840256+08,01KZRRGW14RBSVD8GEY7WA5YWC,01KZRRGW14WSB3JJJKQDEREKF3
01KZV5Q33CPAKBX2X0F0SX7GKK,for replacement - broken unit,01KZRTCK0GNVQMA3VNACGDPH85,01KZRRGW147SW8PDR6Z12DT4B9,01KZRW4877X5K4QDEQJ8HJV36S,2026-08-23 18:02:06.840256+08,2026-08-23 18:02:06.840256+08,01KZRRGW143XAZME28X8CPEY8S,01KZRRGW14RBSVD8GEY7WA5YWC
01KZV5Q33CHZAX1M3AM1SADRRD,for upgrade,01KZRTCK0AN84N5W6CD2G9BSKS,01KZRRGW14Y65J9N71RS7C99PT,01KZRW4877WQZA5NY9SXK8D7Q3,2026-08-23 18:02:06.840256+08,2026-08-23 18:02:06.840256+08,01KZRRGW14EVYGVAR1F5M4N714,01KZRRGW14MXEWF9HMYNXVS5ER
01KZV5Q33CYRKC5H32WJBAJHR0,deployment,01KZRTCK0H9T4M23MGY86SJBZJ,01KZRRGW143XAZME28X8CPEY8S,01KZRW48771BV67J8RNDGKP3AK,2026-08-23 18:02:06.840256+08,2026-08-23 18:02:06.840256+08,01KZRRGW14W9JF1K1J0X6X34N8,01KZRRGW14DC1V4DFEXXX74JBW
01KZV5Q33CH5SZX38ZXNDZ3J93,for upgrade,01KZRTCK0ATGC3J5FEW45KHA7K,01KZRRGW143XAZME28X8CPEY8S,01KZRW487701VM9C8JDQAVM50G,2026-08-23 18:02:06.840256+08,2026-08-23 18:02:06.840256+08,01KZRRGW14WH1V6PTWDSASC4XK,01KZRRGW14DC1V4DFEXXX74JBW
01KZV5Q33CXB15YD60GN4BDSP3,pullout by dealer,01KZRTCK0GVPJ3PZV8W1V2F9KC,01KZRRGW149RPSGBHQY8MZC6NF,01KZRW4877SVSEW2MKDM1JJJMY,2026-08-23 18:02:06.840256+08,2026-08-23 18:02:06.840256+08,01KZRRGW14THZB9B34PPHZSFE2,01KZRRGW14KMGR1H2QPNVXB420
01KZV5Q33C9RJ6E18FN0Z7MDS4,for replacement - broken unit,01KZRTCK0CWYK3YCW8V4MKSFWD,01KZRRGW14KBMMYGKVHMX9RQD8,01KZRW4877F027DTG1RSTES089,2026-08-23 18:02:06.840256+08,2026-08-23 18:02:06.840256+08,01KZRRGW143XAZME28X8CPEY8S,01KZRRGW14N56M3HGFGXE3FN5T
01KZV5Q33CG1F1PA1630M5TV67,deployment,01KZRTCK0BXBF2JS9X9BXN8Z0Z,01KZRRGW14J5MRZ241JHXYMPE5,01KZRW4877TQ7065A4RCCYE8SH,2026-08-23 18:02:06.840256+08,2026-08-23 18:02:06.840256+08,01KZRRGW14JQ7JEW5HBDS8P7VJ,01KZRRGW14A7VW9HY70W2ZKDCX
01KZV5Q33CGT2113YH9Z44GQTZ,for replacement - broken unit,01KZRTCK0GK8SZXN4N1W13AX6N,01KZRRGW146F8C4946XJM2S6EC,01KZRW4877J6H9QTAKXMT8A2FE,2026-08-23 18:02:06.840256+08,2026-08-23 18:02:06.840256+08,01KZRRGW14EVYGVAR1F5M4N714,01KZRRGW1448AZYH3Y9E70DS21
01KZV5Q33CF8H9A38R631G827A,for downgrade,01KZRTCK09A0SPMMGH0T5XABG2,01KZRRGW14PHE1YJB3BS55XR3K,01KZRW4877WE0F7J1HSG76PWQF,2026-08-23 18:02:06.840256+08,2026-08-23 18:02:06.840256+08,01KZRRGW14SVP3PKMRRXC2J621,01KZRRGW14KMGR1H2QPNVXB420
01KZV5Q33CZA3D22QYXC1FFXT0,pullout by dealer,01KZRTCK0BZP9K0S14HZCCJAF2,01KZRRGW14WH1V6PTWDSASC4XK,01KZRW4877AZR5K32Y5PAGXHRC,2026-08-23 18:02:06.840256+08,2026-08-23 18:02:06.840256+08,01KZRRGW14XPKB44H9B6WS515H,01KZRRGW140MQ9ZE887EQDG87Z
01KZV5Q33C3KBVV76Q6G2N3KKY,for pullout,01KZRTCK09DHFCMHQNJX94Z9BG,01KZRRGW140MQ9ZE887EQDG87Z,01KZRW48778X9EQJ3KN65YC121,2026-08-23 18:02:06.840256+08,2026-08-23 18:02:06.840256+08,01KZRRGW14N5VHBCMAJGNJ0GJH,01KZRRGW14XPKB44H9B6WS515H
01KZV5Q33CNSXW9S0C4MAEGRTQ,for replacement - broken unit,01KZRTCK0AGM1TKTDNM2Z0BSE0,01KZRRGW14XPKB44H9B6WS515H,01KZRW4877RECBHNY9Y9VM9ZRZ,2026-08-23 18:02:06.840256+08,2026-08-23 18:02:06.840256+08,01KZRRGW14A7VW9HY70W2ZKDCX,01KZRRGW14RBSVD8GEY7WA5YWC
01KZV5Q33DSXC5GJGX5R48CM9Z,for upgrade,01KZRTCK0GYFPA9W58CFPCRRPN,01KZRRGW143XAZME28X8CPEY8S,01KZRW4877T3XV4P4JY2BTWW8J,2026-08-23 18:02:06.840256+08,2026-08-23 18:02:06.840256+08,01KZRRGW14A7VW9HY70W2ZKDCX,01KZRRGW14XPKB44H9B6WS515H
01KZV5Q33DHQQG1X21W8TA5C33,for downgrade,01KZRTCK09B4B8ZDEP9N1TJ43D,01KZRRGW14JQ7JEW5HBDS8P7VJ,01KZRW4877VZEYQPDKKQXF13AV,2026-08-23 18:02:06.840256+08,2026-08-23 18:02:06.840256+08,01KZRRGW14EVYGVAR1F5M4N714,01KZRRGW142RC6MARTSS19R7GK
01KZV5Q33DHABN5FJ5KEAFP9XF,for pullout,01KZRTCK0G3XSCPJ3G2YHQHD2T,01KZRRGW147SW8PDR6Z12DT4B9,01KZRW4877RECBHNY9Y9VM9ZRZ,2026-08-23 18:02:06.840256+08,2026-08-23 18:02:06.840256+08,01KZRRGW147SW8PDR6Z12DT4B9,01KZRRGW1442K27HM42RTFZG1M
01KZV5Q33DSJV4893RQ39HQZMT,for upgrade,01KZRTCK0DCY2JZ80A108CFHY6,01KZRRGW14200T0G4QVVJEZMW1,01KZRW4877TQ7065A4RCCYE8SH,2026-08-23 18:02:06.840256+08,2026-08-23 18:02:06.840256+08,01KZRRGW14G35YB41SN7AN85CV,01KZRRGW14200T0G4QVVJEZMW1
01KZV5Q33D3G4J5HEHM2V751XQ,deployment,01KZRTCK0DD12V6VKQQCS94ZVM,01KZRRGW14X04WHWJ78QR6J8H3,01KZRW4877RJWA8G8EVGD5AKV5,2026-08-23 18:02:06.840256+08,2026-08-23 18:02:06.840256+08,01KZRRGW14N56M3HGFGXE3FN5T,01KZRRGW14G35YB41SN7AN85CV
01KZV5Q33DQ89TSRAZGCSF5B8V,pullout by dealer,01KZRTCK0GRSKAP10ESAWDY7WY,01KZRRGW14N9EVMX0Z1ZRJRRAH,01KZRW4877VZEYQPDKKQXF13AV,2026-08-23 18:02:06.840256+08,2026-08-23 18:02:06.840256+08,01KZRRGW14N9EVMX0Z1ZRJRRAH,01KZRRGW14X9Y2N7Y1J43BS87F
01KZV5Q33DZTGHEQZ4CT2QBSHK,deployment,01KZRTCK0EHF2SSE3G8AM34HY4,01KZRRGW14Y65J9N71RS7C99PT,01KZRW4877T3XV4P4JY2BTWW8J,2026-08-23 18:02:06.840256+08,2026-08-23 18:02:06.840256+08,01KZRRGW143XAZME28X8CPEY8S,01KZRRGW143DR9TSRKKQDPRDKM
01KZV5Q33DA9NXQ4G9A0J2PBBX,deployment,01KZRTCK0A1TMHYNW0SDYF5SBV,01KZRRGW149RPSGBHQY8MZC6NF,01KZRW48774A2DK7QW4RW8GRQD,2026-08-23 18:02:06.840256+08,2026-08-23 18:02:06.840256+08,01KZRRGW14WH1V6PTWDSASC4XK,01KZRRGW14RBSVD8GEY7WA5YWC
01KZV5Q33D3YCC1CBQDV4EZ0JP,pullout by distributor,01KZRTCK0979P77Y69Q7JMXRJW,01KZRRGW149RPSGBHQY8MZC6NF,01KZRW4877XM3HSHJZWNN5DMVE,2026-08-23 18:02:06.840256+08,2026-08-23 18:02:06.840256+08,01KZRRGW14VWS3587600FPGYJJ,01KZRRGW14Y65J9N71RS7C99PT
01KZV5Q33DH9MSGANV3QPRXC6W,deployment,01KZRTCK0EYN3HYHJSMAQ7RNSV,01KZRRGW147SW8PDR6Z12DT4B9,01KZRW4877C3T2MSDMNBQ24EB4,2026-08-23 18:02:06.840256+08,2026-08-23 18:02:06.840256+08,01KZRRGW14DC1V4DFEXXX74JBW,01KZRRGW140MQ9ZE887EQDG87Z
01KZV5Q33D8Z948BMGNJTD1PDZ,deployment,01KZRTCK09XRZ3AA9VX16ZNSX1,01KZRRGW14SVP3PKMRRXC2J621,01KZRW4877HTSZDBP5ZKDZNQYA,2026-08-23 18:02:06.840256+08,2026-08-23 18:02:06.840256+08,01KZRRGW14PHE1YJB3BS55XR3K,01KZRRGW149RPSGBHQY8MZC6NF
01KZV5Q33DJM5MFC0JBM7F2Y6T,for pullout,01KZRTCK0B0ET9WRBR0G21QAK9,01KZRRGW14W9JF1K1J0X6X34N8,01KZRW4877R9Q45MFW4A93MM51,2026-08-23 18:02:06.840256+08,2026-08-23 18:02:06.840256+08,01KZRRGW14DC1V4DFEXXX74JBW,01KZRRGW14WSB3JJJKQDEREKF3
01KZV5Q33E5R8T2TY8ZG1WVJ4E,pullout by distributor,01KZRTCK0DENYQFBRMZCBXKTES,01KZRRGW14G35YB41SN7AN85CV,01KZRW4877HQV77AK3B14GNXZ1,2026-08-23 18:02:06.840256+08,2026-08-23 18:02:06.840256+08,01KZRRGW14N56M3HGFGXE3FN5T,01KZRRGW14EVYGVAR1F5M4N714
01KZV5Q33E2BQMRBVSJJ61QWEJ,pullout by distributor,01KZRTCK0CGY250B4SCSQ50YQ6,01KZRRGW14Z2V2BPKDSQ6DKV67,01KZRW4877JD5H1HZVRFSFTM98,2026-08-23 18:02:06.840256+08,2026-08-23 18:02:06.840256+08,01KZRRGW14PHE1YJB3BS55XR3K,01KZRRGW14200T0G4QVVJEZMW1
01KZV5Q33ESYTV0DMSXFG96EGG,pullout by distributor,01KZRTCK0G5VNAQ631YNFXCVBX,01KZRRGW143DR9TSRKKQDPRDKM,01KZRW48774CQFFFPSV57ZNBPR,2026-08-23 18:02:06.840256+08,2026-08-23 18:02:06.840256+08,01KZRRGW14DC1V4DFEXXX74JBW,01KZRRGW14PHE1YJB3BS55XR3K
01KZV5Q33ERJ20311ZY10CN2FE,for pullout,01KZRTCK0BZP9K0S14HZCCJAF2,01KZRRGW14Z2V2BPKDSQ6DKV67,01KZRW48778GNNZ5BFJZ0VXNNN,2026-08-23 18:02:06.840256+08,2026-08-23 18:02:06.840256+08,01KZRRGW1448AZYH3Y9E70DS21,01KZRRGW143XAZME28X8CPEY8S
01KZV5Q33EN2QSANE5YDAWNFP6,pullout by dealer,01KZRTCK08YCCX02TVJ5CPZ9D1,01KZRRGW14W9JF1K1J0X6X34N8,01KZRW4877V5PZPAVH7Z3DSPSZ,2026-08-23 18:02:06.840256+08,2026-08-23 18:02:06.840256+08,01KZRRGW14J5MRZ241JHXYMPE5,01KZRRGW142RC6MARTSS19R7GK
01KZV5Q33EN03XHZFYPQHZA7ZK,for downgrade,01KZRTCK0HQN72Q8YQD3KA3BW3,01KZRRGW14MXEWF9HMYNXVS5ER,01KZRW4877T3XV4P4JY2BTWW8J,2026-08-23 18:02:06.840256+08,2026-08-23 18:02:06.840256+08,01KZRRGW14KMGR1H2QPNVXB420,01KZRRGW14Z2V2BPKDSQ6DKV67
01KZV5Q33C240X6XSDXQB7CWA2,deployment,01KZRTCK0AJ6TTHR7HEP32ZGH0,01KZRRGW14MXEWF9HMYNXVS5ER,01KZRW4877JT4P6WNFK8H35SP9,2026-08-23 18:02:06.840256+08,2026-08-23 18:02:06.840256+08,01KZRRGW14JQ7JEW5HBDS8P7VJ,01KZRRGW14X9Y2N7Y1J43BS87F
01KZV5Q33E5DTTGVPT7GTYJNRE,for replacement - broken unit,01KZRTCK0HA9P3E3KVPNFDETJZ,01KZRRGW142XAJ3EN2YJAF1HJB,01KZRW4877B4VKB2E5TT4BWFP8,2026-08-23 18:02:06.840256+08,2026-08-23 18:02:06.840256+08,01KZRRGW14PHE1YJB3BS55XR3K,01KZRRGW14Z2V2BPKDSQ6DKV67
01KZV5Q33ERHMQDGCDCZM1TJP0,deployment,01KZRTCK092AZXZRGKDPE4HGER,01KZRRGW14N5VHBCMAJGNJ0GJH,01KZRW4877FZS8TFJN9ZMN5RWV,2026-08-23 18:02:06.840256+08,2026-08-23 18:02:06.840256+08,01KZRRGW14XPKB44H9B6WS515H,01KZRRGW14EVYGVAR1F5M4N714
01KZV5Q33E4JY6KDKYGMYDQFKY,pullout by dealer,01KZRTCK0EW34YQN3FKXZ8TVGE,01KZRRGW14MXEWF9HMYNXVS5ER,01KZRW48779R4JNZ47ZW2T3PQB,2026-08-23 18:02:06.840256+08,2026-08-23 18:02:06.840256+08,01KZRRGW14WSB3JJJKQDEREKF3,01KZRRGW14FX4FRK4R4E3MKR5J
01KZV5Q33EF9D00RZNMAF210VJ,for downgrade,01KZRTCK0CRWE91DA45JF202ZQ,01KZRRGW14N56M3HGFGXE3FN5T,01KZRW4877B3D0MZHS3AQRJ814,2026-08-23 18:02:06.840256+08,2026-08-23 18:02:06.840256+08,01KZRRGW14WSB3JJJKQDEREKF3,01KZRRGW14Y65J9N71RS7C99PT
01KZV5Q33EB33W1PCB7C9P2RJC,for replacement - broken unit,01KZRTCK0CREXSXN31VQVDW0BC,01KZRRGW14KVWBG89MRPJPJBXC,01KZRW4877QZNEVFAY7G115HT9,2026-08-23 18:02:06.840256+08,2026-08-23 18:02:06.840256+08,01KZRRGW14MXEWF9HMYNXVS5ER,01KZRRGW14DC1V4DFEXXX74JBW
01KZV5Q33EZM6KDPS50A9ZDWBN,pullout by distributor,01KZRTCK09K613ZE5S3784AKGX,01KZRRGW14KBMMYGKVHMX9RQD8,01KZRW487701VM9C8JDQAVM50G,2026-08-23 18:02:06.840256+08,2026-08-23 18:02:06.840256+08,01KZRRGW142RC6MARTSS19R7GK,01KZRRGW14JQ7JEW5HBDS8P7VJ
01KZV5Q33E1QB5F9DFA5Q7K8MP,for replacement - broken unit,01KZRTCK0GSN84H3ZVQABZ5P3N,01KZRRGW1448AZYH3Y9E70DS21,01KZRW4877BKP2FRH1B8G1CTC9,2026-08-23 18:02:06.840256+08,2026-08-23 18:02:06.840256+08,01KZRRGW14N9EVMX0Z1ZRJRRAH,01KZRRGW142XAJ3EN2YJAF1HJB
01KZV5Q33EB3K6D6MKKMH1D71Q,for pullout,01KZRTCK0DNR35GVGW204RJMZ5,01KZRRGW14X04WHWJ78QR6J8H3,01KZRW4877F027DTG1RSTES089,2026-08-23 18:02:06.840256+08,2026-08-23 18:02:06.840256+08,01KZRRGW149RPSGBHQY8MZC6NF,01KZRRGW14RBSVD8GEY7WA5YWC
01KZV5Q33ETM12DGYZ6FMYB0MA,pullout by distributor,01KZRTCK0D460R47Y6T9CSNB7F,01KZRRGW14WH1V6PTWDSASC4XK,01KZRW4877XM3HSHJZWNN5DMVE,2026-08-23 18:02:06.840256+08,2026-08-23 18:02:06.840256+08,01KZRRGW14X9Y2N7Y1J43BS87F,01KZRRGW14SVP3PKMRRXC2J621
01KZV5Q33EH4F3TWA5KCBM3TTJ,for pullout,01KZRTCK0A5NE874JA90YCP544,01KZRRGW146F8C4946XJM2S6EC,01KZRW4877RK7R5ZV77193KMDQ,2026-08-23 18:02:06.840256+08,2026-08-23 18:02:06.840256+08,01KZRRGW14THZB9B34PPHZSFE2,01KZRRGW149RPSGBHQY8MZC6NF
01KZV5Q33ENWQM4JNGS38E4N46,for replacement - broken unit,01KZRTCK09EJS3PR206FXGG19R,01KZRRGW14KBMMYGKVHMX9RQD8,01KZRW4877EFAE21HQ86WYE6X8,2026-08-23 18:02:06.840256+08,2026-08-23 18:02:06.840256+08,01KZRRGW14N56M3HGFGXE3FN5T,01KZRRGW1442K27HM42RTFZG1M
01KZV5Q33FDSZJP3QPCYS5VNX2,for upgrade,01KZRTCK0ECB4NS9QNHS09HMZE,01KZRRGW14X9Y2N7Y1J43BS87F,01KZRW48778GNNZ5BFJZ0VXNNN,2026-08-23 18:02:06.840256+08,2026-08-23 18:02:06.840256+08,01KZRRGW14A7VW9HY70W2ZKDCX,01KZRRGW14Y65J9N71RS7C99PT
01KZV5Q33FAJ8ZF8QTAYNPA0EA,for upgrade,01KZRTCK0AWMN8PYJJBDQ9Z9Z4,01KZRRGW14WSB3JJJKQDEREKF3,01KZRW48774Y44DVZFJV030K96,2026-08-23 18:02:06.840256+08,2026-08-23 18:02:06.840256+08,01KZRRGW14JQ7JEW5HBDS8P7VJ,01KZRRGW143DR9TSRKKQDPRDKM
01KZV5Q33FZGQEWSC5364C1XV7,pullout by distributor,01KZRTCK0DVG1TA50XSKHEA011,01KZRRGW14JQ7JEW5HBDS8P7VJ,01KZRW4877ZVCRK1H9RNQPG5NR,2026-08-23 18:02:06.840256+08,2026-08-23 18:02:06.840256+08,01KZRRGW14N9EVMX0Z1ZRJRRAH,01KZRRGW14A7VW9HY70W2ZKDCX
01KZV5Q33FF59NCSVJQB6H7A00,deployment,01KZRTCK0ETB4AQ4MGJF9MR5KV,01KZRRGW14WH1V6PTWDSASC4XK,01KZRW4877B4VKB2E5TT4BWFP8,2026-08-23 18:02:06.840256+08,2026-08-23 18:02:06.840256+08,01KZRRGW1448AZYH3Y9E70DS21,01KZRRGW143DR9TSRKKQDPRDKM
01KZV5Q33G3F7X0E3QJQV74C0D,for downgrade,01KZRTCK0ECDDPYJ12K91GHAEQ,01KZRRGW142RC6MARTSS19R7GK,01KZRW4877D0MJ7B5AT3RZ0G0Q,2026-08-23 18:02:06.840256+08,2026-08-23 18:02:06.840256+08,01KZRRGW14WH1V6PTWDSASC4XK,01KZRRGW14Y65J9N71RS7C99PT
01KZV5Q33GJ3YG2YKMZ2X7VFG0,for downgrade,01KZRTCK0D1RVPCSAPCGTJF4GA,01KZRRGW146F8C4946XJM2S6EC,01KZRW4877ZVCRK1H9RNQPG5NR,2026-08-23 18:02:06.840256+08,2026-08-23 18:02:06.840256+08,01KZRRGW142XAJ3EN2YJAF1HJB,01KZRRGW14Y65J9N71RS7C99PT
01KZV5Q33GV4Y8NTVN41SJ09Q2,for replacement - broken unit,01KZRTCK09KQGQMP082VDRRAR8,01KZRRGW14DC1V4DFEXXX74JBW,01KZRW4877VZEYQPDKKQXF13AV,2026-08-23 18:02:06.840256+08,2026-08-23 18:02:06.840256+08,01KZRRGW149RPSGBHQY8MZC6NF,01KZRRGW14PHE1YJB3BS55XR3K
01KZV5Q33G9HPHWJPC9X9SV4YT,for pullout,01KZRTCK0E1BQMPTN5BM2851XS,01KZRRGW143DR9TSRKKQDPRDKM,01KZRW48773TK4Y7T9N1T5N0JM,2026-08-23 18:02:06.840256+08,2026-08-23 18:02:06.840256+08,01KZRRGW14EVYGVAR1F5M4N714,01KZRRGW14KVWBG89MRPJPJBXC
01KZV5Q33GZTX0TGER2AYZNSE1,pullout by distributor,01KZRTCK0AHM6274MDM2YA1B2C,01KZRRGW1448AZYH3Y9E70DS21,01KZRW4877R9Q45MFW4A93MM51,2026-08-23 18:02:06.840256+08,2026-08-23 18:02:06.840256+08,01KZRRGW14A7VW9HY70W2ZKDCX,01KZRRGW147SW8PDR6Z12DT4B9
01KZV5Q33GEDZ3WQM6V1HS8XWA,deployment,01KZRTCK0EGEKY4EKT9Q96046A,01KZRRGW14WH1V6PTWDSASC4XK,01KZRW4877ASYYCMJDQ4ZM72CY,2026-08-23 18:02:06.840256+08,2026-08-23 18:02:06.840256+08,01KZRRGW14THZB9B34PPHZSFE2,01KZRRGW1448AZYH3Y9E70DS21
01KZV5Q33GD1Y5TTJA8SC74WJA,for upgrade,01KZRTCK092GFH21QZEA4STMT4,01KZRRGW14Y65J9N71RS7C99PT,01KZRW4877QESJQX4TK48W4NS1,2026-08-23 18:02:06.840256+08,2026-08-23 18:02:06.840256+08,01KZRRGW14RBSVD8GEY7WA5YWC,01KZRRGW1442K27HM42RTFZG1M
01KZV5Q33GV7MKHGRX9JD1TVP0,for upgrade,01KZRTCK08GHYTVAKJYB5W4WT0,01KZRRGW14XPKB44H9B6WS515H,01KZRW4877D0MJ7B5AT3RZ0G0Q,2026-08-23 18:02:06.840256+08,2026-08-23 18:02:06.840256+08,01KZRRGW142RC6MARTSS19R7GK,01KZRRGW14KMGR1H2QPNVXB420
01KZV5Q33GYSBK4W2YJGS03RR8,for upgrade,01KZRTCK09RQHMVGFDXFCR9332,01KZRRGW14EVYGVAR1F5M4N714,01KZRW487795H0KSW6AV992VCS,2026-08-23 18:02:06.840256+08,2026-08-23 18:02:06.840256+08,01KZRRGW14K9GDB2KGW0SVFJBM,01KZRRGW14N56M3HGFGXE3FN5T
01KZV5Q33G2DH25N2X97G4TANY,pullout by dealer,01KZRTCK08K0YBZJE755VD6F8C,01KZRRGW14A7VW9HY70W2ZKDCX,01KZRW4877F027DTG1RSTES089,2026-08-23 18:02:06.840256+08,2026-08-23 18:02:06.840256+08,01KZRRGW140MQ9ZE887EQDG87Z,01KZRRGW142RC6MARTSS19R7GK
01KZV5Q33G3G5C2CRQRPVNKPNG,for replacement - broken unit,01KZRTCK0GH5FRY3BPX3X0G5H4,01KZRRGW14EVYGVAR1F5M4N714,01KZRW4877HTSZDBP5ZKDZNQYA,2026-08-23 18:02:06.840256+08,2026-08-23 18:02:06.840256+08,01KZRRGW14PHE1YJB3BS55XR3K,01KZRRGW14EVYGVAR1F5M4N714
01KZV5Q33GJY78GAMT89QJ3Y7C,for upgrade,01KZRTCK08H89BJARRNGAPCBM3,01KZRRGW14A7VW9HY70W2ZKDCX,01KZRW4877TRFEBWEFKEZC1X5H,2026-08-23 18:02:06.840256+08,2026-08-23 18:02:06.840256+08,01KZRRGW1448AZYH3Y9E70DS21,01KZRRGW14VWS3587600FPGYJJ
01KZV5Q33G4J4STY8ZMPF4QJCJ,for upgrade,01KZRTCK0G7BEC9D6Y8KPR0S3R,01KZRRGW14RBSVD8GEY7WA5YWC,01KZRW4877Z1GGC6GJTVS7J2AP,2026-08-23 18:02:06.840256+08,2026-08-23 18:02:06.840256+08,01KZRRGW14N9EVMX0Z1ZRJRRAH,01KZRRGW14W9JF1K1J0X6X34N8
01KZV5Q33GNYNC2THYRNPY0XPR,for upgrade,01KZRTCK0C8RDF5HRG014Q7T9H,01KZRRGW14N56M3HGFGXE3FN5T,01KZRW4877NYSZZ4VFYZTN4ES1,2026-08-23 18:02:06.840256+08,2026-08-23 18:02:06.840256+08,01KZRRGW147SW8PDR6Z12DT4B9,01KZRRGW14EVYGVAR1F5M4N714
01KZV5Q33GCG2G69Q5ADYJZAME,deployment,01KZRTCK0C7TKK0KYGA3SHEYQM,01KZRRGW14Y65J9N71RS7C99PT,01KZRW48778HEX0CCC1CXQ27DR,2026-08-23 18:02:06.840256+08,2026-08-23 18:02:06.840256+08,01KZRRGW1448AZYH3Y9E70DS21,01KZRRGW14SVP3PKMRRXC2J621
01KZV5Q33GKQTXX5G86FRPDW57,for pullout,01KZRTCK0A4WZ12MG945KNMMQ7,01KZRRGW14KVWBG89MRPJPJBXC,01KZRW4877K9M9E39HTSQE6N4Q,2026-08-23 18:02:06.840256+08,2026-08-23 18:02:06.840256+08,01KZRRGW14Z2V2BPKDSQ6DKV67,01KZRRGW14X04WHWJ78QR6J8H3
01KZV5Q33H1FCA1YVQQTW1V74M,pullout by distributor,01KZRTCK099CJR80GFY52Q88JH,01KZRRGW142RC6MARTSS19R7GK,01KZRW4877MED929DRBY96SNBC,2026-08-23 18:02:06.840256+08,2026-08-23 18:02:06.840256+08,01KZRRGW14KMGR1H2QPNVXB420,01KZRRGW14KVWBG89MRPJPJBXC
01KZV5Q33HM06KE4MKWMSZ24KK,for downgrade,01KZRTCK0H0Q7V49A8J9KVF49F,01KZRRGW1442K27HM42RTFZG1M,01KZRW4877QESJQX4TK48W4NS1,2026-08-23 18:02:06.840256+08,2026-08-23 18:02:06.840256+08,01KZRRGW14Y65J9N71RS7C99PT,01KZRRGW14KBMMYGKVHMX9RQD8
01KZV5Q33HWWV967DDARWGZF6P,for downgrade,01KZRTCK0HGQ7HMANRWYZGDHG9,01KZRRGW14200T0G4QVVJEZMW1,01KZRW48779CWAQ752ZGCV7AN3,2026-08-23 18:02:06.840256+08,2026-08-23 18:02:06.840256+08,01KZRRGW14WSB3JJJKQDEREKF3,01KZRRGW143XAZME28X8CPEY8S
01KZV5Q33HNAPHKVX7K4DYTSBS,deployment,01KZRTCK09P0K1KPC14MPTPA75,01KZRRGW14W9JF1K1J0X6X34N8,01KZRW4877Z8TPYQZSPSR7KQ3R,2026-08-23 18:02:06.840256+08,2026-08-23 18:02:06.840256+08,01KZRRGW143DR9TSRKKQDPRDKM,01KZRRGW14KVWBG89MRPJPJBXC
01KZV5Q33HFYRJYQ59A318AZG7,for replacement - broken unit,01KZRTCK0AJ9P7VETBM2BY6921,01KZRRGW14SVP3PKMRRXC2J621,01KZRW4877B3D0MZHS3AQRJ814,2026-08-23 18:02:06.840256+08,2026-08-23 18:02:06.840256+08,01KZRRGW14XPKB44H9B6WS515H,01KZRRGW14X04WHWJ78QR6J8H3
01KZV5Q33HEQZXDWHJH2W6AXXA,pullout by dealer,01KZRTCK0DC05EP28MW01MN76H,01KZRRGW140MQ9ZE887EQDG87Z,01KZRW4877K9M9E39HTSQE6N4Q,2026-08-23 18:02:06.840256+08,2026-08-23 18:02:06.840256+08,01KZRRGW149RPSGBHQY8MZC6NF,01KZRRGW14DC1V4DFEXXX74JBW
01KZV5Q33HDHE4MX1Q4APE6Z9W,for downgrade,01KZRTCK09P0K1KPC14MPTPA75,01KZRRGW14JQ7JEW5HBDS8P7VJ,01KZRW4877AMSR96T952JSFTS6,2026-08-23 18:02:06.840256+08,2026-08-23 18:02:06.840256+08,01KZRRGW14X04WHWJ78QR6J8H3,01KZRRGW14XPKB44H9B6WS515H
01KZV5Q33H43HGVY49MJ74JS7J,for upgrade,01KZRTCK0FE8CZ0BSTC34EC5EN,01KZRRGW14KMGR1H2QPNVXB420,01KZRW4877T3KKF85T8W2FJ0J5,2026-08-23 18:02:06.840256+08,2026-08-23 18:02:06.840256+08,01KZRRGW14JQ7JEW5HBDS8P7VJ,01KZRRGW142RC6MARTSS19R7GK
01KZV5Q33H8X01ZGN370GS2M7R,pullout by distributor,01KZRTCK0BF1Y0GG0ZYQDVPGFB,01KZRRGW14N9EVMX0Z1ZRJRRAH,01KZRW4877JT4P6WNFK8H35SP9,2026-08-23 18:02:06.840256+08,2026-08-23 18:02:06.840256+08,01KZRRGW14MXEWF9HMYNXVS5ER,01KZRRGW14W9JF1K1J0X6X34N8
01KZV5Q33HMBM187NRX9A9Y599,for pullout,01KZRTCK0DJT475Z9HH5B220D3,01KZRRGW14RBSVD8GEY7WA5YWC,01KZRW48771VS10A2E45E408EC,2026-08-23 18:02:06.840256+08,2026-08-23 18:02:06.840256+08,01KZRRGW14X04WHWJ78QR6J8H3,01KZRRGW140MQ9ZE887EQDG87Z
01KZV5Q33HRZZ8HFTF6ZD7JBWZ,pullout by distributor,01KZRTCK0AAXF6B64ETC57XNCB,01KZRRGW14KVWBG89MRPJPJBXC,01KZRW4877SBDJ1EK7XZMJJQ2W,2026-08-23 18:02:06.840256+08,2026-08-23 18:02:06.840256+08,01KZRRGW142RC6MARTSS19R7GK,01KZRRGW14N9EVMX0Z1ZRJRRAH
01KZV5Q33JDAHVKKMK6RBD4NET,for downgrade,01KZRTCK0C6Y0YX8W4E6MTEQRM,01KZRRGW1442K27HM42RTFZG1M,01KZRW4877HQV77AK3B14GNXZ1,2026-08-23 18:02:06.840256+08,2026-08-23 18:02:06.840256+08,01KZRRGW1448AZYH3Y9E70DS21,01KZRRGW149RPSGBHQY8MZC6NF
01KZV5Q33JEFX4RWQEG0P3Z275,pullout by distributor,01KZRTCK0ANJQVREKV0BCZPGRZ,01KZRRGW14WH1V6PTWDSASC4XK,01KZRW487741KD7GWF4QB79EFH,2026-08-23 18:02:06.840256+08,2026-08-23 18:02:06.840256+08,01KZRRGW1448AZYH3Y9E70DS21,01KZRRGW14FX4FRK4R4E3MKR5J
01KZV5Q33J5XV4MS1ENGD28ESK,for upgrade,01KZRTCK09NQD189K5YHFM08SS,01KZRRGW142RC6MARTSS19R7GK,01KZRW4877A147WBBGMNMTXNA3,2026-08-23 18:02:06.840256+08,2026-08-23 18:02:06.840256+08,01KZRRGW14X9Y2N7Y1J43BS87F,01KZRRGW143XAZME28X8CPEY8S
01KZV5Q33J7J0R5WC3ERNMGFVV,for downgrade,01KZRTCK092Y0KQQ4BKC4GQC07,01KZRRGW14JQ7JEW5HBDS8P7VJ,01KZRW487741KD7GWF4QB79EFH,2026-08-23 18:02:06.840256+08,2026-08-23 18:02:06.840256+08,01KZRRGW14THZB9B34PPHZSFE2,01KZRRGW14DC1V4DFEXXX74JBW
01KZV5Q33JM0Z1SE6YY26CJEX2,for replacement - broken unit,01KZRTCK0AYRZ4CDYTEYKR0QRJ,01KZRRGW1448AZYH3Y9E70DS21,01KZRW4877TQ7065A4RCCYE8SH,2026-08-23 18:02:06.840256+08,2026-08-23 18:02:06.840256+08,01KZRRGW14A7VW9HY70W2ZKDCX,01KZRRGW14N9EVMX0Z1ZRJRRAH
01KZV5Q33JK8RQVQ8HZ6JKPN0V,pullout by dealer,01KZRTCK0E7DSPRDBP1MY506T5,01KZRRGW14WH1V6PTWDSASC4XK,01KZRW4877RECBHNY9Y9VM9ZRZ,2026-08-23 18:02:06.840256+08,2026-08-23 18:02:06.840256+08,01KZRRGW140MQ9ZE887EQDG87Z,01KZRRGW14WH1V6PTWDSASC4XK
01KZV5Q33J55CXBXFNBWHEKS2H,for downgrade,01KZRTCK0CBXEG1ZT841426ERM,01KZRRGW143XAZME28X8CPEY8S,01KZRW4877FZ26T405N4WYZMRG,2026-08-23 18:02:06.840256+08,2026-08-23 18:02:06.840256+08,01KZRRGW14Z2V2BPKDSQ6DKV67,01KZRRGW14Y65J9N71RS7C99PT
01KZV5Q33J6DCERKQWMMWYVYSF,deployment,01KZRTCK08TE19SBXYQ981X6XE,01KZRRGW14FX4FRK4R4E3MKR5J,01KZRW4877X5K4QDEQJ8HJV36S,2026-08-23 18:02:06.840256+08,2026-08-23 18:02:06.840256+08,01KZRRGW140MQ9ZE887EQDG87Z,01KZRRGW14N9EVMX0Z1ZRJRRAH
01KZV5Q33JXXRYPNG7ERGK8J3F,for downgrade,01KZRTCK08W2VKBBGB5EHC35RN,01KZRRGW14SVP3PKMRRXC2J621,01KZRW4877B4VKB2E5TT4BWFP8,2026-08-23 18:02:06.840256+08,2026-08-23 18:02:06.840256+08,01KZRRGW14SVP3PKMRRXC2J621,01KZRRGW14Y65J9N71RS7C99PT
01KZV5Q33JYG78WKJDZRPQXG34,for replacement - broken unit,01KZRTCK0CF1GTBQJAE1TKCT6Z,01KZRRGW143XAZME28X8CPEY8S,01KZRW4877XM3HSHJZWNN5DMVE,2026-08-23 18:02:06.840256+08,2026-08-23 18:02:06.840256+08,01KZRRGW14Z2V2BPKDSQ6DKV67,01KZRRGW143DR9TSRKKQDPRDKM
01KZV5Q33J26A6A6QY0KCSKASM,for pullout,01KZRTCK0GKRZ69YKCV4G7B6HD,01KZRRGW14XPKB44H9B6WS515H,01KZRW4877S7NXK01W1S3HFM9Z,2026-08-23 18:02:06.840256+08,2026-08-23 18:02:06.840256+08,01KZRRGW14JQ7JEW5HBDS8P7VJ,01KZRRGW14J5MRZ241JHXYMPE5
01KZV5Q33JDNT5SS9Z7VMZE5R5,pullout by dealer,01KZRTCK09J2402JFK7RW8FTFE,01KZRRGW14G35YB41SN7AN85CV,01KZRW4877FZ26T405N4WYZMRG,2026-08-23 18:02:06.840256+08,2026-08-23 18:02:06.840256+08,01KZRRGW14KBMMYGKVHMX9RQD8,01KZRRGW14EVYGVAR1F5M4N714
01KZV5Q33KNPMF2MKDAKAZSXVP,pullout by distributor,01KZRTCK0G0FCE690JW10FM181,01KZRRGW14KVWBG89MRPJPJBXC,01KZRW4877YEX8C3RH16STZ2B2,2026-08-23 18:02:06.840256+08,2026-08-23 18:02:06.840256+08,01KZRRGW14WH1V6PTWDSASC4XK,01KZRRGW140MQ9ZE887EQDG87Z
01KZV5Q33KVPJPRWMY24WQ3VXB,for replacement - broken unit,01KZRTCK0FM2AYWZS2005NB8SZ,01KZRRGW146F8C4946XJM2S6EC,01KZRW4877SBDJ1EK7XZMJJQ2W,2026-08-23 18:02:06.840256+08,2026-08-23 18:02:06.840256+08,01KZRRGW143DR9TSRKKQDPRDKM,01KZRRGW14A7VW9HY70W2ZKDCX
01KZV5Q33KENPZMR2HXW28V3ZQ,pullout by distributor,01KZRTCK0AFRE6PEDGHZG9MHG8,01KZRRGW143XAZME28X8CPEY8S,01KZRW4877NYSZZ4VFYZTN4ES1,2026-08-23 18:02:06.840256+08,2026-08-23 18:02:06.840256+08,01KZRRGW14EVYGVAR1F5M4N714,01KZRRGW14G35YB41SN7AN85CV
01KZV5Q33K7VHPXCG560BEQK22,for replacement - broken unit,01KZRTCK0BXM36KB0P4RX1E20P,01KZRRGW14KVWBG89MRPJPJBXC,01KZRW4877VZEYQPDKKQXF13AV,2026-08-23 18:02:06.840256+08,2026-08-23 18:02:06.840256+08,01KZRRGW14Z2V2BPKDSQ6DKV67,01KZRRGW14WSB3JJJKQDEREKF3
01KZV5Q33KYMPH8WPZDJG5XH7H,for pullout,01KZRTCK0BDZAEDAFEA2GAHZQG,01KZRRGW146F8C4946XJM2S6EC,01KZRW4877G0YHH3T1F43JMJ4N,2026-08-23 18:02:06.840256+08,2026-08-23 18:02:06.840256+08,01KZRRGW14Y65J9N71RS7C99PT,01KZRRGW147SW8PDR6Z12DT4B9
01KZV5Q33MC8JEPJZKZ7YBCGCJ,deployment,01KZRTCK09BBH1YX3X7ZTJQ3YB,01KZRRGW142RC6MARTSS19R7GK,01KZRW4877570TMPXQJ6F3CTPG,2026-08-23 18:02:06.840256+08,2026-08-23 18:02:06.840256+08,01KZRRGW140MQ9ZE887EQDG87Z,01KZRRGW143DR9TSRKKQDPRDKM
01KZV5Q33MH5AQMCJHTCFTFCHH,pullout by distributor,01KZRTCK0G6BMQTK4X77KHPEMF,01KZRRGW14Z2V2BPKDSQ6DKV67,01KZRW48779S54N1CEJC2Y3AZY,2026-08-23 18:02:06.840256+08,2026-08-23 18:02:06.840256+08,01KZRRGW14EVYGVAR1F5M4N714,01KZRRGW14J5MRZ241JHXYMPE5
01KZV5Q33MRXVZR1XJSTZZ46ET,deployment,01KZRTCK0GD5V4YWBRRWTGYKM0,01KZRRGW14SVP3PKMRRXC2J621,01KZRW4877A147WBBGMNMTXNA3,2026-08-23 18:02:06.840256+08,2026-08-23 18:02:06.840256+08,01KZRRGW14PHE1YJB3BS55XR3K,01KZRRGW147SW8PDR6Z12DT4B9
01KZV5Q33M56D1QG377354VRPH,for pullout,01KZRTCK0BE5M1MEWH7ZE672PZ,01KZRRGW143XAZME28X8CPEY8S,01KZRW4877FZS8TFJN9ZMN5RWV,2026-08-23 18:02:06.840256+08,2026-08-23 18:02:06.840256+08,01KZRRGW147SW8PDR6Z12DT4B9,01KZRRGW14200T0G4QVVJEZMW1
01KZV5Q33M7C3PR3W8VJFSZ8SE,for upgrade,01KZRTCK0DM1JX8RH50HRJ81KT,01KZRRGW146F8C4946XJM2S6EC,01KZRW4877Z1GGC6GJTVS7J2AP,2026-08-23 18:02:06.840256+08,2026-08-23 18:02:06.840256+08,01KZRRGW143XAZME28X8CPEY8S,01KZRRGW14W9JF1K1J0X6X34N8
01KZV5Q33MB8HKM9EGGDFK0WTT,for pullout,01KZRTCK0GG5AGBZY7AC1DEK66,01KZRRGW147SW8PDR6Z12DT4B9,01KZRW4877VZEYQPDKKQXF13AV,2026-08-23 18:02:06.840256+08,2026-08-23 18:02:06.840256+08,01KZRRGW14FX4FRK4R4E3MKR5J,01KZRRGW14PHE1YJB3BS55XR3K
01KZV5Q33MJ61RJJ5VH8V6PZB5,deployment,01KZRTCK0GRHWMZAMEW7A6MKB9,01KZRRGW14G35YB41SN7AN85CV,01KZRW48779V159SGJGWDHBYTJ,2026-08-23 18:02:06.840256+08,2026-08-23 18:02:06.840256+08,01KZRRGW14N9EVMX0Z1ZRJRRAH,01KZRRGW14WSB3JJJKQDEREKF3
01KZV5Q33M6ZFGTZXJ11W05MWS,pullout by distributor,01KZRTCK0DM4DRS6RWXCBHM5TH,01KZRRGW14DC1V4DFEXXX74JBW,01KZRW4877SBDJ1EK7XZMJJQ2W,2026-08-23 18:02:06.840256+08,2026-08-23 18:02:06.840256+08,01KZRRGW14WSB3JJJKQDEREKF3,01KZRRGW14JQ7JEW5HBDS8P7VJ
01KZV5Q33M07W53APQKX2T4RC6,for upgrade,01KZRTCK09KQGQMP082VDRRAR8,01KZRRGW14SVP3PKMRRXC2J621,01KZRW4877BFP4JMW1E9SHS153,2026-08-23 18:02:06.840256+08,2026-08-23 18:02:06.840256+08,01KZRRGW146F8C4946XJM2S6EC,01KZRRGW149RPSGBHQY8MZC6NF
01KZV5Q33MPY985Z19CXA4409J,for replacement - broken unit,01KZRTCK0D1RVPCSAPCGTJF4GA,01KZRRGW143DR9TSRKKQDPRDKM,01KZRW48771S3VZMTY431CY71G,2026-08-23 18:02:06.840256+08,2026-08-23 18:02:06.840256+08,01KZRRGW14J5MRZ241JHXYMPE5,01KZRRGW14THZB9B34PPHZSFE2
01KZV5Q33MDEHQYV0PZAB5SNDP,for downgrade,01KZRTCK0A44FZMVENHF5GD3G1,01KZRRGW14KBMMYGKVHMX9RQD8,01KZRW4877S7NXK01W1S3HFM9Z,2026-08-23 18:02:06.840256+08,2026-08-23 18:02:06.840256+08,01KZRRGW14X9Y2N7Y1J43BS87F,01KZRRGW14J5MRZ241JHXYMPE5
01KZV5Q33NKV9SN6ANCC6HWA47,for replacement - broken unit,01KZRTCK0AZ6G5HWDM1EAVY676,01KZRRGW14THZB9B34PPHZSFE2,01KZRW4877JD5H1HZVRFSFTM98,2026-08-23 18:02:06.840256+08,2026-08-23 18:02:06.840256+08,01KZRRGW140MQ9ZE887EQDG87Z,01KZRRGW14KMGR1H2QPNVXB420
01KZV5Q33NRHGFS8F79KY26AF4,pullout by distributor,01KZRTCK0GR8YTS99JD3NT8KWS,01KZRRGW143DR9TSRKKQDPRDKM,01KZRW4877V0J57H3JPGGS28WZ,2026-08-23 18:02:06.840256+08,2026-08-23 18:02:06.840256+08,01KZRRGW14Y65J9N71RS7C99PT,01KZRRGW14200T0G4QVVJEZMW1
01KZV5Q33NRYG7WC6N30ZAPVT2,for upgrade,01KZRTCK08EMXA9KA3FD4A6FX8,01KZRRGW14WH1V6PTWDSASC4XK,01KZRW48773GHQQ4H8241WY49R,2026-08-23 18:02:06.840256+08,2026-08-23 18:02:06.840256+08,01KZRRGW14N56M3HGFGXE3FN5T,01KZRRGW14X04WHWJ78QR6J8H3
01KZV5Q33N7XGRYNF7NQRCJP2G,deployment,01KZRTCK0F24TJWQV1GWZNV4QE,01KZRRGW14THZB9B34PPHZSFE2,01KZRW4877BFP4JMW1E9SHS153,2026-08-23 18:02:06.840256+08,2026-08-23 18:02:06.840256+08,01KZRRGW143DR9TSRKKQDPRDKM,01KZRRGW147SW8PDR6Z12DT4B9
01KZV5Q33N1X2TT7098G5TQ1EZ,pullout by dealer,01KZRTCK09JQWH04W3H525JV6T,01KZRRGW14XPKB44H9B6WS515H,01KZRW4877T3KKF85T8W2FJ0J5,2026-08-23 18:02:06.840256+08,2026-08-23 18:02:06.840256+08,01KZRRGW14WSB3JJJKQDEREKF3,01KZRRGW14FX4FRK4R4E3MKR5J
01KZV5Q33N4XKMH1C0MGQQZWXE,for replacement - broken unit,01KZRTCK0EKXQY6BYA7RZ8H2YS,01KZRRGW14X9Y2N7Y1J43BS87F,01KZRW4877EFAE21HQ86WYE6X8,2026-08-23 18:02:06.840256+08,2026-08-23 18:02:06.840256+08,01KZRRGW14J5MRZ241JHXYMPE5,01KZRRGW14X9Y2N7Y1J43BS87F
01KZV5Q33NYBVHEN877694XKE6,for downgrade,01KZRTCK0AD3VX3A1NC6ASQQGS,01KZRRGW14THZB9B34PPHZSFE2,01KZRW4877C5YNZ203SCBWWZXZ,2026-08-23 18:02:06.840256+08,2026-08-23 18:02:06.840256+08,01KZRRGW1448AZYH3Y9E70DS21,01KZRRGW14X04WHWJ78QR6J8H3
01KZV5Q33PQVQPB94TBHV09VRV,pullout by dealer,01KZRTCK0EVQGH0HZF0YD7Z32X,01KZRRGW14WH1V6PTWDSASC4XK,01KZRW4877T3KKF85T8W2FJ0J5,2026-08-23 18:02:06.840256+08,2026-08-23 18:02:06.840256+08,01KZRRGW140MQ9ZE887EQDG87Z,01KZRRGW14200T0G4QVVJEZMW1
01KZV5Q33PDBC5D3EKFS76WKV6,for replacement - broken unit,01KZRTCK092D27845B2R53S7NE,01KZRRGW14WSB3JJJKQDEREKF3,01KZRW48779S54N1CEJC2Y3AZY,2026-08-23 18:02:06.840256+08,2026-08-23 18:02:06.840256+08,01KZRRGW14JQ7JEW5HBDS8P7VJ,01KZRRGW14K9GDB2KGW0SVFJBM
01KZV5Q33PSBFMVQXSAF3DD7NG,for pullout,01KZRTCK0E1KPBQJG0MXYR68T4,01KZRRGW14THZB9B34PPHZSFE2,01KZRW4877JGM1JN0BBQ9YM7WK,2026-08-23 18:02:06.840256+08,2026-08-23 18:02:06.840256+08,01KZRRGW14SVP3PKMRRXC2J621,01KZRRGW14Z2V2BPKDSQ6DKV67
01KZV5Q33P2AGNPN9ADS79X62P,for downgrade,01KZRTCK0ABW2YK5EQ4CED2VDH,01KZRRGW1442K27HM42RTFZG1M,01KZRW4877FZS8TFJN9ZMN5RWV,2026-08-23 18:02:06.840256+08,2026-08-23 18:02:06.840256+08,01KZRRGW14EVYGVAR1F5M4N714,01KZRRGW14200T0G4QVVJEZMW1
01KZV5Q33PRRZXYR899VAVF5KG,for replacement - broken unit,01KZRTCK09TAMJVAM131D6S7EG,01KZRRGW14KVWBG89MRPJPJBXC,01KZRW48773P9B1HDR1BKFG957,2026-08-23 18:02:06.840256+08,2026-08-23 18:02:06.840256+08,01KZRRGW14X04WHWJ78QR6J8H3,01KZRRGW146F8C4946XJM2S6EC
01KZV5Q33PSM8V4R3J00A5DMYB,for pullout,01KZRTCK090M9T8VDSN5ZE0M6N,01KZRRGW140MQ9ZE887EQDG87Z,01KZRW48771S3VZMTY431CY71G,2026-08-23 18:02:06.840256+08,2026-08-23 18:02:06.840256+08,01KZRRGW14KBMMYGKVHMX9RQD8,01KZRRGW14PHE1YJB3BS55XR3K
01KZV5Q33PHCC0EHP8S85A9AT7,pullout by distributor,01KZRTCK0DNR35GVGW204RJMZ5,01KZRRGW14WSB3JJJKQDEREKF3,01KZRW4877DZMG7S8EQEYF7D89,2026-08-23 18:02:06.840256+08,2026-08-23 18:02:06.840256+08,01KZRRGW14N5VHBCMAJGNJ0GJH,01KZRRGW14WH1V6PTWDSASC4XK
01KZV5Q33QDF5RH9W0T4XGD1ZZ,deployment,01KZRTCK0AA2DXDM79PMFP8ZWF,01KZRRGW14KMGR1H2QPNVXB420,01KZRW4877VZEYQPDKKQXF13AV,2026-08-23 18:02:06.840256+08,2026-08-23 18:02:06.840256+08,01KZRRGW14X9Y2N7Y1J43BS87F,01KZRRGW14WSB3JJJKQDEREKF3
01KZV5Q33QAREKP8ECAY654ZME,deployment,01KZRTCK0EYNPB1QS1GX1CF2BP,01KZRRGW14N9EVMX0Z1ZRJRRAH,01KZRW4877DZMG7S8EQEYF7D89,2026-08-23 18:02:06.840256+08,2026-08-23 18:02:06.840256+08,01KZRRGW14WSB3JJJKQDEREKF3,01KZRRGW140MQ9ZE887EQDG87Z
01KZV5Q33Q2TD48XT9RG58F072,deployment,01KZRTCK0GQ5MBAH7RC7BZR3R9,01KZRRGW14Z2V2BPKDSQ6DKV67,01KZRW4877B3D0MZHS3AQRJ814,2026-08-23 18:02:06.840256+08,2026-08-23 18:02:06.840256+08,01KZRRGW1448AZYH3Y9E70DS21,01KZRRGW142RC6MARTSS19R7GK
01KZV5Q33Q93MNNJGDBE4K4G3Y,for downgrade,01KZRTCK0GQJWAY0ESAJKNZ4SY,01KZRRGW14X04WHWJ78QR6J8H3,01KZRW487795H0KSW6AV992VCS,2026-08-23 18:02:06.840256+08,2026-08-23 18:02:06.840256+08,01KZRRGW140MQ9ZE887EQDG87Z,01KZRRGW14WH1V6PTWDSASC4XK
01KZV5Q33QGXAQVEB655972MHS,for pullout,01KZRTCK0C37GD576RTY4K5X1M,01KZRRGW1448AZYH3Y9E70DS21,01KZRW4877HTSZDBP5ZKDZNQYA,2026-08-23 18:02:06.840256+08,2026-08-23 18:02:06.840256+08,01KZRRGW147SW8PDR6Z12DT4B9,01KZRRGW14KBMMYGKVHMX9RQD8
01KZV5Q33Q9A5PFAE53D72ESYY,deployment,01KZRTCK0DBGKCGEBEA1NPZ1RV,01KZRRGW1442K27HM42RTFZG1M,01KZRW48774A2DK7QW4RW8GRQD,2026-08-23 18:02:06.840256+08,2026-08-23 18:02:06.840256+08,01KZRRGW14EVYGVAR1F5M4N714,01KZRRGW14XPKB44H9B6WS515H
01KZV5Q33QPEZC7Z5R7QZTGDVM,for downgrade,01KZRTCK0ENY95TTPJWD6SE30C,01KZRRGW146F8C4946XJM2S6EC,01KZRW4877TQ3XX3R3NF9TGABV,2026-08-23 18:02:06.840256+08,2026-08-23 18:02:06.840256+08,01KZRRGW14WH1V6PTWDSASC4XK,01KZRRGW142RC6MARTSS19R7GK
01KZV5Q33QJGMD10EWCZ4B4ZTT,for upgrade,01KZRTCK08ZJ6HXA59V0F5H2AA,01KZRRGW14Y65J9N71RS7C99PT,01KZRW48773C4ZFCJ993MWDQBY,2026-08-23 18:02:06.840256+08,2026-08-23 18:02:06.840256+08,01KZRRGW14KVWBG89MRPJPJBXC,01KZRRGW14G35YB41SN7AN85CV
01KZV5Q33QB4T6FCSTQ7NY72KK,for replacement - broken unit,01KZRTCK0BQ5AE7CH3W5D811VK,01KZRRGW14X04WHWJ78QR6J8H3,01KZRW4877FZ26T405N4WYZMRG,2026-08-23 18:02:06.840256+08,2026-08-23 18:02:06.840256+08,01KZRRGW147SW8PDR6Z12DT4B9,01KZRRGW14Z2V2BPKDSQ6DKV67
01KZV5Q33R64CW05MV3S0F588D,deployment,01KZRTCK0B0ET9WRBR0G21QAK9,01KZRRGW14X9Y2N7Y1J43BS87F,01KZRW4877X5K4QDEQJ8HJV36S,2026-08-23 18:02:06.840256+08,2026-08-23 18:02:06.840256+08,01KZRRGW14N5VHBCMAJGNJ0GJH,01KZRRGW14W9JF1K1J0X6X34N8
01KZV5Q33R314QQADY0P9NHC6X,for pullout,01KZRTCK0CAQ5J4NCRMVERHAX5,01KZRRGW14RBSVD8GEY7WA5YWC,01KZRW4877B4VKB2E5TT4BWFP8,2026-08-23 18:02:06.840256+08,2026-08-23 18:02:06.840256+08,01KZRRGW14DC1V4DFEXXX74JBW,01KZRRGW143DR9TSRKKQDPRDKM
01KZV5Q33RN14VQT3JH07A5FJ6,for downgrade,01KZRTCK0GV0QBVZMTBZDZ160D,01KZRRGW14K9GDB2KGW0SVFJBM,01KZRW48779R4JNZ47ZW2T3PQB,2026-08-23 18:02:06.840256+08,2026-08-23 18:02:06.840256+08,01KZRRGW14JQ7JEW5HBDS8P7VJ,01KZRRGW14XPKB44H9B6WS515H
01KZV5Q33RMHCY0MF992Z04DXM,for replacement - broken unit,01KZRTCK0A9GSKW6MBC2KCH01E,01KZRRGW142RC6MARTSS19R7GK,01KZRW4877NYSZZ4VFYZTN4ES1,2026-08-23 18:02:06.840256+08,2026-08-23 18:02:06.840256+08,01KZRRGW14RBSVD8GEY7WA5YWC,01KZRRGW143DR9TSRKKQDPRDKM
01KZV5Q33RJC45Q2JGM5VJRQR0,pullout by distributor,01KZRTCK0EXZC6P5W4YHXKRDYG,01KZRRGW14200T0G4QVVJEZMW1,01KZRW48777JDTMGDM6JZY87AF,2026-08-23 18:02:06.840256+08,2026-08-23 18:02:06.840256+08,01KZRRGW14JQ7JEW5HBDS8P7VJ,01KZRRGW14MXEWF9HMYNXVS5ER
01KZV5Q33R5932J7F05WA55PTZ,pullout by distributor,01KZRTCK08ZJ6HXA59V0F5H2AA,01KZRRGW142RC6MARTSS19R7GK,01KZRW48778HEX0CCC1CXQ27DR,2026-08-23 18:02:06.840256+08,2026-08-23 18:02:06.840256+08,01KZRRGW14N5VHBCMAJGNJ0GJH,01KZRRGW14WSB3JJJKQDEREKF3
01KZV5Q33RKWE5KC4ZBHRCTGQY,for replacement - broken unit,01KZRTCK0CJJKTTP3ZYEWWJE3T,01KZRRGW143DR9TSRKKQDPRDKM,01KZRW4877A147WBBGMNMTXNA3,2026-08-23 18:02:06.840256+08,2026-08-23 18:02:06.840256+08,01KZRRGW14N56M3HGFGXE3FN5T,01KZRRGW14RBSVD8GEY7WA5YWC
01KZV5Q33RK8PV997FQAS1F8X5,for downgrade,01KZRTCK0CJJKTTP3ZYEWWJE3T,01KZRRGW143DR9TSRKKQDPRDKM,01KZRW4877A147WBBGMNMTXNA3,2026-08-23 18:02:06.840256+08,2026-08-23 18:02:06.840256+08,01KZRRGW14XPKB44H9B6WS515H,01KZRRGW142RC6MARTSS19R7GK
01KZV5Q33RTPDNXY50H2J8D5YJ,for pullout,01KZRTCK0G6PC451Y2FF1Y1NKE,01KZRRGW14X04WHWJ78QR6J8H3,01KZRW4877JGM1JN0BBQ9YM7WK,2026-08-23 18:02:06.840256+08,2026-08-23 18:02:06.840256+08,01KZRRGW14G35YB41SN7AN85CV,01KZRRGW14SVP3PKMRRXC2J621
01KZV5Q33R9RN2J1EVSXKTYSNR,for downgrade,01KZRTCK09RN9DJ46HGFCMN58Q,01KZRRGW14PHE1YJB3BS55XR3K,01KZRW4877V5PZPAVH7Z3DSPSZ,2026-08-23 18:02:06.840256+08,2026-08-23 18:02:06.840256+08,01KZRRGW147SW8PDR6Z12DT4B9,01KZRRGW14EVYGVAR1F5M4N714
01KZV5Q33RM392BDTE22P79TWX,pullout by distributor,01KZRTCK0ATZEF3NZGEMKF8JHQ,01KZRRGW14200T0G4QVVJEZMW1,01KZRW4877TQ7065A4RCCYE8SH,2026-08-23 18:02:06.840256+08,2026-08-23 18:02:06.840256+08,01KZRRGW14EVYGVAR1F5M4N714,01KZRRGW146F8C4946XJM2S6EC
01KZV5Q33S82JYN60EHPNVJ2QZ,for upgrade,01KZRTCK0DJHWF18CVJQXSACA6,01KZRRGW14FX4FRK4R4E3MKR5J,01KZRW4877G39D68T0PQZ5M81A,2026-08-23 18:02:06.840256+08,2026-08-23 18:02:06.840256+08,01KZRRGW14VWS3587600FPGYJJ,01KZRRGW14EVYGVAR1F5M4N714
01KZV5Q33STH6Q41AF94H5KF34,for upgrade,01KZRTCK0DP6ZKT6V8570F68XF,01KZRRGW142RC6MARTSS19R7GK,01KZRW48771S3VZMTY431CY71G,2026-08-23 18:02:06.840256+08,2026-08-23 18:02:06.840256+08,01KZRRGW142RC6MARTSS19R7GK,01KZRRGW14JQ7JEW5HBDS8P7VJ
01KZV5Q33S1VFHKPTD47W7AHP4,for downgrade,01KZRTCK0D4B0Q2YMS8YAGPWBM,01KZRRGW14K9GDB2KGW0SVFJBM,01KZRW487701VM9C8JDQAVM50G,2026-08-23 18:02:06.840256+08,2026-08-23 18:02:06.840256+08,01KZRRGW14W9JF1K1J0X6X34N8,01KZRRGW14A7VW9HY70W2ZKDCX
01KZV5Q33SBKSQWZYZA6QXNQ89,for upgrade,01KZRTCK0GH2W5DXZHC14YE730,01KZRRGW14XPKB44H9B6WS515H,01KZRW4877HQV77AK3B14GNXZ1,2026-08-23 18:02:06.840256+08,2026-08-23 18:02:06.840256+08,01KZRRGW14PHE1YJB3BS55XR3K,01KZRRGW1442K27HM42RTFZG1M
01KZV5Q33S6KDG60HK8D2VFF5M,pullout by distributor,01KZRTCK0A76DWND9P11YBHZ5C,01KZRRGW1442K27HM42RTFZG1M,01KZRW4877C3T2MSDMNBQ24EB4,2026-08-23 18:02:06.840256+08,2026-08-23 18:02:06.840256+08,01KZRRGW14KMGR1H2QPNVXB420,01KZRRGW14K9GDB2KGW0SVFJBM
01KZV5Q33SBRB7RJ6QZ4SCZKKD,pullout by distributor,01KZRTCK09AXGRFPA5QGV2J60H,01KZRRGW14PHE1YJB3BS55XR3K,01KZRW4877DZMG7S8EQEYF7D89,2026-08-23 18:02:06.840256+08,2026-08-23 18:02:06.840256+08,01KZRRGW1448AZYH3Y9E70DS21,01KZRRGW14VWS3587600FPGYJJ
01KZV5Q33S2GWR5AMYVJFQ7QGE,for replacement - broken unit,01KZRTCK09SZM4HBJZCMC70ZAV,01KZRRGW14PHE1YJB3BS55XR3K,01KZRW487701VM9C8JDQAVM50G,2026-08-23 18:02:06.840256+08,2026-08-23 18:02:06.840256+08,01KZRRGW14KBMMYGKVHMX9RQD8,01KZRRGW14J5MRZ241JHXYMPE5
01KZV5Q33S8PENXPV6A3VK1TKT,for pullout,01KZRTCK0AXZDCZRVF2KFMRY22,01KZRRGW14SVP3PKMRRXC2J621,01KZRW4877B4VKB2E5TT4BWFP8,2026-08-23 18:02:06.840256+08,2026-08-23 18:02:06.840256+08,01KZRRGW14W9JF1K1J0X6X34N8,01KZRRGW14VWS3587600FPGYJJ
01KZV5Q33SXQBFD6REC484BX3D,for pullout,01KZRTCK0FA4FRMH4RJ7Q1BBVY,01KZRRGW14N56M3HGFGXE3FN5T,01KZRW48778HEX0CCC1CXQ27DR,2026-08-23 18:02:06.840256+08,2026-08-23 18:02:06.840256+08,01KZRRGW14X9Y2N7Y1J43BS87F,01KZRRGW14G35YB41SN7AN85CV
01KZV5Q33S21ZSTY5SWN3NQFXY,deployment,01KZRTCK09GJDXVC7JCP3GRKRD,01KZRRGW143XAZME28X8CPEY8S,01KZRW4877D0MJ7B5AT3RZ0G0Q,2026-08-23 18:02:06.840256+08,2026-08-23 18:02:06.840256+08,01KZRRGW14Z2V2BPKDSQ6DKV67,01KZRRGW14FX4FRK4R4E3MKR5J
01KZV5Q33TSW7VTXEBK48B3E22,deployment,01KZRTCK09BZWGKTVZH0NRF6QC,01KZRRGW14MXEWF9HMYNXVS5ER,01KZRW4877EFAE21HQ86WYE6X8,2026-08-23 18:02:06.840256+08,2026-08-23 18:02:06.840256+08,01KZRRGW14KMGR1H2QPNVXB420,01KZRRGW14VWS3587600FPGYJJ
01KZV5Q33TYM77F6CRD61J014B,for downgrade,01KZRTCK0BG3VZV9TK580W16BY,01KZRRGW14KMGR1H2QPNVXB420,01KZRW4877YEX8C3RH16STZ2B2,2026-08-23 18:02:06.840256+08,2026-08-23 18:02:06.840256+08,01KZRRGW140MQ9ZE887EQDG87Z,01KZRRGW14N56M3HGFGXE3FN5T
01KZV5Q33TB3SEHBNQMEYD3PV4,for replacement - broken unit,01KZRTCK0FVC3VJ0E64591GMTG,01KZRRGW14EVYGVAR1F5M4N714,01KZRW4877C5YNZ203SCBWWZXZ,2026-08-23 18:02:06.840256+08,2026-08-23 18:02:06.840256+08,01KZRRGW14KBMMYGKVHMX9RQD8,01KZRRGW1442K27HM42RTFZG1M
01KZV5Q33TNGFRCWQBPGQB1D1W,pullout by dealer,01KZRTCK0EWC5SYQR9A1H0AX8Y,01KZRRGW14J5MRZ241JHXYMPE5,01KZRW48779S7EXPA0TNQWKTA6,2026-08-23 18:02:06.840256+08,2026-08-23 18:02:06.840256+08,01KZRRGW14DC1V4DFEXXX74JBW,01KZRRGW1448AZYH3Y9E70DS21
01KZV5Q33T7XY5GJJ2VFFQXTBZ,pullout by distributor,01KZRTCK0CABK5ZY6XD98J7140,01KZRRGW14200T0G4QVVJEZMW1,01KZRW4877F027DTG1RSTES089,2026-08-23 18:02:06.840256+08,2026-08-23 18:02:06.840256+08,01KZRRGW1448AZYH3Y9E70DS21,01KZRRGW14RBSVD8GEY7WA5YWC
01KZV5Q33V2HHK2VCCM7WR1DMW,for pullout,01KZRTCK092BEYMXEF98F8WW13,01KZRRGW14Y65J9N71RS7C99PT,01KZRW4877A147WBBGMNMTXNA3,2026-08-23 18:02:06.840256+08,2026-08-23 18:02:06.840256+08,01KZRRGW140MQ9ZE887EQDG87Z,01KZRRGW14VWS3587600FPGYJJ
01KZV5Q33VWR655MHS8SN4MXTW,for pullout,01KZRTCK0GPT3MH77WFVHTXX01,01KZRRGW1442K27HM42RTFZG1M,01KZRW48779CWAQ752ZGCV7AN3,2026-08-23 18:02:06.840256+08,2026-08-23 18:02:06.840256+08,01KZRRGW14XPKB44H9B6WS515H,01KZRRGW14JQ7JEW5HBDS8P7VJ
01KZV5Q33VWSCVASYD622PCF3J,for replacement - broken unit,01KZRTCK09S4T78A3JFJBR11YV,01KZRRGW14KVWBG89MRPJPJBXC,01KZRW4877JGM1JN0BBQ9YM7WK,2026-08-23 18:02:06.840256+08,2026-08-23 18:02:06.840256+08,01KZRRGW14WSB3JJJKQDEREKF3,01KZRRGW14N9EVMX0Z1ZRJRRAH
01KZV5Q33VA18M1AZGGA2HQ8YQ,for upgrade,01KZRTCK09HWM5BCW4QXKREHFH,01KZRRGW14EVYGVAR1F5M4N714,01KZRW4877A147WBBGMNMTXNA3,2026-08-23 18:02:06.840256+08,2026-08-23 18:02:06.840256+08,01KZRRGW142XAJ3EN2YJAF1HJB,01KZRRGW14EVYGVAR1F5M4N714
01KZV5Q33VV1MK193VNTWSKWRR,for pullout,01KZRTCK0C37GD576RTY4K5X1M,01KZRRGW14WSB3JJJKQDEREKF3,01KZRW4877570TMPXQJ6F3CTPG,2026-08-23 18:02:06.840256+08,2026-08-23 18:02:06.840256+08,01KZRRGW14FX4FRK4R4E3MKR5J,01KZRRGW14K9GDB2KGW0SVFJBM
01KZV5Q33VAZM9B87J21GYHRVQ,pullout by dealer,01KZRTCK0CJSAMVNDAWSSM2W7N,01KZRRGW14THZB9B34PPHZSFE2,01KZRW4877AMSR96T952JSFTS6,2026-08-23 18:02:06.840256+08,2026-08-23 18:02:06.840256+08,01KZRRGW14PHE1YJB3BS55XR3K,01KZRRGW14X04WHWJ78QR6J8H3
01KZV5Q33VWQGMPX54VM1N7ZZP,for pullout,01KZRTCK0B2WM1A67JNVYZ9MAQ,01KZRRGW147SW8PDR6Z12DT4B9,01KZRW4877QZNEVFAY7G115HT9,2026-08-23 18:02:06.840256+08,2026-08-23 18:02:06.840256+08,01KZRRGW140MQ9ZE887EQDG87Z,01KZRRGW14W9JF1K1J0X6X34N8
01KZV5Q33WMGPJ0RXY85V032DJ,for upgrade,01KZRTCK0HVBJ6G3FB7D32KGGJ,01KZRRGW14N56M3HGFGXE3FN5T,01KZRW4877F027DTG1RSTES089,2026-08-23 18:02:06.840256+08,2026-08-23 18:02:06.840256+08,01KZRRGW14Z2V2BPKDSQ6DKV67,01KZRRGW14KVWBG89MRPJPJBXC
01KZV5Q33WT54MN94VF89X1H2G,for replacement - broken unit,01KZRTCK0AESK6G28HX769H8MX,01KZRRGW14DC1V4DFEXXX74JBW,01KZRW4877B9B3MX4SDENM2X4F,2026-08-23 18:02:06.840256+08,2026-08-23 18:02:06.840256+08,01KZRRGW14WSB3JJJKQDEREKF3,01KZRRGW14N5VHBCMAJGNJ0GJH
01KZV5Q33W9YJYZZRKSHZKDDVM,pullout by distributor,01KZRTCK0FXX1JC62YXNN5SEX2,01KZRRGW140MQ9ZE887EQDG87Z,01KZRW48778GNNZ5BFJZ0VXNNN,2026-08-23 18:02:06.840256+08,2026-08-23 18:02:06.840256+08,01KZRRGW14KVWBG89MRPJPJBXC,01KZRRGW14Z2V2BPKDSQ6DKV67
01KZV5Q33WDD578H0Y48HYKQFE,for upgrade,01KZRTCK0D65VA58SDF4JFR5V3,01KZRRGW14VWS3587600FPGYJJ,01KZRW4877HTTETZMDFBTY9TG8,2026-08-23 18:02:06.840256+08,2026-08-23 18:02:06.840256+08,01KZRRGW149RPSGBHQY8MZC6NF,01KZRRGW14JQ7JEW5HBDS8P7VJ
01KZV5Q33WA5S10V3KDSNBQQYJ,pullout by dealer,01KZRTCK0DVBYA32M9AAYQ5J8A,01KZRRGW14KMGR1H2QPNVXB420,01KZRW4877G39D68T0PQZ5M81A,2026-08-23 18:02:06.840256+08,2026-08-23 18:02:06.840256+08,01KZRRGW14N56M3HGFGXE3FN5T,01KZRRGW14A7VW9HY70W2ZKDCX
01KZV5Q33WQ3D47HHRDMJ7MAWT,for pullout,01KZRTCK08W2VKBBGB5EHC35RN,01KZRRGW14KMGR1H2QPNVXB420,01KZRW4877SVSEW2MKDM1JJJMY,2026-08-23 18:02:06.840256+08,2026-08-23 18:02:06.840256+08,01KZRRGW14FX4FRK4R4E3MKR5J,01KZRRGW14DC1V4DFEXXX74JBW
01KZV5Q33XWBWCP5DJTN7J39AK,pullout by distributor,01KZRTCK0C6X39KR02QAFXGAY4,01KZRRGW14MXEWF9HMYNXVS5ER,01KZRW4877SBDJ1EK7XZMJJQ2W,2026-08-23 18:02:06.840256+08,2026-08-23 18:02:06.840256+08,01KZRRGW14VWS3587600FPGYJJ,01KZRRGW14G35YB41SN7AN85CV
01KZV5Q33XZJRSFTYT0HX4WGE0,for replacement - broken unit,01KZRTCK09MNMMTG518PGQ0WG8,01KZRRGW14PHE1YJB3BS55XR3K,01KZRW4877D5ZY6TAERNGTV34K,2026-08-23 18:02:06.840256+08,2026-08-23 18:02:06.840256+08,01KZRRGW14N9EVMX0Z1ZRJRRAH,01KZRRGW14WH1V6PTWDSASC4XK
01KZV5Q33XMWNRA43MFY73NJNR,pullout by dealer,01KZRTCK0C37GD576RTY4K5X1M,01KZRRGW14KBMMYGKVHMX9RQD8,01KZRW487795H0KSW6AV992VCS,2026-08-23 18:02:06.840256+08,2026-08-23 18:02:06.840256+08,01KZRRGW14THZB9B34PPHZSFE2,01KZRRGW14KMGR1H2QPNVXB420
01KZV5Q33XZWAXPB29P1NHZV9S,for downgrade,01KZRTCK09SP0XENY3MPZGTBKB,01KZRRGW14K9GDB2KGW0SVFJBM,01KZRW4877W4J1M6PJM0QPSR4V,2026-08-23 18:02:06.840256+08,2026-08-23 18:02:06.840256+08,01KZRRGW14WSB3JJJKQDEREKF3,01KZRRGW14200T0G4QVVJEZMW1
01KZV5Q33XK7H1MZRJ6B8Y5MHR,pullout by dealer,01KZRTCK09FCZFVJG6A9CCM6MD,01KZRRGW14KVWBG89MRPJPJBXC,01KZRW4877QZNEVFAY7G115HT9,2026-08-23 18:02:06.840256+08,2026-08-23 18:02:06.840256+08,01KZRRGW14KVWBG89MRPJPJBXC,01KZRRGW14MXEWF9HMYNXVS5ER
01KZV5Q33X333R73RC76J7VDX9,pullout by dealer,01KZRTCK0H7AY41EGX8AM303VG,01KZRRGW14SVP3PKMRRXC2J621,01KZRW4877ZVCRK1H9RNQPG5NR,2026-08-23 18:02:06.840256+08,2026-08-23 18:02:06.840256+08,01KZRRGW14G35YB41SN7AN85CV,01KZRRGW14MXEWF9HMYNXVS5ER
01KZV5Q33X31SGA0VMCJC4H6YA,deployment,01KZRTCK0AMJG52PJ9WRPXYT1M,01KZRRGW14N5VHBCMAJGNJ0GJH,01KZRW4877WE0F7J1HSG76PWQF,2026-08-23 18:02:06.840256+08,2026-08-23 18:02:06.840256+08,01KZRRGW14SVP3PKMRRXC2J621,01KZRRGW1448AZYH3Y9E70DS21
01KZV5Q33XKY020N8BWKZRD5WF,for downgrade,01KZRTCK0D3M1P4TQ3YYXXE5VJ,01KZRRGW149RPSGBHQY8MZC6NF,01KZRW48777JDTMGDM6JZY87AF,2026-08-23 18:02:06.840256+08,2026-08-23 18:02:06.840256+08,01KZRRGW14WSB3JJJKQDEREKF3,01KZRRGW1442K27HM42RTFZG1M
01KZV5Q33XC97XZ3V7RHG4D87C,deployment,01KZRTCK0G6RGN1YY6Q8475GAQ,01KZRRGW14W9JF1K1J0X6X34N8,01KZRW4877JD5H1HZVRFSFTM98,2026-08-23 18:02:06.840256+08,2026-08-23 18:02:06.840256+08,01KZRRGW14DC1V4DFEXXX74JBW,01KZRRGW14W9JF1K1J0X6X34N8
01KZV5Q33XA3JKXM1MRG0RDQWG,pullout by dealer,01KZRTCK0CEJ30N9VC15902M5F,01KZRRGW14G35YB41SN7AN85CV,01KZRW4877C5YNZ203SCBWWZXZ,2026-08-23 18:02:06.840256+08,2026-08-23 18:02:06.840256+08,01KZRRGW14JQ7JEW5HBDS8P7VJ,01KZRRGW14G35YB41SN7AN85CV
01KZV5Q33Y60K0YNE14SAT4RGW,for upgrade,01KZRTCK09Y8MF057A1TBJXT7Z,01KZRRGW14N5VHBCMAJGNJ0GJH,01KZRW4877AMSR96T952JSFTS6,2026-08-23 18:02:06.840256+08,2026-08-23 18:02:06.840256+08,01KZRRGW14WSB3JJJKQDEREKF3,01KZRRGW14THZB9B34PPHZSFE2
01KZV5Q33YR3KBND0MQFJENCZ8,for pullout,01KZRTCK0E4TDGWRJA3B688CK0,01KZRRGW14PHE1YJB3BS55XR3K,01KZRW4877RK7R5ZV77193KMDQ,2026-08-23 18:02:06.840256+08,2026-08-23 18:02:06.840256+08,01KZRRGW1448AZYH3Y9E70DS21,01KZRRGW14G35YB41SN7AN85CV
01KZV5Q33YD7MYS116KR6ANB4A,for downgrade,01KZRTCK0GK0C228HZS4TZECJ1,01KZRRGW14VWS3587600FPGYJJ,01KZRW48771VS10A2E45E408EC,2026-08-23 18:02:06.840256+08,2026-08-23 18:02:06.840256+08,01KZRRGW14DC1V4DFEXXX74JBW,01KZRRGW14Z2V2BPKDSQ6DKV67
01KZV5Q33YGENQ11J84XVZ50VG,pullout by dealer,01KZRTCK0DD5PJFCJHSRCKHCBA,01KZRRGW149RPSGBHQY8MZC6NF,01KZRW48777AHPHKJ81KF0SBSV,2026-08-23 18:02:06.840256+08,2026-08-23 18:02:06.840256+08,01KZRRGW14W9JF1K1J0X6X34N8,01KZRRGW14X04WHWJ78QR6J8H3
01KZV5Q33YDXVYQ76VRB0595DR,for downgrade,01KZRTCK09E523A93WX97Q4MZP,01KZRRGW143XAZME28X8CPEY8S,01KZRW4877QESJQX4TK48W4NS1,2026-08-23 18:02:06.840256+08,2026-08-23 18:02:06.840256+08,01KZRRGW1448AZYH3Y9E70DS21,01KZRRGW14J5MRZ241JHXYMPE5
01KZV5Q33YSXQX8ZDXVXWYMN4F,for upgrade,01KZRTCK0CABK5ZY6XD98J7140,01KZRRGW14KVWBG89MRPJPJBXC,01KZRW4877Q5X4JA1EXXW4HQ9R,2026-08-23 18:02:06.840256+08,2026-08-23 18:02:06.840256+08,01KZRRGW14PHE1YJB3BS55XR3K,01KZRRGW14A7VW9HY70W2ZKDCX
01KZV5Q33YZFB9X9ZYR07KPXXY,pullout by dealer,01KZRTCK0AMBXW6VP5JCVVFCCV,01KZRRGW14200T0G4QVVJEZMW1,01KZRW4877WQJZ3J1CH35W5XY0,2026-08-23 18:02:06.840256+08,2026-08-23 18:02:06.840256+08,01KZRRGW14KBMMYGKVHMX9RQD8,01KZRRGW14W9JF1K1J0X6X34N8
01KZV5Q33ZHPRDZPZ2RX6NWRBF,for downgrade,01KZRTCK0DW4HP34NDM1GSW6XB,01KZRRGW14Y65J9N71RS7C99PT,01KZRW4877MFF924CSKP3J6WW4,2026-08-23 18:02:06.840256+08,2026-08-23 18:02:06.840256+08,01KZRRGW14THZB9B34PPHZSFE2,01KZRRGW14SVP3PKMRRXC2J621
01KZV5Q33ZA7G3NJ65J77YHWB7,pullout by dealer,01KZRTCK0GASZSKQW65AXBRNA2,01KZRRGW14EVYGVAR1F5M4N714,01KZRW4877RJWA8G8EVGD5AKV5,2026-08-23 18:02:06.840256+08,2026-08-23 18:02:06.840256+08,01KZRRGW14K9GDB2KGW0SVFJBM,01KZRRGW14X04WHWJ78QR6J8H3
01KZV5Q33ZASD4E10M4GYQQJYZ,for replacement - broken unit,01KZRTCK0CEFPWC56VXBVEG3F5,01KZRRGW143DR9TSRKKQDPRDKM,01KZRW48771S3VZMTY431CY71G,2026-08-23 18:02:06.840256+08,2026-08-23 18:02:06.840256+08,01KZRRGW14Y65J9N71RS7C99PT,01KZRRGW14MXEWF9HMYNXVS5ER
01KZV5Q33Z5X2BF1AV9RH42WZK,for upgrade,01KZRTCK09VCZA0D7KN8EWXTHA,01KZRRGW14WSB3JJJKQDEREKF3,01KZRW4877B3D0MZHS3AQRJ814,2026-08-23 18:02:06.840256+08,2026-08-23 18:02:06.840256+08,01KZRRGW14MXEWF9HMYNXVS5ER,01KZRRGW14JQ7JEW5HBDS8P7VJ
01KZV5Q33ZAHC1VSQX8XA7DZ3B,for replacement - broken unit,01KZRTCK09272R3821QNVX1EB3,01KZRRGW14G35YB41SN7AN85CV,01KZRW48771BV67J8RNDGKP3AK,2026-08-23 18:02:06.840256+08,2026-08-23 18:02:06.840256+08,01KZRRGW140MQ9ZE887EQDG87Z,01KZRRGW14DC1V4DFEXXX74JBW
01KZV5Q33ZY8WBW88EY1GK50S1,deployment,01KZRTCK09KP95J0HGJ7QMS53Z,01KZRRGW14A7VW9HY70W2ZKDCX,01KZRW4877ASYYCMJDQ4ZM72CY,2026-08-23 18:02:06.840256+08,2026-08-23 18:02:06.840256+08,01KZRRGW14VWS3587600FPGYJJ,01KZRRGW142RC6MARTSS19R7GK
01KZV5Q33Z1KT2R71579FFE6EB,for pullout,01KZRTCK0E0EGZ3NNE3QHRGCX6,01KZRRGW14Y65J9N71RS7C99PT,01KZRW4877RJWA8G8EVGD5AKV5,2026-08-23 18:02:06.840256+08,2026-08-23 18:02:06.840256+08,01KZRRGW142RC6MARTSS19R7GK,01KZRRGW147SW8PDR6Z12DT4B9
01KZV5Q3401W28NMRFVHQB0DSA,for upgrade,01KZRTCK08YCCX02TVJ5CPZ9D1,01KZRRGW14N56M3HGFGXE3FN5T,01KZRW4877SRMJMM3R17R2QE73,2026-08-23 18:02:06.840256+08,2026-08-23 18:02:06.840256+08,01KZRRGW14G35YB41SN7AN85CV,01KZRRGW14PHE1YJB3BS55XR3K
01KZV5Q3404DT0B2W97ZX6NKVQ,for upgrade,01KZRTCK0CTNCJDWAXXRCE0KX9,01KZRRGW14THZB9B34PPHZSFE2,01KZRW4877EFAE21HQ86WYE6X8,2026-08-23 18:02:06.840256+08,2026-08-23 18:02:06.840256+08,01KZRRGW14X04WHWJ78QR6J8H3,01KZRRGW147SW8PDR6Z12DT4B9
01KZV5Q340CRTQNY77HAM2RT42,pullout by distributor,01KZRTCK0B8VD06FC5JNRE6ZFY,01KZRRGW14K9GDB2KGW0SVFJBM,01KZRW4877VGS7YRYB4P0A5H4N,2026-08-23 18:02:06.840256+08,2026-08-23 18:02:06.840256+08,01KZRRGW14RBSVD8GEY7WA5YWC,01KZRRGW146F8C4946XJM2S6EC
01KZV5Q3401SYKQXEWTR31NVEX,pullout by dealer,01KZRTCK0B3FTCNZ44PCJFM0B5,01KZRRGW14FX4FRK4R4E3MKR5J,01KZRW4877JGM1JN0BBQ9YM7WK,2026-08-23 18:02:06.840256+08,2026-08-23 18:02:06.840256+08,01KZRRGW14X04WHWJ78QR6J8H3,01KZRRGW14N9EVMX0Z1ZRJRRAH
01KZV5Q340GVQ3CXTDZ0BK71TH,for pullout,01KZRTCK0EX5WAFFG7N0SMBE04,01KZRRGW14WH1V6PTWDSASC4XK,01KZRW4877VGS7YRYB4P0A5H4N,2026-08-23 18:02:06.840256+08,2026-08-23 18:02:06.840256+08,01KZRRGW14Z2V2BPKDSQ6DKV67,01KZRRGW14XPKB44H9B6WS515H
01KZV5Q340P8DQTS8ZDAQFKXVQ,deployment,01KZRTCK0BWC752R1260NN4K2G,01KZRRGW14WSB3JJJKQDEREKF3,01KZRW4877WE0F7J1HSG76PWQF,2026-08-23 18:02:06.840256+08,2026-08-23 18:02:06.840256+08,01KZRRGW14MXEWF9HMYNXVS5ER,01KZRRGW14X9Y2N7Y1J43BS87F
01KZV5Q340BS2WKP4HT3NRZSQH,for downgrade,01KZRTCK0G5TS1Q6TRX3KC24PC,01KZRRGW142XAJ3EN2YJAF1HJB,01KZRW4877K9M9E39HTSQE6N4Q,2026-08-23 18:02:06.840256+08,2026-08-23 18:02:06.840256+08,01KZRRGW14WSB3JJJKQDEREKF3,01KZRRGW143XAZME28X8CPEY8S
01KZV5Q340Q81XE4SQAEHTTWK5,deployment,01KZRTCK0CG2AT76GFJ8XNAKGA,01KZRRGW142RC6MARTSS19R7GK,01KZRW48779S54N1CEJC2Y3AZY,2026-08-23 18:02:06.840256+08,2026-08-23 18:02:06.840256+08,01KZRRGW14N5VHBCMAJGNJ0GJH,01KZRRGW1448AZYH3Y9E70DS21
01KZV5Q34187ACW7DSCKBM7F8Y,for downgrade,01KZRTCK0AQKPK3GSK0KA5M3M0,01KZRRGW14A7VW9HY70W2ZKDCX,01KZRW4877TRFEBWEFKEZC1X5H,2026-08-23 18:02:06.840256+08,2026-08-23 18:02:06.840256+08,01KZRRGW14W9JF1K1J0X6X34N8,01KZRRGW143XAZME28X8CPEY8S
01KZV5Q341D6CQQFJAM6GCMH6Q,pullout by distributor,01KZRTCK0F24TJWQV1GWZNV4QE,01KZRRGW140MQ9ZE887EQDG87Z,01KZRW4877W4J1M6PJM0QPSR4V,2026-08-23 18:02:06.840256+08,2026-08-23 18:02:06.840256+08,01KZRRGW149RPSGBHQY8MZC6NF,01KZRRGW14200T0G4QVVJEZMW1
01KZV5Q341B5R9SZD35XNA8HGM,for upgrade,01KZRTCK0E5K0RBY978KTF7TGD,01KZRRGW14XPKB44H9B6WS515H,01KZRW4877EFAE21HQ86WYE6X8,2026-08-23 18:02:06.840256+08,2026-08-23 18:02:06.840256+08,01KZRRGW14W9JF1K1J0X6X34N8,01KZRRGW14JQ7JEW5HBDS8P7VJ
01KZV5Q341RKHYYY0EA69RM0RB,for downgrade,01KZRTCK0E5Q07TA90VPZVA032,01KZRRGW14THZB9B34PPHZSFE2,01KZRW4877D5ZY6TAERNGTV34K,2026-08-23 18:02:06.840256+08,2026-08-23 18:02:06.840256+08,01KZRRGW146F8C4946XJM2S6EC,01KZRRGW14SVP3PKMRRXC2J621
01KZV5Q341C61P34HJVEPXF9XE,for downgrade,01KZRTCK0958Y4RPBARSF8JCZK,01KZRRGW14J5MRZ241JHXYMPE5,01KZRW4877WQJZ3J1CH35W5XY0,2026-08-23 18:02:06.840256+08,2026-08-23 18:02:06.840256+08,01KZRRGW14Y65J9N71RS7C99PT,01KZRRGW14SVP3PKMRRXC2J621
01KZV5Q3419JSF3DBGKZSM56RN,deployment,01KZRTCK0GNVQMA3VNACGDPH85,01KZRRGW14A7VW9HY70W2ZKDCX,01KZRW4877HTSZDBP5ZKDZNQYA,2026-08-23 18:02:06.840256+08,2026-08-23 18:02:06.840256+08,01KZRRGW140MQ9ZE887EQDG87Z,01KZRRGW142XAJ3EN2YJAF1HJB
01KZV5Q341KD6PREH8GEWYS1Z2,deployment,01KZRTCK0GA09F3BNEFQ022NQV,01KZRRGW14WH1V6PTWDSASC4XK,01KZRW4877GVVZRA6JKSTGEVNK,2026-08-23 18:02:06.840256+08,2026-08-23 18:02:06.840256+08,01KZRRGW14THZB9B34PPHZSFE2,01KZRRGW14RBSVD8GEY7WA5YWC
01KZV5Q3423T87TTCMH1PSZVJQ,for downgrade,01KZRTCK09AXGRFPA5QGV2J60H,01KZRRGW14SVP3PKMRRXC2J621,01KZRW4877WQJZ3J1CH35W5XY0,2026-08-23 18:02:06.840256+08,2026-08-23 18:02:06.840256+08,01KZRRGW14WH1V6PTWDSASC4XK,01KZRRGW14KMGR1H2QPNVXB420
01KZV5Q3421NMYX12H7CJ25XH0,for replacement - broken unit,01KZRTCK0DC880QBT34FWE9X66,01KZRRGW14MXEWF9HMYNXVS5ER,01KZRW4877DZMG7S8EQEYF7D89,2026-08-23 18:02:06.840256+08,2026-08-23 18:02:06.840256+08,01KZRRGW14WSB3JJJKQDEREKF3,01KZRRGW14J5MRZ241JHXYMPE5
01KZV5Q342RXN4WWHWHRV27DC9,pullout by dealer,01KZRTCK0E0GF9KPF9RBX0TNKP,01KZRRGW14EVYGVAR1F5M4N714,01KZRW48778HEX0CCC1CXQ27DR,2026-08-23 18:02:06.840256+08,2026-08-23 18:02:06.840256+08,01KZRRGW14KVWBG89MRPJPJBXC,01KZRRGW14N9EVMX0Z1ZRJRRAH
01KZV5Q342T9RSQ260DM58P3R8,pullout by distributor,01KZRTCK0AESK6G28HX769H8MX,01KZRRGW140MQ9ZE887EQDG87Z,01KZRW4877T3XV4P4JY2BTWW8J,2026-08-23 18:02:06.840256+08,2026-08-23 18:02:06.840256+08,01KZRRGW14SVP3PKMRRXC2J621,01KZRRGW14KMGR1H2QPNVXB420
01KZV5Q34248PG21GABT025B0V,for upgrade,01KZRTCK099JFYWXAKG01064WT,01KZRRGW146F8C4946XJM2S6EC,01KZRW4877C3T2MSDMNBQ24EB4,2026-08-23 18:02:06.840256+08,2026-08-23 18:02:06.840256+08,01KZRRGW14KBMMYGKVHMX9RQD8,01KZRRGW14K9GDB2KGW0SVFJBM
01KZV5Q342C7FK6W8SBAGRR6R5,pullout by distributor,01KZRTCK09J6NBVPNAPXC8BF1S,01KZRRGW14WSB3JJJKQDEREKF3,01KZRW48779CWAQ752ZGCV7AN3,2026-08-23 18:02:06.840256+08,2026-08-23 18:02:06.840256+08,01KZRRGW14W9JF1K1J0X6X34N8,01KZRRGW14WH1V6PTWDSASC4XK
01KZV5Q342XHTYYQ4F47GFNW9F,for pullout,01KZRTCK0G03Z2CD5EDR8FZ1D6,01KZRRGW14THZB9B34PPHZSFE2,01KZRW487795H0KSW6AV992VCS,2026-08-23 18:02:06.840256+08,2026-08-23 18:02:06.840256+08,01KZRRGW14J5MRZ241JHXYMPE5,01KZRRGW147SW8PDR6Z12DT4B9
01KZV5Q3438QXTP5Z122H5YN8S,pullout by dealer,01KZRTCK0GHFY4DR4RXBC5SQRY,01KZRRGW143DR9TSRKKQDPRDKM,01KZRW4877B3D0MZHS3AQRJ814,2026-08-23 18:02:06.840256+08,2026-08-23 18:02:06.840256+08,01KZRRGW14J5MRZ241JHXYMPE5,01KZRRGW143DR9TSRKKQDPRDKM
01KZV5Q343G5NQK9ZRV2G9647T,for replacement - broken unit,01KZRTCK0C3CBFSYCJ7WC46GSV,01KZRRGW14KBMMYGKVHMX9RQD8,01KZRW48779R4JNZ47ZW2T3PQB,2026-08-23 18:02:06.840256+08,2026-08-23 18:02:06.840256+08,01KZRRGW14KMGR1H2QPNVXB420,01KZRRGW14MXEWF9HMYNXVS5ER
01KZV5Q343YAVM2JS547DDACH4,pullout by distributor,01KZRTCK0EZ23VHVB0YEESQ8B4,01KZRRGW14SVP3PKMRRXC2J621,01KZRW4877AZR5K32Y5PAGXHRC,2026-08-23 18:02:06.840256+08,2026-08-23 18:02:06.840256+08,01KZRRGW14Z2V2BPKDSQ6DKV67,01KZRRGW14MXEWF9HMYNXVS5ER
01KZV5Q3436F1B47C1ERKAVXW6,deployment,01KZRTCK0DGB0HB8GQ6ZQWMAMV,01KZRRGW14X04WHWJ78QR6J8H3,01KZRW4877VZEYQPDKKQXF13AV,2026-08-23 18:02:06.840256+08,2026-08-23 18:02:06.840256+08,01KZRRGW1442K27HM42RTFZG1M,01KZRRGW14WH1V6PTWDSASC4XK
01KZV5Q343W83MKFT5KGK7P32Y,pullout by dealer,01KZRTCK0B9GF3NJGWJ4527J3V,01KZRRGW14KBMMYGKVHMX9RQD8,01KZRW487795H0KSW6AV992VCS,2026-08-23 18:02:06.840256+08,2026-08-23 18:02:06.840256+08,01KZRRGW14X04WHWJ78QR6J8H3,01KZRRGW14WSB3JJJKQDEREKF3
01KZV5Q343NPMMR12FB69JE9HB,for upgrade,01KZRTCK0A0B9VC5TCTB34V0BD,01KZRRGW14PHE1YJB3BS55XR3K,01KZRW4877WE0F7J1HSG76PWQF,2026-08-23 18:02:06.840256+08,2026-08-23 18:02:06.840256+08,01KZRRGW14N5VHBCMAJGNJ0GJH,01KZRRGW14W9JF1K1J0X6X34N8
01KZV5Q343QVETM3DK9PX5NMS6,for upgrade,01KZRTCK0GGQYB1A3BT445GRJQ,01KZRRGW14RBSVD8GEY7WA5YWC,01KZRW4877SRMJMM3R17R2QE73,2026-08-23 18:02:06.840256+08,2026-08-23 18:02:06.840256+08,01KZRRGW14SVP3PKMRRXC2J621,01KZRRGW14EVYGVAR1F5M4N714
01KZV5Q343QWPQA6CVYXJ0H96T,for pullout,01KZRTCK0DD12V6VKQQCS94ZVM,01KZRRGW14200T0G4QVVJEZMW1,01KZRW48774A2DK7QW4RW8GRQD,2026-08-23 18:02:06.840256+08,2026-08-23 18:02:06.840256+08,01KZRRGW14W9JF1K1J0X6X34N8,01KZRRGW14THZB9B34PPHZSFE2
01KZV5Q343JXTTKHX4X8CKG65C,pullout by distributor,01KZRTCK0AKJEQFFF9P9JCRFKG,01KZRRGW14WH1V6PTWDSASC4XK,01KZRW4877570TMPXQJ6F3CTPG,2026-08-23 18:02:06.840256+08,2026-08-23 18:02:06.840256+08,01KZRRGW1448AZYH3Y9E70DS21,01KZRRGW140MQ9ZE887EQDG87Z
01KZV5Q343BAAEAC7RSP5P4QWH,pullout by distributor,01KZRTCK0DNAAGK202JSWGY6A7,01KZRRGW14XPKB44H9B6WS515H,01KZRW4877T3KKF85T8W2FJ0J5,2026-08-23 18:02:06.840256+08,2026-08-23 18:02:06.840256+08,01KZRRGW14WH1V6PTWDSASC4XK,01KZRRGW14WSB3JJJKQDEREKF3
01KZV5Q3431PYHFMDMDKENDXMX,pullout by dealer,01KZRTCK0AE163T5YBBYMGHTD7,01KZRRGW14SVP3PKMRRXC2J621,01KZRW4877Q5X4JA1EXXW4HQ9R,2026-08-23 18:02:06.840256+08,2026-08-23 18:02:06.840256+08,01KZRRGW14K9GDB2KGW0SVFJBM,01KZRRGW14A7VW9HY70W2ZKDCX
01KZV5Q3436YHXW6F9DNQ4Y0YG,for pullout,01KZRTCK0AXZDCZRVF2KFMRY22,01KZRRGW140MQ9ZE887EQDG87Z,01KZRW4877Z8TPYQZSPSR7KQ3R,2026-08-23 18:02:06.840256+08,2026-08-23 18:02:06.840256+08,01KZRRGW14X9Y2N7Y1J43BS87F,01KZRRGW14200T0G4QVVJEZMW1
01KZV5Q344S0DB4Q4VJRTB1TVW,for replacement - broken unit,01KZRTCK09Q34HK88C4HAHP82S,01KZRRGW14A7VW9HY70W2ZKDCX,01KZRW4877GVVZRA6JKSTGEVNK,2026-08-23 18:02:06.840256+08,2026-08-23 18:02:06.840256+08,01KZRRGW14K9GDB2KGW0SVFJBM,01KZRRGW146F8C4946XJM2S6EC
01KZV5Q344D4MT60PW78TJD7M2,for pullout,01KZRTCK086K620886775DZ7T0,01KZRRGW14A7VW9HY70W2ZKDCX,01KZRW4877T3XV4P4JY2BTWW8J,2026-08-23 18:02:06.840256+08,2026-08-23 18:02:06.840256+08,01KZRRGW14Z2V2BPKDSQ6DKV67,01KZRRGW14W9JF1K1J0X6X34N8
01KZV5Q3442DMTYS0PKGTJAM1C,pullout by dealer,01KZRTCK0CEFPWC56VXBVEG3F5,01KZRRGW14MXEWF9HMYNXVS5ER,01KZRW4877JGM1JN0BBQ9YM7WK,2026-08-23 18:02:06.840256+08,2026-08-23 18:02:06.840256+08,01KZRRGW143XAZME28X8CPEY8S,01KZRRGW14A7VW9HY70W2ZKDCX
01KZV5Q344FYJKTQ3Z3CKHMTVS,for pullout,01KZRTCK0EGEKY4EKT9Q96046A,01KZRRGW14X04WHWJ78QR6J8H3,01KZRW4877F027DTG1RSTES089,2026-08-23 18:02:06.840256+08,2026-08-23 18:02:06.840256+08,01KZRRGW14X04WHWJ78QR6J8H3,01KZRRGW14KBMMYGKVHMX9RQD8
01KZV5Q344C6S2C4EM6PA8W6JP,for upgrade,01KZRTCK0A9MFPWFT4D315R1E8,01KZRRGW14SVP3PKMRRXC2J621,01KZRW48779V159SGJGWDHBYTJ,2026-08-23 18:02:06.840256+08,2026-08-23 18:02:06.840256+08,01KZRRGW146F8C4946XJM2S6EC,01KZRRGW14Y65J9N71RS7C99PT
01KZV5Q3440Z2CYDTF3BVA3XKZ,for downgrade,01KZRTCK0AAXF6B64ETC57XNCB,01KZRRGW14A7VW9HY70W2ZKDCX,01KZRW4877E1K1FVC8Z9DHP6KE,2026-08-23 18:02:06.840256+08,2026-08-23 18:02:06.840256+08,01KZRRGW14X9Y2N7Y1J43BS87F,01KZRRGW14THZB9B34PPHZSFE2
01KZV5Q344S9C4QAVEYXT5J1HM,pullout by distributor,01KZRTCK0DH5XR7NB7XY65A23F,01KZRRGW14WH1V6PTWDSASC4XK,01KZRW4877E1K1FVC8Z9DHP6KE,2026-08-23 18:02:06.840256+08,2026-08-23 18:02:06.840256+08,01KZRRGW147SW8PDR6Z12DT4B9,01KZRRGW14N56M3HGFGXE3FN5T
01KZV5Q344NTQZJG3JC84B9QBN,pullout by dealer,01KZRTCK0BT0F93Q5T0Q8SE8S4,01KZRRGW14MXEWF9HMYNXVS5ER,01KZRW48773GHQQ4H8241WY49R,2026-08-23 18:02:06.840256+08,2026-08-23 18:02:06.840256+08,01KZRRGW142RC6MARTSS19R7GK,01KZRRGW14SVP3PKMRRXC2J621
01KZV5Q344J1CSR19GSGDFQ9Q4,for upgrade,01KZRTCK09F7V5CMSXPN9DDNR9,01KZRRGW14WH1V6PTWDSASC4XK,01KZRW487701VM9C8JDQAVM50G,2026-08-23 18:02:06.840256+08,2026-08-23 18:02:06.840256+08,01KZRRGW14J5MRZ241JHXYMPE5,01KZRRGW1448AZYH3Y9E70DS21
01KZV5Q345S1305RK3JAXCE006,for replacement - broken unit,01KZRTCK0A2VY3MV077TT2KMBM,01KZRRGW14KMGR1H2QPNVXB420,01KZRW4877T3XV4P4JY2BTWW8J,2026-08-23 18:02:06.840256+08,2026-08-23 18:02:06.840256+08,01KZRRGW14PHE1YJB3BS55XR3K,01KZRRGW147SW8PDR6Z12DT4B9
01KZV5Q345A2B0N3X9A5PMHYCM,for upgrade,01KZRTCK0BQSW7XRVETADJPGX3,01KZRRGW14MXEWF9HMYNXVS5ER,01KZRW48778GNNZ5BFJZ0VXNNN,2026-08-23 18:02:06.840256+08,2026-08-23 18:02:06.840256+08,01KZRRGW147SW8PDR6Z12DT4B9,01KZRRGW14N9EVMX0Z1ZRJRRAH
01KZV5Q345767S3HS34H6VG2PV,for replacement - broken unit,01KZRTCK0GBXT4JPP8224FFFQY,01KZRRGW14THZB9B34PPHZSFE2,01KZRW4877570TMPXQJ6F3CTPG,2026-08-23 18:02:06.840256+08,2026-08-23 18:02:06.840256+08,01KZRRGW14N5VHBCMAJGNJ0GJH,01KZRRGW14SVP3PKMRRXC2J621
01KZV5Q345F2089A16DVN367HH,for upgrade,01KZRTCK0HPC3NXZZATV59Y2N8,01KZRRGW143DR9TSRKKQDPRDKM,01KZRW4877SBDJ1EK7XZMJJQ2W,2026-08-23 18:02:06.840256+08,2026-08-23 18:02:06.840256+08,01KZRRGW14VWS3587600FPGYJJ,01KZRRGW14W9JF1K1J0X6X34N8
01KZV5Q34563T5JKEE3KZMTG52,for replacement - broken unit,01KZRTCK0AKDWYJ55NDGVWWMWE,01KZRRGW14Y65J9N71RS7C99PT,01KZRW48779S54N1CEJC2Y3AZY,2026-08-23 18:02:06.840256+08,2026-08-23 18:02:06.840256+08,01KZRRGW142RC6MARTSS19R7GK,01KZRRGW14WSB3JJJKQDEREKF3
01KZV5Q345VBVT7V9EYT8429TH,deployment,01KZRTCK0GA09F3BNEFQ022NQV,01KZRRGW14WSB3JJJKQDEREKF3,01KZRW4877A147WBBGMNMTXNA3,2026-08-23 18:02:06.840256+08,2026-08-23 18:02:06.840256+08,01KZRRGW146F8C4946XJM2S6EC,01KZRRGW147SW8PDR6Z12DT4B9
01KZV5Q346VPGTNGKNG5PNVPBY,for downgrade,01KZRTCK09SVFVQHA5JNMCDA77,01KZRRGW14JQ7JEW5HBDS8P7VJ,01KZRW48771BV67J8RNDGKP3AK,2026-08-23 18:02:06.840256+08,2026-08-23 18:02:06.840256+08,01KZRRGW14W9JF1K1J0X6X34N8,01KZRRGW143DR9TSRKKQDPRDKM
01KZV5Q346N3WGKCH59VD7CVPB,pullout by dealer,01KZRTCK0GECX5GXYB26W39FQA,01KZRRGW14KVWBG89MRPJPJBXC,01KZRW4877X5K4QDEQJ8HJV36S,2026-08-23 18:02:06.840256+08,2026-08-23 18:02:06.840256+08,01KZRRGW149RPSGBHQY8MZC6NF,01KZRRGW142RC6MARTSS19R7GK
01KZV5Q346BYMBTJQDAP71FJY8,for replacement - broken unit,01KZRTCK0CTEHPXFZHEZY09VGG,01KZRRGW14N9EVMX0Z1ZRJRRAH,01KZRW48773P9B1HDR1BKFG957,2026-08-23 18:02:06.840256+08,2026-08-23 18:02:06.840256+08,01KZRRGW14X9Y2N7Y1J43BS87F,01KZRRGW14N5VHBCMAJGNJ0GJH
01KZV5Q346HFAFB46FA904QCCA,for upgrade,01KZRTCK0C3RFZAM2KNZW9YWKP,01KZRRGW14G35YB41SN7AN85CV,01KZRW4877QYTMJX48NHFYBFCC,2026-08-23 18:02:06.840256+08,2026-08-23 18:02:06.840256+08,01KZRRGW14N56M3HGFGXE3FN5T,01KZRRGW14MXEWF9HMYNXVS5ER
01KZV5Q346MEQ5A5VECS225NHV,pullout by distributor,01KZRTCK0AZNYAZ33PC4NK8DSZ,01KZRRGW14VWS3587600FPGYJJ,01KZRW487741KD7GWF4QB79EFH,2026-08-23 18:02:06.840256+08,2026-08-23 18:02:06.840256+08,01KZRRGW142XAJ3EN2YJAF1HJB,01KZRRGW14K9GDB2KGW0SVFJBM
01KZV5Q347KRK5BR7JS99KHFYK,for downgrade,01KZRTCK09KQGQMP082VDRRAR8,01KZRRGW14SVP3PKMRRXC2J621,01KZRW48770HAGRX3Y72BY1D43,2026-08-23 18:02:06.840256+08,2026-08-23 18:02:06.840256+08,01KZRRGW14FX4FRK4R4E3MKR5J,01KZRRGW14N9EVMX0Z1ZRJRRAH
01KZV5Q347E63Q38HF8Y0YFCSR,for downgrade,01KZRTCK0EM2T547BMFCFG54J6,01KZRRGW14N9EVMX0Z1ZRJRRAH,01KZRW4877RK7R5ZV77193KMDQ,2026-08-23 18:02:06.840256+08,2026-08-23 18:02:06.840256+08,01KZRRGW14THZB9B34PPHZSFE2,01KZRRGW14WH1V6PTWDSASC4XK
01KZV5Q347JKJ7YXCXXA7S6WF2,for pullout,01KZRTCK092BEYMXEF98F8WW13,01KZRRGW14G35YB41SN7AN85CV,01KZRW4877NYSZZ4VFYZTN4ES1,2026-08-23 18:02:06.840256+08,2026-08-23 18:02:06.840256+08,01KZRRGW14SVP3PKMRRXC2J621,01KZRRGW14N9EVMX0Z1ZRJRRAH
01KZV5Q347H6J3GBYBE8KGGA0X,deployment,01KZRTCK0ERD78WV770NPG7AB5,01KZRRGW14XPKB44H9B6WS515H,01KZRW4877XM3HSHJZWNN5DMVE,2026-08-23 18:02:06.840256+08,2026-08-23 18:02:06.840256+08,01KZRRGW1448AZYH3Y9E70DS21,01KZRRGW14KBMMYGKVHMX9RQD8
01KZV5Q3474X89Q132BK8QM5DY,deployment,01KZRTCK0FH9M4SVPTEFZ8SZP5,01KZRRGW14W9JF1K1J0X6X34N8,01KZRW48779S54N1CEJC2Y3AZY,2026-08-23 18:02:06.840256+08,2026-08-23 18:02:06.840256+08,01KZRRGW14K9GDB2KGW0SVFJBM,01KZRRGW14XPKB44H9B6WS515H
01KZV5Q347AK2HN9YG5Y4DSKSR,for pullout,01KZRTCK0EATFRCB4ZQ1HJVY2M,01KZRRGW14A7VW9HY70W2ZKDCX,01KZRW4877K9M9E39HTSQE6N4Q,2026-08-23 18:02:06.840256+08,2026-08-23 18:02:06.840256+08,01KZRRGW142XAJ3EN2YJAF1HJB,01KZRRGW14N56M3HGFGXE3FN5T
01KZV5Q347KV2NZ5W72BXN0PBA,for upgrade,01KZRTCK0EKZQ38Z5JJK7W95SX,01KZRRGW14G35YB41SN7AN85CV,01KZRW4877JT4P6WNFK8H35SP9,2026-08-23 18:02:06.840256+08,2026-08-23 18:02:06.840256+08,01KZRRGW142XAJ3EN2YJAF1HJB,01KZRRGW147SW8PDR6Z12DT4B9
01KZV5Q3473BWSW846WNAVSVZM,pullout by dealer,01KZRTCK09K81SFRN9F1HS7ASC,01KZRRGW14WH1V6PTWDSASC4XK,01KZRW48779S7EXPA0TNQWKTA6,2026-08-23 18:02:06.840256+08,2026-08-23 18:02:06.840256+08,01KZRRGW14JQ7JEW5HBDS8P7VJ,01KZRRGW146F8C4946XJM2S6EC
01KZV5Q348N98YEK8S10ACT34W,for downgrade,01KZRTCK09Z8X8J17D7WY4W33V,01KZRRGW14EVYGVAR1F5M4N714,01KZRW48777AHPHKJ81KF0SBSV,2026-08-23 18:02:06.840256+08,2026-08-23 18:02:06.840256+08,01KZRRGW14G35YB41SN7AN85CV,01KZRRGW142XAJ3EN2YJAF1HJB
01KZV5Q348R8BBM06N85R98VCP,deployment,01KZRTCK0D2MSZRKPMHPWZ2Z6V,01KZRRGW14RBSVD8GEY7WA5YWC,01KZRW4877V5PZPAVH7Z3DSPSZ,2026-08-23 18:02:06.840256+08,2026-08-23 18:02:06.840256+08,01KZRRGW14Y65J9N71RS7C99PT,01KZRRGW142XAJ3EN2YJAF1HJB
01KZV5Q34859G6VXGZER54FTB9,for pullout,01KZRTCK0ENY95TTPJWD6SE30C,01KZRRGW14KBMMYGKVHMX9RQD8,01KZRW4877HTSZDBP5ZKDZNQYA,2026-08-23 18:02:06.840256+08,2026-08-23 18:02:06.840256+08,01KZRRGW14EVYGVAR1F5M4N714,01KZRRGW143DR9TSRKKQDPRDKM
01KZV5Q3485CF8M1BAQ8DF5QB9,pullout by distributor,01KZRTCK0GT4F2PKYY7R4S3AF0,01KZRRGW14J5MRZ241JHXYMPE5,01KZRW4877HVT4X8HFK0HTQ94N,2026-08-23 18:02:06.840256+08,2026-08-23 18:02:06.840256+08,01KZRRGW14XPKB44H9B6WS515H,01KZRRGW14X04WHWJ78QR6J8H3
01KZV5Q3489ZE6XDS1W1WVE936,for pullout,01KZRTCK0B2QH3HHWVRA1S2RYS,01KZRRGW14EVYGVAR1F5M4N714,01KZRW4877Z1GGC6GJTVS7J2AP,2026-08-23 18:02:06.840256+08,2026-08-23 18:02:06.840256+08,01KZRRGW14Z2V2BPKDSQ6DKV67,01KZRRGW14KMGR1H2QPNVXB420
01KZV5Q348KYDP7WXY781RZ0HR,for upgrade,01KZRTCK09X9P4EEX8HTCE1ZVR,01KZRRGW1448AZYH3Y9E70DS21,01KZRW4877WE0F7J1HSG76PWQF,2026-08-23 18:02:06.840256+08,2026-08-23 18:02:06.840256+08,01KZRRGW14W9JF1K1J0X6X34N8,01KZRRGW14G35YB41SN7AN85CV
01KZV5Q348XR2H42BA19MANQVA,deployment,01KZRTCK0G6N69PYS73Y67B05H,01KZRRGW14WH1V6PTWDSASC4XK,01KZRW487795H0KSW6AV992VCS,2026-08-23 18:02:06.840256+08,2026-08-23 18:02:06.840256+08,01KZRRGW14KMGR1H2QPNVXB420,01KZRRGW14MXEWF9HMYNXVS5ER
01KZV5Q3492KQ3XCVE73926NGD,deployment,01KZRTCK0AHE7R4TBTG4DS31WP,01KZRRGW14FX4FRK4R4E3MKR5J,01KZRW4877VGS7YRYB4P0A5H4N,2026-08-23 18:02:06.840256+08,2026-08-23 18:02:06.840256+08,01KZRRGW14THZB9B34PPHZSFE2,01KZRRGW14WSB3JJJKQDEREKF3
01KZV5Q349ZGVVNXTBDWK01ZX6,pullout by dealer,01KZRTCK09B34GZGK8BGS6MFTV,01KZRRGW14WH1V6PTWDSASC4XK,01KZRW48779S7EXPA0TNQWKTA6,2026-08-23 18:02:06.840256+08,2026-08-23 18:02:06.840256+08,01KZRRGW14VWS3587600FPGYJJ,01KZRRGW143DR9TSRKKQDPRDKM
01KZV5Q349EQ2AYMEDG269PF64,for upgrade,01KZRTCK0D53P7Y7FVS11EJSDB,01KZRRGW14KMGR1H2QPNVXB420,01KZRW4877HQV77AK3B14GNXZ1,2026-08-23 18:02:06.840256+08,2026-08-23 18:02:06.840256+08,01KZRRGW14Z2V2BPKDSQ6DKV67,01KZRRGW14J5MRZ241JHXYMPE5
01KZV5Q349XA757RN8N42FT28P,for pullout,01KZRTCK0C3C7G1GN3REJ1318J,01KZRRGW143DR9TSRKKQDPRDKM,01KZRW48778HEX0CCC1CXQ27DR,2026-08-23 18:02:06.840256+08,2026-08-23 18:02:06.840256+08,01KZRRGW146F8C4946XJM2S6EC,01KZRRGW14THZB9B34PPHZSFE2
01KZV5Q3499ABW8DB8Z9ZRJMBH,for replacement - broken unit,01KZRTCK0BBEDMSEST18JE5HAY,01KZRRGW14MXEWF9HMYNXVS5ER,01KZRW48771BV67J8RNDGKP3AK,2026-08-23 18:02:06.840256+08,2026-08-23 18:02:06.840256+08,01KZRRGW14SVP3PKMRRXC2J621,01KZRRGW14DC1V4DFEXXX74JBW
01KZV5Q349FHT4617QSHRGM789,pullout by distributor,01KZRTCK0E6A9H7Z1YEZ075HVC,01KZRRGW14PHE1YJB3BS55XR3K,01KZRW4877SBDJ1EK7XZMJJQ2W,2026-08-23 18:02:06.840256+08,2026-08-23 18:02:06.840256+08,01KZRRGW147SW8PDR6Z12DT4B9,01KZRRGW14Z2V2BPKDSQ6DKV67
01KZV5Q349TD74E4H5PG4PN0KY,deployment,01KZRTCK0GRHWMZAMEW7A6MKB9,01KZRRGW14EVYGVAR1F5M4N714,01KZRW48779V159SGJGWDHBYTJ,2026-08-23 18:02:06.840256+08,2026-08-23 18:02:06.840256+08,01KZRRGW14KMGR1H2QPNVXB420,01KZRRGW1448AZYH3Y9E70DS21
01KZV5Q34ADM43KJ58TJ1Z1V35,for replacement - broken unit,01KZRTCK08BNBG3WHVFR7752C9,01KZRRGW14J5MRZ241JHXYMPE5,01KZRW4877VZEYQPDKKQXF13AV,2026-08-23 18:02:06.840256+08,2026-08-23 18:02:06.840256+08,01KZRRGW14N5VHBCMAJGNJ0GJH,01KZRRGW14J5MRZ241JHXYMPE5
01KZV5Q34A6R79RAS0N5STTVN9,for upgrade,01KZRTCK0AGB826HG1Z8ZVVB5P,01KZRRGW14N9EVMX0Z1ZRJRRAH,01KZRW48773C4ZFCJ993MWDQBY,2026-08-23 18:02:06.840256+08,2026-08-23 18:02:06.840256+08,01KZRRGW14JQ7JEW5HBDS8P7VJ,01KZRRGW14KVWBG89MRPJPJBXC
01KZV5Q34A4X8Q1B9PY11P603S,for upgrade,01KZRTCK0DWTT3AWFEEXSKWSPX,01KZRRGW1442K27HM42RTFZG1M,01KZRW4877R9Q45MFW4A93MM51,2026-08-23 18:02:06.840256+08,2026-08-23 18:02:06.840256+08,01KZRRGW14Z2V2BPKDSQ6DKV67,01KZRRGW143DR9TSRKKQDPRDKM
01KZV5Q34AMYGPH60NCYT0QPYT,pullout by distributor,01KZRTCK0DMN90Y91JVWXR6QJN,01KZRRGW14WSB3JJJKQDEREKF3,01KZRW4877VGS7YRYB4P0A5H4N,2026-08-23 18:02:06.840256+08,2026-08-23 18:02:06.840256+08,01KZRRGW14RBSVD8GEY7WA5YWC,01KZRRGW14THZB9B34PPHZSFE2
01KZV5Q34AMWNKV9GZK8NYR3QS,deployment,01KZRTCK09PTGJ9XA595QG0EJW,01KZRRGW14WH1V6PTWDSASC4XK,01KZRW4877D9R8T6DSGNC22W4X,2026-08-23 18:02:06.840256+08,2026-08-23 18:02:06.840256+08,01KZRRGW14PHE1YJB3BS55XR3K,01KZRRGW14G35YB41SN7AN85CV
01KZV5Q34ATSXVXW8002YEGRG4,pullout by dealer,01KZRTCK0ECFQJR59MSMF8PC1D,01KZRRGW14KBMMYGKVHMX9RQD8,01KZRW48778GNNZ5BFJZ0VXNNN,2026-08-23 18:02:06.840256+08,2026-08-23 18:02:06.840256+08,01KZRRGW14THZB9B34PPHZSFE2,01KZRRGW14MXEWF9HMYNXVS5ER
01KZV5Q34A4FFPW2P8GPN37FD5,for replacement - broken unit,01KZRTCK0BSET6CHA9K5ZR1ZS2,01KZRRGW14XPKB44H9B6WS515H,01KZRW48777AHPHKJ81KF0SBSV,2026-08-23 18:02:06.840256+08,2026-08-23 18:02:06.840256+08,01KZRRGW14200T0G4QVVJEZMW1,01KZRRGW14PHE1YJB3BS55XR3K
01KZV5Q34BXDFCFD7B2DGEYY75,pullout by distributor,01KZRTCK0EZE4QN20AEN3RYYQJ,01KZRRGW14KMGR1H2QPNVXB420,01KZRW4877HTTETZMDFBTY9TG8,2026-08-23 18:02:06.840256+08,2026-08-23 18:02:06.840256+08,01KZRRGW14WSB3JJJKQDEREKF3,01KZRRGW14EVYGVAR1F5M4N714
01KZV5Q34B6J5V5S8V5YRSD292,pullout by distributor,01KZRTCK0AMRD2G02TPVDBAND7,01KZRRGW14PHE1YJB3BS55XR3K,01KZRW48771BV67J8RNDGKP3AK,2026-08-23 18:02:06.840256+08,2026-08-23 18:02:06.840256+08,01KZRRGW14WSB3JJJKQDEREKF3,01KZRRGW143XAZME28X8CPEY8S
01KZV5Q34BE7SV399YT5ZNTHN2,for replacement - broken unit,01KZRTCK0D3HH4SPCBT2HYFNSC,01KZRRGW14WSB3JJJKQDEREKF3,01KZRW48778GNNZ5BFJZ0VXNNN,2026-08-23 18:02:06.840256+08,2026-08-23 18:02:06.840256+08,01KZRRGW14VWS3587600FPGYJJ,01KZRRGW14A7VW9HY70W2ZKDCX
01KZV5Q34B81ERDCP00YC20J4S,for replacement - broken unit,01KZRTCK09D4XSVNGDB7GS82S2,01KZRRGW143DR9TSRKKQDPRDKM,01KZRW4877WQJZ3J1CH35W5XY0,2026-08-23 18:02:06.840256+08,2026-08-23 18:02:06.840256+08,01KZRRGW14MXEWF9HMYNXVS5ER,01KZRRGW14Z2V2BPKDSQ6DKV67
01KZV5Q34BDD274G1Z3HCE1J9P,for upgrade,01KZRTCK0AZSVPH6AWXV94XHK5,01KZRRGW149RPSGBHQY8MZC6NF,01KZRW4877SVSEW2MKDM1JJJMY,2026-08-23 18:02:06.840256+08,2026-08-23 18:02:06.840256+08,01KZRRGW143XAZME28X8CPEY8S,01KZRRGW14SVP3PKMRRXC2J621
01KZV5Q34B64E99PJP5EARY95W,for replacement - broken unit,01KZRTCK0EW34YQN3FKXZ8TVGE,01KZRRGW14KMGR1H2QPNVXB420,01KZRW4877VZEYQPDKKQXF13AV,2026-08-23 18:02:06.840256+08,2026-08-23 18:02:06.840256+08,01KZRRGW14WSB3JJJKQDEREKF3,01KZRRGW14PHE1YJB3BS55XR3K
01KZV5Q34BYN0JBFP16J37SD6B,pullout by distributor,01KZRTCK0B2WM1A67JNVYZ9MAQ,01KZRRGW14RBSVD8GEY7WA5YWC,01KZRW48774Y44DVZFJV030K96,2026-08-23 18:02:06.840256+08,2026-08-23 18:02:06.840256+08,01KZRRGW147SW8PDR6Z12DT4B9,01KZRRGW14A7VW9HY70W2ZKDCX
01KZV5Q34BPQ2D8VSRG0RK75HW,pullout by distributor,01KZRTCK0AY9M8S0WJXXSCYGQM,01KZRRGW14SVP3PKMRRXC2J621,01KZRW48773P9B1HDR1BKFG957,2026-08-23 18:02:06.840256+08,2026-08-23 18:02:06.840256+08,01KZRRGW14Z2V2BPKDSQ6DKV67,01KZRRGW14W9JF1K1J0X6X34N8
01KZV5Q34BEBV998Z0QZ7EQ96Z,for upgrade,01KZRTCK0DE8D6XWZXWCYGJJ2W,01KZRRGW140MQ9ZE887EQDG87Z,01KZRW48770HAGRX3Y72BY1D43,2026-08-23 18:02:06.840256+08,2026-08-23 18:02:06.840256+08,01KZRRGW147SW8PDR6Z12DT4B9,01KZRRGW14RBSVD8GEY7WA5YWC
01KZV5Q34B1NZH2TTPRM9X702E,deployment,01KZRTCK08QH35H78G3Z4WQ9VC,01KZRRGW14WSB3JJJKQDEREKF3,01KZRW4877570TMPXQJ6F3CTPG,2026-08-23 18:02:06.840256+08,2026-08-23 18:02:06.840256+08,01KZRRGW14VWS3587600FPGYJJ,01KZRRGW14PHE1YJB3BS55XR3K
01KZV5Q34BRQWT28J67D1BWXP6,for upgrade,01KZRTCK0E7MZ9Q7YVFY425XXG,01KZRRGW14FX4FRK4R4E3MKR5J,01KZRW4877B3D0MZHS3AQRJ814,2026-08-23 18:02:06.840256+08,2026-08-23 18:02:06.840256+08,01KZRRGW146F8C4946XJM2S6EC,01KZRRGW14G35YB41SN7AN85CV
01KZV5Q34CG4B1AGSYWV98F32S,pullout by dealer,01KZRTCK09XMFAMK3KJ13G0FFA,01KZRRGW14N56M3HGFGXE3FN5T,01KZRW4877B9B3MX4SDENM2X4F,2026-08-23 18:02:06.840256+08,2026-08-23 18:02:06.840256+08,01KZRRGW146F8C4946XJM2S6EC,01KZRRGW14WSB3JJJKQDEREKF3
01KZV5Q34C21KZ1847SGCFCFPD,pullout by dealer,01KZRTCK0B1VC1WQ9736DHJWBG,01KZRRGW14WH1V6PTWDSASC4XK,01KZRW4877T3KKF85T8W2FJ0J5,2026-08-23 18:02:06.840256+08,2026-08-23 18:02:06.840256+08,01KZRRGW149RPSGBHQY8MZC6NF,01KZRRGW143XAZME28X8CPEY8S
01KZV5Q34C9VN0YJ40E5H02H0R,deployment,01KZRTCK0DG6014SW9N9XP62QZ,01KZRRGW14DC1V4DFEXXX74JBW,01KZRW4877HQV77AK3B14GNXZ1,2026-08-23 18:02:06.840256+08,2026-08-23 18:02:06.840256+08,01KZRRGW14G35YB41SN7AN85CV,01KZRRGW14X04WHWJ78QR6J8H3
01KZV5Q34CQ72Q9MGCXTDCKJEK,for replacement - broken unit,01KZRTCK0BWTMANY5YZ2WZG176,01KZRRGW14Y65J9N71RS7C99PT,01KZRW4877VA8TBBCFWH8TVEM7,2026-08-23 18:02:06.840256+08,2026-08-23 18:02:06.840256+08,01KZRRGW1448AZYH3Y9E70DS21,01KZRRGW14N5VHBCMAJGNJ0GJH
01KZV5Q34CNXSHG4RQQE1V2RR4,for replacement - broken unit,01KZRTCK09F5WAJBTQXD3AN8YM,01KZRRGW14200T0G4QVVJEZMW1,01KZRW4877DZMG7S8EQEYF7D89,2026-08-23 18:02:06.840256+08,2026-08-23 18:02:06.840256+08,01KZRRGW14RBSVD8GEY7WA5YWC,01KZRRGW14MXEWF9HMYNXVS5ER
01KZV5Q34CY5MA311SRJA8H122,for downgrade,01KZRTCK0A26ZZPQHP26K7HEYT,01KZRRGW14N9EVMX0Z1ZRJRRAH,01KZRW4877HVT4X8HFK0HTQ94N,2026-08-23 18:02:06.840256+08,2026-08-23 18:02:06.840256+08,01KZRRGW140MQ9ZE887EQDG87Z,01KZRRGW147SW8PDR6Z12DT4B9
01KZV5Q34C3TBBNRCM1AB1DAX2,for pullout,01KZRTCK0EAJMGR86FDERRN4NG,01KZRRGW14THZB9B34PPHZSFE2,01KZRW4877RECBHNY9Y9VM9ZRZ,2026-08-23 18:02:06.840256+08,2026-08-23 18:02:06.840256+08,01KZRRGW14RBSVD8GEY7WA5YWC,01KZRRGW14KMGR1H2QPNVXB420
01KZV5Q34CBEJ5PY5XHM65T374,for downgrade,01KZRTCK099JFYWXAKG01064WT,01KZRRGW142RC6MARTSS19R7GK,01KZRW48773C4ZFCJ993MWDQBY,2026-08-23 18:02:06.840256+08,2026-08-23 18:02:06.840256+08,01KZRRGW14KVWBG89MRPJPJBXC,01KZRRGW1448AZYH3Y9E70DS21
01KZV5Q34C3WEMTTXA0GWDYGRY,for downgrade,01KZRTCK0969Y3PHJWT8NSCXX4,01KZRRGW14EVYGVAR1F5M4N714,01KZRW4877JGM1JN0BBQ9YM7WK,2026-08-23 18:02:06.840256+08,2026-08-23 18:02:06.840256+08,01KZRRGW149RPSGBHQY8MZC6NF,01KZRRGW140MQ9ZE887EQDG87Z
01KZV5Q34CVR02EJTQWGFVZDP9,for pullout,01KZRTCK0BK52E4PK2WTAAPHC5,01KZRRGW14JQ7JEW5HBDS8P7VJ,01KZRW4877V0J57H3JPGGS28WZ,2026-08-23 18:02:06.840256+08,2026-08-23 18:02:06.840256+08,01KZRRGW143XAZME28X8CPEY8S,01KZRRGW14X9Y2N7Y1J43BS87F
01KZV5Q34CB6C4655KG1DAB6SY,deployment,01KZRTCK09NXX0SQ8MVWKRQ2TP,01KZRRGW143DR9TSRKKQDPRDKM,01KZRW4877EFAE21HQ86WYE6X8,2026-08-23 18:02:06.840256+08,2026-08-23 18:02:06.840256+08,01KZRRGW14RBSVD8GEY7WA5YWC,01KZRRGW14WSB3JJJKQDEREKF3
01KZV5Q34DB5H0KCCJM30S4CFQ,for upgrade,01KZRTCK0DTKQ7N2BE41DMJN4X,01KZRRGW1442K27HM42RTFZG1M,01KZRW4877NAVZSR88Z0ZHKRW9,2026-08-23 18:02:06.840256+08,2026-08-23 18:02:06.840256+08,01KZRRGW142RC6MARTSS19R7GK,01KZRRGW14RBSVD8GEY7WA5YWC
01KZV5Q34DMPEKGBA95PHHHE31,pullout by dealer,01KZRTCK0911GARH2CJAD5GV7C,01KZRRGW14KVWBG89MRPJPJBXC,01KZRW48779S54N1CEJC2Y3AZY,2026-08-23 18:02:06.840256+08,2026-08-23 18:02:06.840256+08,01KZRRGW14RBSVD8GEY7WA5YWC,01KZRRGW14KBMMYGKVHMX9RQD8
01KZV5Q34DCYEKVTBABT6RBJ9F,pullout by dealer,01KZRTCK0E5WSTN3D8JZWSVT3Y,01KZRRGW149RPSGBHQY8MZC6NF,01KZRW4877RECBHNY9Y9VM9ZRZ,2026-08-23 18:02:06.840256+08,2026-08-23 18:02:06.840256+08,01KZRRGW1442K27HM42RTFZG1M,01KZRRGW14KMGR1H2QPNVXB420
01KZV5Q34D536GNVRYCTYVK2N8,for upgrade,01KZRTCK0C4G5EEYN2ZTJ5RNRQ,01KZRRGW14W9JF1K1J0X6X34N8,01KZRW48779R4JNZ47ZW2T3PQB,2026-08-23 18:02:06.840256+08,2026-08-23 18:02:06.840256+08,01KZRRGW14MXEWF9HMYNXVS5ER,01KZRRGW14KVWBG89MRPJPJBXC
01KZV5Q34DZ6PZ6H5KP0T3NFCW,pullout by dealer,01KZRTCK09J6APB1QDVA3ZANM8,01KZRRGW149RPSGBHQY8MZC6NF,01KZRW4877V5PZPAVH7Z3DSPSZ,2026-08-23 18:02:06.840256+08,2026-08-23 18:02:06.840256+08,01KZRRGW149RPSGBHQY8MZC6NF,01KZRRGW14X9Y2N7Y1J43BS87F
01KZV5Q34D05TE797VKW1KG0ZQ,pullout by distributor,01KZRTCK0DG6014SW9N9XP62QZ,01KZRRGW14200T0G4QVVJEZMW1,01KZRW4877RK7R5ZV77193KMDQ,2026-08-23 18:02:06.840256+08,2026-08-23 18:02:06.840256+08,01KZRRGW14SVP3PKMRRXC2J621,01KZRRGW149RPSGBHQY8MZC6NF
01KZV5Q34EVQNR1W2P9YAPWMYK,pullout by distributor,01KZRTCK0B4J4KQ6EP4C5JPKX6,01KZRRGW14Y65J9N71RS7C99PT,01KZRW487795H0KSW6AV992VCS,2026-08-23 18:02:06.840256+08,2026-08-23 18:02:06.840256+08,01KZRRGW14KVWBG89MRPJPJBXC,01KZRRGW142RC6MARTSS19R7GK
01KZV5Q34ESG3H32QF3XBJW097,deployment,01KZRTCK0G9XPP5GAWR037K5NT,01KZRRGW1442K27HM42RTFZG1M,01KZRW4877DZMG7S8EQEYF7D89,2026-08-23 18:02:06.840256+08,2026-08-23 18:02:06.840256+08,01KZRRGW142XAJ3EN2YJAF1HJB,01KZRRGW143DR9TSRKKQDPRDKM
01KZV5Q34E5TWN3EEVWJSQT8AY,for downgrade,01KZRTCK0FVC3VJ0E64591GMTG,01KZRRGW149RPSGBHQY8MZC6NF,01KZRW48779S7EXPA0TNQWKTA6,2026-08-23 18:02:06.840256+08,2026-08-23 18:02:06.840256+08,01KZRRGW14WSB3JJJKQDEREKF3,01KZRRGW14DC1V4DFEXXX74JBW
01KZV5Q34ERSM3XET2Z2H9XJQ7,for upgrade,01KZRTCK0E054S4G6MNXMP6W7T,01KZRRGW14FX4FRK4R4E3MKR5J,01KZRW48773TK4Y7T9N1T5N0JM,2026-08-23 18:02:06.840256+08,2026-08-23 18:02:06.840256+08,01KZRRGW1448AZYH3Y9E70DS21,01KZRRGW14K9GDB2KGW0SVFJBM
01KZV5Q34ENSK8G6GE9K5QRJX2,for pullout,01KZRTCK0G6CDKDNB7JM5HEYKG,01KZRRGW14X9Y2N7Y1J43BS87F,01KZRW4877JGM1JN0BBQ9YM7WK,2026-08-23 18:02:06.840256+08,2026-08-23 18:02:06.840256+08,01KZRRGW14A7VW9HY70W2ZKDCX,01KZRRGW14X9Y2N7Y1J43BS87F
01KZV5Q34EECA78H59GARAZJX6,for upgrade,01KZRTCK0DVNS120EE7NFYHVKY,01KZRRGW14N5VHBCMAJGNJ0GJH,01KZRW4877F027DTG1RSTES089,2026-08-23 18:02:06.840256+08,2026-08-23 18:02:06.840256+08,01KZRRGW1442K27HM42RTFZG1M,01KZRRGW14PHE1YJB3BS55XR3K
01KZV5Q34E56JXTQAMCBJACTG9,pullout by dealer,01KZRTCK09Y3R2M1FRET9HHVA2,01KZRRGW143XAZME28X8CPEY8S,01KZRW4877SVSEW2MKDM1JJJMY,2026-08-23 18:02:06.840256+08,2026-08-23 18:02:06.840256+08,01KZRRGW14RBSVD8GEY7WA5YWC,01KZRRGW142RC6MARTSS19R7GK
01KZV5Q34EK3M67H71TMARFTCQ,pullout by dealer,01KZRTCK0B51AN8VXK1AFH9676,01KZRRGW14Y65J9N71RS7C99PT,01KZRW4877AZR5K32Y5PAGXHRC,2026-08-23 18:02:06.840256+08,2026-08-23 18:02:06.840256+08,01KZRRGW140MQ9ZE887EQDG87Z,01KZRRGW14XPKB44H9B6WS515H
01KZV5Q34F0ZAVEKHV6QF2H1CM,for replacement - broken unit,01KZRTCK0936VNBN2VQ3XQ74GW,01KZRRGW140MQ9ZE887EQDG87Z,01KZRW48774Y44DVZFJV030K96,2026-08-23 18:02:06.840256+08,2026-08-23 18:02:06.840256+08,01KZRRGW14FX4FRK4R4E3MKR5J,01KZRRGW14N9EVMX0Z1ZRJRRAH
01KZV5Q34FT7WG9ZKFFH2BDTJM,deployment,01KZRTCK0C636V50XAHJ89M8DY,01KZRRGW14KVWBG89MRPJPJBXC,01KZRW4877QZNEVFAY7G115HT9,2026-08-23 18:02:06.840256+08,2026-08-23 18:02:06.840256+08,01KZRRGW14KVWBG89MRPJPJBXC,01KZRRGW14N56M3HGFGXE3FN5T
01KZV5Q34FB434EK2AE1FTJ9RG,for pullout,01KZRTCK0AVP8VPXMGC3W7CZ6Y,01KZRRGW14EVYGVAR1F5M4N714,01KZRW4877G0YHH3T1F43JMJ4N,2026-08-23 18:02:06.840256+08,2026-08-23 18:02:06.840256+08,01KZRRGW14XPKB44H9B6WS515H,01KZRRGW14KMGR1H2QPNVXB420
01KZV5Q34FGCQK5ZCJ3RK3FG33,pullout by dealer,01KZRTCK0A965VAJ697MPPCVTA,01KZRRGW14N5VHBCMAJGNJ0GJH,01KZRW4877ZVCRK1H9RNQPG5NR,2026-08-23 18:02:06.840256+08,2026-08-23 18:02:06.840256+08,01KZRRGW14G35YB41SN7AN85CV,01KZRRGW14N5VHBCMAJGNJ0GJH
01KZV5Q34F4GEKQKBAV5D61W3Z,deployment,01KZRTCK087XJX8NB17FC7PNXW,01KZRRGW14RBSVD8GEY7WA5YWC,01KZRW48773P9B1HDR1BKFG957,2026-08-23 18:02:06.840256+08,2026-08-23 18:02:06.840256+08,01KZRRGW143DR9TSRKKQDPRDKM,01KZRRGW14KVWBG89MRPJPJBXC
01KZV5Q34F6PDGJBFVDCNCW8RH,for upgrade,01KZRTCK0C0G07RYTY99EDRPPR,01KZRRGW14WSB3JJJKQDEREKF3,01KZRW48779S7EXPA0TNQWKTA6,2026-08-23 18:02:06.840256+08,2026-08-23 18:02:06.840256+08,01KZRRGW142RC6MARTSS19R7GK,01KZRRGW149RPSGBHQY8MZC6NF
01KZV5Q34FEJXC6VN3PT5TTP37,pullout by dealer,01KZRTCK0AE1Z1A7VY2VZAB2QN,01KZRRGW14X9Y2N7Y1J43BS87F,01KZRW4877V5PZPAVH7Z3DSPSZ,2026-08-23 18:02:06.840256+08,2026-08-23 18:02:06.840256+08,01KZRRGW14SVP3PKMRRXC2J621,01KZRRGW140MQ9ZE887EQDG87Z
01KZV5Q34F0B09SWHS52SHY5CW,for replacement - broken unit,01KZRTCK0AFWS87JG0W01SNZHE,01KZRRGW143XAZME28X8CPEY8S,01KZRW4877B3D0MZHS3AQRJ814,2026-08-23 18:02:06.840256+08,2026-08-23 18:02:06.840256+08,01KZRRGW14K9GDB2KGW0SVFJBM,01KZRRGW142XAJ3EN2YJAF1HJB
01KZV5Q34GNJ3TRW2SMY8V3THB,pullout by distributor,01KZRTCK0G5XA0ZNPGP13TTNBC,01KZRRGW14WH1V6PTWDSASC4XK,01KZRW4877SBDJ1EK7XZMJJQ2W,2026-08-23 18:02:06.840256+08,2026-08-23 18:02:06.840256+08,01KZRRGW14DC1V4DFEXXX74JBW,01KZRRGW147SW8PDR6Z12DT4B9
01KZV5Q34GA1HKXGD6H2N497TS,for upgrade,01KZRTCK09VCZA0D7KN8EWXTHA,01KZRRGW14200T0G4QVVJEZMW1,01KZRW4877CATZ1KPW5MYDDBWC,2026-08-23 18:02:06.840256+08,2026-08-23 18:02:06.840256+08,01KZRRGW14X9Y2N7Y1J43BS87F,01KZRRGW14XPKB44H9B6WS515H
01KZV5Q34GBR3VC50AGPPK1B5R,deployment,01KZRTCK0CT0BJRH15H5BAZ5ZB,01KZRRGW14DC1V4DFEXXX74JBW,01KZRW4877D0MJ7B5AT3RZ0G0Q,2026-08-23 18:02:06.840256+08,2026-08-23 18:02:06.840256+08,01KZRRGW1442K27HM42RTFZG1M,01KZRRGW14XPKB44H9B6WS515H
01KZV5Q34GVDTEGW1AXZFQQEJQ,for pullout,01KZRTCK0EXZC6P5W4YHXKRDYG,01KZRRGW14N9EVMX0Z1ZRJRRAH,01KZRW4877EFAE21HQ86WYE6X8,2026-08-23 18:02:06.840256+08,2026-08-23 18:02:06.840256+08,01KZRRGW14N56M3HGFGXE3FN5T,01KZRRGW142XAJ3EN2YJAF1HJB
01KZV5Q34GH1E37P1G8CQVXX3M,for pullout,01KZRTCK0FNZJT901795ACPGBG,01KZRRGW142RC6MARTSS19R7GK,01KZRW48779S54N1CEJC2Y3AZY,2026-08-23 18:02:06.840256+08,2026-08-23 18:02:06.840256+08,01KZRRGW146F8C4946XJM2S6EC,01KZRRGW14KBMMYGKVHMX9RQD8
01KZV5Q34GTKEH16SNEC007XXC,for downgrade,01KZRTCK09Y3R2M1FRET9HHVA2,01KZRRGW14K9GDB2KGW0SVFJBM,01KZRW4877T3KKF85T8W2FJ0J5,2026-08-23 18:02:06.840256+08,2026-08-23 18:02:06.840256+08,01KZRRGW14EVYGVAR1F5M4N714,01KZRRGW14Z2V2BPKDSQ6DKV67
01KZV5Q34H15YXX5NQY652T304,pullout by distributor,01KZRTCK0A2VY3MV077TT2KMBM,01KZRRGW14THZB9B34PPHZSFE2,01KZRW48779V159SGJGWDHBYTJ,2026-08-23 18:02:06.840256+08,2026-08-23 18:02:06.840256+08,01KZRRGW143XAZME28X8CPEY8S,01KZRRGW14A7VW9HY70W2ZKDCX
01KZV5Q34HYRN778APMGM67GDT,deployment,01KZRTCK0BEYFZZZHH38X5HN06,01KZRRGW14J5MRZ241JHXYMPE5,01KZRW4877RECBHNY9Y9VM9ZRZ,2026-08-23 18:02:06.840256+08,2026-08-23 18:02:06.840256+08,01KZRRGW14N56M3HGFGXE3FN5T,01KZRRGW143XAZME28X8CPEY8S
01KZV5Q34HYA2EHBDJN20JVB7H,pullout by distributor,01KZRTCK0E5JC6A9MXWS09THEF,01KZRRGW14WSB3JJJKQDEREKF3,01KZRW48771S3VZMTY431CY71G,2026-08-23 18:02:06.840256+08,2026-08-23 18:02:06.840256+08,01KZRRGW14200T0G4QVVJEZMW1,01KZRRGW14Z2V2BPKDSQ6DKV67
01KZV5Q34H8X055W6YZANSW56E,pullout by distributor,01KZRTCK0FYH9CNE8MSEJB8DNX,01KZRRGW14Z2V2BPKDSQ6DKV67,01KZRW4877HTSZDBP5ZKDZNQYA,2026-08-23 18:02:06.840256+08,2026-08-23 18:02:06.840256+08,01KZRRGW14A7VW9HY70W2ZKDCX,01KZRRGW142RC6MARTSS19R7GK
01KZV5Q34H7C9TPHCF20HXXSSA,deployment,01KZRTCK091SKR3CCAJKYCHETW,01KZRRGW14J5MRZ241JHXYMPE5,01KZRW4877JD5H1HZVRFSFTM98,2026-08-23 18:02:06.840256+08,2026-08-23 18:02:06.840256+08,01KZRRGW14SVP3PKMRRXC2J621,01KZRRGW14XPKB44H9B6WS515H
01KZV5Q34HPMW86GX1Z82X9T7W,for pullout,01KZRTCK0E0GF9KPF9RBX0TNKP,01KZRRGW1442K27HM42RTFZG1M,01KZRW4877AMSR96T952JSFTS6,2026-08-23 18:02:06.840256+08,2026-08-23 18:02:06.840256+08,01KZRRGW14G35YB41SN7AN85CV,01KZRRGW14KBMMYGKVHMX9RQD8
01KZV5Q34HEXQ7WDYZQ07K2991,pullout by dealer,01KZRTCK0CT4WZDZ6DY2SXT7P1,01KZRRGW14DC1V4DFEXXX74JBW,01KZRW4877B4VKB2E5TT4BWFP8,2026-08-23 18:02:06.840256+08,2026-08-23 18:02:06.840256+08,01KZRRGW140MQ9ZE887EQDG87Z,01KZRRGW14VWS3587600FPGYJJ
01KZV5Q34J9CKDBSRJREJ53G7Q,for downgrade,01KZRTCK0G4EWS4QYBG0FHMSDG,01KZRRGW143DR9TSRKKQDPRDKM,01KZRW4877HTTETZMDFBTY9TG8,2026-08-23 18:02:06.840256+08,2026-08-23 18:02:06.840256+08,01KZRRGW1442K27HM42RTFZG1M,01KZRRGW14PHE1YJB3BS55XR3K
01KZV5Q34JJRX2Q7N7F7XB1WPK,deployment,01KZRTCK09FRW536QKEMFS0YY5,01KZRRGW14N5VHBCMAJGNJ0GJH,01KZRW4877BFP4JMW1E9SHS153,2026-08-23 18:02:06.840256+08,2026-08-23 18:02:06.840256+08,01KZRRGW14KMGR1H2QPNVXB420,01KZRRGW142RC6MARTSS19R7GK
01KZV5Q34JGTAMC2K0W2N7VCSJ,for downgrade,01KZRTCK0AJ6TTHR7HEP32ZGH0,01KZRRGW14J5MRZ241JHXYMPE5,01KZRW48777JDTMGDM6JZY87AF,2026-08-23 18:02:06.840256+08,2026-08-23 18:02:06.840256+08,01KZRRGW14MXEWF9HMYNXVS5ER,01KZRRGW1448AZYH3Y9E70DS21
01KZV5Q34JMK8KZB5GTG2286HX,for downgrade,01KZRTCK0BX7NSQC3HT7C08FR6,01KZRRGW143DR9TSRKKQDPRDKM,01KZRW4877BKP2FRH1B8G1CTC9,2026-08-23 18:02:06.840256+08,2026-08-23 18:02:06.840256+08,01KZRRGW14WH1V6PTWDSASC4XK,01KZRRGW14KBMMYGKVHMX9RQD8
01KZV5Q34JDRAGTH4C75JQYM9G,pullout by dealer,01KZRTCK09MV1Y5NEZ6VXE3HS1,01KZRRGW14PHE1YJB3BS55XR3K,01KZRW4877SRMJMM3R17R2QE73,2026-08-23 18:02:06.840256+08,2026-08-23 18:02:06.840256+08,01KZRRGW14N56M3HGFGXE3FN5T,01KZRRGW1442K27HM42RTFZG1M
01KZV5Q34JM97GMM5FNY80T3XP,for replacement - broken unit,01KZRTCK09PDNGHBTJJF4R0NJ4,01KZRRGW14THZB9B34PPHZSFE2,01KZRW48778X9EQJ3KN65YC121,2026-08-23 18:02:06.840256+08,2026-08-23 18:02:06.840256+08,01KZRRGW14THZB9B34PPHZSFE2,01KZRRGW14N9EVMX0Z1ZRJRRAH
01KZV5Q34JPF7WBJF14D3VEE1P,for downgrade,01KZRTCK09KQDB5P5SS195863C,01KZRRGW14THZB9B34PPHZSFE2,01KZRW4877H6020WSQ0GV9YAQ5,2026-08-23 18:02:06.840256+08,2026-08-23 18:02:06.840256+08,01KZRRGW143DR9TSRKKQDPRDKM,01KZRRGW1448AZYH3Y9E70DS21
01KZV5Q34K7RY3DB1S9B6S7GNK,deployment,01KZRTCK0FJ204TWAYFAFB4EAF,01KZRRGW14K9GDB2KGW0SVFJBM,01KZRW4877BKP2FRH1B8G1CTC9,2026-08-23 18:02:06.840256+08,2026-08-23 18:02:06.840256+08,01KZRRGW14KMGR1H2QPNVXB420,01KZRRGW1448AZYH3Y9E70DS21
01KZV5Q34KAB3NX9Q0JTCM1RRC,pullout by dealer,01KZRTCK0A58J183VG1307AN14,01KZRRGW143DR9TSRKKQDPRDKM,01KZRW487741KD7GWF4QB79EFH,2026-08-23 18:02:06.840256+08,2026-08-23 18:02:06.840256+08,01KZRRGW14A7VW9HY70W2ZKDCX,01KZRRGW14X04WHWJ78QR6J8H3
01KZV5Q34KX5N9ZZRMN49QF8CK,for upgrade,01KZRTCK0CERPWPNNS9HF1W2NC,01KZRRGW143DR9TSRKKQDPRDKM,01KZRW48771BV67J8RNDGKP3AK,2026-08-23 18:02:06.840256+08,2026-08-23 18:02:06.840256+08,01KZRRGW1442K27HM42RTFZG1M,01KZRRGW14J5MRZ241JHXYMPE5
01KZV5Q34KC0K4TB7R7PS05WFT,for upgrade,01KZRTCK0A58J183VG1307AN14,01KZRRGW143DR9TSRKKQDPRDKM,01KZRW4877SVSEW2MKDM1JJJMY,2026-08-23 18:02:06.840256+08,2026-08-23 18:02:06.840256+08,01KZRRGW14A7VW9HY70W2ZKDCX,01KZRRGW14G35YB41SN7AN85CV
01KZV5Q34KM0R4WE45KQ5RR7Z2,pullout by dealer,01KZRTCK0BBRHB6W67DC1946DM,01KZRRGW14W9JF1K1J0X6X34N8,01KZRW48770HAGRX3Y72BY1D43,2026-08-23 18:02:06.840256+08,2026-08-23 18:02:06.840256+08,01KZRRGW149RPSGBHQY8MZC6NF,01KZRRGW142RC6MARTSS19R7GK
01KZV5Q34KYFEM0A4PQ9DPVJ0C,for upgrade,01KZRTCK0GG21FFN6AKBX4W0JH,01KZRRGW14KMGR1H2QPNVXB420,01KZRW48770HAGRX3Y72BY1D43,2026-08-23 18:02:06.840256+08,2026-08-23 18:02:06.840256+08,01KZRRGW14Y65J9N71RS7C99PT,01KZRRGW143XAZME28X8CPEY8S
01KZV5Q34MW8K9TTF2A5JWNSJ1,for upgrade,01KZRTCK09DC6GTXZ401A5Y6XR,01KZRRGW14DC1V4DFEXXX74JBW,01KZRW4877C3T2MSDMNBQ24EB4,2026-08-23 18:02:06.840256+08,2026-08-23 18:02:06.840256+08,01KZRRGW1442K27HM42RTFZG1M,01KZRRGW14N9EVMX0Z1ZRJRRAH
01KZV5Q34MNQ4091R2REY2S6ZH,for replacement - broken unit,01KZRTCK0AATZ1RQAC4PNGKS1B,01KZRRGW14KBMMYGKVHMX9RQD8,01KZRW4877D9R8T6DSGNC22W4X,2026-08-23 18:02:06.840256+08,2026-08-23 18:02:06.840256+08,01KZRRGW143XAZME28X8CPEY8S,01KZRRGW14N5VHBCMAJGNJ0GJH
01KZV5Q34MVK43G30BFJJKA1XV,for downgrade,01KZRTCK09M8RMXFQ5DZHSVB83,01KZRRGW14J5MRZ241JHXYMPE5,01KZRW4877570TMPXQJ6F3CTPG,2026-08-23 18:02:06.840256+08,2026-08-23 18:02:06.840256+08,01KZRRGW14KMGR1H2QPNVXB420,01KZRRGW14JQ7JEW5HBDS8P7VJ
01KZV5Q34MFBPMFDDA6GGDTH3Q,pullout by dealer,01KZRTCK0GSN84H3ZVQABZ5P3N,01KZRRGW14XPKB44H9B6WS515H,01KZRW4877WE0F7J1HSG76PWQF,2026-08-23 18:02:06.840256+08,2026-08-23 18:02:06.840256+08,01KZRRGW14THZB9B34PPHZSFE2,01KZRRGW14200T0G4QVVJEZMW1
01KZV5Q34M1F59H18KDWPMKVZ6,for upgrade,01KZRTCK0CPQAF5HE4KTKRK71C,01KZRRGW14THZB9B34PPHZSFE2,01KZRW4877R9Q45MFW4A93MM51,2026-08-23 18:02:06.840256+08,2026-08-23 18:02:06.840256+08,01KZRRGW14THZB9B34PPHZSFE2,01KZRRGW147SW8PDR6Z12DT4B9
01KZV5Q34MR8M95DQBQR132ATH,for upgrade,01KZRTCK09NXX0SQ8MVWKRQ2TP,01KZRRGW14J5MRZ241JHXYMPE5,01KZRW4877B9B3MX4SDENM2X4F,2026-08-23 18:02:06.840256+08,2026-08-23 18:02:06.840256+08,01KZRRGW14A7VW9HY70W2ZKDCX,01KZRRGW14Y65J9N71RS7C99PT
01KZV5Q34MP070VYENNJJT7A4E,pullout by dealer,01KZRTCK0D5XZ564T2RXZR09EM,01KZRRGW140MQ9ZE887EQDG87Z,01KZRW4877DZMG7S8EQEYF7D89,2026-08-23 18:02:06.840256+08,2026-08-23 18:02:06.840256+08,01KZRRGW1448AZYH3Y9E70DS21,01KZRRGW14VWS3587600FPGYJJ
01KZV5Q34ME6PZJ2J5XR16J20Q,pullout by dealer,01KZRTCK0AN84N5W6CD2G9BSKS,01KZRRGW14SVP3PKMRRXC2J621,01KZRW4877T3XV4P4JY2BTWW8J,2026-08-23 18:02:06.840256+08,2026-08-23 18:02:06.840256+08,01KZRRGW14WH1V6PTWDSASC4XK,01KZRRGW14X9Y2N7Y1J43BS87F
01KZV5Q34MJS91KXC6CN92VBFN,deployment,01KZRTCK0F9S940845GMF99A81,01KZRRGW140MQ9ZE887EQDG87Z,01KZRW48778HEX0CCC1CXQ27DR,2026-08-23 18:02:06.840256+08,2026-08-23 18:02:06.840256+08,01KZRRGW14Z2V2BPKDSQ6DKV67,01KZRRGW14N5VHBCMAJGNJ0GJH
01KZV5Q34MBYVMWM3ST747SGW1,pullout by dealer,01KZRTCK0G3CYD7AB61CH46401,01KZRRGW14JQ7JEW5HBDS8P7VJ,01KZRW4877NYSZZ4VFYZTN4ES1,2026-08-23 18:02:06.840256+08,2026-08-23 18:02:06.840256+08,01KZRRGW14KBMMYGKVHMX9RQD8,01KZRRGW142RC6MARTSS19R7GK
01KZV5Q34NTN1A1EPV49VYJDHG,for upgrade,01KZRTCK0AZNYAZ33PC4NK8DSZ,01KZRRGW143DR9TSRKKQDPRDKM,01KZRW4877TQ7065A4RCCYE8SH,2026-08-23 18:02:06.840256+08,2026-08-23 18:02:06.840256+08,01KZRRGW14XPKB44H9B6WS515H,01KZRRGW143XAZME28X8CPEY8S
01KZV5Q34NTEDSH74QQ0JY8S9V,pullout by distributor,01KZRTCK0GV68BW06WW51MJ7ZG,01KZRRGW147SW8PDR6Z12DT4B9,01KZRW4877FZS8TFJN9ZMN5RWV,2026-08-23 18:02:06.840256+08,2026-08-23 18:02:06.840256+08,01KZRRGW1448AZYH3Y9E70DS21,01KZRRGW14X9Y2N7Y1J43BS87F
01KZV5Q34NX9QSYXYGV61BSW95,pullout by dealer,01KZRTCK0D9ZAKM04TTC8152MC,01KZRRGW14KMGR1H2QPNVXB420,01KZRW4877G39D68T0PQZ5M81A,2026-08-23 18:02:06.840256+08,2026-08-23 18:02:06.840256+08,01KZRRGW14THZB9B34PPHZSFE2,01KZRRGW14Y65J9N71RS7C99PT
01KZV5Q34N3N0SKKMVJFZP9C2G,for upgrade,01KZRTCK0GZF825XXYZVW3N1J4,01KZRRGW149RPSGBHQY8MZC6NF,01KZRW4877RJWA8G8EVGD5AKV5,2026-08-23 18:02:06.840256+08,2026-08-23 18:02:06.840256+08,01KZRRGW14W9JF1K1J0X6X34N8,01KZRRGW14N5VHBCMAJGNJ0GJH
01KZV5Q34N9Y8HX7VQAD3HTG4E,for downgrade,01KZRTCK0E9VRXB2X1X784NBCE,01KZRRGW14Y65J9N71RS7C99PT,01KZRW487741KD7GWF4QB79EFH,2026-08-23 18:02:06.840256+08,2026-08-23 18:02:06.840256+08,01KZRRGW1448AZYH3Y9E70DS21,01KZRRGW14VWS3587600FPGYJJ
01KZV5Q34NMKKCDTBK5J4HCEE0,for downgrade,01KZRTCK0FA4FRMH4RJ7Q1BBVY,01KZRRGW14EVYGVAR1F5M4N714,01KZRW4877TQ3XX3R3NF9TGABV,2026-08-23 18:02:06.840256+08,2026-08-23 18:02:06.840256+08,01KZRRGW14A7VW9HY70W2ZKDCX,01KZRRGW14X9Y2N7Y1J43BS87F
01KZV5Q34NH6X03T1YED6RHPCP,deployment,01KZRTCK0ANJQVREKV0BCZPGRZ,01KZRRGW14Y65J9N71RS7C99PT,01KZRW4877F027DTG1RSTES089,2026-08-23 18:02:06.840256+08,2026-08-23 18:02:06.840256+08,01KZRRGW14SVP3PKMRRXC2J621,01KZRRGW147SW8PDR6Z12DT4B9
01KZV5Q34PFP90CZZBBYQKYWNB,for upgrade,01KZRTCK0974WJCDKCAW8PZZH8,01KZRRGW1442K27HM42RTFZG1M,01KZRW4877WE0F7J1HSG76PWQF,2026-08-23 18:02:06.840256+08,2026-08-23 18:02:06.840256+08,01KZRRGW14Y65J9N71RS7C99PT,01KZRRGW14X9Y2N7Y1J43BS87F
01KZV5Q34PC1D0B87C3RF427M8,deployment,01KZRTCK0EPAK7SM9GQMAQCJPB,01KZRRGW14N5VHBCMAJGNJ0GJH,01KZRW4877GVVZRA6JKSTGEVNK,2026-08-23 18:02:06.840256+08,2026-08-23 18:02:06.840256+08,01KZRRGW14G35YB41SN7AN85CV,01KZRRGW14MXEWF9HMYNXVS5ER
01KZV5Q34P8MZD816NK67HTTGP,pullout by dealer,01KZRTCK0DTS73GVSV0PQ1PVBT,01KZRRGW146F8C4946XJM2S6EC,01KZRW48774A2DK7QW4RW8GRQD,2026-08-23 18:02:06.840256+08,2026-08-23 18:02:06.840256+08,01KZRRGW143XAZME28X8CPEY8S,01KZRRGW14FX4FRK4R4E3MKR5J
01KZV5Q34PTHM6RVN5NTX7M132,pullout by dealer,01KZRTCK0DH5XR7NB7XY65A23F,01KZRRGW14200T0G4QVVJEZMW1,01KZRW4877V0J57H3JPGGS28WZ,2026-08-23 18:02:06.840256+08,2026-08-23 18:02:06.840256+08,01KZRRGW14K9GDB2KGW0SVFJBM,01KZRRGW140MQ9ZE887EQDG87Z
01KZV5Q34PHS5G1Q1RC1FCC88H,pullout by distributor,01KZRTCK0E5JC6A9MXWS09THEF,01KZRRGW14DC1V4DFEXXX74JBW,01KZRW4877B3D0MZHS3AQRJ814,2026-08-23 18:02:06.840256+08,2026-08-23 18:02:06.840256+08,01KZRRGW142RC6MARTSS19R7GK,01KZRRGW149RPSGBHQY8MZC6NF
01KZV5Q34PTA4DNZGHW9NAZGVS,pullout by distributor,01KZRTCK0AA8AJDQM61AJQ7WJ9,01KZRRGW14K9GDB2KGW0SVFJBM,01KZRW48770HAGRX3Y72BY1D43,2026-08-23 18:02:06.840256+08,2026-08-23 18:02:06.840256+08,01KZRRGW14Y65J9N71RS7C99PT,01KZRRGW14N5VHBCMAJGNJ0GJH
01KZV5Q34PJPYNRJ8Y4XZP8886,deployment,01KZRTCK0CWECWR8QCTJKMFQ0M,01KZRRGW14KBMMYGKVHMX9RQD8,01KZRW48777JDTMGDM6JZY87AF,2026-08-23 18:02:06.840256+08,2026-08-23 18:02:06.840256+08,01KZRRGW14A7VW9HY70W2ZKDCX,01KZRRGW146F8C4946XJM2S6EC
01KZV5Q34PCC4W6V8NS8XE5WSV,for replacement - broken unit,01KZRTCK0C1ZAZXVFRE6P7XM5B,01KZRRGW14Y65J9N71RS7C99PT,01KZRW48778GNNZ5BFJZ0VXNNN,2026-08-23 18:02:06.840256+08,2026-08-23 18:02:06.840256+08,01KZRRGW14XPKB44H9B6WS515H,01KZRRGW14WH1V6PTWDSASC4XK
01KZV5Q34PFKTE41NC670RECR6,pullout by distributor,01KZRTCK0GEB47XJX12MSPS38Z,01KZRRGW142XAJ3EN2YJAF1HJB,01KZRW4877W4J1M6PJM0QPSR4V,2026-08-23 18:02:06.840256+08,2026-08-23 18:02:06.840256+08,01KZRRGW146F8C4946XJM2S6EC,01KZRRGW1442K27HM42RTFZG1M
01KZV5Q34PRDDN80041SVAVR2F,pullout by distributor,01KZRTCK0FC5YP22X1CGHTS1NY,01KZRRGW14K9GDB2KGW0SVFJBM,01KZRW48777AHPHKJ81KF0SBSV,2026-08-23 18:02:06.840256+08,2026-08-23 18:02:06.840256+08,01KZRRGW14WSB3JJJKQDEREKF3,01KZRRGW14FX4FRK4R4E3MKR5J
01KZV5Q34PAV0J8HY9B6TQYRDM,for downgrade,01KZRTCK0D2N9CTQA40NE298EB,01KZRRGW14200T0G4QVVJEZMW1,01KZRW4877HTTETZMDFBTY9TG8,2026-08-23 18:02:06.840256+08,2026-08-23 18:02:06.840256+08,01KZRRGW14N9EVMX0Z1ZRJRRAH,01KZRRGW14WSB3JJJKQDEREKF3
01KZV5Q34QM0MVDSE7SMGGJY5H,for upgrade,01KZRTCK0EKHX0V93GB38V3V5D,01KZRRGW14MXEWF9HMYNXVS5ER,01KZRW4877VA8TBBCFWH8TVEM7,2026-08-23 18:02:06.840256+08,2026-08-23 18:02:06.840256+08,01KZRRGW14J5MRZ241JHXYMPE5,01KZRRGW14W9JF1K1J0X6X34N8
01KZV5Q34K7GR51XQF1QKZ1BNR,deployment,01KZRTCK09DHFCMHQNJX94Z9BG,01KZRRGW14KVWBG89MRPJPJBXC,01KZRW4877RJWA8G8EVGD5AKV5,2026-08-23 18:02:06.840256+08,2026-08-23 18:02:06.840256+08,01KZRRGW14MXEWF9HMYNXVS5ER,01KZRRGW14KVWBG89MRPJPJBXC
01KZV5Q34Q0MCNVAHSHCC2BQQG,for upgrade,01KZRTCK09EJP5A42FJJ311E06,01KZRRGW14WH1V6PTWDSASC4XK,01KZRW48774A2DK7QW4RW8GRQD,2026-08-23 18:02:06.840256+08,2026-08-23 18:02:06.840256+08,01KZRRGW14W9JF1K1J0X6X34N8,01KZRRGW14MXEWF9HMYNXVS5ER
01KZV5Q34Q1S2QGV7SCYQ27DP8,for pullout,01KZRTCK0B1H0XA5BXSQ390MEH,01KZRRGW14XPKB44H9B6WS515H,01KZRW4877HTTETZMDFBTY9TG8,2026-08-23 18:02:06.840256+08,2026-08-23 18:02:06.840256+08,01KZRRGW140MQ9ZE887EQDG87Z,01KZRRGW14Y65J9N71RS7C99PT
01KZV5Q34QRN2GNHQM989HRAWQ,pullout by distributor,01KZRTCK08QH35H78G3Z4WQ9VC,01KZRRGW149RPSGBHQY8MZC6NF,01KZRW4877NYSZZ4VFYZTN4ES1,2026-08-23 18:02:06.840256+08,2026-08-23 18:02:06.840256+08,01KZRRGW14X9Y2N7Y1J43BS87F,01KZRRGW147SW8PDR6Z12DT4B9
01KZV5Q34QR0NPYBBV4DQG2YCJ,pullout by distributor,01KZRTCK097X94K5479HSBMC30,01KZRRGW14JQ7JEW5HBDS8P7VJ,01KZRW4877G0YHH3T1F43JMJ4N,2026-08-23 18:02:06.840256+08,2026-08-23 18:02:06.840256+08,01KZRRGW14XPKB44H9B6WS515H,01KZRRGW14VWS3587600FPGYJJ
01KZV5Q34QQEN63FDKBF2AHKDS,for pullout,01KZRTCK09CC9D4YWRK031HMQM,01KZRRGW143XAZME28X8CPEY8S,01KZRW4877F027DTG1RSTES089,2026-08-23 18:02:06.840256+08,2026-08-23 18:02:06.840256+08,01KZRRGW14Z2V2BPKDSQ6DKV67,01KZRRGW14A7VW9HY70W2ZKDCX
01KZV5Q34QDH7DKXN15RT4SH16,for upgrade,01KZRTCK0G5VNAQ631YNFXCVBX,01KZRRGW14RBSVD8GEY7WA5YWC,01KZRW4877HTTETZMDFBTY9TG8,2026-08-23 18:02:06.840256+08,2026-08-23 18:02:06.840256+08,01KZRRGW142XAJ3EN2YJAF1HJB,01KZRRGW14J5MRZ241JHXYMPE5
01KZV5Q34QMZE7S47G22B4B34C,for pullout,01KZRTCK0EW34YQN3FKXZ8TVGE,01KZRRGW143XAZME28X8CPEY8S,01KZRW4877VZEYQPDKKQXF13AV,2026-08-23 18:02:06.840256+08,2026-08-23 18:02:06.840256+08,01KZRRGW14XPKB44H9B6WS515H,01KZRRGW143DR9TSRKKQDPRDKM
01KZV5Q34QW7V8EPV135DCSD95,for downgrade,01KZRTCK0FDZ132JNVAJDRFRB3,01KZRRGW14WH1V6PTWDSASC4XK,01KZRW4877VZEYQPDKKQXF13AV,2026-08-23 18:02:06.840256+08,2026-08-23 18:02:06.840256+08,01KZRRGW14KVWBG89MRPJPJBXC,01KZRRGW14A7VW9HY70W2ZKDCX
01KZV5Q34Q125H4Q0SKJQW814Y,for pullout,01KZRTCK0CV8R23PSZTP3SN5QC,01KZRRGW14VWS3587600FPGYJJ,01KZRW48770HAGRX3Y72BY1D43,2026-08-23 18:02:06.840256+08,2026-08-23 18:02:06.840256+08,01KZRRGW14WSB3JJJKQDEREKF3,01KZRRGW14KBMMYGKVHMX9RQD8
01KZV5Q34RVJ4VZWTZS4N7WFTK,for downgrade,01KZRTCK0E5Q07TA90VPZVA032,01KZRRGW146F8C4946XJM2S6EC,01KZRW4877D5ZY6TAERNGTV34K,2026-08-23 18:02:06.840256+08,2026-08-23 18:02:06.840256+08,01KZRRGW14KBMMYGKVHMX9RQD8,01KZRRGW147SW8PDR6Z12DT4B9
01KZV5Q34R7W9N3MH1C7JQH6KZ,for pullout,01KZRTCK0B50T6XV073FFA3G1Q,01KZRRGW14Y65J9N71RS7C99PT,01KZRW4877EFAE21HQ86WYE6X8,2026-08-23 18:02:06.840256+08,2026-08-23 18:02:06.840256+08,01KZRRGW14KVWBG89MRPJPJBXC,01KZRRGW14MXEWF9HMYNXVS5ER
01KZV5Q34RAP5W6QXKVE5X7S9M,deployment,01KZRTCK0AKDWYJ55NDGVWWMWE,01KZRRGW14MXEWF9HMYNXVS5ER,01KZRW4877CATZ1KPW5MYDDBWC,2026-08-23 18:02:06.840256+08,2026-08-23 18:02:06.840256+08,01KZRRGW1442K27HM42RTFZG1M,01KZRRGW14JQ7JEW5HBDS8P7VJ
01KZV5Q34RBWATDYV3KHEBCMT1,for upgrade,01KZRTCK099QJBWN6CP6ETFH2R,01KZRRGW146F8C4946XJM2S6EC,01KZRW4877BKP2FRH1B8G1CTC9,2026-08-23 18:02:06.840256+08,2026-08-23 18:02:06.840256+08,01KZRRGW14PHE1YJB3BS55XR3K,01KZRRGW1442K27HM42RTFZG1M
01KZV5Q34RC1Z4BE1BEWQ0J7FM,pullout by dealer,01KZRTCK0AZNYAZ33PC4NK8DSZ,01KZRRGW14N56M3HGFGXE3FN5T,01KZRW48779R4JNZ47ZW2T3PQB,2026-08-23 18:02:06.840256+08,2026-08-23 18:02:06.840256+08,01KZRRGW143XAZME28X8CPEY8S,01KZRRGW14KVWBG89MRPJPJBXC
01KZV5Q34RFYH6DM5CFX6G0ZJ0,deployment,01KZRTCK09A0SPMMGH0T5XABG2,01KZRRGW14PHE1YJB3BS55XR3K,01KZRW4877TRFEBWEFKEZC1X5H,2026-08-23 18:02:06.840256+08,2026-08-23 18:02:06.840256+08,01KZRRGW14N9EVMX0Z1ZRJRRAH,01KZRRGW14THZB9B34PPHZSFE2
01KZV5Q34SSVHBFJ2RZC5R2BQ7,for downgrade,01KZRTCK0FM2AYWZS2005NB8SZ,01KZRRGW14200T0G4QVVJEZMW1,01KZRW4877TQ3XX3R3NF9TGABV,2026-08-23 18:02:06.840256+08,2026-08-23 18:02:06.840256+08,01KZRRGW14WH1V6PTWDSASC4XK,01KZRRGW14JQ7JEW5HBDS8P7VJ
01KZV5Q34S9DR2YJSSVGX9EYY8,for replacement - broken unit,01KZRTCK0FM2AYWZS2005NB8SZ,01KZRRGW14A7VW9HY70W2ZKDCX,01KZRW4877570TMPXQJ6F3CTPG,2026-08-23 18:02:06.840256+08,2026-08-23 18:02:06.840256+08,01KZRRGW14SVP3PKMRRXC2J621,01KZRRGW142RC6MARTSS19R7GK
01KZV5Q34STFNXV0YHQRGYZ7N1,deployment,01KZRTCK09AV49P8YM4FB76NTD,01KZRRGW14A7VW9HY70W2ZKDCX,01KZRW48771VS10A2E45E408EC,2026-08-23 18:02:06.840256+08,2026-08-23 18:02:06.840256+08,01KZRRGW143XAZME28X8CPEY8S,01KZRRGW14Z2V2BPKDSQ6DKV67
01KZV5Q34S6PF4KW3VFKV8TEXQ,deployment,01KZRTCK0A26ZZPQHP26K7HEYT,01KZRRGW14K9GDB2KGW0SVFJBM,01KZRW48778HEX0CCC1CXQ27DR,2026-08-23 18:02:06.840256+08,2026-08-23 18:02:06.840256+08,01KZRRGW14W9JF1K1J0X6X34N8,01KZRRGW14VWS3587600FPGYJJ
01KZV5Q34STWB8A3AK6ZCYSST1,for replacement - broken unit,01KZRTCK0AK9X8RRQHAG24YVGF,01KZRRGW14KBMMYGKVHMX9RQD8,01KZRW4877HTTETZMDFBTY9TG8,2026-08-23 18:02:06.840256+08,2026-08-23 18:02:06.840256+08,01KZRRGW14N5VHBCMAJGNJ0GJH,01KZRRGW147SW8PDR6Z12DT4B9
01KZV5Q34SFT743KJR8WZTRX0T,pullout by distributor,01KZRTCK0AWKNQ4AEBDNP3CNY2,01KZRRGW14200T0G4QVVJEZMW1,01KZRW4877VGS7YRYB4P0A5H4N,2026-08-23 18:02:06.840256+08,2026-08-23 18:02:06.840256+08,01KZRRGW14K9GDB2KGW0SVFJBM,01KZRRGW143DR9TSRKKQDPRDKM
01KZV5Q34SSKA2SS42NEHMSVER,for upgrade,01KZRTCK08K0YBZJE755VD6F8C,01KZRRGW14WH1V6PTWDSASC4XK,01KZRW4877K9M9E39HTSQE6N4Q,2026-08-23 18:02:06.840256+08,2026-08-23 18:02:06.840256+08,01KZRRGW14KBMMYGKVHMX9RQD8,01KZRRGW14N9EVMX0Z1ZRJRRAH
01KZV5Q34TD1RZ1AC79S2FSANQ,pullout by dealer,01KZRTCK0DVBYA32M9AAYQ5J8A,01KZRRGW14MXEWF9HMYNXVS5ER,01KZRW48778HEX0CCC1CXQ27DR,2026-08-23 18:02:06.840256+08,2026-08-23 18:02:06.840256+08,01KZRRGW14KVWBG89MRPJPJBXC,01KZRRGW14EVYGVAR1F5M4N714
01KZV5Q34TNXBSYWE3233SJDN6,for pullout,01KZRTCK0E4TDGWRJA3B688CK0,01KZRRGW142RC6MARTSS19R7GK,01KZRW4877AZR5K32Y5PAGXHRC,2026-08-23 18:02:06.840256+08,2026-08-23 18:02:06.840256+08,01KZRRGW14N9EVMX0Z1ZRJRRAH,01KZRRGW14A7VW9HY70W2ZKDCX
01KZV5Q34TAMSE1VG6B69NXD73,for upgrade,01KZRTCK0C1FP1HRZE6NEYRM89,01KZRRGW149RPSGBHQY8MZC6NF,01KZRW4877NAVZSR88Z0ZHKRW9,2026-08-23 18:02:06.840256+08,2026-08-23 18:02:06.840256+08,01KZRRGW14Y65J9N71RS7C99PT,01KZRRGW14SVP3PKMRRXC2J621
01KZV5Q34T6ZTRT0TE4W2VJB4M,for pullout,01KZRTCK0ANJQVREKV0BCZPGRZ,01KZRRGW14PHE1YJB3BS55XR3K,01KZRW4877HVT4X8HFK0HTQ94N,2026-08-23 18:02:06.840256+08,2026-08-23 18:02:06.840256+08,01KZRRGW14EVYGVAR1F5M4N714,01KZRRGW14VWS3587600FPGYJJ
01KZV5Q34T0YTCT9S0CBW8W1QC,pullout by dealer,01KZRTCK092GFH21QZEA4STMT4,01KZRRGW1442K27HM42RTFZG1M,01KZRW48779V159SGJGWDHBYTJ,2026-08-23 18:02:06.840256+08,2026-08-23 18:02:06.840256+08,01KZRRGW1448AZYH3Y9E70DS21,01KZRRGW14G35YB41SN7AN85CV
01KZV5Q34TC414NTMW283BWYKG,for downgrade,01KZRTCK09JS6Y5MB2Z5QZCKYA,01KZRRGW14200T0G4QVVJEZMW1,01KZRW4877E1K1FVC8Z9DHP6KE,2026-08-23 18:02:06.840256+08,2026-08-23 18:02:06.840256+08,01KZRRGW14W9JF1K1J0X6X34N8,01KZRRGW143DR9TSRKKQDPRDKM
01KZV5Q34TY10DKAVK8TTBBPVA,pullout by dealer,01KZRTCK0F1YCPSEA50QV3712V,01KZRRGW14RBSVD8GEY7WA5YWC,01KZRW4877MED929DRBY96SNBC,2026-08-23 18:02:06.840256+08,2026-08-23 18:02:06.840256+08,01KZRRGW14DC1V4DFEXXX74JBW,01KZRRGW147SW8PDR6Z12DT4B9
01KZV5Q34TC4YJ839TPKNG6AX7,for replacement - broken unit,01KZRTCK09752SA17BD62ZV900,01KZRRGW143DR9TSRKKQDPRDKM,01KZRW48778HEX0CCC1CXQ27DR,2026-08-23 18:02:06.840256+08,2026-08-23 18:02:06.840256+08,01KZRRGW1442K27HM42RTFZG1M,01KZRRGW14W9JF1K1J0X6X34N8
01KZV5Q34TRZ6REYVQNK5YQNB0,deployment,01KZRTCK0GFV7TSR8JBDWYEJ5P,01KZRRGW140MQ9ZE887EQDG87Z,01KZRW4877HTTETZMDFBTY9TG8,2026-08-23 18:02:06.840256+08,2026-08-23 18:02:06.840256+08,01KZRRGW146F8C4946XJM2S6EC,01KZRRGW14Y65J9N71RS7C99PT
01KZV5Q34VDA3SK7HCB5XY9W63,pullout by dealer,01KZRTCK0APWRK1DH37AGBQ3G9,01KZRRGW14WSB3JJJKQDEREKF3,01KZRW4877FQ91CFKG4PJTR1JJ,2026-08-23 18:02:06.840256+08,2026-08-23 18:02:06.840256+08,01KZRRGW14WSB3JJJKQDEREKF3,01KZRRGW14KVWBG89MRPJPJBXC
01KZV5Q34V6RBY69HCY1020EKZ,for replacement - broken unit,01KZRTCK0E5JC6A9MXWS09THEF,01KZRRGW14DC1V4DFEXXX74JBW,01KZRW4877A147WBBGMNMTXNA3,2026-08-23 18:02:06.840256+08,2026-08-23 18:02:06.840256+08,01KZRRGW14DC1V4DFEXXX74JBW,01KZRRGW14THZB9B34PPHZSFE2
01KZV5Q34VQ32C7B994VQYQEJV,for pullout,01KZRTCK0DAKTJ36YTS2DAAA62,01KZRRGW14KMGR1H2QPNVXB420,01KZRW4877C3T2MSDMNBQ24EB4,2026-08-23 18:02:06.840256+08,2026-08-23 18:02:06.840256+08,01KZRRGW14RBSVD8GEY7WA5YWC,01KZRRGW14EVYGVAR1F5M4N714
01KZV5Q34VMMT9B5ZK76AVH9MR,for upgrade,01KZRTCK0GV68BW06WW51MJ7ZG,01KZRRGW14VWS3587600FPGYJJ,01KZRW4877K9M9E39HTSQE6N4Q,2026-08-23 18:02:06.840256+08,2026-08-23 18:02:06.840256+08,01KZRRGW14DC1V4DFEXXX74JBW,01KZRRGW14MXEWF9HMYNXVS5ER
01KZV5Q34VN50Z6PYWVGG32H3H,pullout by dealer,01KZRTCK0FWMR5Q3YMJYJDQT77,01KZRRGW14XPKB44H9B6WS515H,01KZRW48774Y44DVZFJV030K96,2026-08-23 18:02:06.840256+08,2026-08-23 18:02:06.840256+08,01KZRRGW143XAZME28X8CPEY8S,01KZRRGW14W9JF1K1J0X6X34N8
01KZV5Q34W2EJ9DHZR61APEZ98,deployment,01KZRTCK0C2ZPRW1BRBNNHZXQ4,01KZRRGW14JQ7JEW5HBDS8P7VJ,01KZRW48777JDTMGDM6JZY87AF,2026-08-23 18:02:06.840256+08,2026-08-23 18:02:06.840256+08,01KZRRGW14WSB3JJJKQDEREKF3,01KZRRGW14KVWBG89MRPJPJBXC
01KZV5Q34WSR34508ZEJWN8JJN,pullout by distributor,01KZRTCK09PQ0WHN6TMA6XT0SG,01KZRRGW14WSB3JJJKQDEREKF3,01KZRW4877TQ3XX3R3NF9TGABV,2026-08-23 18:02:06.840256+08,2026-08-23 18:02:06.840256+08,01KZRRGW14N5VHBCMAJGNJ0GJH,01KZRRGW14WH1V6PTWDSASC4XK
01KZV5Q34WNC6R5RRZFEV0BZZA,for replacement - broken unit,01KZRTCK0A1JMVFECWJ2XRBASD,01KZRRGW143XAZME28X8CPEY8S,01KZRW4877NYSZZ4VFYZTN4ES1,2026-08-23 18:02:06.840256+08,2026-08-23 18:02:06.840256+08,01KZRRGW14RBSVD8GEY7WA5YWC,01KZRRGW14WH1V6PTWDSASC4XK
01KZV5Q34W861984BHWDT1V7NP,for upgrade,01KZRTCK09M3FGNFT1RNB7PXXP,01KZRRGW149RPSGBHQY8MZC6NF,01KZRW48779CWAQ752ZGCV7AN3,2026-08-23 18:02:06.840256+08,2026-08-23 18:02:06.840256+08,01KZRRGW14KVWBG89MRPJPJBXC,01KZRRGW14THZB9B34PPHZSFE2
01KZV5Q34W9NX8YVSQNRFFD8AE,deployment,01KZRTCK08C0M5XNN4FHPQV8V7,01KZRRGW14G35YB41SN7AN85CV,01KZRW4877FZ26T405N4WYZMRG,2026-08-23 18:02:06.840256+08,2026-08-23 18:02:06.840256+08,01KZRRGW14X9Y2N7Y1J43BS87F,01KZRRGW14SVP3PKMRRXC2J621
01KZV5Q34W35NTCA0YPY3TEATR,for downgrade,01KZRTCK0ANJQVREKV0BCZPGRZ,01KZRRGW14DC1V4DFEXXX74JBW,01KZRW48778HEX0CCC1CXQ27DR,2026-08-23 18:02:06.840256+08,2026-08-23 18:02:06.840256+08,01KZRRGW14EVYGVAR1F5M4N714,01KZRRGW14W9JF1K1J0X6X34N8
01KZV5Q34WVH4EJKBFTD3B10VW,for upgrade,01KZRTCK0GEYAK54C6YQCTG9S3,01KZRRGW14KMGR1H2QPNVXB420,01KZRW4877CATZ1KPW5MYDDBWC,2026-08-23 18:02:06.840256+08,2026-08-23 18:02:06.840256+08,01KZRRGW14Z2V2BPKDSQ6DKV67,01KZRRGW146F8C4946XJM2S6EC
01KZV5Q34XBTZYXN9XSWVXYZQA,for upgrade,01KZRTCK0B55C1BZM5Z9P4FYZS,01KZRRGW143DR9TSRKKQDPRDKM,01KZRW4877SRMJMM3R17R2QE73,2026-08-23 18:02:06.840256+08,2026-08-23 18:02:06.840256+08,01KZRRGW142XAJ3EN2YJAF1HJB,01KZRRGW14N5VHBCMAJGNJ0GJH
01KZV5Q34XJ95T9H9AT44X0871,for upgrade,01KZRTCK0A98RV6P096PGK1T2A,01KZRRGW149RPSGBHQY8MZC6NF,01KZRW48778GNNZ5BFJZ0VXNNN,2026-08-23 18:02:06.840256+08,2026-08-23 18:02:06.840256+08,01KZRRGW143DR9TSRKKQDPRDKM,01KZRRGW14FX4FRK4R4E3MKR5J
01KZV5Q34XMHWXVZZWJ5F4RK0F,pullout by dealer,01KZRTCK09DDM89Y7B0RB7Y4NT,01KZRRGW143DR9TSRKKQDPRDKM,01KZRW48779CWAQ752ZGCV7AN3,2026-08-23 18:02:06.840256+08,2026-08-23 18:02:06.840256+08,01KZRRGW14W9JF1K1J0X6X34N8,01KZRRGW14THZB9B34PPHZSFE2
01KZV5Q34XKBE306T2QK1EQPX3,for upgrade,01KZRTCK0CE0MDAXRX80M7TQKH,01KZRRGW146F8C4946XJM2S6EC,01KZRW48774Y44DVZFJV030K96,2026-08-23 18:02:06.840256+08,2026-08-23 18:02:06.840256+08,01KZRRGW14G35YB41SN7AN85CV,01KZRRGW140MQ9ZE887EQDG87Z
01KZV5Q34XBVP1XS5AY66KW59J,for downgrade,01KZRTCK0C1Q8TQK95DKCWBYPE,01KZRRGW14G35YB41SN7AN85CV,01KZRW4877MFF924CSKP3J6WW4,2026-08-23 18:02:06.840256+08,2026-08-23 18:02:06.840256+08,01KZRRGW14Y65J9N71RS7C99PT,01KZRRGW1448AZYH3Y9E70DS21
01KZV5Q34XJDSP3N8883DTZPKT,for downgrade,01KZRTCK0BEYFZZZHH38X5HN06,01KZRRGW14KVWBG89MRPJPJBXC,01KZRW4877WQJZ3J1CH35W5XY0,2026-08-23 18:02:06.840256+08,2026-08-23 18:02:06.840256+08,01KZRRGW14A7VW9HY70W2ZKDCX,01KZRRGW14THZB9B34PPHZSFE2
01KZV5Q34YW7BQ8V3M6M8P7XXV,for pullout,01KZRTCK0CGWYFG8KTH543HDPG,01KZRRGW1448AZYH3Y9E70DS21,01KZRW4877BFP4JMW1E9SHS153,2026-08-23 18:02:06.840256+08,2026-08-23 18:02:06.840256+08,01KZRRGW14X04WHWJ78QR6J8H3,01KZRRGW14THZB9B34PPHZSFE2
01KZV5Q34Y8AW9PJ55AP7DE9YQ,for pullout,01KZRTCK0EBHQWCPQPA0Q6GW55,01KZRRGW14KMGR1H2QPNVXB420,01KZRW4877MED929DRBY96SNBC,2026-08-23 18:02:06.840256+08,2026-08-23 18:02:06.840256+08,01KZRRGW14X04WHWJ78QR6J8H3,01KZRRGW14N56M3HGFGXE3FN5T
01KZV5Q34YEQQATN4227P5A6KH,for replacement - broken unit,01KZRTCK0B9CHZD6K1CEK9DG0Q,01KZRRGW14200T0G4QVVJEZMW1,01KZRW4877J6H9QTAKXMT8A2FE,2026-08-23 18:02:06.840256+08,2026-08-23 18:02:06.840256+08,01KZRRGW14FX4FRK4R4E3MKR5J,01KZRRGW14KVWBG89MRPJPJBXC
01KZV5Q34Y7STKZ7TFAJBJN3PD,for pullout,01KZRTCK0E7MZ9Q7YVFY425XXG,01KZRRGW14200T0G4QVVJEZMW1,01KZRW4877TRFEBWEFKEZC1X5H,2026-08-23 18:02:06.840256+08,2026-08-23 18:02:06.840256+08,01KZRRGW14WH1V6PTWDSASC4XK,01KZRRGW14J5MRZ241JHXYMPE5
01KZV5Q34Y8XTH5AF8WYW2D9VF,for upgrade,01KZRTCK09GQT701TNJDT5C1JP,01KZRRGW143XAZME28X8CPEY8S,01KZRW4877ASYYCMJDQ4ZM72CY,2026-08-23 18:02:06.840256+08,2026-08-23 18:02:06.840256+08,01KZRRGW14Z2V2BPKDSQ6DKV67,01KZRRGW14KVWBG89MRPJPJBXC
01KZV5Q34YDA22M918MPJPVJB6,deployment,01KZRTCK0D32PQZ49N7W9RYQT0,01KZRRGW1442K27HM42RTFZG1M,01KZRW4877DZMG7S8EQEYF7D89,2026-08-23 18:02:06.840256+08,2026-08-23 18:02:06.840256+08,01KZRRGW143DR9TSRKKQDPRDKM,01KZRRGW143XAZME28X8CPEY8S
01KZV5Q34YPRQV8BA1TFBS6TBS,for upgrade,01KZRTCK0E4ZQQ274EDPHC1YAY,01KZRRGW143XAZME28X8CPEY8S,01KZRW4877WQJZ3J1CH35W5XY0,2026-08-23 18:02:06.840256+08,2026-08-23 18:02:06.840256+08,01KZRRGW149RPSGBHQY8MZC6NF,01KZRRGW14Y65J9N71RS7C99PT
01KZV5Q34Y9CNXHDX7Q6664H9A,for replacement - broken unit,01KZRTCK0DEGHHJHD67ZFEXVZN,01KZRRGW143XAZME28X8CPEY8S,01KZRW4877FQ91CFKG4PJTR1JJ,2026-08-23 18:02:06.840256+08,2026-08-23 18:02:06.840256+08,01KZRRGW14RBSVD8GEY7WA5YWC,01KZRRGW14SVP3PKMRRXC2J621
01KZV5Q34Z5PJYYVYKQJPSEDKV,for downgrade,01KZRTCK0GRHWMZAMEW7A6MKB9,01KZRRGW146F8C4946XJM2S6EC,01KZRW4877TQ3XX3R3NF9TGABV,2026-08-23 18:02:06.840256+08,2026-08-23 18:02:06.840256+08,01KZRRGW14THZB9B34PPHZSFE2,01KZRRGW14DC1V4DFEXXX74JBW
01KZV5Q34ZS83XAMGV4WW1DMJ5,for upgrade,01KZRTCK0958Y4RPBARSF8JCZK,01KZRRGW14FX4FRK4R4E3MKR5J,01KZRW4877FZS8TFJN9ZMN5RWV,2026-08-23 18:02:06.840256+08,2026-08-23 18:02:06.840256+08,01KZRRGW147SW8PDR6Z12DT4B9,01KZRRGW14JQ7JEW5HBDS8P7VJ
01KZV5Q34Z16KZK62FAM5PHT4X,for upgrade,01KZRTCK0BQSW7XRVETADJPGX3,01KZRRGW146F8C4946XJM2S6EC,01KZRW48778X9EQJ3KN65YC121,2026-08-23 18:02:06.840256+08,2026-08-23 18:02:06.840256+08,01KZRRGW142XAJ3EN2YJAF1HJB,01KZRRGW142RC6MARTSS19R7GK
01KZV5Q34ZTK3F4X9DCQPTADAB,for pullout,01KZRTCK091J0C4TEXNP70XZSX,01KZRRGW14G35YB41SN7AN85CV,01KZRW4877EFAE21HQ86WYE6X8,2026-08-23 18:02:06.840256+08,2026-08-23 18:02:06.840256+08,01KZRRGW143XAZME28X8CPEY8S,01KZRRGW14SVP3PKMRRXC2J621
01KZV5Q350AHEHA4J2RE6QQPAW,for upgrade,01KZRTCK0936VNBN2VQ3XQ74GW,01KZRRGW14KBMMYGKVHMX9RQD8,01KZRW4877W4J1M6PJM0QPSR4V,2026-08-23 18:02:06.840256+08,2026-08-23 18:02:06.840256+08,01KZRRGW1442K27HM42RTFZG1M,01KZRRGW14KMGR1H2QPNVXB420
01KZV5Q350ZYHWT3PNM9SC8G3D,for downgrade,01KZRTCK0D870FFNZ161RPGX07,01KZRRGW14X9Y2N7Y1J43BS87F,01KZRW4877DZMG7S8EQEYF7D89,2026-08-23 18:02:06.840256+08,2026-08-23 18:02:06.840256+08,01KZRRGW14KVWBG89MRPJPJBXC,01KZRRGW14JQ7JEW5HBDS8P7VJ
01KZV5Q350X0M0Z83HW6XMMZB6,deployment,01KZRTCK09120R65VRXTWMSER8,01KZRRGW14KBMMYGKVHMX9RQD8,01KZRW48771VS10A2E45E408EC,2026-08-23 18:02:06.840256+08,2026-08-23 18:02:06.840256+08,01KZRRGW14EVYGVAR1F5M4N714,01KZRRGW14Z2V2BPKDSQ6DKV67
01KZV5Q350F0M3SRR92R4175WC,for upgrade,01KZRTCK095E2CVG41T421GQYC,01KZRRGW1442K27HM42RTFZG1M,01KZRW4877D9R8T6DSGNC22W4X,2026-08-23 18:02:06.840256+08,2026-08-23 18:02:06.840256+08,01KZRRGW14N56M3HGFGXE3FN5T,01KZRRGW1448AZYH3Y9E70DS21
01KZV5Q350S5RG4D2Z89SSSDKX,for upgrade,01KZRTCK09DDM89Y7B0RB7Y4NT,01KZRRGW14WH1V6PTWDSASC4XK,01KZRW4877VA8TBBCFWH8TVEM7,2026-08-23 18:02:06.840256+08,2026-08-23 18:02:06.840256+08,01KZRRGW14JQ7JEW5HBDS8P7VJ,01KZRRGW14KVWBG89MRPJPJBXC
01KZV5Q350XGRZ7WPC0B12JCGN,for pullout,01KZRTCK0GHX2B3YQP0X6QN4AZ,01KZRRGW14W9JF1K1J0X6X34N8,01KZRW4877AZR5K32Y5PAGXHRC,2026-08-23 18:02:06.840256+08,2026-08-23 18:02:06.840256+08,01KZRRGW14Z2V2BPKDSQ6DKV67,01KZRRGW14MXEWF9HMYNXVS5ER
01KZV5Q35027X345SHA78ZA65K,deployment,01KZRTCK09DVQ11DPESS3G96XC,01KZRRGW149RPSGBHQY8MZC6NF,01KZRW487795H0KSW6AV992VCS,2026-08-23 18:02:06.840256+08,2026-08-23 18:02:06.840256+08,01KZRRGW14K9GDB2KGW0SVFJBM,01KZRRGW14JQ7JEW5HBDS8P7VJ
01KZV5Q350JGBP68HVPSBZSNHJ,for upgrade,01KZRTCK09P69F7X0H2QFPSCFJ,01KZRRGW14W9JF1K1J0X6X34N8,01KZRW4877HVT4X8HFK0HTQ94N,2026-08-23 18:02:06.840256+08,2026-08-23 18:02:06.840256+08,01KZRRGW1442K27HM42RTFZG1M,01KZRRGW142XAJ3EN2YJAF1HJB
01KZV5Q350XK4A1Y8BNDC0JPWX,pullout by distributor,01KZRTCK0CEJ30N9VC15902M5F,01KZRRGW14200T0G4QVVJEZMW1,01KZRW4877H6020WSQ0GV9YAQ5,2026-08-23 18:02:06.840256+08,2026-08-23 18:02:06.840256+08,01KZRRGW14Z2V2BPKDSQ6DKV67,01KZRRGW14WH1V6PTWDSASC4XK
01KZV5Q3513QFN08HVA9DSJ4CQ,pullout by distributor,01KZRTCK0E5BF0MZG6B4468W6Y,01KZRRGW14J5MRZ241JHXYMPE5,01KZRW4877NYSZZ4VFYZTN4ES1,2026-08-23 18:02:06.840256+08,2026-08-23 18:02:06.840256+08,01KZRRGW14PHE1YJB3BS55XR3K,01KZRRGW14XPKB44H9B6WS515H
01KZV5Q351K3M1ANB9E7E2D6MX,for upgrade,01KZRTCK0GVJXK4DZY3AV01EWV,01KZRRGW146F8C4946XJM2S6EC,01KZRW48779CWAQ752ZGCV7AN3,2026-08-23 18:02:06.840256+08,2026-08-23 18:02:06.840256+08,01KZRRGW143DR9TSRKKQDPRDKM,01KZRRGW143XAZME28X8CPEY8S
01KZV5Q351MF473D7ECF5BZ440,for downgrade,01KZRTCK0E7MZ9Q7YVFY425XXG,01KZRRGW142RC6MARTSS19R7GK,01KZRW48773C4ZFCJ993MWDQBY,2026-08-23 18:02:06.840256+08,2026-08-23 18:02:06.840256+08,01KZRRGW14A7VW9HY70W2ZKDCX,01KZRRGW14KVWBG89MRPJPJBXC
01KZV5Q351CNM8NSRHR5B7T5QB,pullout by distributor,01KZRTCK0B4J4KQ6EP4C5JPKX6,01KZRRGW14DC1V4DFEXXX74JBW,01KZRW4877K9M9E39HTSQE6N4Q,2026-08-23 18:02:06.840256+08,2026-08-23 18:02:06.840256+08,01KZRRGW14PHE1YJB3BS55XR3K,01KZRRGW140MQ9ZE887EQDG87Z
01KZV5Q3517TBQAHCX5TQS8SSM,deployment,01KZRTCK0AJFZK6PKR3RWXVABK,01KZRRGW14KVWBG89MRPJPJBXC,01KZRW4877TQ7065A4RCCYE8SH,2026-08-23 18:02:06.840256+08,2026-08-23 18:02:06.840256+08,01KZRRGW14Z2V2BPKDSQ6DKV67,01KZRRGW14MXEWF9HMYNXVS5ER
01KZV5Q3518RYT9DZYT99YDX2E,pullout by distributor,01KZRTCK0BTR5V02F0RSQVJNMQ,01KZRRGW143DR9TSRKKQDPRDKM,01KZRW4877WQJZ3J1CH35W5XY0,2026-08-23 18:02:06.840256+08,2026-08-23 18:02:06.840256+08,01KZRRGW146F8C4946XJM2S6EC,01KZRRGW14N5VHBCMAJGNJ0GJH
01KZV5Q351QZBSV5BX9FWQ3AN8,pullout by distributor,01KZRTCK0B1VC1WQ9736DHJWBG,01KZRRGW142XAJ3EN2YJAF1HJB,01KZRW4877VA8TBBCFWH8TVEM7,2026-08-23 18:02:06.840256+08,2026-08-23 18:02:06.840256+08,01KZRRGW14KBMMYGKVHMX9RQD8,01KZRRGW14SVP3PKMRRXC2J621
01KZV5Q351DW4RK1EEXAPMKRZ8,for downgrade,01KZRTCK09JN0THVZ31Y0WZVVG,01KZRRGW14200T0G4QVVJEZMW1,01KZRW48770HAGRX3Y72BY1D43,2026-08-23 18:02:06.840256+08,2026-08-23 18:02:06.840256+08,01KZRRGW14FX4FRK4R4E3MKR5J,01KZRRGW143DR9TSRKKQDPRDKM
01KZV5Q351CFPKBQCR6C2CD2S3,for replacement - broken unit,01KZRTCK0CZE85RQNVBHE8Z0XY,01KZRRGW14RBSVD8GEY7WA5YWC,01KZRW48778X9EQJ3KN65YC121,2026-08-23 18:02:06.840256+08,2026-08-23 18:02:06.840256+08,01KZRRGW14THZB9B34PPHZSFE2,01KZRRGW14Y65J9N71RS7C99PT
01KZV5Q35297A8GW9MB4JXFYB7,for replacement - broken unit,01KZRTCK0A94FXJ205PXJ12VXY,01KZRRGW143XAZME28X8CPEY8S,01KZRW4877ASYYCMJDQ4ZM72CY,2026-08-23 18:02:06.840256+08,2026-08-23 18:02:06.840256+08,01KZRRGW146F8C4946XJM2S6EC,01KZRRGW14JQ7JEW5HBDS8P7VJ
01KZV5Q3529Y011ZD646B9C9AM,for replacement - broken unit,01KZRTCK0AP6XBYVEZ6Q6903JJ,01KZRRGW14EVYGVAR1F5M4N714,01KZRW4877E1K1FVC8Z9DHP6KE,2026-08-23 18:02:06.840256+08,2026-08-23 18:02:06.840256+08,01KZRRGW14DC1V4DFEXXX74JBW,01KZRRGW14VWS3587600FPGYJJ
01KZV5Q352VBCZ05C4BREDV2VX,pullout by distributor,01KZRTCK0EHDJ7ZE2H29SEMP4F,01KZRRGW14MXEWF9HMYNXVS5ER,01KZRW4877SRMJMM3R17R2QE73,2026-08-23 18:02:06.840256+08,2026-08-23 18:02:06.840256+08,01KZRRGW14A7VW9HY70W2ZKDCX,01KZRRGW14X9Y2N7Y1J43BS87F
01KZV5Q352BM3TK4YXD0F3C2VG,pullout by dealer,01KZRTCK09KPV8751VDTXKCZPY,01KZRRGW147SW8PDR6Z12DT4B9,01KZRW4877W4J1M6PJM0QPSR4V,2026-08-23 18:02:06.840256+08,2026-08-23 18:02:06.840256+08,01KZRRGW14VWS3587600FPGYJJ,01KZRRGW14EVYGVAR1F5M4N714
01KZV5Q352BB6QCV9RM12QHZ7F,for upgrade,01KZRTCK092KE6C6NQ053J5HV2,01KZRRGW14K9GDB2KGW0SVFJBM,01KZRW4877V0J57H3JPGGS28WZ,2026-08-23 18:02:06.840256+08,2026-08-23 18:02:06.840256+08,01KZRRGW14N9EVMX0Z1ZRJRRAH,01KZRRGW14FX4FRK4R4E3MKR5J
01KZV5Q353H68HYX749DC4KNC2,for pullout,01KZRTCK097J2R68CKDHCDW0EF,01KZRRGW14N5VHBCMAJGNJ0GJH,01KZRW4877T3XV4P4JY2BTWW8J,2026-08-23 18:02:06.840256+08,2026-08-23 18:02:06.840256+08,01KZRRGW14WSB3JJJKQDEREKF3,01KZRRGW142RC6MARTSS19R7GK
01KZV5Q353948VHX7D9B6M64KK,for upgrade,01KZRTCK0DJ1AEH6Q0BTAA5HYW,01KZRRGW143DR9TSRKKQDPRDKM,01KZRW4877H6020WSQ0GV9YAQ5,2026-08-23 18:02:06.840256+08,2026-08-23 18:02:06.840256+08,01KZRRGW149RPSGBHQY8MZC6NF,01KZRRGW14200T0G4QVVJEZMW1
01KZV5Q353M2AR7DS3RZ90YK88,for downgrade,01KZRTCK0BBRHB6W67DC1946DM,01KZRRGW142RC6MARTSS19R7GK,01KZRW4877QZNEVFAY7G115HT9,2026-08-23 18:02:06.840256+08,2026-08-23 18:02:06.840256+08,01KZRRGW143DR9TSRKKQDPRDKM,01KZRRGW14KMGR1H2QPNVXB420
01KZV5Q3531RG2SNRVYQWGH7ZP,for replacement - broken unit,01KZRTCK0DBKRF237KSYD28F5D,01KZRRGW140MQ9ZE887EQDG87Z,01KZRW4877MFF924CSKP3J6WW4,2026-08-23 18:02:06.840256+08,2026-08-23 18:02:06.840256+08,01KZRRGW142RC6MARTSS19R7GK,01KZRRGW14J5MRZ241JHXYMPE5
01KZV5Q35419DBW9VJEXFN0YQS,pullout by dealer,01KZRTCK0GJ3BHKXT6ZE26WQ83,01KZRRGW14K9GDB2KGW0SVFJBM,01KZRW48774Y44DVZFJV030K96,2026-08-23 18:02:06.840256+08,2026-08-23 18:02:06.840256+08,01KZRRGW14WH1V6PTWDSASC4XK,01KZRRGW14PHE1YJB3BS55XR3K
01KZV5Q354X1T6T1QA6STY8QT5,deployment,01KZRTCK0DE8D6XWZXWCYGJJ2W,01KZRRGW14W9JF1K1J0X6X34N8,01KZRW4877C3T2MSDMNBQ24EB4,2026-08-23 18:02:06.840256+08,2026-08-23 18:02:06.840256+08,01KZRRGW14J5MRZ241JHXYMPE5,01KZRRGW14PHE1YJB3BS55XR3K
01KZV5Q354B76KZ444PRSY54K3,for pullout,01KZRTCK0DXHYFWP9R2A106RT9,01KZRRGW147SW8PDR6Z12DT4B9,01KZRW4877HQV77AK3B14GNXZ1,2026-08-23 18:02:06.840256+08,2026-08-23 18:02:06.840256+08,01KZRRGW14KMGR1H2QPNVXB420,01KZRRGW146F8C4946XJM2S6EC
01KZV5Q3547GNEWBA3FGTCE6HN,deployment,01KZRTCK0GF50C39AC4N0XKWP3,01KZRRGW14KBMMYGKVHMX9RQD8,01KZRW4877QZNEVFAY7G115HT9,2026-08-23 18:02:06.840256+08,2026-08-23 18:02:06.840256+08,01KZRRGW14THZB9B34PPHZSFE2,01KZRRGW142XAJ3EN2YJAF1HJB
01KZV5Q354GH7MDM71JM454W4B,deployment,01KZRTCK09TPPZ5DYAG2VSCJSZ,01KZRRGW14FX4FRK4R4E3MKR5J,01KZRW4877ASYYCMJDQ4ZM72CY,2026-08-23 18:02:06.840256+08,2026-08-23 18:02:06.840256+08,01KZRRGW14X04WHWJ78QR6J8H3,01KZRRGW14XPKB44H9B6WS515H
01KZV5Q3554TX6KQCN6S1X67TV,for replacement - broken unit,01KZRTCK0GT4F2PKYY7R4S3AF0,01KZRRGW14A7VW9HY70W2ZKDCX,01KZRW4877WE0F7J1HSG76PWQF,2026-08-23 18:02:06.840256+08,2026-08-23 18:02:06.840256+08,01KZRRGW14MXEWF9HMYNXVS5ER,01KZRRGW14G35YB41SN7AN85CV
01KZV5Q3558ZT46M05Q3JQV3NM,for downgrade,01KZRTCK0G7BEC9D6Y8KPR0S3R,01KZRRGW14Y65J9N71RS7C99PT,01KZRW487795H0KSW6AV992VCS,2026-08-23 18:02:06.840256+08,2026-08-23 18:02:06.840256+08,01KZRRGW14PHE1YJB3BS55XR3K,01KZRRGW14N5VHBCMAJGNJ0GJH
01KZV5Q355HFX1NK0DFEG9Q1JT,pullout by distributor,01KZRTCK09DGBFH5771SK4RS7S,01KZRRGW14THZB9B34PPHZSFE2,01KZRW4877DZMG7S8EQEYF7D89,2026-08-23 18:02:06.840256+08,2026-08-23 18:02:06.840256+08,01KZRRGW14WH1V6PTWDSASC4XK,01KZRRGW14X04WHWJ78QR6J8H3
01KZV5Q355PVAEXG6DB9AVW2QD,deployment,01KZRTCK096JA4SNPTP9NVGC7Z,01KZRRGW14Z2V2BPKDSQ6DKV67,01KZRW48777JDTMGDM6JZY87AF,2026-08-23 18:02:06.840256+08,2026-08-23 18:02:06.840256+08,01KZRRGW14J5MRZ241JHXYMPE5,01KZRRGW14JQ7JEW5HBDS8P7VJ
01KZV5Q355DAVRTF6VY70Y3D9T,for downgrade,01KZRTCK0AHM6274MDM2YA1B2C,01KZRRGW147SW8PDR6Z12DT4B9,01KZRW48778HEX0CCC1CXQ27DR,2026-08-23 18:02:06.840256+08,2026-08-23 18:02:06.840256+08,01KZRRGW14SVP3PKMRRXC2J621,01KZRRGW14Y65J9N71RS7C99PT
01KZV5Q3550HTTFGM3TZG7S09J,pullout by distributor,01KZRTCK0GZ0YYADHVH7A7Q9JP,01KZRRGW1442K27HM42RTFZG1M,01KZRW48778X9EQJ3KN65YC121,2026-08-23 18:02:06.840256+08,2026-08-23 18:02:06.840256+08,01KZRRGW142RC6MARTSS19R7GK,01KZRRGW14DC1V4DFEXXX74JBW
01KZV5Q355DZ1VZK3G4K26XR0Q,for downgrade,01KZRTCK0CNPZGSX4Q8SY2N0VK,01KZRRGW14N5VHBCMAJGNJ0GJH,01KZRW4877SRMJMM3R17R2QE73,2026-08-23 18:02:06.840256+08,2026-08-23 18:02:06.840256+08,01KZRRGW14X9Y2N7Y1J43BS87F,01KZRRGW14X04WHWJ78QR6J8H3
01KZV5Q3561VR1QV5M522M9Q9Y,for downgrade,01KZRTCK09MBGRQZ918B0JYQNE,01KZRRGW14N9EVMX0Z1ZRJRRAH,01KZRW4877R9Q45MFW4A93MM51,2026-08-23 18:02:06.840256+08,2026-08-23 18:02:06.840256+08,01KZRRGW14N56M3HGFGXE3FN5T,01KZRRGW14N5VHBCMAJGNJ0GJH
01KZV5Q3561PQNKGAMEDTBPBJW,for pullout,01KZRTCK0EXZC6P5W4YHXKRDYG,01KZRRGW142RC6MARTSS19R7GK,01KZRW48771S3VZMTY431CY71G,2026-08-23 18:02:06.840256+08,2026-08-23 18:02:06.840256+08,01KZRRGW149RPSGBHQY8MZC6NF,01KZRRGW14DC1V4DFEXXX74JBW
01KZV5Q356F8Z5GSA88BYHA3FH,pullout by distributor,01KZRTCK0FS40VJBSHR4REZK1K,01KZRRGW14RBSVD8GEY7WA5YWC,01KZRW4877RK7R5ZV77193KMDQ,2026-08-23 18:02:06.840256+08,2026-08-23 18:02:06.840256+08,01KZRRGW1448AZYH3Y9E70DS21,01KZRRGW14KVWBG89MRPJPJBXC
01KZV5Q356E83REJQ0BS6YNN0F,for upgrade,01KZRTCK0CPMTYAYNVVX544CNZ,01KZRRGW143DR9TSRKKQDPRDKM,01KZRW4877YEX8C3RH16STZ2B2,2026-08-23 18:02:06.840256+08,2026-08-23 18:02:06.840256+08,01KZRRGW14SVP3PKMRRXC2J621,01KZRRGW14KMGR1H2QPNVXB420
01KZV5Q356ASQVTV3ST782MQ5S,pullout by dealer,01KZRTCK0DKFJCWR48JPB7HYMX,01KZRRGW14K9GDB2KGW0SVFJBM,01KZRW487741KD7GWF4QB79EFH,2026-08-23 18:02:06.840256+08,2026-08-23 18:02:06.840256+08,01KZRRGW14PHE1YJB3BS55XR3K,01KZRRGW14W9JF1K1J0X6X34N8
01KZV5Q357BNVY4RQFZZG0YHVH,pullout by dealer,01KZRTCK08BNBG3WHVFR7752C9,01KZRRGW1442K27HM42RTFZG1M,01KZRW4877QESJQX4TK48W4NS1,2026-08-23 18:02:06.840256+08,2026-08-23 18:02:06.840256+08,01KZRRGW14N9EVMX0Z1ZRJRRAH,01KZRRGW14WSB3JJJKQDEREKF3
01KZV5Q357X9RNB8VQVQGDD5K0,for pullout,01KZRTCK09C0ES6VKDBSA0SD68,01KZRRGW1442K27HM42RTFZG1M,01KZRW4877SRMJMM3R17R2QE73,2026-08-23 18:02:06.840256+08,2026-08-23 18:02:06.840256+08,01KZRRGW14EVYGVAR1F5M4N714,01KZRRGW14N9EVMX0Z1ZRJRRAH
01KZV5Q358AVJCDDAD6B8DR5XC,for upgrade,01KZRTCK0EW34YQN3FKXZ8TVGE,01KZRRGW14W9JF1K1J0X6X34N8,01KZRW4877570TMPXQJ6F3CTPG,2026-08-23 18:02:06.840256+08,2026-08-23 18:02:06.840256+08,01KZRRGW14KVWBG89MRPJPJBXC,01KZRRGW14THZB9B34PPHZSFE2
01KZV5Q35815V14X8KKATA00J8,pullout by distributor,01KZRTCK09DA210FMMKJN9MHSH,01KZRRGW14JQ7JEW5HBDS8P7VJ,01KZRW4877HQV77AK3B14GNXZ1,2026-08-23 18:02:06.840256+08,2026-08-23 18:02:06.840256+08,01KZRRGW14N5VHBCMAJGNJ0GJH,01KZRRGW14THZB9B34PPHZSFE2
01KZV5Q3587GH6T1J5J5B2MP2R,pullout by distributor,01KZRTCK0CMFV5SXDDZK891JRK,01KZRRGW14PHE1YJB3BS55XR3K,01KZRW4877VZEYQPDKKQXF13AV,2026-08-23 18:02:06.840256+08,2026-08-23 18:02:06.840256+08,01KZRRGW14A7VW9HY70W2ZKDCX,01KZRRGW14EVYGVAR1F5M4N714
01KZV5Q358RZGA30H3C69JQD2R,pullout by dealer,01KZRTCK0GS39Q650EMAETSHMS,01KZRRGW14X04WHWJ78QR6J8H3,01KZRW4877WE0F7J1HSG76PWQF,2026-08-23 18:02:06.840256+08,2026-08-23 18:02:06.840256+08,01KZRRGW149RPSGBHQY8MZC6NF,01KZRRGW14KBMMYGKVHMX9RQD8
01KZV5Q358KN9W9JDGDHN7WHCB,deployment,01KZRTCK0AX12AJV8MSY21C11Z,01KZRRGW14Z2V2BPKDSQ6DKV67,01KZRW4877YEX8C3RH16STZ2B2,2026-08-23 18:02:06.840256+08,2026-08-23 18:02:06.840256+08,01KZRRGW14J5MRZ241JHXYMPE5,01KZRRGW1448AZYH3Y9E70DS21
01KZV5Q358R82WDR7K7W4VV4PY,for upgrade,01KZRTCK0GK4FAY87TXH0F808N,01KZRRGW14Z2V2BPKDSQ6DKV67,01KZRW4877H6020WSQ0GV9YAQ5,2026-08-23 18:02:06.840256+08,2026-08-23 18:02:06.840256+08,01KZRRGW14SVP3PKMRRXC2J621,01KZRRGW14W9JF1K1J0X6X34N8
01KZV5Q359JNM0BQTVE71CVNBR,pullout by dealer,01KZRTCK0HN1GHM1EYFQXGZX7H,01KZRRGW1442K27HM42RTFZG1M,01KZRW48779R4JNZ47ZW2T3PQB,2026-08-23 18:02:06.840256+08,2026-08-23 18:02:06.840256+08,01KZRRGW14N9EVMX0Z1ZRJRRAH,01KZRRGW14THZB9B34PPHZSFE2
01KZV5Q3591Y1F3TW4HR0R04F9,for downgrade,01KZRTCK0BQSW7XRVETADJPGX3,01KZRRGW14W9JF1K1J0X6X34N8,01KZRW48779R4JNZ47ZW2T3PQB,2026-08-23 18:02:06.840256+08,2026-08-23 18:02:06.840256+08,01KZRRGW14WH1V6PTWDSASC4XK,01KZRRGW147SW8PDR6Z12DT4B9
01KZV5Q359YY67TJDATB5ZWHE6,for pullout,01KZRTCK0D46TN323ZXD16NVZG,01KZRRGW14G35YB41SN7AN85CV,01KZRW4877V5PZPAVH7Z3DSPSZ,2026-08-23 18:02:06.840256+08,2026-08-23 18:02:06.840256+08,01KZRRGW142RC6MARTSS19R7GK,01KZRRGW146F8C4946XJM2S6EC
01KZV5Q3595VR7C10ZJJQT4C4R,for replacement - broken unit,01KZRTCK0DTVAJG1H0X10YA349,01KZRRGW14N5VHBCMAJGNJ0GJH,01KZRW48773P9B1HDR1BKFG957,2026-08-23 18:02:06.840256+08,2026-08-23 18:02:06.840256+08,01KZRRGW14VWS3587600FPGYJJ,01KZRRGW14WSB3JJJKQDEREKF3
01KZV5Q35ABXT9B4GWN845BRVY,for pullout,01KZRTCK0GDR0SZHA61K56JG0T,01KZRRGW14XPKB44H9B6WS515H,01KZRW4877D5ZY6TAERNGTV34K,2026-08-23 18:02:06.840256+08,2026-08-23 18:02:06.840256+08,01KZRRGW14THZB9B34PPHZSFE2,01KZRRGW14G35YB41SN7AN85CV
01KZV5Q35AHG6EN6HYZKFY4V5N,for upgrade,01KZRTCK0AQKPK3GSK0KA5M3M0,01KZRRGW14X9Y2N7Y1J43BS87F,01KZRW4877E1K1FVC8Z9DHP6KE,2026-08-23 18:02:06.840256+08,2026-08-23 18:02:06.840256+08,01KZRRGW146F8C4946XJM2S6EC,01KZRRGW14XPKB44H9B6WS515H
01KZV5Q35AG5EET41TR2B6813W,for downgrade,01KZRTCK0DY55X7HNKQARBWWZ2,01KZRRGW143XAZME28X8CPEY8S,01KZRW48771BV67J8RNDGKP3AK,2026-08-23 18:02:06.840256+08,2026-08-23 18:02:06.840256+08,01KZRRGW14200T0G4QVVJEZMW1,01KZRRGW14KBMMYGKVHMX9RQD8
01KZV5Q35A29RPAD8VTP0WM8WP,for replacement - broken unit,01KZRTCK09RN2ZJN8C382NNETD,01KZRRGW14VWS3587600FPGYJJ,01KZRW48778X9EQJ3KN65YC121,2026-08-23 18:02:06.840256+08,2026-08-23 18:02:06.840256+08,01KZRRGW142XAJ3EN2YJAF1HJB,01KZRRGW1442K27HM42RTFZG1M
01KZV5Q35B5W6MK1P46P8WMZ9S,for pullout,01KZRTCK0817YQZV4J1H6JYE0A,01KZRRGW147SW8PDR6Z12DT4B9,01KZRW4877Z1GGC6GJTVS7J2AP,2026-08-23 18:02:06.840256+08,2026-08-23 18:02:06.840256+08,01KZRRGW14VWS3587600FPGYJJ,01KZRRGW147SW8PDR6Z12DT4B9
01KZV5Q35BKVABEB8356QMX6QP,pullout by distributor,01KZRTCK09Q34SDD3A4R8G3QYV,01KZRRGW14X9Y2N7Y1J43BS87F,01KZRW4877TQ7065A4RCCYE8SH,2026-08-23 18:02:06.840256+08,2026-08-23 18:02:06.840256+08,01KZRRGW14SVP3PKMRRXC2J621,01KZRRGW14A7VW9HY70W2ZKDCX
01KZV5Q35BZ3SN0YG5Y5HJMF5V,deployment,01KZRTCK0B8BD3DNPP8XPWX2NK,01KZRRGW1448AZYH3Y9E70DS21,01KZRW4877R9Q45MFW4A93MM51,2026-08-23 18:02:06.840256+08,2026-08-23 18:02:06.840256+08,01KZRRGW14Y65J9N71RS7C99PT,01KZRRGW14KBMMYGKVHMX9RQD8
01KZV5Q35E78Q5ZF33NS61E17T,for downgrade,01KZRTCK0ECHGS3APJ467Y392A,01KZRRGW14Y65J9N71RS7C99PT,01KZRW4877WQZA5NY9SXK8D7Q3,2026-08-23 18:02:06.840256+08,2026-08-23 18:02:06.840256+08,01KZRRGW142XAJ3EN2YJAF1HJB,01KZRRGW14Y65J9N71RS7C99PT
01KZV5Q35BW2RHA26PDZKKXMYG,for downgrade,01KZRTCK08ZJ6HXA59V0F5H2AA,01KZRRGW147SW8PDR6Z12DT4B9,01KZRW4877H6020WSQ0GV9YAQ5,2026-08-23 18:02:06.840256+08,2026-08-23 18:02:06.840256+08,01KZRRGW143DR9TSRKKQDPRDKM,01KZRRGW14X9Y2N7Y1J43BS87F
01KZV5Q35BYJ6GY1BCW20H4RA6,for replacement - broken unit,01KZRTCK09BZWGKTVZH0NRF6QC,01KZRRGW14WSB3JJJKQDEREKF3,01KZRW4877HTTETZMDFBTY9TG8,2026-08-23 18:02:06.840256+08,2026-08-23 18:02:06.840256+08,01KZRRGW14Y65J9N71RS7C99PT,01KZRRGW142XAJ3EN2YJAF1HJB
01KZV5Q35BRHWBV1N9S6XQNH55,for replacement - broken unit,01KZRTCK0B7NH6E3DTJ2JATGM1,01KZRRGW14EVYGVAR1F5M4N714,01KZRW48779S54N1CEJC2Y3AZY,2026-08-23 18:02:06.840256+08,2026-08-23 18:02:06.840256+08,01KZRRGW14KVWBG89MRPJPJBXC,01KZRRGW14SVP3PKMRRXC2J621
01KZV5Q35C7YWAN0DJ9CKX2HX2,deployment,01KZRTCK09QEZKCKZ672X4K053,01KZRRGW14RBSVD8GEY7WA5YWC,01KZRW4877T3XV4P4JY2BTWW8J,2026-08-23 18:02:06.840256+08,2026-08-23 18:02:06.840256+08,01KZRRGW14WSB3JJJKQDEREKF3,01KZRRGW149RPSGBHQY8MZC6NF
01KZV5Q35CAN97ATVQWC9AP2DS,deployment,01KZRTCK0CC0HGPX4D3KT1ED57,01KZRRGW149RPSGBHQY8MZC6NF,01KZRW4877CATZ1KPW5MYDDBWC,2026-08-23 18:02:06.840256+08,2026-08-23 18:02:06.840256+08,01KZRRGW14X04WHWJ78QR6J8H3,01KZRRGW143XAZME28X8CPEY8S
01KZV5Q35C4NQPN46F1ZCNJE3F,for replacement - broken unit,01KZRTCK083HV6GH1XWWZCQS44,01KZRRGW14X04WHWJ78QR6J8H3,01KZRW4877G39D68T0PQZ5M81A,2026-08-23 18:02:06.840256+08,2026-08-23 18:02:06.840256+08,01KZRRGW146F8C4946XJM2S6EC,01KZRRGW14N56M3HGFGXE3FN5T
01KZV5Q35CY0ZS6PCYX9ZP02F0,for upgrade,01KZRTCK0GJT8MWPDBCHH34Z40,01KZRRGW14N56M3HGFGXE3FN5T,01KZRW4877X5K4QDEQJ8HJV36S,2026-08-23 18:02:06.840256+08,2026-08-23 18:02:06.840256+08,01KZRRGW1442K27HM42RTFZG1M,01KZRRGW14X04WHWJ78QR6J8H3
01KZV5Q35C96RHXEQWF1049FY6,for downgrade,01KZRTCK0E7J9392CJWVRTK3CT,01KZRRGW147SW8PDR6Z12DT4B9,01KZRW48771VS10A2E45E408EC,2026-08-23 18:02:06.840256+08,2026-08-23 18:02:06.840256+08,01KZRRGW14Z2V2BPKDSQ6DKV67,01KZRRGW14X04WHWJ78QR6J8H3
01KZV5Q35DQEFCSKY2N3NDPWHZ,pullout by dealer,01KZRTCK0G1JGKCB5EV8ZT1C54,01KZRRGW14X9Y2N7Y1J43BS87F,01KZRW48778X9EQJ3KN65YC121,2026-08-23 18:02:06.840256+08,2026-08-23 18:02:06.840256+08,01KZRRGW14WSB3JJJKQDEREKF3,01KZRRGW143DR9TSRKKQDPRDKM
01KZV5Q35DM9YY6Z26GZ7Z6PRQ,for replacement - broken unit,01KZRTCK0DENYQFBRMZCBXKTES,01KZRRGW1448AZYH3Y9E70DS21,01KZRW48778X9EQJ3KN65YC121,2026-08-23 18:02:06.840256+08,2026-08-23 18:02:06.840256+08,01KZRRGW14J5MRZ241JHXYMPE5,01KZRRGW14K9GDB2KGW0SVFJBM
01KZV5Q35DSM1T8J5DCS7ESGE4,for pullout,01KZRTCK0CXBD1JWT97NA2F039,01KZRRGW14Z2V2BPKDSQ6DKV67,01KZRW4877FQ91CFKG4PJTR1JJ,2026-08-23 18:02:06.840256+08,2026-08-23 18:02:06.840256+08,01KZRRGW14EVYGVAR1F5M4N714,01KZRRGW14DC1V4DFEXXX74JBW
01KZV5Q35DBHE3KPE97JDC9RS7,for pullout,01KZRTCK0D297Q3S4WAGJ6416V,01KZRRGW146F8C4946XJM2S6EC,01KZRW4877GVVZRA6JKSTGEVNK,2026-08-23 18:02:06.840256+08,2026-08-23 18:02:06.840256+08,01KZRRGW14SVP3PKMRRXC2J621,01KZRRGW149RPSGBHQY8MZC6NF
01KZV5Q35DTZXRDT33A1ECDDTS,for upgrade,01KZRTCK08H89BJARRNGAPCBM3,01KZRRGW14N56M3HGFGXE3FN5T,01KZRW48778X9EQJ3KN65YC121,2026-08-23 18:02:06.840256+08,2026-08-23 18:02:06.840256+08,01KZRRGW14WH1V6PTWDSASC4XK,01KZRRGW14X9Y2N7Y1J43BS87F
01KZV5Q35D3SRETX65VFF2PZ43,deployment,01KZRTCK0BBEDMSEST18JE5HAY,01KZRRGW14WH1V6PTWDSASC4XK,01KZRW4877QZNEVFAY7G115HT9,2026-08-23 18:02:06.840256+08,2026-08-23 18:02:06.840256+08,01KZRRGW14X04WHWJ78QR6J8H3,01KZRRGW143XAZME28X8CPEY8S
01KZV5Q35D57R9NSZWGWMJSVSK,pullout by distributor,01KZRTCK0B687DX075E6H575Y9,01KZRRGW140MQ9ZE887EQDG87Z,01KZRW48778HEX0CCC1CXQ27DR,2026-08-23 18:02:06.840256+08,2026-08-23 18:02:06.840256+08,01KZRRGW14W9JF1K1J0X6X34N8,01KZRRGW14K9GDB2KGW0SVFJBM
01KZV5Q35ERS8P0D39EWN3CHGX,for replacement - broken unit,01KZRTCK09TPPZ5DYAG2VSCJSZ,01KZRRGW14J5MRZ241JHXYMPE5,01KZRW4877Z1GGC6GJTVS7J2AP,2026-08-23 18:02:06.840256+08,2026-08-23 18:02:06.840256+08,01KZRRGW14SVP3PKMRRXC2J621,01KZRRGW14Z2V2BPKDSQ6DKV67
01KZV5Q32D0NWAA6WQY5T6W3GR,pullout by distributor,01KZRTCK09HB4VP5Z9TR48H6Z6,01KZRRGW14VWS3587600FPGYJJ,01KZRW4877HVT4X8HFK0HTQ94N,2026-08-23 18:02:06.840256+08,2026-08-23 18:02:06.840256+08,01KZRRGW14KVWBG89MRPJPJBXC,01KZRRGW14EVYGVAR1F5M4N714
01KZV5Q32D18A67CJRTBTV0HHH,for pullout,01KZRTCK0FDH1RFPKH0QCY6CZV,01KZRRGW1442K27HM42RTFZG1M,01KZRW4877FZS8TFJN9ZMN5RWV,2026-08-23 18:02:06.840256+08,2026-08-23 18:02:06.840256+08,01KZRRGW143DR9TSRKKQDPRDKM,01KZRRGW14THZB9B34PPHZSFE2
01KZV5Q32DS1AB7JA1SPM2XWMB,pullout by dealer,01KZRTCK0A6W62GJ61D2A25CDW,01KZRRGW14N9EVMX0Z1ZRJRRAH,01KZRW4877F027DTG1RSTES089,2026-08-23 18:02:06.840256+08,2026-08-23 18:02:06.840256+08,01KZRRGW14MXEWF9HMYNXVS5ER,01KZRRGW14WSB3JJJKQDEREKF3
01KZV5Q356Z83J6DEZ992MFQAQ,for downgrade,01KZRTCK0GCK45TR5APBAVBJZG,01KZRRGW14W9JF1K1J0X6X34N8,01KZRW4877BKP2FRH1B8G1CTC9,2026-08-23 18:02:06.840256+08,2026-08-23 18:02:06.840256+08,01KZRRGW147SW8PDR6Z12DT4B9,01KZRRGW14N9EVMX0Z1ZRJRRAH
01KZV5Q357PH3KSKHSVZA8EQSV,for upgrade,01KZRTCK0EXNFAFF09HEKQ9MNW,01KZRRGW14N9EVMX0Z1ZRJRRAH,01KZRW4877B4VKB2E5TT4BWFP8,2026-08-23 18:02:06.840256+08,2026-08-23 18:02:06.840256+08,01KZRRGW14XPKB44H9B6WS515H,01KZRRGW14200T0G4QVVJEZMW1
01KZV5Q35749RMP5DWE4SGWAAK,pullout by distributor,01KZRTCK0B687DX075E6H575Y9,01KZRRGW14N56M3HGFGXE3FN5T,01KZRW4877B4VKB2E5TT4BWFP8,2026-08-23 18:02:06.840256+08,2026-08-23 18:02:06.840256+08,01KZRRGW14THZB9B34PPHZSFE2,01KZRRGW14N56M3HGFGXE3FN5T
01KZV5Q3578QHR7F5EK7RWX4H0,pullout by dealer,01KZRTCK09VBXPMVJP7ZPMTEXK,01KZRRGW142XAJ3EN2YJAF1HJB,01KZRW48770HAGRX3Y72BY1D43,2026-08-23 18:02:06.840256+08,2026-08-23 18:02:06.840256+08,01KZRRGW146F8C4946XJM2S6EC,01KZRRGW14RBSVD8GEY7WA5YWC
01KZV5Q357QH5RCYQYCXXBKD20,for upgrade,01KZRTCK0GDZ8SB6YYGT9SSY2X,01KZRRGW14FX4FRK4R4E3MKR5J,01KZRW487741KD7GWF4QB79EFH,2026-08-23 18:02:06.840256+08,2026-08-23 18:02:06.840256+08,01KZRRGW143DR9TSRKKQDPRDKM,01KZRRGW14N9EVMX0Z1ZRJRRAH
01KZV5Q357AF8EQH47S71C5KJX,deployment,01KZRTCK09BBH1YX3X7ZTJQ3YB,01KZRRGW14VWS3587600FPGYJJ,01KZRW4877T3KKF85T8W2FJ0J5,2026-08-23 18:02:06.840256+08,2026-08-23 18:02:06.840256+08,01KZRRGW14Z2V2BPKDSQ6DKV67,01KZRRGW1442K27HM42RTFZG1M
01KZV5Q35752HBWKQWN0KY9DR6,for replacement - broken unit,01KZRTCK0G5MVQXDRCE7B6VZ1X,01KZRRGW14VWS3587600FPGYJJ,01KZRW48771VS10A2E45E408EC,2026-08-23 18:02:06.840256+08,2026-08-23 18:02:06.840256+08,01KZRRGW14KBMMYGKVHMX9RQD8,01KZRRGW14G35YB41SN7AN85CV
