id,model,capacity,barcode,brand,year_model,created_at,updated_at
01KZRTCK08BT0XKYRQCNA5GZZ4,Swing-up Freezer,12cu,YIRLDPLDM1,Haier,2008,2026-08-23 16:19:34.451561+08,2026-08-23 16:19:34.451561+08
01KZRTCK087XJX8NB17FC7PNXW,Swing-up Freezer,15cu,MUZZ6UO4NX,Aucma,2010,2026-08-23 16:19:34.451561+08,2026-08-23 16:19:34.451561+08
01KZRTCK08HVKDNCXE8ZZTDXN4,Swing-up Freezer,24cu,V2H40T7BZJ,Liebherr,2022,2026-08-23 16:19:34.451561+08,2026-08-23 16:19:34.451561+08
01KZRTCK08H89BJARRNGAPCBM3,Curved Glass Lighted Freezer,18cu,K42NSK5OAF,Aucma,2007,2026-08-23 16:19:34.451561+08,2026-08-23 16:19:34.451561+08
01KZRTCK08XCZVMKA20A3SF398,Curved Glass Freezer,18cu,2KLBIW5UIW,Hiron,2005,2026-08-23 16:19:34.451561+08,2026-08-23 16:19:34.451561+08
01KZRTCK08GNMMXG6D8Y17Q4SD,Sliding Glass Freezer,15cu,9YDQ8HROIR,Aucma,2012,2026-08-23 16:19:34.451561+08,2026-08-23 16:19:34.451561+08
01KZRTCK08TGC4E5EV7HDR480Q,Sliding Glass Freezer,18cu,SSG2URVFP6,Liebherr,2010,2026-08-23 16:19:34.451561+08,2026-08-23 16:19:34.451561+08
01KZRTCK08W2VKBBGB5EHC35RN,Curved Glass Lighted Freezer,8cu,CV4HE59V2K,Aucma,2016,2026-08-23 16:19:34.451561+08,2026-08-23 16:19:34.451561+08
01KZRTCK08QH35H78G3Z4WQ9VC,Curved Glass Freezer,18cu,WTCHK0XREU,Liebherr,2011,2026-08-23 16:19:34.451561+08,2026-08-23 16:19:34.451561+08
01KZRTCK083HV6GH1XWWZCQS44,Swing-up Freezer,24cu,8JW2R843DZ,Hiron,2012,2026-08-23 16:19:34.451561+08,2026-08-23 16:19:34.451561+08
01KZRTCK08C0M5XNN4FHPQV8V7,Swing-up Freezer,12cu,VKIPYZKB86,Haier,2016,2026-08-23 16:19:34.451561+08,2026-08-23 16:19:34.451561+08
01KZRTCK08K0YBZJE755VD6F8C,Curved Glass Lighted Freezer,18cu,Z8ZWELGASK,Aucma,2017,2026-08-23 16:19:34.451561+08,2026-08-23 16:19:34.451561+08
01KZRTCK08YCCX02TVJ5CPZ9D1,Swing-up Freezer,9cu,CLVP2J3VYR,Liebherr,2013,2026-08-23 16:19:34.451561+08,2026-08-23 16:19:34.451561+08
01KZRTCK0817YQZV4J1H6JYE0A,Curved Glass Freezer,9cu,H3RX7JNZK2,Haier,2002,2026-08-23 16:19:34.451561+08,2026-08-23 16:19:34.451561+08
01KZRTCK089CKZ37H7JGX22K2F,Curved Glass Lighted Freezer,12cu,S56MO998SY,Haier,2017,2026-08-23 16:19:34.451561+08,2026-08-23 16:19:34.451561+08
01KZRTCK08TE19SBXYQ981X6XE,Swing-up Freezer,24cu,DCI79NLU77,Haier,2002,2026-08-23 16:19:34.451561+08,2026-08-23 16:19:34.451561+08
01KZRTCK08EMXA9KA3FD4A6FX8,Curved Glass Freezer,12cu,OPFG4SLG2M,Haier,2013,2026-08-23 16:19:34.451561+08,2026-08-23 16:19:34.451561+08
01KZRTCK08GHYTVAKJYB5W4WT0,Curved Glass Lighted Freezer,15cu,3YVPUTYLAH,Liebherr,2021,2026-08-23 16:19:34.451561+08,2026-08-23 16:19:34.451561+08
01KZRTCK086FZSK6J7XCF1JV32,Curved Glass Lighted Freezer,15cu,DKK5XLWT9J,Hiron,2000,2026-08-23 16:19:34.451561+08,2026-08-23 16:19:34.451561+08
01KZRTCK08XJ6Y1YDGT35AM4H7,Curved Glass Lighted Freezer,9cu,TFPCP3SVFJ,Liebherr,2025,2026-08-23 16:19:34.451561+08,2026-08-23 16:19:34.451561+08
01KZRTCK08BNBG3WHVFR7752C9,Curved Glass Freezer,24cu,1DU78HAY77,Aucma,2024,2026-08-23 16:19:34.451561+08,2026-08-23 16:19:34.451561+08
01KZRTCK08K2T65SFFGMW00359,Sliding Glass Freezer,18cu,KG6Y0X7T8I,Haier,2003,2026-08-23 16:19:34.451561+08,2026-08-23 16:19:34.451561+08
01KZRTCK086NH160N9DBHN8VQD,Swing-up Freezer,18cu,ELYUY6Q8WT,Liebherr,2003,2026-08-23 16:19:34.451561+08,2026-08-23 16:19:34.451561+08
01KZRTCK08324GYTSB5JYW2QYA,Curved Glass Lighted Freezer,15cu,GMNU7I5GWT,Hiron,2019,2026-08-23 16:19:34.451561+08,2026-08-23 16:19:34.451561+08
01KZRTCK086K620886775DZ7T0,Curved Glass Freezer,12cu,L5KLVSYVK9,Haier,2005,2026-08-23 16:19:34.451561+08,2026-08-23 16:19:34.451561+08
01KZRTCK08ZJ6HXA59V0F5H2AA,Sliding Glass Freezer,12cu,DVWHVGA4I6,Liebherr,2014,2026-08-23 16:19:34.451561+08,2026-08-23 16:19:34.451561+08
01KZRTCK08ESNTMBYH49Q3K5TY,Curved Glass Freezer,12cu,FN1SAEEPZG,Liebherr,2026,2026-08-23 16:19:34.451561+08,2026-08-23 16:19:34.451561+08
01KZRTCK08E957EMXAC78FS4DX,Curved Glass Freezer,9cu,SSD1Q57U4Y,Aucma,2025,2026-08-23 16:19:34.451561+08,2026-08-23 16:19:34.451561+08
01KZRTCK09JQWH04W3H525JV6T,Swing-up Freezer,15cu,UMAKCIIBR6,Liebherr,2013,2026-08-23 16:19:34.451561+08,2026-08-23 16:19:34.451561+08
01KZRTCK09Y2CMZEQMN1KAEQEP,Sliding Glass Freezer,24cu,Y8HY6BDSCL,Hiron,2018,2026-08-23 16:19:34.451561+08,2026-08-23 16:19:34.451561+08
01KZRTCK09752SA17BD62ZV900,Curved Glass Lighted Freezer,12cu,NNOMION2FJ,Liebherr,2023,2026-08-23 16:19:34.451561+08,2026-08-23 16:19:34.451561+08
01KZRTCK09FAC0GX95W662NY1E,Curved Glass Freezer,12cu,JUGNAHLM7X,Hiron,2002,2026-08-23 16:19:34.451561+08,2026-08-23 16:19:34.451561+08
01KZRTCK09MBGRQZ918B0JYQNE,Curved Glass Lighted Freezer,12cu,0Z5MXDGAE4,Haier,2004,2026-08-23 16:19:34.451561+08,2026-08-23 16:19:34.451561+08
01KZRTCK09BBH1YX3X7ZTJQ3YB,Sliding Glass Freezer,9cu,W3MQEO4FJO,Aucma,2022,2026-08-23 16:19:34.451561+08,2026-08-23 16:19:34.451561+08
01KZRTCK099JFYWXAKG01064WT,Sliding Glass Freezer,12cu,XZ4RFG3GCK,Aucma,2021,2026-08-23 16:19:34.451561+08,2026-08-23 16:19:34.451561+08
01KZRTCK09F7V5CMSXPN9DDNR9,Curved Glass Freezer,18cu,OM4AQPAYP8,Liebherr,2019,2026-08-23 16:19:34.451561+08,2026-08-23 16:19:34.451561+08
01KZRTCK092KE6C6NQ053J5HV2,Swing-up Freezer,24cu,TUVT7IGPWH,Aucma,2025,2026-08-23 16:19:34.451561+08,2026-08-23 16:19:34.451561+08
01KZRTCK09Q34SDD3A4R8G3QYV,Swing-up Freezer,8cu,E8EDDMWFZW,Haier,2012,2026-08-23 16:19:34.451561+08,2026-08-23 16:19:34.451561+08
01KZRTCK09DCASWAKNGCS4KDFY,Swing-up Freezer,8cu,GBSH5O0P9E,Haier,2017,2026-08-23 16:19:34.451561+08,2026-08-23 16:19:34.451561+08
01KZRTCK09RDR1PHAVMR9V5KJB,Curved Glass Freezer,24cu,89LQOJ3WQU,Aucma,2000,2026-08-23 16:19:34.451561+08,2026-08-23 16:19:34.451561+08
01KZRTCK09T1NQMD9NFP2XS7PH,Curved Glass Lighted Freezer,15cu,KFD66M1STQ,Aucma,2010,2026-08-23 16:19:34.451561+08,2026-08-23 16:19:34.451561+08
01KZRTCK09KQDB5P5SS195863C,Curved Glass Lighted Freezer,12cu,SZTNPEKKLL,Liebherr,2017,2026-08-23 16:19:34.451561+08,2026-08-23 16:19:34.451561+08
01KZRTCK0974WJCDKCAW8PZZH8,Swing-up Freezer,24cu,UPXGGN2NAQ,Hiron,2003,2026-08-23 16:19:34.451561+08,2026-08-23 16:19:34.451561+08
01KZRTCK09EJS3PR206FXGG19R,Curved Glass Lighted Freezer,18cu,ORYHXSNJ1K,Aucma,2016,2026-08-23 16:19:34.451561+08,2026-08-23 16:19:34.451561+08
01KZRTCK09CJ6HP50ZGWAQY2QQ,Curved Glass Freezer,12cu,OSD9MAZTGQ,Liebherr,2010,2026-08-23 16:19:34.451561+08,2026-08-23 16:19:34.451561+08
01KZRTCK09EYBY5XMC68X499R8,Sliding Glass Freezer,12cu,00RJUAS75E,Haier,2017,2026-08-23 16:19:34.451561+08,2026-08-23 16:19:34.451561+08
01KZRTCK09DHFCMHQNJX94Z9BG,Curved Glass Freezer,15cu,DZ0UQYNG1X,Liebherr,2006,2026-08-23 16:19:34.451561+08,2026-08-23 16:19:34.451561+08
01KZRTCK09GQT701TNJDT5C1JP,Sliding Glass Freezer,15cu,BXFGWFRZOB,Hiron,2018,2026-08-23 16:19:34.451561+08,2026-08-23 16:19:34.451561+08
01KZRTCK09CM008JPM5YYZ6P1V,Curved Glass Lighted Freezer,18cu,VKMZG8K70X,Haier,2023,2026-08-23 16:19:34.451561+08,2026-08-23 16:19:34.451561+08
01KZRTCK09AV49P8YM4FB76NTD,Curved Glass Freezer,12cu,WKB07T774S,Aucma,2004,2026-08-23 16:19:34.451561+08,2026-08-23 16:19:34.451561+08
01KZRTCK091J27H0GC1C520D0N,Swing-up Freezer,9cu,N3DX45YGAK,Haier,2024,2026-08-23 16:19:34.451561+08,2026-08-23 16:19:34.451561+08
01KZRTCK0969Y3PHJWT8NSCXX4,Sliding Glass Freezer,12cu,KSISMMGPS7,Haier,2013,2026-08-23 16:19:34.451561+08,2026-08-23 16:19:34.451561+08
01KZRTCK09ZP4NFE31ACHCNEMQ,Curved Glass Lighted Freezer,15cu,1SG77TOY77,Hiron,2005,2026-08-23 16:19:34.451561+08,2026-08-23 16:19:34.451561+08
01KZRTCK09PQ0WHN6TMA6XT0SG,Sliding Glass Freezer,24cu,R8WHFF1F8G,Hiron,2011,2026-08-23 16:19:34.451561+08,2026-08-23 16:19:34.451561+08
01KZRTCK09K613ZE5S3784AKGX,Curved Glass Lighted Freezer,12cu,KG705T8IFP,Aucma,2025,2026-08-23 16:19:34.451561+08,2026-08-23 16:19:34.451561+08
01KZRTCK091J0C4TEXNP70XZSX,Curved Glass Freezer,8cu,KMA9FT9YL2,Aucma,2024,2026-08-23 16:19:34.451561+08,2026-08-23 16:19:34.451561+08
01KZRTCK09E523A93WX97Q4MZP,Curved Glass Lighted Freezer,15cu,5MD12K5OJK,Aucma,2012,2026-08-23 16:19:34.451561+08,2026-08-23 16:19:34.451561+08
01KZRTCK09VBXPMVJP7ZPMTEXK,Curved Glass Lighted Freezer,15cu,9WWAY5D8YM,Aucma,2011,2026-08-23 16:19:34.451561+08,2026-08-23 16:19:34.451561+08
01KZRTCK09RQHMVGFDXFCR9332,Sliding Glass Freezer,15cu,NE9RS046EU,Haier,2014,2026-08-23 16:19:34.451561+08,2026-08-23 16:19:34.451561+08
01KZRTCK0979P77Y69Q7JMXRJW,Sliding Glass Freezer,8cu,WKY08FV84W,Aucma,2024,2026-08-23 16:19:34.451561+08,2026-08-23 16:19:34.451561+08
01KZRTCK09QKQA7PRHSYWQHPGZ,Sliding Glass Freezer,9cu,KIQM7O1MOK,Aucma,2021,2026-08-23 16:19:34.451561+08,2026-08-23 16:19:34.451561+08
01KZRTCK093AMWAQ6MWEJX7EPB,Swing-up Freezer,15cu,DGUZ7DJ5PI,Haier,2020,2026-08-23 16:19:34.451561+08,2026-08-23 16:19:34.451561+08
01KZRTCK09M3FGNFT1RNB7PXXP,Curved Glass Freezer,8cu,20OU3O5D4E,Haier,2003,2026-08-23 16:19:34.451561+08,2026-08-23 16:19:34.451561+08
01KZRTCK09QD6MY0D99NWN05J6,Sliding Glass Freezer,15cu,XZWWJDKKB6,Aucma,2012,2026-08-23 16:19:34.451561+08,2026-08-23 16:19:34.451561+08
01KZRTCK09SVFVQHA5JNMCDA77,Sliding Glass Freezer,15cu,L2IQMSFC7G,Liebherr,2008,2026-08-23 16:19:34.451561+08,2026-08-23 16:19:34.451561+08
01KZRTCK09DGBFH5771SK4RS7S,Curved Glass Lighted Freezer,18cu,ST0BMBQ9D6,Haier,2012,2026-08-23 16:19:34.451561+08,2026-08-23 16:19:34.451561+08
01KZRTCK09QEZKCKZ672X4K053,Curved Glass Lighted Freezer,15cu,645TLXIEXS,Aucma,2010,2026-08-23 16:19:34.451561+08,2026-08-23 16:19:34.451561+08
01KZRTCK09YQV25EMCW2FPDGN8,Curved Glass Freezer,8cu,60LC6X3GW4,Liebherr,2019,2026-08-23 16:19:34.451561+08,2026-08-23 16:19:34.451561+08
01KZRTCK09AV895HB0SAQ0CR9W,Swing-up Freezer,12cu,U539T1K72F,Haier,2020,2026-08-23 16:19:34.451561+08,2026-08-23 16:19:34.451561+08
01KZRTCK099QJBWN6CP6ETFH2R,Swing-up Freezer,12cu,JNEGG66WZ6,Liebherr,2014,2026-08-23 16:19:34.451561+08,2026-08-23 16:19:34.451561+08
01KZRTCK09MNKMZ2YZN0KV5G3G,Curved Glass Lighted Freezer,18cu,SH9QTEK8F1,Hiron,2011,2026-08-23 16:19:34.451561+08,2026-08-23 16:19:34.451561+08
01KZRTCK09Q34HK88C4HAHP82S,Curved Glass Freezer,12cu,H5SOJSZ3T4,Haier,2025,2026-08-23 16:19:34.451561+08,2026-08-23 16:19:34.451561+08
01KZRTCK092Z8HXXBK9XEJ6114,Curved Glass Lighted Freezer,18cu,3YG1IEC68K,Haier,2007,2026-08-23 16:19:34.451561+08,2026-08-23 16:19:34.451561+08
01KZRTCK09BSBG4V5ZNHHQBT4B,Curved Glass Lighted Freezer,24cu,HL4BM54DQC,Hiron,2019,2026-08-23 16:19:34.451561+08,2026-08-23 16:19:34.451561+08
01KZRTCK09SYMG9RJEJYKNNNNY,Sliding Glass Freezer,15cu,24A3KHYQWU,Haier,2018,2026-08-23 16:19:34.451561+08,2026-08-23 16:19:34.451561+08
01KZRTCK09GTAK290CQGVCSQ5R,Sliding Glass Freezer,12cu,R5QZ4C9S57,Hiron,2026,2026-08-23 16:19:34.451561+08,2026-08-23 16:19:34.451561+08
01KZRTCK09P0K1KPC14MPTPA75,Sliding Glass Freezer,8cu,I0IDHUF4OS,Haier,2017,2026-08-23 16:19:34.451561+08,2026-08-23 16:19:34.451561+08
01KZRTCK09Z1PF1BAJHD6PH4T6,Curved Glass Lighted Freezer,9cu,TZ7E1XV3UR,Aucma,2024,2026-08-23 16:19:34.451561+08,2026-08-23 16:19:34.451561+08
01KZRTCK09J6APB1QDVA3ZANM8,Curved Glass Freezer,24cu,A5VKG5G1T8,Liebherr,2001,2026-08-23 16:19:34.451561+08,2026-08-23 16:19:34.451561+08
01KZRTCK091X8QTJC92JHBS1PP,Curved Glass Freezer,12cu,U3B6AO53YI,Hiron,2018,2026-08-23 16:19:34.451561+08,2026-08-23 16:19:34.451561+08
01KZRTCK09WNPWDBMHCER4ZZFM,Sliding Glass Freezer,8cu,TH2P9JWV14,Liebherr,2021,2026-08-23 16:19:34.451561+08,2026-08-23 16:19:34.451561+08
01KZRTCK099CJR80GFY52Q88JH,Curved Glass Freezer,12cu,ZPPOCDZ0LY,Aucma,2005,2026-08-23 16:19:34.451561+08,2026-08-23 16:19:34.451561+08
01KZRTCK09BQG9VHVJXP6W2MVW,Curved Glass Lighted Freezer,12cu,AVAEF2CEIA,Hiron,2014,2026-08-23 16:19:34.451561+08,2026-08-23 16:19:34.451561+08
01KZRTCK09EQ6773QWYGE1QPX8,Swing-up Freezer,24cu,ZA8UKQEEKT,Aucma,2008,2026-08-23 16:19:34.451561+08,2026-08-23 16:19:34.451561+08
01KZRTCK09XMFAMK3KJ13G0FFA,Curved Glass Freezer,9cu,WSY4N72SUI,Aucma,2011,2026-08-23 16:19:34.451561+08,2026-08-23 16:19:34.451561+08
01KZRTCK09RN9DJ46HGFCMN58Q,Curved Glass Freezer,8cu,UI7GC3Q3HX,Hiron,2015,2026-08-23 16:19:34.451561+08,2026-08-23 16:19:34.451561+08
01KZRTCK09E64Q0179EYSWMBAS,Sliding Glass Freezer,15cu,BHFTKJFA3C,Liebherr,2002,2026-08-23 16:19:34.451561+08,2026-08-23 16:19:34.451561+08
01KZRTCK09RB54G4DFKJJMRS5S,Swing-up Freezer,8cu,4S37FFVB4Y,Hiron,2008,2026-08-23 16:19:34.451561+08,2026-08-23 16:19:34.451561+08
01KZRTCK09TPPZ5DYAG2VSCJSZ,Swing-up Freezer,8cu,DM322XQPNT,Aucma,2018,2026-08-23 16:19:34.451561+08,2026-08-23 16:19:34.451561+08
01KZRTCK09HSVZV4FAZTFFNZ02,Swing-up Freezer,24cu,Q6484BAEFA,Hiron,2011,2026-08-23 16:19:34.451561+08,2026-08-23 16:19:34.451561+08
01KZRTCK0943NB0JXF8SXA0YQD,Swing-up Freezer,24cu,JX4CVAWO57,Hiron,2009,2026-08-23 16:19:34.451561+08,2026-08-23 16:19:34.451561+08
01KZRTCK092P35NBQGZBETFGKM,Swing-up Freezer,18cu,ROVVK9JBFD,Haier,2008,2026-08-23 16:19:34.451561+08,2026-08-23 16:19:34.451561+08
01KZRTCK09S558QVBHTFWY4T6N,Curved Glass Freezer,12cu,ZPSASRWFQL,Hiron,2001,2026-08-23 16:19:34.451561+08,2026-08-23 16:19:34.451561+08
01KZRTCK09WM8H16Z5NM2ERRH7,Swing-up Freezer,24cu,2ZDRQZLVLK,Hiron,2000,2026-08-23 16:19:34.451561+08,2026-08-23 16:19:34.451561+08
01KZRTCK09SP0XENY3MPZGTBKB,Curved Glass Lighted Freezer,8cu,K0XDJ235TK,Liebherr,2002,2026-08-23 16:19:34.451561+08,2026-08-23 16:19:34.451561+08
01KZRTCK09R8T2XRGG1WMYE1PF,Swing-up Freezer,9cu,NEGNGIWKTJ,Aucma,2014,2026-08-23 16:19:34.451561+08,2026-08-23 16:19:34.451561+08
01KZRTCK09J2BXCQQY7DERS6NV,Swing-up Freezer,9cu,1G3MEG7X3Z,Hiron,2000,2026-08-23 16:19:34.451561+08,2026-08-23 16:19:34.451561+08
01KZRTCK09QNRBSS9D8P49GQ9Z,Swing-up Freezer,8cu,SFLDJAS3MY,Hiron,2025,2026-08-23 16:19:34.451561+08,2026-08-23 16:19:34.451561+08
01KZRTCK097X94K5479HSBMC30,Curved Glass Freezer,8cu,T92CV2YMT2,Haier,2008,2026-08-23 16:19:34.451561+08,2026-08-23 16:19:34.451561+08
01KZRTCK09DGESDXR7CDZC6TS6,Swing-up Freezer,24cu,W6V536TXI3,Liebherr,2010,2026-08-23 16:19:34.451561+08,2026-08-23 16:19:34.451561+08
01KZRTCK092GFH21QZEA4STMT4,Curved Glass Freezer,24cu,EX8Q1LOFX4,Hiron,2022,2026-08-23 16:19:34.451561+08,2026-08-23 16:19:34.451561+08
01KZRTCK09DC6GTXZ401A5Y6XR,Sliding Glass Freezer,18cu,KSHTQ7KQQ5,Haier,2000,2026-08-23 16:19:34.451561+08,2026-08-23 16:19:34.451561+08
01KZRTCK09EJP5A42FJJ311E06,Curved Glass Freezer,24cu,IOTZ6IVBH9,Hiron,2005,2026-08-23 16:19:34.451561+08,2026-08-23 16:19:34.451561+08
01KZRTCK099MKB7C96NRV7XJCA,Swing-up Freezer,15cu,YAJ90K002A,Liebherr,2012,2026-08-23 16:19:34.451561+08,2026-08-23 16:19:34.451561+08
01KZRTCK097QCWJVTY6RGX4PPM,Sliding Glass Freezer,15cu,21UQJI8T0V,Hiron,2002,2026-08-23 16:19:34.451561+08,2026-08-23 16:19:34.451561+08
01KZRTCK09FRW536QKEMFS0YY5,Swing-up Freezer,9cu,4MIY0Q5TCM,Hiron,2014,2026-08-23 16:19:34.451561+08,2026-08-23 16:19:34.451561+08
01KZRTCK09K0S0XW35Q0YH1Q75,Curved Glass Lighted Freezer,18cu,27HE2AK7NC,Liebherr,2018,2026-08-23 16:19:34.451561+08,2026-08-23 16:19:34.451561+08
01KZRTCK09DDM89Y7B0RB7Y4NT,Sliding Glass Freezer,9cu,KN2QEOLIMN,Aucma,2005,2026-08-23 16:19:34.451561+08,2026-08-23 16:19:34.451561+08
01KZRTCK09J2402JFK7RW8FTFE,Curved Glass Freezer,12cu,QQDD6OKNZT,Aucma,2010,2026-08-23 16:19:34.451561+08,2026-08-23 16:19:34.451561+08
01KZRTCK09FW958EZGRF419YF4,Curved Glass Freezer,24cu,ZFQTYGN0E0,Haier,2019,2026-08-23 16:19:34.451561+08,2026-08-23 16:19:34.451561+08
01KZRTCK09W43PB8H7GTEZPBE9,Curved Glass Freezer,18cu,X9S17FNQRG,Aucma,2020,2026-08-23 16:19:34.451561+08,2026-08-23 16:19:34.451561+08
01KZRTCK09TAMJVAM131D6S7EG,Sliding Glass Freezer,12cu,RTCIAQV9UA,Haier,2012,2026-08-23 16:19:34.451561+08,2026-08-23 16:19:34.451561+08
01KZRTCK09JDN45Y0CMF0QB4H0,Curved Glass Freezer,12cu,25SY5TNLH8,Hiron,2008,2026-08-23 16:19:34.451561+08,2026-08-23 16:19:34.451561+08
01KZRTCK091SKR3CCAJKYCHETW,Sliding Glass Freezer,18cu,XLDRRD5XZZ,Liebherr,2020,2026-08-23 16:19:34.451561+08,2026-08-23 16:19:34.451561+08
01KZRTCK09P5CD1152EPKGK51C,Sliding Glass Freezer,9cu,Z02CX6RUFU,Liebherr,2021,2026-08-23 16:19:34.451561+08,2026-08-23 16:19:34.451561+08
01KZRTCK09NGT5HT0Y8Y4025CK,Sliding Glass Freezer,8cu,8V3JO97B5U,Hiron,2014,2026-08-23 16:19:34.451561+08,2026-08-23 16:19:34.451561+08
01KZRTCK09Y8MF057A1TBJXT7Z,Curved Glass Lighted Freezer,24cu,QR1F7WJKXE,Liebherr,2003,2026-08-23 16:19:34.451561+08,2026-08-23 16:19:34.451561+08
01KZRTCK09MNMMTG518PGQ0WG8,Curved Glass Lighted Freezer,12cu,3F8O89AQSE,Hiron,2004,2026-08-23 16:19:34.451561+08,2026-08-23 16:19:34.451561+08
01KZRTCK09DA210FMMKJN9MHSH,Curved Glass Freezer,24cu,SDU2W8DQ6S,Haier,2025,2026-08-23 16:19:34.451561+08,2026-08-23 16:19:34.451561+08
01KZRTCK09VATQ888BPKA4D4MK,Curved Glass Freezer,24cu,OV0Y1BXERU,Haier,2017,2026-08-23 16:19:34.451561+08,2026-08-23 16:19:34.451561+08
01KZRTCK092Y0KQQ4BKC4GQC07,Curved Glass Freezer,9cu,3BCMJKMIUF,Liebherr,2021,2026-08-23 16:19:34.451561+08,2026-08-23 16:19:34.451561+08
01KZRTCK09F3N1M25RNM29Y3P9,Swing-up Freezer,8cu,BCSCQYFF7X,Hiron,2009,2026-08-23 16:19:34.451561+08,2026-08-23 16:19:34.451561+08
01KZRTCK09AXGRFPA5QGV2J60H,Sliding Glass Freezer,15cu,2ZMFD57U0S,Liebherr,2023,2026-08-23 16:19:34.451561+08,2026-08-23 16:19:34.451561+08
01KZRTCK09YX60CAAE5Y4MRND9,Curved Glass Lighted Freezer,12cu,QSBGRP9RUM,Liebherr,2014,2026-08-23 16:19:34.451561+08,2026-08-23 16:19:34.451561+08
01KZRTCK09KXNHBE68FWAA60N4,Curved Glass Lighted Freezer,24cu,MGPTY6O8JO,Hiron,2025,2026-08-23 16:19:34.451561+08,2026-08-23 16:19:34.451561+08
01KZRTCK09GJDXVC7JCP3GRKRD,Sliding Glass Freezer,18cu,2SNX9QXY5A,Liebherr,2005,2026-08-23 16:19:34.451561+08,2026-08-23 16:19:34.451561+08
01KZRTCK092GJFW0FN0EKYPGEY,Curved Glass Lighted Freezer,24cu,42NJTN9G9I,Aucma,2006,2026-08-23 16:19:34.451561+08,2026-08-23 16:19:34.451561+08
01KZRTCK09NJGGJ11079F287G0,Swing-up Freezer,15cu,UF9ME12ESU,Liebherr,2025,2026-08-23 16:19:34.451561+08,2026-08-23 16:19:34.451561+08
01KZRTCK09EJ1X7KHTE2DPPTYR,Curved Glass Freezer,24cu,I16J7DE8M1,Aucma,2025,2026-08-23 16:19:34.451561+08,2026-08-23 16:19:34.451561+08
01KZRTCK09PFWN3HFQVTVA1G1N,Curved Glass Freezer,24cu,X015E0ORMR,Hiron,2010,2026-08-23 16:19:34.451561+08,2026-08-23 16:19:34.451561+08
01KZRTCK09W7KVC9CQ2DAB6DNM,Sliding Glass Freezer,12cu,RWOC4TNGUL,Haier,2002,2026-08-23 16:19:34.451561+08,2026-08-23 16:19:34.451561+08
01KZRTCK09JN0THVZ31Y0WZVVG,Curved Glass Freezer,9cu,8PSPEVS2GF,Hiron,2017,2026-08-23 16:19:34.451561+08,2026-08-23 16:19:34.451561+08
01KZRTCK096MHZ7YWHSG3TP8MY,Swing-up Freezer,24cu,N3C2T1GRAR,Hiron,2025,2026-08-23 16:19:34.451561+08,2026-08-23 16:19:34.451561+08
01KZRTCK09HB4VP5Z9TR48H6Z6,Curved Glass Lighted Freezer,9cu,BMXASO2HCB,Aucma,2004,2026-08-23 16:19:34.451561+08,2026-08-23 16:19:34.451561+08
01KZRTCK09WY48TBEW82X4ANB8,Curved Glass Lighted Freezer,24cu,LDH078IDAW,Haier,2016,2026-08-23 16:19:34.451561+08,2026-08-23 16:19:34.451561+08
01KZRTCK09GPF9GZPNA2A2Y4M8,Curved Glass Lighted Freezer,8cu,QLI1N0ZEKZ,Liebherr,2023,2026-08-23 16:19:34.451561+08,2026-08-23 16:19:34.451561+08
01KZRTCK09ZHH89VZ0S97GSFGZ,Sliding Glass Freezer,24cu,0WIFE89PRD,Hiron,2005,2026-08-23 16:19:34.451561+08,2026-08-23 16:19:34.451561+08
01KZRTCK096JKE3G89FWFJ6C79,Sliding Glass Freezer,9cu,HOZ5NC0GOZ,Aucma,2023,2026-08-23 16:19:34.451561+08,2026-08-23 16:19:34.451561+08
01KZRTCK09XRZ3AA9VX16ZNSX1,Sliding Glass Freezer,8cu,5AVW6R4OHX,Liebherr,2012,2026-08-23 16:19:34.451561+08,2026-08-23 16:19:34.451561+08
01KZRTCK091627YFZ7HXSNH8RT,Swing-up Freezer,8cu,6RRZRRSNNS,Haier,2003,2026-08-23 16:19:34.451561+08,2026-08-23 16:19:34.451561+08
01KZRTCK09Y3R2M1FRET9HHVA2,Sliding Glass Freezer,9cu,06ZYLNWXFC,Hiron,2002,2026-08-23 16:19:34.451561+08,2026-08-23 16:19:34.451561+08
01KZRTCK096JA4SNPTP9NVGC7Z,Sliding Glass Freezer,18cu,MC2OFOY3HE,Haier,2009,2026-08-23 16:19:34.451561+08,2026-08-23 16:19:34.451561+08
01KZRTCK09FQ52VN3GMKNENJXK,Curved Glass Freezer,24cu,S6S2234VK4,Liebherr,2021,2026-08-23 16:19:34.451561+08,2026-08-23 16:19:34.451561+08
01KZRTCK09HWM5BCW4QXKREHFH,Curved Glass Lighted Freezer,9cu,07HSGP5ZEG,Aucma,2005,2026-08-23 16:19:34.451561+08,2026-08-23 16:19:34.451561+08
01KZRTCK097N5MMYHYWSQMYQ9C,Curved Glass Lighted Freezer,12cu,A60H7YH6NM,Haier,2019,2026-08-23 16:19:34.451561+08,2026-08-23 16:19:34.451561+08
01KZRTCK09MM14TBX047KBPTXX,Curved Glass Lighted Freezer,9cu,LMP5GS7XSR,Haier,2004,2026-08-23 16:19:34.451561+08,2026-08-23 16:19:34.451561+08
01KZRTCK09AFG55B84Z3NE33WW,Curved Glass Lighted Freezer,9cu,KKO3CZ8ESQ,Liebherr,2003,2026-08-23 16:19:34.451561+08,2026-08-23 16:19:34.451561+08
01KZRTCK095E2CVG41T421GQYC,Swing-up Freezer,12cu,WV8KE0OJYT,Haier,2011,2026-08-23 16:19:34.451561+08,2026-08-23 16:19:34.451561+08
01KZRTCK09KZW2JGK46PGZ43AJ,Sliding Glass Freezer,9cu,8S3QQ7GS46,Haier,2003,2026-08-23 16:19:34.451561+08,2026-08-23 16:19:34.451561+08
01KZRTCK09YANX38HKZ05FDPDX,Swing-up Freezer,12cu,RWV1QD94W7,Hiron,2025,2026-08-23 16:19:34.451561+08,2026-08-23 16:19:34.451561+08
01KZRTCK09N28SN4TXVBTK37H7,Curved Glass Lighted Freezer,15cu,LMVL7GK7FK,Haier,2003,2026-08-23 16:19:34.451561+08,2026-08-23 16:19:34.451561+08
01KZRTCK09P69F7X0H2QFPSCFJ,Curved Glass Freezer,8cu,HLZAPCJPG0,Liebherr,2005,2026-08-23 16:19:34.451561+08,2026-08-23 16:19:34.451561+08
01KZRTCK09NXX0SQ8MVWKRQ2TP,Sliding Glass Freezer,8cu,E5RPEHC9CS,Liebherr,2002,2026-08-23 16:19:34.451561+08,2026-08-23 16:19:34.451561+08
01KZRTCK099NW5TVP0ERBTBB19,Swing-up Freezer,24cu,AHWLY8DUV1,Hiron,2014,2026-08-23 16:19:34.451561+08,2026-08-23 16:19:34.451561+08
01KZRTCK09KQGQMP082VDRRAR8,Curved Glass Freezer,9cu,P4QQ039HR5,Hiron,2016,2026-08-23 16:19:34.451561+08,2026-08-23 16:19:34.451561+08
01KZRTCK0958Y4RPBARSF8JCZK,Swing-up Freezer,8cu,5SAOVJCHJ7,Aucma,2011,2026-08-23 16:19:34.451561+08,2026-08-23 16:19:34.451561+08
01KZRTCK09PDNGHBTJJF4R0NJ4,Curved Glass Freezer,12cu,U9BB96BWG1,Liebherr,2011,2026-08-23 16:19:34.451561+08,2026-08-23 16:19:34.451561+08
01KZRTCK09QBPR07WB59CHSBZG,Swing-up Freezer,24cu,GXGTAPHN5H,Hiron,2010,2026-08-23 16:19:34.451561+08,2026-08-23 16:19:34.451561+08
01KZRTCK09JS6Y5MB2Z5QZCKYA,Curved Glass Freezer,9cu,NN1AUS8PMB,Aucma,2006,2026-08-23 16:19:34.451561+08,2026-08-23 16:19:34.451561+08
01KZRTCK090THH65VT7Z8XH6DP,Curved Glass Freezer,24cu,618762WD8U,Aucma,2017,2026-08-23 16:19:34.451561+08,2026-08-23 16:19:34.451561+08
01KZRTCK09272R3821QNVX1EB3,Curved Glass Lighted Freezer,8cu,LR241UJXTX,Hiron,2003,2026-08-23 16:19:34.451561+08,2026-08-23 16:19:34.451561+08
01KZRTCK09JACE1FPKA3FQAN12,Swing-up Freezer,24cu,ZXF29H8M1Q,Aucma,2001,2026-08-23 16:19:34.451561+08,2026-08-23 16:19:34.451561+08
01KZRTCK09X089VKFK4JRYAFKB,Swing-up Freezer,18cu,5I54PNUKUO,Aucma,2025,2026-08-23 16:19:34.451561+08,2026-08-23 16:19:34.451561+08
01KZRTCK09DFHY18RR9DDYD0GW,Curved Glass Freezer,9cu,LJ98GNUR2T,Aucma,2014,2026-08-23 16:19:34.451561+08,2026-08-23 16:19:34.451561+08
01KZRTCK09MV1Y5NEZ6VXE3HS1,Sliding Glass Freezer,18cu,TW3A1NAHK3,Liebherr,2007,2026-08-23 16:19:34.451561+08,2026-08-23 16:19:34.451561+08
01KZRTCK0993J5VEXTBNE4Z534,Swing-up Freezer,18cu,K4Y84LNPDC,Haier,2003,2026-08-23 16:19:34.451561+08,2026-08-23 16:19:34.451561+08
01KZRTCK09FTB94N3B91KZSWVS,Sliding Glass Freezer,9cu,MP4Z8YHUNH,Haier,2010,2026-08-23 16:19:34.451561+08,2026-08-23 16:19:34.451561+08
01KZRTCK09120R65VRXTWMSER8,Curved Glass Freezer,24cu,4B263R9AJ8,Liebherr,2018,2026-08-23 16:19:34.451561+08,2026-08-23 16:19:34.451561+08
01KZRTCK099B0099THJ98J1W58,Curved Glass Lighted Freezer,8cu,239SQNSJ3Y,Hiron,2006,2026-08-23 16:19:34.451561+08,2026-08-23 16:19:34.451561+08
01KZRTCK09ESDK10APXQA6PMR6,Curved Glass Freezer,8cu,V4S8WRFED0,Hiron,2020,2026-08-23 16:19:34.451561+08,2026-08-23 16:19:34.451561+08
01KZRTCK09PTGJ9XA595QG0EJW,Swing-up Freezer,15cu,WKYSPWY6OC,Haier,2019,2026-08-23 16:19:34.451561+08,2026-08-23 16:19:34.451561+08
01KZRTCK09CSDJXX74G09YYKYK,Curved Glass Lighted Freezer,18cu,MPT97VBGIG,Hiron,2016,2026-08-23 16:19:34.451561+08,2026-08-23 16:19:34.451561+08
01KZRTCK09DVQ11DPESS3G96XC,Curved Glass Lighted Freezer,8cu,RN0TZM6A1M,Aucma,2006,2026-08-23 16:19:34.451561+08,2026-08-23 16:19:34.451561+08
01KZRTCK09V0GG20RV7JJKWFAW,Curved Glass Freezer,12cu,PITC668MNI,Hiron,2023,2026-08-23 16:19:34.451561+08,2026-08-23 16:19:34.451561+08
01KZRTCK09B1F9VMA2FWC9NXY7,Swing-up Freezer,24cu,HD7I24QCJY,Haier,2004,2026-08-23 16:19:34.451561+08,2026-08-23 16:19:34.451561+08
01KZRTCK09S4T78A3JFJBR11YV,Sliding Glass Freezer,18cu,N7G20UBTN3,Haier,2013,2026-08-23 16:19:34.451561+08,2026-08-23 16:19:34.451561+08
01KZRTCK09SWTGDN4JYRJJWQDM,Curved Glass Freezer,18cu,ECJF1CS57C,Hiron,2000,2026-08-23 16:19:34.451561+08,2026-08-23 16:19:34.451561+08
01KZRTCK09HTV962C5XJ5P4B7F,Swing-up Freezer,12cu,0V5NN7YK15,Liebherr,2021,2026-08-23 16:19:34.451561+08,2026-08-23 16:19:34.451561+08
01KZRTCK09W26XFV3SB29T7ZQF,Sliding Glass Freezer,9cu,M51EJYCLV6,Haier,2020,2026-08-23 16:19:34.451561+08,2026-08-23 16:19:34.451561+08
01KZRTCK09PJAFN0927Z11SSXG,Sliding Glass Freezer,18cu,QDKKH1V050,Hiron,2000,2026-08-23 16:19:34.451561+08,2026-08-23 16:19:34.451561+08
01KZRTCK097C9WCP8ND0B4NGVK,Curved Glass Freezer,8cu,30NNHE96PU,Hiron,2005,2026-08-23 16:19:34.451561+08,2026-08-23 16:19:34.451561+08
01KZRTCK098XKPA9MXX71PFAA5,Curved Glass Lighted Freezer,12cu,70R1DC92GP,Aucma,2024,2026-08-23 16:19:34.451561+08,2026-08-23 16:19:34.451561+08
01KZRTCK09BZWGKTVZH0NRF6QC,Curved Glass Freezer,8cu,25WBTKODKS,Liebherr,2010,2026-08-23 16:19:34.451561+08,2026-08-23 16:19:34.451561+08
01KZRTCK09GKMZVRVFDCJGQG9M,Swing-up Freezer,18cu,AOTGSQBVYS,Aucma,2018,2026-08-23 16:19:34.451561+08,2026-08-23 16:19:34.451561+08
01KZRTCK09KPV8751VDTXKCZPY,Swing-up Freezer,15cu,YSKYEME7H9,Aucma,2003,2026-08-23 16:19:34.451561+08,2026-08-23 16:19:34.451561+08
01KZRTCK09B4B8ZDEP9N1TJ43D,Curved Glass Lighted Freezer,12cu,98VN1RE2I9,Hiron,2004,2026-08-23 16:19:34.451561+08,2026-08-23 16:19:34.451561+08
01KZRTCK09XJEHGWY9GNR4Q0NK,Sliding Glass Freezer,15cu,ORIJ0TEGTJ,Hiron,2002,2026-08-23 16:19:34.451561+08,2026-08-23 16:19:34.451561+08
01KZRTCK092AZXZRGKDPE4HGER,Swing-up Freezer,24cu,NR6A4TBEJZ,Liebherr,2005,2026-08-23 16:19:34.451561+08,2026-08-23 16:19:34.451561+08
01KZRTCK09YD8FP0DW9951YF5D,Swing-up Freezer,12cu,N01R50ZVLR,Liebherr,2009,2026-08-23 16:19:34.451561+08,2026-08-23 16:19:34.451561+08
01KZRTCK09NQD189K5YHFM08SS,Curved Glass Freezer,15cu,9GT0E0L372,Haier,2002,2026-08-23 16:19:34.451561+08,2026-08-23 16:19:34.451561+08
01KZRTCK09SXCXMP4WFX26Y7FV,Swing-up Freezer,24cu,FYR31QYSGR,Aucma,2008,2026-08-23 16:19:34.451561+08,2026-08-23 16:19:34.451561+08
01KZRTCK090M9T8VDSN5ZE0M6N,Swing-up Freezer,12cu,NFEMWRNQG4,Hiron,2008,2026-08-23 16:19:34.451561+08,2026-08-23 16:19:34.451561+08
01KZRTCK092D27845B2R53S7NE,Sliding Glass Freezer,18cu,ECATQRMB8L,Liebherr,2015,2026-08-23 16:19:34.451561+08,2026-08-23 16:19:34.451561+08
01KZRTCK0949Q4AVEKC6VEB528,Curved Glass Freezer,15cu,PMBZNH9R5G,Aucma,2026,2026-08-23 16:19:34.451561+08,2026-08-23 16:19:34.451561+08
01KZRTCK09GWGS3XWKG77MW7RD,Curved Glass Freezer,8cu,D1NVNUDKU4,Haier,2009,2026-08-23 16:19:34.451561+08,2026-08-23 16:19:34.451561+08
01KZRTCK09PCCNS10DCCW33HEX,Curved Glass Freezer,18cu,Z2C59CQ1F4,Hiron,2004,2026-08-23 16:19:34.451561+08,2026-08-23 16:19:34.451561+08
01KZRTCK09X9P4EEX8HTCE1ZVR,Curved Glass Lighted Freezer,12cu,S2O5N653SF,Aucma,2026,2026-08-23 16:19:34.451561+08,2026-08-23 16:19:34.451561+08
01KZRTCK09CC9D4YWRK031HMQM,Curved Glass Lighted Freezer,12cu,RHQ2HV8C3Q,Haier,2021,2026-08-23 16:19:34.451561+08,2026-08-23 16:19:34.451561+08
01KZRTCK09FRNJ6SF51CYWK16N,Sliding Glass Freezer,9cu,BAS9KVTIDN,Hiron,2014,2026-08-23 16:19:34.451561+08,2026-08-23 16:19:34.451561+08
01KZRTCK092BEYMXEF98F8WW13,Curved Glass Lighted Freezer,24cu,QHUES6AAG6,Haier,2019,2026-08-23 16:19:34.451561+08,2026-08-23 16:19:34.451561+08
01KZRTCK09RN2ZJN8C382NNETD,Sliding Glass Freezer,8cu,D3LCXKTCR2,Hiron,2013,2026-08-23 16:19:34.451561+08,2026-08-23 16:19:34.451561+08
01KZRTCK09DG7WYYS3NQ763QHR,Curved Glass Lighted Freezer,24cu,JE65BG8ZWB,Haier,2001,2026-08-23 16:19:34.451561+08,2026-08-23 16:19:34.451561+08
01KZRTCK09A0SPMMGH0T5XABG2,Swing-up Freezer,24cu,0ST6D864Y6,Aucma,2002,2026-08-23 16:19:34.451561+08,2026-08-23 16:19:34.451561+08
01KZRTCK097J2R68CKDHCDW0EF,Swing-up Freezer,12cu,PX35HIQMYQ,Haier,2018,2026-08-23 16:19:34.451561+08,2026-08-23 16:19:34.451561+08
01KZRTCK0951G3HTJP47FXJXFY,Swing-up Freezer,18cu,LP27JSIDKD,Aucma,2023,2026-08-23 16:19:34.451561+08,2026-08-23 16:19:34.451561+08
01KZRTCK09M8RMXFQ5DZHSVB83,Sliding Glass Freezer,24cu,124708GFBD,Aucma,2016,2026-08-23 16:19:34.451561+08,2026-08-23 16:19:34.451561+08
01KZRTCK0936VNBN2VQ3XQ74GW,Curved Glass Freezer,24cu,B5FPDHQOCF,Liebherr,2020,2026-08-23 16:19:34.451561+08,2026-08-23 16:19:34.451561+08
01KZRTCK09J6NBVPNAPXC8BF1S,Curved Glass Lighted Freezer,12cu,HANG7E9JHS,Aucma,2022,2026-08-23 16:19:34.451561+08,2026-08-23 16:19:34.451561+08
01KZRTCK09VCZA0D7KN8EWXTHA,Sliding Glass Freezer,15cu,AZW96HT6X6,Haier,2008,2026-08-23 16:19:34.451561+08,2026-08-23 16:19:34.451561+08
01KZRTCK09ZFZWNHN6JXMS3BVZ,Sliding Glass Freezer,9cu,A7IBJJMDZN,Haier,2020,2026-08-23 16:19:34.451561+08,2026-08-23 16:19:34.451561+08
01KZRTCK09SZM4HBJZCMC70ZAV,Curved Glass Freezer,8cu,GNKUI1SKAK,Hiron,2020,2026-08-23 16:19:34.451561+08,2026-08-23 16:19:34.451561+08
01KZRTCK09WCHWFNMTMFT4BKF2,Swing-up Freezer,8cu,4U8CUACN8Z,Hiron,2026,2026-08-23 16:19:34.451561+08,2026-08-23 16:19:34.451561+08
01KZRTCK09Z8X8J17D7WY4W33V,Swing-up Freezer,8cu,673D8AXGSC,Aucma,2024,2026-08-23 16:19:34.451561+08,2026-08-23 16:19:34.451561+08
01KZRTCK09RV414EJ452P52H7F,Curved Glass Lighted Freezer,24cu,MX09Z20TC7,Haier,2024,2026-08-23 16:19:34.451561+08,2026-08-23 16:19:34.451561+08
01KZRTCK09G490J66BKE2WW0GB,Swing-up Freezer,12cu,XXEIFXLI6N,Liebherr,2026,2026-08-23 16:19:34.451561+08,2026-08-23 16:19:34.451561+08
01KZRTCK09KP95J0HGJ7QMS53Z,Curved Glass Freezer,8cu,DQ880NFH56,Haier,2003,2026-08-23 16:19:34.451561+08,2026-08-23 16:19:34.451561+08
01KZRTCK09Q47Z3XVKJYFYBFG0,Curved Glass Freezer,9cu,1OW7NC79ZW,Hiron,2008,2026-08-23 16:19:34.451561+08,2026-08-23 16:19:34.451561+08
01KZRTCK092PTGW6DD6AMH2NNH,Swing-up Freezer,15cu,Q7N2SGQN2A,Haier,2019,2026-08-23 16:19:34.451561+08,2026-08-23 16:19:34.451561+08
01KZRTCK09VYJVM4QS2Z2GF8TB,Sliding Glass Freezer,12cu,ZIY7VYTV5U,Haier,2018,2026-08-23 16:19:34.451561+08,2026-08-23 16:19:34.451561+08
01KZRTCK09RWN2G3CHP3CK1R1D,Swing-up Freezer,12cu,6IAOS8A21D,Haier,2007,2026-08-23 16:19:34.451561+08,2026-08-23 16:19:34.451561+08
01KZRTCK0970ATMKDKCQ11WBAJ,Swing-up Freezer,15cu,1K7IHFAEJT,Aucma,2021,2026-08-23 16:19:34.451561+08,2026-08-23 16:19:34.451561+08
01KZRTCK0911GARH2CJAD5GV7C,Swing-up Freezer,8cu,XMWARUFRX8,Liebherr,2026,2026-08-23 16:19:34.451561+08,2026-08-23 16:19:34.451561+08
01KZRTCK09RQH9MK8ZM5P1G0FN,Swing-up Freezer,9cu,88LL1JVT1L,Liebherr,2025,2026-08-23 16:19:34.451561+08,2026-08-23 16:19:34.451561+08
01KZRTCK09XJDC0Y807HCN4YDR,Curved Glass Lighted Freezer,18cu,49NOCUATGD,Hiron,2006,2026-08-23 16:19:34.451561+08,2026-08-23 16:19:34.451561+08
01KZRTCK09TQE3V0WK5G6T795W,Curved Glass Freezer,9cu,JYPGP7NUKV,Haier,2004,2026-08-23 16:19:34.451561+08,2026-08-23 16:19:34.451561+08
01KZRTCK09N500KPV966JF8CXZ,Sliding Glass Freezer,18cu,4XLZGELYD2,Liebherr,2010,2026-08-23 16:19:34.451561+08,2026-08-23 16:19:34.451561+08
01KZRTCK09THP8KMY713KEC42C,Curved Glass Freezer,15cu,WZRSJY343V,Haier,2016,2026-08-23 16:19:34.451561+08,2026-08-23 16:19:34.451561+08
01KZRTCK09ANXYNGZC4GX394GE,Swing-up Freezer,8cu,AJX3GSOE31,Aucma,2025,2026-08-23 16:19:34.451561+08,2026-08-23 16:19:34.451561+08
01KZRTCK09K81SFRN9F1HS7ASC,Curved Glass Lighted Freezer,24cu,KL72CM06DI,Haier,2016,2026-08-23 16:19:34.451561+08,2026-08-23 16:19:34.451561+08
01KZRTCK09R71BWMYRDP03Z4WA,Curved Glass Freezer,9cu,TOBH18VGUV,Aucma,2013,2026-08-23 16:19:34.451561+08,2026-08-23 16:19:34.451561+08
01KZRTCK09QQHM55S0M0BD3F9Z,Curved Glass Freezer,24cu,H8MWPNOK0A,Liebherr,2004,2026-08-23 16:19:34.451561+08,2026-08-23 16:19:34.451561+08
01KZRTCK09B34GZGK8BGS6MFTV,Curved Glass Freezer,24cu,O85E2JLQ0W,Aucma,2012,2026-08-23 16:19:34.451561+08,2026-08-23 16:19:34.451561+08
01KZRTCK09F5WAJBTQXD3AN8YM,Curved Glass Lighted Freezer,15cu,TKMT4RYCWI,Hiron,2022,2026-08-23 16:19:34.451561+08,2026-08-23 16:19:34.451561+08
01KZRTCK09FCZFVJG6A9CCM6MD,Curved Glass Lighted Freezer,24cu,W29XJOGKE7,Liebherr,2006,2026-08-23 16:19:34.451561+08,2026-08-23 16:19:34.451561+08
01KZRTCK0995J34ZRYKARPMN2P,Curved Glass Lighted Freezer,8cu,JDISLXXDEH,Haier,2003,2026-08-23 16:19:34.451561+08,2026-08-23 16:19:34.451561+08
01KZRTCK09537T8MCF6MWS0BQ8,Swing-up Freezer,12cu,8S6VTF8CV6,Haier,2012,2026-08-23 16:19:34.451561+08,2026-08-23 16:19:34.451561+08
01KZRTCK09KQXRJX39Q7C116D0,Sliding Glass Freezer,12cu,UOMAFHGP5K,Haier,2025,2026-08-23 16:19:34.451561+08,2026-08-23 16:19:34.451561+08
01KZRTCK09C0ES6VKDBSA0SD68,Curved Glass Freezer,8cu,ARLY8FCEF8,Haier,2003,2026-08-23 16:19:34.451561+08,2026-08-23 16:19:34.451561+08
01KZRTCK09S2DCCC2KG5EJK0DT,Curved Glass Freezer,8cu,FGCH8D8TPD,Haier,2006,2026-08-23 16:19:34.451561+08,2026-08-23 16:19:34.451561+08
01KZRTCK09D4XSVNGDB7GS82S2,Swing-up Freezer,24cu,0AU1IL5WNC,Haier,2018,2026-08-23 16:19:34.451561+08,2026-08-23 16:19:34.451561+08
01KZRTCK0AS8CYHG8HQET13XNF,Sliding Glass Freezer,15cu,UMNX8X9ZQ5,Haier,2016,2026-08-23 16:19:34.451561+08,2026-08-23 16:19:34.451561+08
01KZRTCK0AFKCNN2HB0S2HPCZD,Curved Glass Freezer,12cu,8ZNI388HM4,Haier,2021,2026-08-23 16:19:34.451561+08,2026-08-23 16:19:34.451561+08
01KZRTCK0A0B9VC5TCTB34V0BD,Swing-up Freezer,15cu,YKI7VWY6N7,Aucma,2006,2026-08-23 16:19:34.451561+08,2026-08-23 16:19:34.451561+08
01KZRTCK0AM9KAN4F4Z4XREFC0,Curved Glass Freezer,18cu,LC7PAE3XQ7,Haier,2010,2026-08-23 16:19:34.451561+08,2026-08-23 16:19:34.451561+08
01KZRTCK0A2GAMZ6827SZ9F4VT,Swing-up Freezer,15cu,I0WYUVM1A2,Liebherr,2026,2026-08-23 16:19:34.451561+08,2026-08-23 16:19:34.451561+08
01KZRTCK0A5A19YR2QFN41Y1MB,Curved Glass Lighted Freezer,8cu,359K815417,Haier,2021,2026-08-23 16:19:34.451561+08,2026-08-23 16:19:34.451561+08
01KZRTCK0A45DEX0ZMSYNJMXTQ,Sliding Glass Freezer,12cu,PF5HDAZKWR,Liebherr,2020,2026-08-23 16:19:34.451561+08,2026-08-23 16:19:34.451561+08
01KZRTCK0AE163T5YBBYMGHTD7,Curved Glass Freezer,18cu,0P1M4GXQSA,Hiron,2004,2026-08-23 16:19:34.451561+08,2026-08-23 16:19:34.451561+08
01KZRTCK0AQBBSRG3B0RT20FGP,Curved Glass Freezer,18cu,VYMT2UPLR1,Haier,2009,2026-08-23 16:19:34.451561+08,2026-08-23 16:19:34.451561+08
01KZRTCK0AW4NE5924A9Z5H61Z,Swing-up Freezer,15cu,3FIMSULA1J,Liebherr,2010,2026-08-23 16:19:34.451561+08,2026-08-23 16:19:34.451561+08
01KZRTCK0AWMN8PYJJBDQ9Z9Z4,Swing-up Freezer,15cu,EIIJ0J22TL,Hiron,2000,2026-08-23 16:19:34.451561+08,2026-08-23 16:19:34.451561+08
01KZRTCK0A26ZZPQHP26K7HEYT,Sliding Glass Freezer,8cu,UHCRH12FY1,Haier,2011,2026-08-23 16:19:34.451561+08,2026-08-23 16:19:34.451561+08
01KZRTCK0AD3VX3A1NC6ASQQGS,Curved Glass Freezer,8cu,KEKCM3PSKG,Liebherr,2016,2026-08-23 16:19:34.451561+08,2026-08-23 16:19:34.451561+08
01KZRTCK0A8NCXKK4QMM1KKEBC,Swing-up Freezer,9cu,9RHQ056SFB,Aucma,2021,2026-08-23 16:19:34.451561+08,2026-08-23 16:19:34.451561+08
01KZRTCK0AKCWBHDYCJ592BJSH,Curved Glass Lighted Freezer,12cu,H99TYKRGCR,Hiron,2017,2026-08-23 16:19:34.451561+08,2026-08-23 16:19:34.451561+08
01KZRTCK0A4CE4JZF284J4FNMN,Swing-up Freezer,12cu,A80W9AQSSG,Hiron,2007,2026-08-23 16:19:34.451561+08,2026-08-23 16:19:34.451561+08
01KZRTCK0ACNJTZE1VTCWJ08D8,Swing-up Freezer,15cu,N8250YXTCD,Aucma,2018,2026-08-23 16:19:34.451561+08,2026-08-23 16:19:34.451561+08
01KZRTCK0AJFH5G0BKZFAB4A3B,Curved Glass Lighted Freezer,24cu,3HEOYOP7T6,Haier,2026,2026-08-23 16:19:34.451561+08,2026-08-23 16:19:34.451561+08
01KZRTCK0A3KJGBGWMS8Y0S0K6,Curved Glass Lighted Freezer,18cu,B0SX3EMJI9,Hiron,2020,2026-08-23 16:19:34.451561+08,2026-08-23 16:19:34.451561+08
01KZRTCK0AMRD2G02TPVDBAND7,Curved Glass Lighted Freezer,9cu,QDNSKAIBLS,Aucma,2026,2026-08-23 16:19:34.451561+08,2026-08-23 16:19:34.451561+08
01KZRTCK0AJCD56FVTPX8C30Z8,Curved Glass Lighted Freezer,12cu,PMPYYIOCCU,Aucma,2024,2026-08-23 16:19:34.451561+08,2026-08-23 16:19:34.451561+08
01KZRTCK0A6W62GJ61D2A25CDW,Sliding Glass Freezer,24cu,BJX3GC361J,Liebherr,2025,2026-08-23 16:19:34.451561+08,2026-08-23 16:19:34.451561+08
01KZRTCK0A1TMHYNW0SDYF5SBV,Sliding Glass Freezer,9cu,M16XKIJCED,Liebherr,2024,2026-08-23 16:19:34.451561+08,2026-08-23 16:19:34.451561+08
01KZRTCK0AZQ145806DSRY8046,Curved Glass Freezer,24cu,PEWBCP628R,Hiron,2025,2026-08-23 16:19:34.451561+08,2026-08-23 16:19:34.451561+08
01KZRTCK0A9MFPWFT4D315R1E8,Sliding Glass Freezer,9cu,OBPS6XZ18B,Aucma,2004,2026-08-23 16:19:34.451561+08,2026-08-23 16:19:34.451561+08
01KZRTCK0AHE7R4TBTG4DS31WP,Curved Glass Lighted Freezer,15cu,703GTB7IKT,Hiron,2011,2026-08-23 16:19:34.451561+08,2026-08-23 16:19:34.451561+08
01KZRTCK0AFRE6PEDGHZG9MHG8,Curved Glass Freezer,15cu,YIOKQDNMSE,Aucma,2005,2026-08-23 16:19:34.451561+08,2026-08-23 16:19:34.451561+08
01KZRTCK0A58J183VG1307AN14,Curved Glass Freezer,12cu,33SLGTNUOC,Haier,2006,2026-08-23 16:19:34.451561+08,2026-08-23 16:19:34.451561+08
01KZRTCK0A5A1C4JMXBVEA2A9J,Curved Glass Freezer,12cu,SE5QNIAQY8,Liebherr,2015,2026-08-23 16:19:34.451561+08,2026-08-23 16:19:34.451561+08
01KZRTCK0AKDWYJ55NDGVWWMWE,Curved Glass Freezer,9cu,ONLJ924P9M,Liebherr,2004,2026-08-23 16:19:34.451561+08,2026-08-23 16:19:34.451561+08
01KZRTCK0AG5BJQNAC0933K8XY,Swing-up Freezer,12cu,HZX8ZA8WSN,Aucma,2021,2026-08-23 16:19:34.451561+08,2026-08-23 16:19:34.451561+08
01KZRTCK0AJ6TTHR7HEP32ZGH0,Sliding Glass Freezer,8cu,HZG7UWXSHY,Aucma,2020,2026-08-23 16:19:34.451561+08,2026-08-23 16:19:34.451561+08
01KZRTCK0AZ6G5HWDM1EAVY676,Sliding Glass Freezer,15cu,ZHTJPXVNB4,Hiron,2008,2026-08-23 16:19:34.451561+08,2026-08-23 16:19:34.451561+08
01KZRTCK0A1YB90KJTXR57ZBDW,Sliding Glass Freezer,15cu,EJU0XF9WLT,Aucma,2003,2026-08-23 16:19:34.451561+08,2026-08-23 16:19:34.451561+08
01KZRTCK0A965VAJ697MPPCVTA,Curved Glass Freezer,8cu,46QM2GQCBX,Liebherr,2022,2026-08-23 16:19:34.451561+08,2026-08-23 16:19:34.451561+08
01KZRTCK0AMJG52PJ9WRPXYT1M,Curved Glass Freezer,8cu,UIG93EAN3M,Haier,2021,2026-08-23 16:19:34.451561+08,2026-08-23 16:19:34.451561+08
01KZRTCK0AGQ9TSBFTYFSE2KE7,Sliding Glass Freezer,18cu,GMRH01T4D9,Liebherr,2018,2026-08-23 16:19:34.451561+08,2026-08-23 16:19:34.451561+08
01KZRTCK0ATGC3J5FEW45KHA7K,Curved Glass Lighted Freezer,12cu,LPEC7A0UYM,Haier,2008,2026-08-23 16:19:34.451561+08,2026-08-23 16:19:34.451561+08
01KZRTCK0A98RV6P096PGK1T2A,Sliding Glass Freezer,9cu,NMVL27FPQ6,Liebherr,2023,2026-08-23 16:19:34.451561+08,2026-08-23 16:19:34.451561+08
01KZRTCK0AVMFDG6WFY9QHJGHT,Curved Glass Freezer,9cu,QF4AP7R1IE,Hiron,2022,2026-08-23 16:19:34.451561+08,2026-08-23 16:19:34.451561+08
01KZRTCK0A5PQHJ8705PR0P8WT,Curved Glass Freezer,9cu,VS9PDGAD8B,Liebherr,2007,2026-08-23 16:19:34.451561+08,2026-08-23 16:19:34.451561+08
01KZRTCK0ACQ29M1KDTXDG5PN3,Curved Glass Freezer,24cu,09YFBI5EXH,Aucma,2016,2026-08-23 16:19:34.451561+08,2026-08-23 16:19:34.451561+08
01KZRTCK0ABFSM9A21G1474V33,Curved Glass Lighted Freezer,9cu,GAVW4LMGVF,Liebherr,2015,2026-08-23 16:19:34.451561+08,2026-08-23 16:19:34.451561+08
01KZRTCK0AFSPM3ZVZ2P1NTHG0,Sliding Glass Freezer,18cu,JN5Z3WLC4O,Hiron,2015,2026-08-23 16:19:34.451561+08,2026-08-23 16:19:34.451561+08
01KZRTCK0A3RDCRAH3Q0AB02K1,Swing-up Freezer,9cu,PS6RSX0EEG,Aucma,2001,2026-08-23 16:19:34.451561+08,2026-08-23 16:19:34.451561+08
01KZRTCK0AGM1TKTDNM2Z0BSE0,Curved Glass Lighted Freezer,24cu,F1BFYEA7VJ,Aucma,2008,2026-08-23 16:19:34.451561+08,2026-08-23 16:19:34.451561+08
01KZRTCK0AGPW66XDJ6QG0TY1V,Curved Glass Lighted Freezer,8cu,VQ8SDC1AQS,Haier,2019,2026-08-23 16:19:34.451561+08,2026-08-23 16:19:34.451561+08
01KZRTCK0ATZEF3NZGEMKF8JHQ,Swing-up Freezer,24cu,TX3UE1VF6U,Haier,2010,2026-08-23 16:19:34.451561+08,2026-08-23 16:19:34.451561+08
01KZRTCK0ARZQVGR60WYV53PTZ,Curved Glass Freezer,24cu,MT36T3WE1T,Liebherr,2026,2026-08-23 16:19:34.451561+08,2026-08-23 16:19:34.451561+08
01KZRTCK0A44Y2YARYW3522FAB,Curved Glass Freezer,8cu,DRWWNE40BJ,Hiron,2015,2026-08-23 16:19:34.451561+08,2026-08-23 16:19:34.451561+08
01KZRTCK0ANJQVREKV0BCZPGRZ,Curved Glass Lighted Freezer,15cu,FNJXP2OQ7U,Liebherr,2024,2026-08-23 16:19:34.451561+08,2026-08-23 16:19:34.451561+08
01KZRTCK0AQ0EXB18SXRHPK45C,Curved Glass Freezer,12cu,EGWP7D0MD1,Haier,2005,2026-08-23 16:19:34.451561+08,2026-08-23 16:19:34.451561+08
01KZRTCK0AVP8VPXMGC3W7CZ6Y,Curved Glass Freezer,24cu,14NCM78BNN,Hiron,2018,2026-08-23 16:19:34.451561+08,2026-08-23 16:19:34.451561+08
01KZRTCK0AFT2MDNPQXGAGY8S7,Curved Glass Freezer,24cu,M826DM950S,Liebherr,2018,2026-08-23 16:19:34.451561+08,2026-08-23 16:19:34.451561+08
01KZRTCK0AA2DXDM79PMFP8ZWF,Swing-up Freezer,24cu,T07C7TPNMP,Haier,2006,2026-08-23 16:19:34.451561+08,2026-08-23 16:19:34.451561+08
01KZRTCK0AQKPK3GSK0KA5M3M0,Curved Glass Freezer,12cu,9GH3XH6986,Liebherr,2022,2026-08-23 16:19:34.451561+08,2026-08-23 16:19:34.451561+08
01KZRTCK0AZSVPH6AWXV94XHK5,Swing-up Freezer,24cu,F3NJJP7DUV,Haier,2001,2026-08-23 16:19:34.451561+08,2026-08-23 16:19:34.451561+08
01KZRTCK0ABJQYPB160918ZK6B,Sliding Glass Freezer,24cu,GPDFPFWHW8,Haier,2012,2026-08-23 16:19:34.451561+08,2026-08-23 16:19:34.451561+08
01KZRTCK0AX12AJV8MSY21C11Z,Sliding Glass Freezer,9cu,T7RU3W9OP4,Hiron,2002,2026-08-23 16:19:34.451561+08,2026-08-23 16:19:34.451561+08
01KZRTCK0AK9X8RRQHAG24YVGF,Swing-up Freezer,15cu,0QKOO4DVU1,Hiron,2022,2026-08-23 16:19:34.451561+08,2026-08-23 16:19:34.451561+08
01KZRTCK0A94FXJ205PXJ12VXY,Swing-up Freezer,15cu,CLP6E8MJL5,Haier,2016,2026-08-23 16:19:34.451561+08,2026-08-23 16:19:34.451561+08
01KZRTCK0A5NE874JA90YCP544,Curved Glass Lighted Freezer,24cu,NKY2CLGMNS,Hiron,2002,2026-08-23 16:19:34.451561+08,2026-08-23 16:19:34.451561+08
01KZRTCK0AVRWHTTQSE9KYAXHX,Curved Glass Freezer,15cu,LLHTQO20NZ,Haier,2016,2026-08-23 16:19:34.451561+08,2026-08-23 16:19:34.451561+08
01KZRTCK0AQE0ERW5C96Z8AKH6,Swing-up Freezer,9cu,Q86NA93VGW,Haier,2025,2026-08-23 16:19:34.451561+08,2026-08-23 16:19:34.451561+08
01KZRTCK0A58RXWWQ4YYNS7HDB,Swing-up Freezer,9cu,WUKPT5LG1W,Haier,2009,2026-08-23 16:19:34.451561+08,2026-08-23 16:19:34.451561+08
01KZRTCK0AZW30TJAQN2C5EBJ7,Sliding Glass Freezer,15cu,PKOKELBNWL,Liebherr,2016,2026-08-23 16:19:34.451561+08,2026-08-23 16:19:34.451561+08
01KZRTCK0AEHZAC6ABS6YAD8N1,Swing-up Freezer,18cu,6R75SU4MEG,Haier,2018,2026-08-23 16:19:34.451561+08,2026-08-23 16:19:34.451561+08
01KZRTCK0AATZ1RQAC4PNGKS1B,Curved Glass Freezer,9cu,2ZBKZVN6W7,Liebherr,2014,2026-08-23 16:19:34.451561+08,2026-08-23 16:19:34.451561+08
01KZRTCK0AQMBB6MQNHDZR335P,Curved Glass Freezer,24cu,NHR4OMMVY6,Haier,2002,2026-08-23 16:19:34.451561+08,2026-08-23 16:19:34.451561+08
01KZRTCK0APWRK1DH37AGBQ3G9,Curved Glass Lighted Freezer,8cu,1QWMNT41KR,Liebherr,2015,2026-08-23 16:19:34.451561+08,2026-08-23 16:19:34.451561+08
01KZRTCK0ADMHZHHRCYBPAS4E4,Curved Glass Lighted Freezer,24cu,VI1CKCG4HX,Liebherr,2015,2026-08-23 16:19:34.451561+08,2026-08-23 16:19:34.451561+08
01KZRTCK0AE1Z1A7VY2VZAB2QN,Curved Glass Freezer,12cu,XMW5NLIT2Z,Haier,2021,2026-08-23 16:19:34.451561+08,2026-08-23 16:19:34.451561+08
01KZRTCK0AEE1WTCTHQENY9J0X,Swing-up Freezer,18cu,GYCQKR4NV6,Liebherr,2001,2026-08-23 16:19:34.451561+08,2026-08-23 16:19:34.451561+08
01KZRTCK0AN84N5W6CD2G9BSKS,Curved Glass Freezer,15cu,L3XBP63LD9,Aucma,2014,2026-08-23 16:19:34.451561+08,2026-08-23 16:19:34.451561+08
01KZRTCK0A43HW4TH91YXT2T4W,Curved Glass Freezer,24cu,DBU4148BW1,Hiron,2007,2026-08-23 16:19:34.451561+08,2026-08-23 16:19:34.451561+08
01KZRTCK0AGB826HG1Z8ZVVB5P,Curved Glass Freezer,12cu,UT9LSSYM5X,Hiron,2024,2026-08-23 16:19:34.451561+08,2026-08-23 16:19:34.451561+08
01KZRTCK0A16DDSH2VE5D97XWZ,Sliding Glass Freezer,9cu,4LCR9CVQ1F,Liebherr,2017,2026-08-23 16:19:34.451561+08,2026-08-23 16:19:34.451561+08
01KZRTCK0AE5R7SGXT1B8JK35M,Sliding Glass Freezer,8cu,1R4M3JS9G2,Hiron,2008,2026-08-23 16:19:34.451561+08,2026-08-23 16:19:34.451561+08
01KZRTCK0A5NAWNKVRKEKZZEYK,Sliding Glass Freezer,18cu,IR9CA90F1S,Liebherr,2010,2026-08-23 16:19:34.451561+08,2026-08-23 16:19:34.451561+08
01KZRTCK0A7WT737XDSA6EBNRS,Curved Glass Lighted Freezer,12cu,VLWV7WQQJN,Aucma,2015,2026-08-23 16:19:34.451561+08,2026-08-23 16:19:34.451561+08
01KZRTCK0AHBYFA4FD1258KX3S,Swing-up Freezer,8cu,LIK9LO58MO,Liebherr,2023,2026-08-23 16:19:34.451561+08,2026-08-23 16:19:34.451561+08
01KZRTCK0AA8AJDQM61AJQ7WJ9,Curved Glass Lighted Freezer,8cu,5UL2E9WOB7,Hiron,2019,2026-08-23 16:19:34.451561+08,2026-08-23 16:19:34.451561+08
01KZRTCK0A7Z6GVRTWJMXRTR68,Curved Glass Lighted Freezer,12cu,X5SDJ4CI5U,Haier,2026,2026-08-23 16:19:34.451561+08,2026-08-23 16:19:34.451561+08
01KZRTCK0AD24REK3WKPN9X6QN,Sliding Glass Freezer,9cu,1Y0AKAUUVF,Liebherr,2022,2026-08-23 16:19:34.451561+08,2026-08-23 16:19:34.451561+08
01KZRTCK0AHM6274MDM2YA1B2C,Sliding Glass Freezer,9cu,78H6LPILKE,Aucma,2003,2026-08-23 16:19:34.451561+08,2026-08-23 16:19:34.451561+08
01KZRTCK0AJ9P7VETBM2BY6921,Curved Glass Lighted Freezer,8cu,W1K4U9KHZG,Hiron,2013,2026-08-23 16:19:34.451561+08,2026-08-23 16:19:34.451561+08
01KZRTCK0AESK6G28HX769H8MX,Swing-up Freezer,18cu,89P8FNHWC5,Liebherr,2008,2026-08-23 16:19:34.451561+08,2026-08-23 16:19:34.451561+08
01KZRTCK0AAMDH0JZWDHMKJK9S,Swing-up Freezer,9cu,IRUP28WRY3,Haier,2017,2026-08-23 16:19:34.451561+08,2026-08-23 16:19:34.451561+08
01KZRTCK0AFWS87JG0W01SNZHE,Swing-up Freezer,15cu,WOBVAUFMDM,Haier,2004,2026-08-23 16:19:34.451561+08,2026-08-23 16:19:34.451561+08
01KZRTCK0A1ANBXW4YGZQ3QQDJ,Swing-up Freezer,24cu,EHLFZ0WUQS,Aucma,2016,2026-08-23 16:19:34.451561+08,2026-08-23 16:19:34.451561+08
01KZRTCK0AKW3WT9N3VW1A0EQY,Curved Glass Lighted Freezer,8cu,71CWSHA1JL,Aucma,2014,2026-08-23 16:19:34.451561+08,2026-08-23 16:19:34.451561+08
01KZRTCK0A2590S059P3NXXFPM,Swing-up Freezer,18cu,3OMZKADHJX,Hiron,2006,2026-08-23 16:19:34.451561+08,2026-08-23 16:19:34.451561+08
01KZRTCK0A3VPPKPZKRABNG1BR,Curved Glass Freezer,9cu,CVLRVHKBBH,Haier,2023,2026-08-23 16:19:34.451561+08,2026-08-23 16:19:34.451561+08
01KZRTCK0A8XEADFR14A3KT5NK,Curved Glass Lighted Freezer,15cu,MQ5I4F9AA4,Aucma,2024,2026-08-23 16:19:34.451561+08,2026-08-23 16:19:34.451561+08
01KZRTCK0AK305Q92JNJ1FVX13,Curved Glass Freezer,12cu,O06RB3BSOO,Hiron,2006,2026-08-23 16:19:34.451561+08,2026-08-23 16:19:34.451561+08
01KZRTCK0AAXF6B64ETC57XNCB,Sliding Glass Freezer,18cu,6K8Z7E192F,Hiron,2005,2026-08-23 16:19:34.451561+08,2026-08-23 16:19:34.451561+08
01KZRTCK0A8R3S9YABCRB1VGCK,Sliding Glass Freezer,24cu,5RA0N5TUXZ,Haier,2004,2026-08-23 16:19:34.451561+08,2026-08-23 16:19:34.451561+08
01KZRTCK0A11VGE873PA7ARCAK,Curved Glass Freezer,9cu,6H7N7ZFA5O,Liebherr,2018,2026-08-23 16:19:34.451561+08,2026-08-23 16:19:34.451561+08
01KZRTCK0AKJEQFFF9P9JCRFKG,Curved Glass Lighted Freezer,24cu,QMNHGNTZ75,Hiron,2026,2026-08-23 16:19:34.451561+08,2026-08-23 16:19:34.451561+08
01KZRTCK0ADN3K9EDHCXZVTVNP,Swing-up Freezer,18cu,SYWUUISBCU,Hiron,2013,2026-08-23 16:19:34.451561+08,2026-08-23 16:19:34.451561+08
01KZRTCK0AFBGVRGWJAZS3RYT5,Swing-up Freezer,24cu,J6F0R58L1C,Haier,2001,2026-08-23 16:19:34.451561+08,2026-08-23 16:19:34.451561+08
01KZRTCK0AH8HC93B4Z3RYFX9W,Curved Glass Freezer,24cu,K8FS8BZF6P,Hiron,2019,2026-08-23 16:19:34.451561+08,2026-08-23 16:19:34.451561+08
01KZRTCK0ANE4VVNP7M9Q0A1D7,Curved Glass Freezer,12cu,UF9CMHZZHL,Haier,2020,2026-08-23 16:19:34.451561+08,2026-08-23 16:19:34.451561+08
01KZRTCK0AZNYAZ33PC4NK8DSZ,Sliding Glass Freezer,15cu,OGDD020BY8,Liebherr,2004,2026-08-23 16:19:34.451561+08,2026-08-23 16:19:34.451561+08
01KZRTCK0A5YX0TDMH0T63068X,Curved Glass Lighted Freezer,8cu,EUI2GGH5OL,Aucma,2010,2026-08-23 16:19:34.451561+08,2026-08-23 16:19:34.451561+08
01KZRTCK0A44FZMVENHF5GD3G1,Sliding Glass Freezer,8cu,05RMBA49Q9,Hiron,2026,2026-08-23 16:19:34.451561+08,2026-08-23 16:19:34.451561+08
01KZRTCK0AMP43S2KEKS9TB4MA,Sliding Glass Freezer,9cu,YM16GBE7F4,Haier,2008,2026-08-23 16:19:34.451561+08,2026-08-23 16:19:34.451561+08
01KZRTCK0AJFZK6PKR3RWXVABK,Sliding Glass Freezer,24cu,XCMH3GSUFL,Hiron,2001,2026-08-23 16:19:34.451561+08,2026-08-23 16:19:34.451561+08
01KZRTCK0AB0AD90C7M6JQ3KMV,Sliding Glass Freezer,18cu,AZ9URNM2A2,Aucma,2007,2026-08-23 16:19:34.451561+08,2026-08-23 16:19:34.451561+08
01KZRTCK0AEAVQQER96EGVEZZY,Sliding Glass Freezer,12cu,TFHKR72YUH,Aucma,2005,2026-08-23 16:19:34.451561+08,2026-08-23 16:19:34.451561+08
01KZRTCK0AZX8DN1FK2PMRXP4F,Sliding Glass Freezer,15cu,85C713U4G9,Aucma,2024,2026-08-23 16:19:34.451561+08,2026-08-23 16:19:34.451561+08
01KZRTCK0A9GSKW6MBC2KCH01E,Curved Glass Freezer,9cu,SHIDBWATE0,Liebherr,2006,2026-08-23 16:19:34.451561+08,2026-08-23 16:19:34.451561+08
01KZRTCK0ATBDXQWGBCD2QMFQ7,Swing-up Freezer,18cu,90F2O3A2E4,Haier,2009,2026-08-23 16:19:34.451561+08,2026-08-23 16:19:34.451561+08
01KZRTCK0AA8ZRQ0J117HRK5ET,Curved Glass Freezer,9cu,3UJS0JF7VQ,Haier,2012,2026-08-23 16:19:34.451561+08,2026-08-23 16:19:34.451561+08
01KZRTCK0AMBXW6VP5JCVVFCCV,Curved Glass Lighted Freezer,24cu,SZMP5TOMBP,Hiron,2017,2026-08-23 16:19:34.451561+08,2026-08-23 16:19:34.451561+08
01KZRTCK0A76DWND9P11YBHZ5C,Sliding Glass Freezer,18cu,ONPZ5R1MOO,Liebherr,2015,2026-08-23 16:19:34.451561+08,2026-08-23 16:19:34.451561+08
01KZRTCK0AY9M8S0WJXXSCYGQM,Curved Glass Freezer,12cu,HMGFC5BWNP,Haier,2007,2026-08-23 16:19:34.451561+08,2026-08-23 16:19:34.451561+08
01KZRTCK0A1E4N20HXBGV80RQ6,Sliding Glass Freezer,12cu,K21EEDXZSI,Hiron,2020,2026-08-23 16:19:34.451561+08,2026-08-23 16:19:34.451561+08
01KZRTCK0AZHF0B05Y4WT1QTMF,Curved Glass Freezer,24cu,178XIQA0RO,Aucma,2021,2026-08-23 16:19:34.451561+08,2026-08-23 16:19:34.451561+08
01KZRTCK0AEVPKWS07PC1Y8XPB,Curved Glass Lighted Freezer,18cu,0N36CGORNQ,Aucma,2018,2026-08-23 16:19:34.451561+08,2026-08-23 16:19:34.451561+08
01KZRTCK0A74404FDEJXBQNVDF,Curved Glass Freezer,8cu,ICEAZPRU1I,Haier,2008,2026-08-23 16:19:34.451561+08,2026-08-23 16:19:34.451561+08
01KZRTCK0AKAC5W4T3NT17NPNP,Curved Glass Freezer,12cu,4K0QQ6OLWC,Hiron,2006,2026-08-23 16:19:34.451561+08,2026-08-23 16:19:34.451561+08
01KZRTCK0AYRZ4CDYTEYKR0QRJ,Curved Glass Freezer,15cu,FO73RHJ0L7,Haier,2001,2026-08-23 16:19:34.451561+08,2026-08-23 16:19:34.451561+08
01KZRTCK0AMWTZRYJE875S2D9T,Sliding Glass Freezer,18cu,I3ZF3EJBXD,Aucma,2020,2026-08-23 16:19:34.451561+08,2026-08-23 16:19:34.451561+08
01KZRTCK0AXEK1DFEBESVMVJ5D,Swing-up Freezer,18cu,U6HN5ZWY5K,Liebherr,2020,2026-08-23 16:19:34.451561+08,2026-08-23 16:19:34.451561+08
01KZRTCK0A2WZ0CT30BE94V3J2,Swing-up Freezer,8cu,9QYBCIH9RL,Haier,2009,2026-08-23 16:19:34.451561+08,2026-08-23 16:19:34.451561+08
01KZRTCK0ATN2QWQ73BB0ZCYMG,Sliding Glass Freezer,18cu,H6L3I6DWJ3,Aucma,2020,2026-08-23 16:19:34.451561+08,2026-08-23 16:19:34.451561+08
01KZRTCK0A0HV7N1RT7QVXKSVE,Sliding Glass Freezer,8cu,S0CKBE0IWM,Haier,2016,2026-08-23 16:19:34.451561+08,2026-08-23 16:19:34.451561+08
01KZRTCK0A4WZ12MG945KNMMQ7,Sliding Glass Freezer,24cu,BUU57VA358,Hiron,2024,2026-08-23 16:19:34.451561+08,2026-08-23 16:19:34.451561+08
01KZRTCK0A2VY3MV077TT2KMBM,Sliding Glass Freezer,8cu,4I77RRX49V,Haier,2002,2026-08-23 16:19:34.451561+08,2026-08-23 16:19:34.451561+08
01KZRTCK0ABW2YK5EQ4CED2VDH,Curved Glass Freezer,9cu,AXNG0JW23L,Liebherr,2007,2026-08-23 16:19:34.451561+08,2026-08-23 16:19:34.451561+08
01KZRTCK0A2ZGYQ5TYVK0493ZK,Curved Glass Freezer,12cu,LMLLETCHP1,Hiron,2001,2026-08-23 16:19:34.451561+08,2026-08-23 16:19:34.451561+08
01KZRTCK0A4G6V3CN9NN76JJV7,Sliding Glass Freezer,18cu,KSW8R9Y1NX,Haier,2019,2026-08-23 16:19:34.451561+08,2026-08-23 16:19:34.451561+08
01KZRTCK0AP6XBYVEZ6Q6903JJ,Swing-up Freezer,9cu,H9JJ8K34AT,Haier,2004,2026-08-23 16:19:34.451561+08,2026-08-23 16:19:34.451561+08
01KZRTCK0A1JMVFECWJ2XRBASD,Curved Glass Lighted Freezer,15cu,LXO1WAXZJZ,Hiron,2006,2026-08-23 16:19:34.451561+08,2026-08-23 16:19:34.451561+08
01KZRTCK0A091KXBSGK5EKDXTJ,Curved Glass Freezer,15cu,5P4IE08PMY,Liebherr,2011,2026-08-23 16:19:34.451561+08,2026-08-23 16:19:34.451561+08
01KZRTCK0AWKNQ4AEBDNP3CNY2,Curved Glass Lighted Freezer,24cu,SSSMTR4YJM,Haier,2008,2026-08-23 16:19:34.451561+08,2026-08-23 16:19:34.451561+08
01KZRTCK0AXZDCZRVF2KFMRY22,Swing-up Freezer,24cu,9AH181HTZI,Haier,2018,2026-08-23 16:19:34.451561+08,2026-08-23 16:19:34.451561+08
01KZRTCK0A2HMZD0JZ0CW7F53C,Curved Glass Lighted Freezer,8cu,GRCJ7F62TF,Haier,2018,2026-08-23 16:19:34.451561+08,2026-08-23 16:19:34.451561+08
01KZRTCK0AEPEPZGY5K57P4R5A,Swing-up Freezer,8cu,C0HA5CMYOC,Haier,2008,2026-08-23 16:19:34.451561+08,2026-08-23 16:19:34.451561+08
01KZRTCK0AAW1X7N3509P3V3YC,Swing-up Freezer,15cu,MDANY0KZJT,Hiron,2014,2026-08-23 16:19:34.451561+08,2026-08-23 16:19:34.451561+08
01KZRTCK0BHJF1WCYAF884V68A,Sliding Glass Freezer,18cu,CZQVQF4WSU,Liebherr,2009,2026-08-23 16:19:34.451561+08,2026-08-23 16:19:34.451561+08
01KZRTCK0BXTANP5CFWN1KQ1TC,Curved Glass Lighted Freezer,24cu,0P6GI4BWXO,Hiron,2019,2026-08-23 16:19:34.451561+08,2026-08-23 16:19:34.451561+08
01KZRTCK0B0WVFACGBF4QW5XCN,Sliding Glass Freezer,24cu,9XMUTRTRAO,Aucma,2000,2026-08-23 16:19:34.451561+08,2026-08-23 16:19:34.451561+08
01KZRTCK0B8VD06FC5JNRE6ZFY,Curved Glass Freezer,12cu,GJ5ZGUYZWI,Haier,2008,2026-08-23 16:19:34.451561+08,2026-08-23 16:19:34.451561+08
01KZRTCK0BWF30DYT87X6AH4D8,Curved Glass Lighted Freezer,24cu,03GZZW9RRS,Aucma,2022,2026-08-23 16:19:34.451561+08,2026-08-23 16:19:34.451561+08
01KZRTCK0BZKDTG3J066W4ATSZ,Curved Glass Freezer,15cu,33BJU662YB,Aucma,2020,2026-08-23 16:19:34.451561+08,2026-08-23 16:19:34.451561+08
01KZRTCK0BFCDK77BDTH3N1S87,Curved Glass Lighted Freezer,8cu,48EGSESWL6,Haier,2026,2026-08-23 16:19:34.451561+08,2026-08-23 16:19:34.451561+08
01KZRTCK0BF12H8K77YTEK7NPM,Sliding Glass Freezer,12cu,VEKBGPSJO1,Hiron,2007,2026-08-23 16:19:34.451561+08,2026-08-23 16:19:34.451561+08
01KZRTCK0BF4T63J8GQR2QBY7T,Swing-up Freezer,24cu,0QQ4B7VK4V,Liebherr,2026,2026-08-23 16:19:34.451561+08,2026-08-23 16:19:34.451561+08
01KZRTCK0B3KATTVJQFGR4A6GK,Curved Glass Lighted Freezer,24cu,EKEVSRXJYC,Haier,2025,2026-08-23 16:19:34.451561+08,2026-08-23 16:19:34.451561+08
01KZRTCK0BXEQ1SWHM21K47A6J,Swing-up Freezer,18cu,3KWIGO0IXC,Aucma,2024,2026-08-23 16:19:34.451561+08,2026-08-23 16:19:34.451561+08
01KZRTCK0BVZ846HM59Y7AVKEP,Curved Glass Freezer,15cu,6DR3846BFT,Hiron,2008,2026-08-23 16:19:34.451561+08,2026-08-23 16:19:34.451561+08
01KZRTCK0B2QH3HHWVRA1S2RYS,Sliding Glass Freezer,18cu,SYLNP326GR,Hiron,2020,2026-08-23 16:19:34.451561+08,2026-08-23 16:19:34.451561+08
01KZRTCK0BQ5AE7CH3W5D811VK,Sliding Glass Freezer,8cu,7CCTFUOSAC,Aucma,2000,2026-08-23 16:19:34.451561+08,2026-08-23 16:19:34.451561+08
01KZRTCK0B687DX075E6H575Y9,Sliding Glass Freezer,18cu,NGWLHR3RBE,Aucma,2026,2026-08-23 16:19:34.451561+08,2026-08-23 16:19:34.451561+08
01KZRTCK0BJQMP8F8F3AB15H7Y,Swing-up Freezer,8cu,W6HP971E97,Hiron,2000,2026-08-23 16:19:34.451561+08,2026-08-23 16:19:34.451561+08
01KZRTCK0B0F7Q6QQP063MFVZX,Curved Glass Freezer,15cu,VYVG4P2QNA,Liebherr,2024,2026-08-23 16:19:34.451561+08,2026-08-23 16:19:34.451561+08
01KZRTCK0BBFVA0D6R1N21E6J1,Sliding Glass Freezer,12cu,20FMR63VP5,Aucma,2007,2026-08-23 16:19:34.451561+08,2026-08-23 16:19:34.451561+08
01KZRTCK0BHY01HMXP08JXMT95,Curved Glass Freezer,8cu,O1JU8VOS3V,Aucma,2004,2026-08-23 16:19:34.451561+08,2026-08-23 16:19:34.451561+08
01KZRTCK0BKZNBXD1MR22NFXEW,Sliding Glass Freezer,8cu,4QSMTQTZQA,Haier,2022,2026-08-23 16:19:34.451561+08,2026-08-23 16:19:34.451561+08
01KZRTCK0BFTRDQX2FR4HTRD3H,Curved Glass Lighted Freezer,9cu,KWG4A977OC,Aucma,2022,2026-08-23 16:19:34.451561+08,2026-08-23 16:19:34.451561+08
01KZRTCK0BYY39592YXHBZ4T9B,Sliding Glass Freezer,9cu,CQE8EU51PP,Haier,2014,2026-08-23 16:19:34.451561+08,2026-08-23 16:19:34.451561+08
01KZRTCK0B1H0XA5BXSQ390MEH,Curved Glass Lighted Freezer,15cu,RM5IHX0H9Z,Haier,2003,2026-08-23 16:19:34.451561+08,2026-08-23 16:19:34.451561+08
01KZRTCK0BV6TQ5EWMBW49ZN4E,Curved Glass Freezer,12cu,3GAP2H4T7I,Aucma,2011,2026-08-23 16:19:34.451561+08,2026-08-23 16:19:34.451561+08
01KZRTCK0B51AN8VXK1AFH9676,Sliding Glass Freezer,15cu,QNG6BI97BZ,Aucma,2025,2026-08-23 16:19:34.451561+08,2026-08-23 16:19:34.451561+08
01KZRTCK0BR8PGT25N9RA7Z57H,Curved Glass Lighted Freezer,18cu,3BMV4CWKU7,Aucma,2014,2026-08-23 16:19:34.451561+08,2026-08-23 16:19:34.451561+08
01KZRTCK0BWTMANY5YZ2WZG176,Curved Glass Freezer,15cu,XJKHPPIWNE,Haier,2005,2026-08-23 16:19:34.451561+08,2026-08-23 16:19:34.451561+08
01KZRTCK0B3FTCNZ44PCJFM0B5,Curved Glass Freezer,8cu,ERCB5T0GOD,Aucma,2016,2026-08-23 16:19:34.451561+08,2026-08-23 16:19:34.451561+08
01KZRTCK0BZA38GM0BFRCY7V8B,Curved Glass Freezer,9cu,3W7X3DFO56,Liebherr,2005,2026-08-23 16:19:34.451561+08,2026-08-23 16:19:34.451561+08
01KZRTCK0B55C1BZM5Z9P4FYZS,Curved Glass Lighted Freezer,8cu,425P34I54I,Liebherr,2021,2026-08-23 16:19:34.451561+08,2026-08-23 16:19:34.451561+08
01KZRTCK0BC3D1HAFD5T2AMNFB,Sliding Glass Freezer,12cu,Z9CNVVTRSY,Hiron,2000,2026-08-23 16:19:34.451561+08,2026-08-23 16:19:34.451561+08
01KZRTCK0BH8602JP17M6G1MA5,Swing-up Freezer,15cu,25ISUDZKKP,Hiron,2000,2026-08-23 16:19:34.451561+08,2026-08-23 16:19:34.451561+08
01KZRTCK0BT1KVF9HE0B048A4E,Curved Glass Lighted Freezer,12cu,I0NTP3H9OM,Liebherr,2023,2026-08-23 16:19:34.451561+08,2026-08-23 16:19:34.451561+08
01KZRTCK0BA00X94QFB56JKRDV,Swing-up Freezer,15cu,W6N7PNCILW,Liebherr,2010,2026-08-23 16:19:34.451561+08,2026-08-23 16:19:34.451561+08
01KZRTCK0BTR5V02F0RSQVJNMQ,Swing-up Freezer,12cu,2J04JDCZXI,Liebherr,2002,2026-08-23 16:19:34.451561+08,2026-08-23 16:19:34.451561+08
01KZRTCK0B2WM1A67JNVYZ9MAQ,Swing-up Freezer,15cu,4ESMKMU054,Liebherr,2003,2026-08-23 16:19:34.451561+08,2026-08-23 16:19:34.451561+08
01KZRTCK0BA2PEZXQZF2JXYVBZ,Sliding Glass Freezer,24cu,MF4TAK3J57,Liebherr,2006,2026-08-23 16:19:34.451561+08,2026-08-23 16:19:34.451561+08
01KZRTCK0B5NEFS09SD4Z6NCQR,Sliding Glass Freezer,15cu,PGINRBYSX5,Hiron,2024,2026-08-23 16:19:34.451561+08,2026-08-23 16:19:34.451561+08
01KZRTCK0BRXV68K49S2MS0Z3X,Curved Glass Lighted Freezer,8cu,9SLFETHP92,Haier,2014,2026-08-23 16:19:34.451561+08,2026-08-23 16:19:34.451561+08
01KZRTCK0BFFN9N3N6TJ0EJ2EP,Curved Glass Lighted Freezer,15cu,QWUYXNI5FU,Liebherr,2026,2026-08-23 16:19:34.451561+08,2026-08-23 16:19:34.451561+08
01KZRTCK0BNB7XBCVZAQ2AR9M1,Swing-up Freezer,24cu,MB3VSEGYKX,Aucma,2019,2026-08-23 16:19:34.451561+08,2026-08-23 16:19:34.451561+08
01KZRTCK0BY94RS25MVQG5ANV3,Curved Glass Lighted Freezer,12cu,BZ07C4RFZI,Haier,2007,2026-08-23 16:19:34.451561+08,2026-08-23 16:19:34.451561+08
01KZRTCK0B5S3T4RTM9FQHQR12,Sliding Glass Freezer,15cu,RPB31YUMUT,Liebherr,2003,2026-08-23 16:19:34.451561+08,2026-08-23 16:19:34.451561+08
01KZRTCK0BQ23AV4Z8BRZR87F6,Swing-up Freezer,8cu,TXSJEO4ZJJ,Haier,2011,2026-08-23 16:19:34.451561+08,2026-08-23 16:19:34.451561+08
01KZRTCK0BMSRJPEBP3NQM86X9,Swing-up Freezer,9cu,JPAMJ8R8BY,Hiron,2007,2026-08-23 16:19:34.451561+08,2026-08-23 16:19:34.451561+08
01KZRTCK0B7F00FFB1TBFS6FHE,Sliding Glass Freezer,12cu,ZIO6TL2NXJ,Aucma,2022,2026-08-23 16:19:34.451561+08,2026-08-23 16:19:34.451561+08
01KZRTCK0BR2B9YMZTH92SYXY5,Curved Glass Freezer,18cu,68JEQE7NJ2,Aucma,2013,2026-08-23 16:19:34.451561+08,2026-08-23 16:19:34.451561+08
01KZRTCK0B2A8XZ3HSYY1DQ7PF,Sliding Glass Freezer,9cu,XS6ALZDKES,Aucma,2001,2026-08-23 16:19:34.451561+08,2026-08-23 16:19:34.451561+08
01KZRTCK0BXM36KB0P4RX1E20P,Swing-up Freezer,18cu,MJVD8YOXI1,Liebherr,2015,2026-08-23 16:19:34.451561+08,2026-08-23 16:19:34.451561+08
01KZRTCK0BHJ00CBWGMYN6W3W1,Curved Glass Lighted Freezer,15cu,L8U35ZNKAB,Hiron,2005,2026-08-23 16:19:34.451561+08,2026-08-23 16:19:34.451561+08
01KZRTCK0BGZKJNX3BD3QGQ7H5,Curved Glass Freezer,24cu,9X9JQY705H,Haier,2008,2026-08-23 16:19:34.451561+08,2026-08-23 16:19:34.451561+08
01KZRTCK0B9GF3NJGWJ4527J3V,Curved Glass Freezer,9cu,LDIXUHUU9Q,Aucma,2010,2026-08-23 16:19:34.451561+08,2026-08-23 16:19:34.451561+08
01KZRTCK0BE5M1MEWH7ZE672PZ,Curved Glass Freezer,15cu,N7RZ8PC3NP,Aucma,2004,2026-08-23 16:19:34.451561+08,2026-08-23 16:19:34.451561+08
01KZRTCK0BF58HX13JZNTZEE12,Curved Glass Lighted Freezer,9cu,JQVFOZ8JU0,Aucma,2006,2026-08-23 16:19:34.451561+08,2026-08-23 16:19:34.451561+08
01KZRTCK0BBRHB6W67DC1946DM,Sliding Glass Freezer,9cu,WUQ30R01SI,Haier,2008,2026-08-23 16:19:34.451561+08,2026-08-23 16:19:34.451561+08
01KZRTCK0BXBF2JS9X9BXN8Z0Z,Curved Glass Lighted Freezer,18cu,NXS7W3TE8O,Hiron,2004,2026-08-23 16:19:34.451561+08,2026-08-23 16:19:34.451561+08
01KZRTCK0B9CHZD6K1CEK9DG0Q,Swing-up Freezer,9cu,9C8P8MG654,Aucma,2021,2026-08-23 16:19:34.451561+08,2026-08-23 16:19:34.451561+08
01KZRTCK0BHXY95TRN3J0M873S,Sliding Glass Freezer,9cu,JE6CWEJT3J,Hiron,2010,2026-08-23 16:19:34.451561+08,2026-08-23 16:19:34.451561+08
01KZRTCK0B0ET9WRBR0G21QAK9,Swing-up Freezer,12cu,3ORKZ8ERK0,Liebherr,2003,2026-08-23 16:19:34.451561+08,2026-08-23 16:19:34.451561+08
01KZRTCK0BQHFDJXEWTTJDBTGD,Swing-up Freezer,8cu,RNZ79UNDBT,Liebherr,2025,2026-08-23 16:19:34.451561+08,2026-08-23 16:19:34.451561+08
01KZRTCK0BDC1VZFE22SD3VADM,Curved Glass Freezer,8cu,TXN0V2IR7A,Haier,2008,2026-08-23 16:19:34.451561+08,2026-08-23 16:19:34.451561+08
01KZRTCK0B2AJT9VVQRX81JZNW,Curved Glass Lighted Freezer,9cu,OSSEUHVZU1,Liebherr,2002,2026-08-23 16:19:34.451561+08,2026-08-23 16:19:34.451561+08
01KZRTCK0BRM6G9VK7VCHRM0H8,Swing-up Freezer,15cu,MZH0JQJHXG,Liebherr,2019,2026-08-23 16:19:34.451561+08,2026-08-23 16:19:34.451561+08
01KZRTCK0B1VC1WQ9736DHJWBG,Curved Glass Freezer,15cu,5YI7ISURLN,Liebherr,2010,2026-08-23 16:19:34.451561+08,2026-08-23 16:19:34.451561+08
01KZRTCK0BPDMYNKN408MK6Y4D,Sliding Glass Freezer,24cu,IH8522CNQY,Hiron,2019,2026-08-23 16:19:34.451561+08,2026-08-23 16:19:34.451561+08
01KZRTCK0B527PMS1CQABWT0GX,Curved Glass Lighted Freezer,18cu,8QUQYLWKMT,Haier,2026,2026-08-23 16:19:34.451561+08,2026-08-23 16:19:34.451561+08
01KZRTCK0BNANWZ0WQZA1Q55AK,Swing-up Freezer,15cu,P3QZ9KI29H,Haier,2022,2026-08-23 16:19:34.451561+08,2026-08-23 16:19:34.451561+08
01KZRTCK0BDTMQ8HVYK11JDDFD,Curved Glass Freezer,18cu,BRYLADVZ00,Liebherr,2016,2026-08-23 16:19:34.451561+08,2026-08-23 16:19:34.451561+08
01KZRTCK0BEYFZZZHH38X5HN06,Curved Glass Freezer,12cu,P29KL2MUX8,Haier,2007,2026-08-23 16:19:34.451561+08,2026-08-23 16:19:34.451561+08
01KZRTCK0BZP9K0S14HZCCJAF2,Curved Glass Lighted Freezer,18cu,HTAWRDY8E8,Aucma,2012,2026-08-23 16:19:34.451561+08,2026-08-23 16:19:34.451561+08
01KZRTCK0B1N2HA9QJZCQ5H52N,Sliding Glass Freezer,8cu,WHTXT9T8HD,Hiron,2009,2026-08-23 16:19:34.451561+08,2026-08-23 16:19:34.451561+08
01KZRTCK0BD6ZAYYPGBZ6DJ8PT,Curved Glass Freezer,15cu,COF8FBMUNF,Liebherr,2011,2026-08-23 16:19:34.451561+08,2026-08-23 16:19:34.451561+08
01KZRTCK0B50T6XV073FFA3G1Q,Curved Glass Lighted Freezer,18cu,SCY421LEFA,Aucma,2004,2026-08-23 16:19:34.451561+08,2026-08-23 16:19:34.451561+08
01KZRTCK0BG3VZV9TK580W16BY,Swing-up Freezer,18cu,Y701TYIQ8N,Hiron,2005,2026-08-23 16:19:34.451561+08,2026-08-23 16:19:34.451561+08
01KZRTCK0B8378Y18MY92HTEC3,Curved Glass Freezer,9cu,D9B179IB0C,Hiron,2020,2026-08-23 16:19:34.451561+08,2026-08-23 16:19:34.451561+08
01KZRTCK0B41H9210JW6FV65B1,Curved Glass Lighted Freezer,9cu,UCXOXGBLHZ,Aucma,2020,2026-08-23 16:19:34.451561+08,2026-08-23 16:19:34.451561+08
01KZRTCK0BT0F93Q5T0Q8SE8S4,Curved Glass Lighted Freezer,18cu,42I88H6LC0,Liebherr,2011,2026-08-23 16:19:34.451561+08,2026-08-23 16:19:34.451561+08
01KZRTCK0BR4957D90ZDBWPXKE,Curved Glass Lighted Freezer,18cu,E6VYTZ86S6,Hiron,2023,2026-08-23 16:19:34.451561+08,2026-08-23 16:19:34.451561+08
01KZRTCK0B4J4KQ6EP4C5JPKX6,Swing-up Freezer,8cu,L0S1XMVJ0T,Aucma,2012,2026-08-23 16:19:34.451561+08,2026-08-23 16:19:34.451561+08
01KZRTCK0BR5MJS3BV694767DP,Curved Glass Freezer,8cu,69LDY92WH6,Hiron,2025,2026-08-23 16:19:34.451561+08,2026-08-23 16:19:34.451561+08
01KZRTCK0BMV0VC8R2MB5ED4VH,Sliding Glass Freezer,8cu,ODKUQ1E1FZ,Hiron,2012,2026-08-23 16:19:34.451561+08,2026-08-23 16:19:34.451561+08
01KZRTCK0BSET6CHA9K5ZR1ZS2,Curved Glass Lighted Freezer,8cu,K87W4DJW4B,Aucma,2004,2026-08-23 16:19:34.451561+08,2026-08-23 16:19:34.451561+08
01KZRTCK0BX7NSQC3HT7C08FR6,Curved Glass Freezer,8cu,CH2PACF5JL,Haier,2005,2026-08-23 16:19:34.451561+08,2026-08-23 16:19:34.451561+08
01KZRTCK0BM5EFB2M2H51MXNQ6,Curved Glass Lighted Freezer,9cu,A90O61PLIP,Liebherr,2011,2026-08-23 16:19:34.451561+08,2026-08-23 16:19:34.451561+08
01KZRTCK0B7NH6E3DTJ2JATGM1,Sliding Glass Freezer,9cu,XOY8X4FBA3,Haier,2008,2026-08-23 16:19:34.451561+08,2026-08-23 16:19:34.451561+08
01KZRTCK0BY57280VXS22GTG9F,Swing-up Freezer,15cu,IUULSGV9CD,Haier,2020,2026-08-23 16:19:34.451561+08,2026-08-23 16:19:34.451561+08
01KZRTCK0BCV4KPWZE4E6F5FRG,Curved Glass Lighted Freezer,12cu,BVNZD9AYB6,Haier,2009,2026-08-23 16:19:34.451561+08,2026-08-23 16:19:34.451561+08
01KZRTCK0B8BD3DNPP8XPWX2NK,Curved Glass Freezer,9cu,BN2MP9F4R7,Hiron,2019,2026-08-23 16:19:34.451561+08,2026-08-23 16:19:34.451561+08
01KZRTCK0BWC752R1260NN4K2G,Curved Glass Freezer,9cu,A0FAI1V396,Liebherr,2009,2026-08-23 16:19:34.451561+08,2026-08-23 16:19:34.451561+08
01KZRTCK0BNC88AG7K9WC3E3DZ,Curved Glass Lighted Freezer,9cu,XAZCG99DVS,Aucma,2007,2026-08-23 16:19:34.451561+08,2026-08-23 16:19:34.451561+08
01KZRTCK0B7J5MX1WFG0HET40C,Swing-up Freezer,18cu,8RFI3SMGDM,Aucma,2024,2026-08-23 16:19:34.451561+08,2026-08-23 16:19:34.451561+08
01KZRTCK0BEAQQM4JNP15TZ9D3,Sliding Glass Freezer,15cu,8N4UWPKA4L,Hiron,2010,2026-08-23 16:19:34.451561+08,2026-08-23 16:19:34.451561+08
01KZRTCK0BK52E4PK2WTAAPHC5,Curved Glass Freezer,24cu,JEFVJ3VNZG,Aucma,2006,2026-08-23 16:19:34.451561+08,2026-08-23 16:19:34.451561+08
01KZRTCK0BQSW7XRVETADJPGX3,Swing-up Freezer,24cu,BBXDSUQ9GZ,Haier,2001,2026-08-23 16:19:34.451561+08,2026-08-23 16:19:34.451561+08
01KZRTCK0BDZAEDAFEA2GAHZQG,Curved Glass Lighted Freezer,15cu,DWSFKGE3YU,Liebherr,2002,2026-08-23 16:19:34.451561+08,2026-08-23 16:19:34.451561+08
01KZRTCK0BF1Y0GG0ZYQDVPGFB,Curved Glass Freezer,9cu,SQSEGFS15K,Hiron,2007,2026-08-23 16:19:34.451561+08,2026-08-23 16:19:34.451561+08
01KZRTCK0BBEDMSEST18JE5HAY,Curved Glass Lighted Freezer,12cu,IPLA33AVHD,Haier,2021,2026-08-23 16:19:34.451561+08,2026-08-23 16:19:34.451561+08
01KZRTCK0CEFPWC56VXBVEG3F5,Sliding Glass Freezer,24cu,MJZMUVKM9Y,Hiron,2011,2026-08-23 16:19:34.451561+08,2026-08-23 16:19:34.451561+08
01KZRTCK0CVW4N51KY1VQMMKJE,Sliding Glass Freezer,8cu,PR9XRR6HGC,Aucma,2014,2026-08-23 16:19:34.451561+08,2026-08-23 16:19:34.451561+08
01KZRTCK0CWYK3YCW8V4MKSFWD,Swing-up Freezer,18cu,N8H64LK268,Liebherr,2006,2026-08-23 16:19:34.451561+08,2026-08-23 16:19:34.451561+08
01KZRTCK0CG2AT76GFJ8XNAKGA,Curved Glass Freezer,12cu,5QD2TOQMZ8,Liebherr,2024,2026-08-23 16:19:34.451561+08,2026-08-23 16:19:34.451561+08
01KZRTCK0C5GEQZW3T9TFPVQWS,Curved Glass Lighted Freezer,15cu,RFXM4EJORD,Haier,2000,2026-08-23 16:19:34.451561+08,2026-08-23 16:19:34.451561+08
01KZRTCK0CHE4EMABHFK85SSXE,Curved Glass Freezer,12cu,O597OOI25M,Haier,2020,2026-08-23 16:19:34.451561+08,2026-08-23 16:19:34.451561+08
01KZRTCK0CBXEG1ZT841426ERM,Swing-up Freezer,9cu,56TON6DJHZ,Liebherr,2008,2026-08-23 16:19:34.451561+08,2026-08-23 16:19:34.451561+08
01KZRTCK0C6X39KR02QAFXGAY4,Curved Glass Lighted Freezer,8cu,V1A28EFG2Q,Hiron,2022,2026-08-23 16:19:34.451561+08,2026-08-23 16:19:34.451561+08
01KZRTCK0C0G07RYTY99EDRPPR,Swing-up Freezer,18cu,DX74A0SK9S,Liebherr,2017,2026-08-23 16:19:34.451561+08,2026-08-23 16:19:34.451561+08
01KZRTCK0C3JYNEF4BW3TPW6DM,Curved Glass Lighted Freezer,9cu,5DMPY9TIJV,Haier,2017,2026-08-23 16:19:34.451561+08,2026-08-23 16:19:34.451561+08
01KZRTCK0CT7001ZQ6X2W5WS1G,Curved Glass Freezer,18cu,0SJE0J1Q74,Aucma,2010,2026-08-23 16:19:34.451561+08,2026-08-23 16:19:34.451561+08
01KZRTCK0CV8R23PSZTP3SN5QC,Curved Glass Lighted Freezer,15cu,QIUEXZDFJJ,Haier,2014,2026-08-23 16:19:34.451561+08,2026-08-23 16:19:34.451561+08
01KZRTCK0CC0HGPX4D3KT1ED57,Swing-up Freezer,9cu,6QTVNDDJPE,Liebherr,2015,2026-08-23 16:19:34.451561+08,2026-08-23 16:19:34.451561+08
01KZRTCK0CK0CKRD1PY72EX1Q2,Curved Glass Lighted Freezer,12cu,7C1KDEOCL5,Haier,2023,2026-08-23 16:19:34.451561+08,2026-08-23 16:19:34.451561+08
01KZRTCK0CT4WZDZ6DY2SXT7P1,Sliding Glass Freezer,18cu,O3IONYYV79,Haier,2010,2026-08-23 16:19:34.451561+08,2026-08-23 16:19:34.451561+08
01KZRTCK0CJJKTTP3ZYEWWJE3T,Swing-up Freezer,12cu,IEQ9D3AXCW,Haier,2010,2026-08-23 16:19:34.451561+08,2026-08-23 16:19:34.451561+08
01KZRTCK0CV7HVZTCNC4M7Q0MX,Curved Glass Freezer,8cu,CUIFZW2KMJ,Liebherr,2008,2026-08-23 16:19:34.451561+08,2026-08-23 16:19:34.451561+08
01KZRTCK0CYJPG6EQ6FC3TXRFE,Curved Glass Lighted Freezer,9cu,D2FWTC75LD,Aucma,2012,2026-08-23 16:19:34.451561+08,2026-08-23 16:19:34.451561+08
01KZRTCK0CKG4NK1FYBW1EJCA3,Curved Glass Freezer,12cu,HQ9VZVMAH3,Hiron,2021,2026-08-23 16:19:34.451561+08,2026-08-23 16:19:34.451561+08
01KZRTCK0C0F1E3WYCZW7GP12W,Curved Glass Lighted Freezer,15cu,HXO8L800B5,Aucma,2025,2026-08-23 16:19:34.451561+08,2026-08-23 16:19:34.451561+08
01KZRTCK0C24EQAHVNX52BW9R9,Curved Glass Freezer,8cu,8HU4ZYZUZ6,Hiron,2003,2026-08-23 16:19:34.451561+08,2026-08-23 16:19:34.451561+08
01KZRTCK0CJSAMVNDAWSSM2W7N,Curved Glass Freezer,18cu,J6E7E2OGQH,Hiron,2016,2026-08-23 16:19:34.451561+08,2026-08-23 16:19:34.451561+08
01KZRTCK0CZE85RQNVBHE8Z0XY,Sliding Glass Freezer,18cu,L9IHUQ3ZG8,Aucma,2001,2026-08-23 16:19:34.451561+08,2026-08-23 16:19:34.451561+08
01KZRTCK0C1Q8TQK95DKCWBYPE,Sliding Glass Freezer,12cu,3GZYRE3IFS,Aucma,2014,2026-08-23 16:19:34.451561+08,2026-08-23 16:19:34.451561+08
01KZRTCK0CWNJ4B62M05BZ1551,Curved Glass Lighted Freezer,15cu,D4FVZ5R78A,Haier,2018,2026-08-23 16:19:34.451561+08,2026-08-23 16:19:34.451561+08
01KZRTCK0CFNNEKCX65HD5CC6J,Curved Glass Freezer,15cu,0CRYMC2ISH,Aucma,2005,2026-08-23 16:19:34.451561+08,2026-08-23 16:19:34.451561+08
01KZRTCK0CDV77MA242PC4NBZF,Sliding Glass Freezer,24cu,BEGRZQ6SBA,Liebherr,2002,2026-08-23 16:19:34.451561+08,2026-08-23 16:19:34.451561+08
01KZRTCK0C7TKK0KYGA3SHEYQM,Curved Glass Lighted Freezer,9cu,WWF68Q5S2E,Haier,2025,2026-08-23 16:19:34.451561+08,2026-08-23 16:19:34.451561+08
01KZRTCK0C37GD576RTY4K5X1M,Curved Glass Freezer,12cu,A2VROSVP1V,Haier,2023,2026-08-23 16:19:34.451561+08,2026-08-23 16:19:34.451561+08
01KZRTCK0CWECWR8QCTJKMFQ0M,Swing-up Freezer,12cu,3I3LGP9H07,Hiron,2023,2026-08-23 16:19:34.451561+08,2026-08-23 16:19:34.451561+08
01KZRTCK0CJN9QNFNYBS8QCCQQ,Curved Glass Lighted Freezer,15cu,T0LCZD1BS5,Liebherr,2003,2026-08-23 16:19:34.451561+08,2026-08-23 16:19:34.451561+08
01KZRTCK0C3AA53Q449TFB27JW,Swing-up Freezer,12cu,SWADYPEP2R,Haier,2022,2026-08-23 16:19:34.451561+08,2026-08-23 16:19:34.451561+08
01KZRTCK0CF1GTBQJAE1TKCT6Z,Swing-up Freezer,12cu,5K3G0KTDB8,Hiron,2008,2026-08-23 16:19:34.451561+08,2026-08-23 16:19:34.451561+08
01KZRTCK0CKQFT3EXWF1N3RA19,Curved Glass Lighted Freezer,8cu,5UOEBGNL9I,Aucma,2014,2026-08-23 16:19:34.451561+08,2026-08-23 16:19:34.451561+08
01KZRTCK0CDRG8XRZD44JERMT2,Curved Glass Freezer,15cu,PT1EPQWLHJ,Liebherr,2015,2026-08-23 16:19:34.451561+08,2026-08-23 16:19:34.451561+08
01KZRTCK0C3CBFSYCJ7WC46GSV,Curved Glass Freezer,24cu,LZWICJO09V,Hiron,2000,2026-08-23 16:19:34.451561+08,2026-08-23 16:19:34.451561+08
01KZRTCK0CWRS3M51WK9YDYY4G,Curved Glass Lighted Freezer,15cu,YYF3HDJW49,Aucma,2013,2026-08-23 16:19:34.451561+08,2026-08-23 16:19:34.451561+08
01KZRTCK0CNX0QY6P7ZKNTK327,Sliding Glass Freezer,12cu,5ARB1PF0B9,Hiron,2001,2026-08-23 16:19:34.451561+08,2026-08-23 16:19:34.451561+08
01KZRTCK0CAQ5J4NCRMVERHAX5,Curved Glass Lighted Freezer,8cu,6OEDKMGSL1,Hiron,2025,2026-08-23 16:19:34.451561+08,2026-08-23 16:19:34.451561+08
01KZRTCK0CNS593WZF2WWA4CGC,Sliding Glass Freezer,8cu,V4ZIQDAI5G,Haier,2023,2026-08-23 16:19:34.451561+08,2026-08-23 16:19:34.451561+08
01KZRTCK0CSXS2TANW55X6317F,Swing-up Freezer,9cu,EP6CTAWX0Q,Liebherr,2020,2026-08-23 16:19:34.451561+08,2026-08-23 16:19:34.451561+08
01KZRTCK0C04T6F8AGVN2J7C9M,Sliding Glass Freezer,18cu,92Q1R01XMY,Hiron,2000,2026-08-23 16:19:34.451561+08,2026-08-23 16:19:34.451561+08
01KZRTCK0CERPWPNNS9HF1W2NC,Swing-up Freezer,15cu,LBY6NSKWM6,Liebherr,2000,2026-08-23 16:19:34.451561+08,2026-08-23 16:19:34.451561+08
01KZRTCK0CZXMGDDHVFX1DVGZF,Curved Glass Freezer,8cu,RI8EYCSE2W,Aucma,2017,2026-08-23 16:19:34.451561+08,2026-08-23 16:19:34.451561+08
01KZRTCK0CT0BJRH15H5BAZ5ZB,Curved Glass Lighted Freezer,15cu,4FABYMYR1X,Haier,2012,2026-08-23 16:19:34.451561+08,2026-08-23 16:19:34.451561+08
01KZRTCK0C5JG7J9APDB0XR2M3,Swing-up Freezer,18cu,3NXV47DZ8Y,Haier,2005,2026-08-23 16:19:34.451561+08,2026-08-23 16:19:34.451561+08
01KZRTCK0C3C7G1GN3REJ1318J,Swing-up Freezer,15cu,A2JV0KWR4V,Haier,2005,2026-08-23 16:19:34.451561+08,2026-08-23 16:19:34.451561+08
01KZRTCK0CXBD1JWT97NA2F039,Curved Glass Lighted Freezer,18cu,WH2QLJR9OW,Hiron,2013,2026-08-23 16:19:34.451561+08,2026-08-23 16:19:34.451561+08
01KZRTCK0C9PADBX8NDJ75TMP5,Curved Glass Freezer,8cu,FO19GPRQZJ,Liebherr,2005,2026-08-23 16:19:34.451561+08,2026-08-23 16:19:34.451561+08
01KZRTCK0CNKY69JR1FNB0N5JH,Curved Glass Lighted Freezer,9cu,DFOEEDE4Y8,Liebherr,2002,2026-08-23 16:19:34.451561+08,2026-08-23 16:19:34.451561+08
01KZRTCK0CKVTRXF06YEV6NB99,Swing-up Freezer,18cu,H1ZB14P1HF,Aucma,2025,2026-08-23 16:19:34.451561+08,2026-08-23 16:19:34.451561+08
01KZRTCK0CWSVKY449C2HWYCB5,Curved Glass Freezer,18cu,OYBLGXSUAC,Hiron,2018,2026-08-23 16:19:34.451561+08,2026-08-23 16:19:34.451561+08
01KZRTCK0CXSNCY0BWHTBABWX5,Sliding Glass Freezer,12cu,1BMH9LXSBF,Hiron,2006,2026-08-23 16:19:34.451561+08,2026-08-23 16:19:34.451561+08
01KZRTCK0CGWYFG8KTH543HDPG,Swing-up Freezer,18cu,LPLGB8G2TN,Hiron,2024,2026-08-23 16:19:34.451561+08,2026-08-23 16:19:34.451561+08
01KZRTCK0CGY250B4SCSQ50YQ6,Curved Glass Freezer,9cu,83FEOOKPNA,Hiron,2016,2026-08-23 16:19:34.451561+08,2026-08-23 16:19:34.451561+08
01KZRTCK0C177Q8WQ75YJGX7XX,Curved Glass Freezer,8cu,SHY89DEUZ2,Hiron,2006,2026-08-23 16:19:34.451561+08,2026-08-23 16:19:34.451561+08
01KZRTCK0CN7NWD4WDY3W38Q4R,Curved Glass Freezer,24cu,MDBCTMBNTO,Aucma,2017,2026-08-23 16:19:34.451561+08,2026-08-23 16:19:34.451561+08
01KZRTCK0C9KSKH17ZKWXZF1K8,Curved Glass Lighted Freezer,18cu,33F4GNL9EB,Hiron,2019,2026-08-23 16:19:34.451561+08,2026-08-23 16:19:34.451561+08
01KZRTCK0CRWE91DA45JF202ZQ,Curved Glass Freezer,12cu,Y1N8V0Q7E0,Liebherr,2003,2026-08-23 16:19:34.451561+08,2026-08-23 16:19:34.451561+08
01KZRTCK0C1FP1HRZE6NEYRM89,Curved Glass Lighted Freezer,18cu,01VOZ6N6NY,Hiron,2022,2026-08-23 16:19:34.451561+08,2026-08-23 16:19:34.451561+08
01KZRTCK0C2ZPRW1BRBNNHZXQ4,Sliding Glass Freezer,24cu,QN3VWRJS7P,Haier,2023,2026-08-23 16:19:34.451561+08,2026-08-23 16:19:34.451561+08
01KZRTCK0CEC6WXS6MCDM4NNWC,Curved Glass Lighted Freezer,8cu,LT1H9J1WSG,Hiron,2013,2026-08-23 16:19:34.451561+08,2026-08-23 16:19:34.451561+08
01KZRTCK0CBWBCDA9V48G3JZJ0,Curved Glass Freezer,18cu,K09UEK5P9O,Hiron,2026,2026-08-23 16:19:34.451561+08,2026-08-23 16:19:34.451561+08
01KZRTCK0CEJ30N9VC15902M5F,Curved Glass Lighted Freezer,18cu,TG6YLGMCT7,Aucma,2015,2026-08-23 16:19:34.451561+08,2026-08-23 16:19:34.451561+08
01KZRTCK0CK9TVZFD8M4JR6QYQ,Sliding Glass Freezer,9cu,UP0FC3PDNW,Hiron,2016,2026-08-23 16:19:34.451561+08,2026-08-23 16:19:34.451561+08
01KZRTCK0CRPK7GMM4D2FWBGVG,Curved Glass Freezer,12cu,YYRG1ASQHX,Liebherr,2026,2026-08-23 16:19:34.451561+08,2026-08-23 16:19:34.451561+08
01KZRTCK0CREXSXN31VQVDW0BC,Swing-up Freezer,18cu,LDBMX9YOBQ,Haier,2008,2026-08-23 16:19:34.451561+08,2026-08-23 16:19:34.451561+08
01KZRTCK0CX242F4J5DRCEE97Q,Curved Glass Freezer,24cu,A109DS5VPX,Aucma,2021,2026-08-23 16:19:34.451561+08,2026-08-23 16:19:34.451561+08
01KZRTCK0CPQAF5HE4KTKRK71C,Curved Glass Freezer,18cu,M72664AIU4,Liebherr,2015,2026-08-23 16:19:34.451561+08,2026-08-23 16:19:34.451561+08
01KZRTCK0CTNCJDWAXXRCE0KX9,Swing-up Freezer,9cu,29R8UX3RVU,Haier,2005,2026-08-23 16:19:34.451561+08,2026-08-23 16:19:34.451561+08
01KZRTCK0C8RDF5HRG014Q7T9H,Sliding Glass Freezer,8cu,5BH977F1VC,Hiron,2012,2026-08-23 16:19:34.451561+08,2026-08-23 16:19:34.451561+08
01KZRTCK0C4G5EEYN2ZTJ5RNRQ,Sliding Glass Freezer,9cu,LHU7KPFF5X,Hiron,2018,2026-08-23 16:19:34.451561+08,2026-08-23 16:19:34.451561+08
01KZRTCK0C3RFZAM2KNZW9YWKP,Curved Glass Freezer,15cu,11HUR824KU,Haier,2021,2026-08-23 16:19:34.451561+08,2026-08-23 16:19:34.451561+08
01KZRTCK0CCXXHQPJA40WKGFYX,Sliding Glass Freezer,15cu,C8KJ2H20ND,Hiron,2006,2026-08-23 16:19:34.451561+08,2026-08-23 16:19:34.451561+08
01KZRTCK0C86YT491QKDKA6JSM,Sliding Glass Freezer,8cu,MISTDLALWN,Aucma,2016,2026-08-23 16:19:34.451561+08,2026-08-23 16:19:34.451561+08
01KZRTCK0C3SKRYQJ09WEW22MT,Swing-up Freezer,12cu,167DO58NEE,Haier,2009,2026-08-23 16:19:34.451561+08,2026-08-23 16:19:34.451561+08
01KZRTCK0C039QVBQ24DJH25NG,Swing-up Freezer,18cu,T60M9T030E,Aucma,2014,2026-08-23 16:19:34.451561+08,2026-08-23 16:19:34.451561+08
01KZRTCK0CQZHAC0AMHED2F3ED,Curved Glass Freezer,9cu,Z5E2MFCHV6,Haier,2004,2026-08-23 16:19:34.451561+08,2026-08-23 16:19:34.451561+08
01KZRTCK0CE0MDAXRX80M7TQKH,Swing-up Freezer,15cu,8DWNYM7V2I,Liebherr,2024,2026-08-23 16:19:34.451561+08,2026-08-23 16:19:34.451561+08
01KZRTCK0CF1Q3YJWG9YB3FZ6S,Swing-up Freezer,12cu,9QCA7RF0A9,Liebherr,2008,2026-08-23 16:19:34.451561+08,2026-08-23 16:19:34.451561+08
01KZRTCK0C6Y0YX8W4E6MTEQRM,Curved Glass Freezer,18cu,SK6PTVIB4B,Liebherr,2016,2026-08-23 16:19:34.451561+08,2026-08-23 16:19:34.451561+08
01KZRTCK0CTEHPXFZHEZY09VGG,Curved Glass Freezer,12cu,GC9HWC36V7,Haier,2022,2026-08-23 16:19:34.451561+08,2026-08-23 16:19:34.451561+08
01KZRTCK0C91M0R6144CB6M9GV,Curved Glass Lighted Freezer,9cu,HZHCGFE27X,Hiron,2017,2026-08-23 16:19:34.451561+08,2026-08-23 16:19:34.451561+08
01KZRTCK0CXBV72C6N1TYPP9T0,Curved Glass Freezer,9cu,5WUW4CL1N0,Haier,2015,2026-08-23 16:19:34.451561+08,2026-08-23 16:19:34.451561+08
01KZRTCK0CSRW951PBQ0CMYFCC,Curved Glass Lighted Freezer,18cu,PANYLUET3B,Haier,2020,2026-08-23 16:19:34.451561+08,2026-08-23 16:19:34.451561+08
01KZRTCK0CE8YZEH2Z6BFSF3GD,Sliding Glass Freezer,18cu,2858OWSR1Y,Haier,2006,2026-08-23 16:19:34.451561+08,2026-08-23 16:19:34.451561+08
01KZRTCK0C636V50XAHJ89M8DY,Sliding Glass Freezer,24cu,YLRN0L45AV,Liebherr,2011,2026-08-23 16:19:34.451561+08,2026-08-23 16:19:34.451561+08
01KZRTCK0CMFV5SXDDZK891JRK,Curved Glass Freezer,9cu,9QTSIHXJHF,Liebherr,2024,2026-08-23 16:19:34.451561+08,2026-08-23 16:19:34.451561+08
01KZRTCK0CNPZGSX4Q8SY2N0VK,Swing-up Freezer,18cu,IECQUQCJUN,Aucma,2008,2026-08-23 16:19:34.451561+08,2026-08-23 16:19:34.451561+08
01KZRTCK0CZT28VM1YTEVH60K4,Curved Glass Freezer,9cu,LQPQIWVVCA,Liebherr,2024,2026-08-23 16:19:34.451561+08,2026-08-23 16:19:34.451561+08
01KZRTCK0CC1J9ZE3R671PHB32,Curved Glass Freezer,15cu,TUCXJ7170A,Haier,2025,2026-08-23 16:19:34.451561+08,2026-08-23 16:19:34.451561+08
01KZRTCK0C100GFPESRB7R0Y6M,Curved Glass Lighted Freezer,18cu,S1CFWFAQL4,Liebherr,2022,2026-08-23 16:19:34.451561+08,2026-08-23 16:19:34.451561+08
01KZRTCK0CE8HX9SBE3KTPHM8W,Sliding Glass Freezer,8cu,YYR40JTG7T,Haier,2025,2026-08-23 16:19:34.451561+08,2026-08-23 16:19:34.451561+08
01KZRTCK0CPMTYAYNVVX544CNZ,Sliding Glass Freezer,8cu,TFIV7IYATY,Hiron,2007,2026-08-23 16:19:34.451561+08,2026-08-23 16:19:34.451561+08
01KZRTCK0CF7VCNFNEBHA9MSYH,Curved Glass Freezer,9cu,EPB0Z9BVBA,Aucma,2025,2026-08-23 16:19:34.451561+08,2026-08-23 16:19:34.451561+08
01KZRTCK0C1ZAZXVFRE6P7XM5B,Curved Glass Freezer,15cu,H1N5TNMU83,Liebherr,2006,2026-08-23 16:19:34.451561+08,2026-08-23 16:19:34.451561+08
01KZRTCK0CBK918AZD6QAEDYC6,Sliding Glass Freezer,12cu,I3GBSUK2LH,Haier,2019,2026-08-23 16:19:34.451561+08,2026-08-23 16:19:34.451561+08
01KZRTCK0CGZXMF08BZ81M73CY,Sliding Glass Freezer,15cu,QIKD0AQ5TY,Haier,2012,2026-08-23 16:19:34.451561+08,2026-08-23 16:19:34.451561+08
01KZRTCK0CABK5ZY6XD98J7140,Swing-up Freezer,9cu,2UMVRU6PGQ,Hiron,2000,2026-08-23 16:19:34.451561+08,2026-08-23 16:19:34.451561+08
01KZRTCK0D32PQZ49N7W9RYQT0,Swing-up Freezer,24cu,M22ZTIGMWD,Hiron,2021,2026-08-23 16:19:34.451561+08,2026-08-23 16:19:34.451561+08
01KZRTCK0D0T9KQRQB997BVJZY,Sliding Glass Freezer,15cu,MUK2PUN2OE,Haier,2017,2026-08-23 16:19:34.451561+08,2026-08-23 16:19:34.451561+08
01KZRTCK0D9ZAKM04TTC8152MC,Curved Glass Lighted Freezer,15cu,OHN9G5RYL5,Haier,2013,2026-08-23 16:19:34.451561+08,2026-08-23 16:19:34.451561+08
01KZRTCK0DX3C3181MEY7QQRYB,Curved Glass Lighted Freezer,18cu,41B5LMQ9XD,Haier,2000,2026-08-23 16:19:34.451561+08,2026-08-23 16:19:34.451561+08
01KZRTCK0DNF8JB9FEA8R22X8Y,Curved Glass Lighted Freezer,8cu,3EO4P7C8AY,Hiron,2020,2026-08-23 16:19:34.451561+08,2026-08-23 16:19:34.451561+08
01KZRTCK0DJM4DS9M52VRTB2KB,Curved Glass Freezer,24cu,UJ2I74ACZ1,Aucma,2016,2026-08-23 16:19:34.451561+08,2026-08-23 16:19:34.451561+08
01KZRTCK0D9H3FVVTF3QR78EF2,Sliding Glass Freezer,8cu,YS37HCKCJG,Hiron,2009,2026-08-23 16:19:34.451561+08,2026-08-23 16:19:34.451561+08
01KZRTCK0DGB0HB8GQ6ZQWMAMV,Curved Glass Freezer,15cu,XER9ONSEWA,Hiron,2020,2026-08-23 16:19:34.451561+08,2026-08-23 16:19:34.451561+08
01KZRTCK0DGYF7D43G0885R6RV,Curved Glass Lighted Freezer,8cu,0DWTB8YR4B,Liebherr,2016,2026-08-23 16:19:34.451561+08,2026-08-23 16:19:34.451561+08
01KZRTCK0DFFGNQGABVBR5FQYF,Sliding Glass Freezer,15cu,KO94ZW9VBS,Liebherr,2002,2026-08-23 16:19:34.451561+08,2026-08-23 16:19:34.451561+08
01KZRTCK0DBKRF237KSYD28F5D,Swing-up Freezer,18cu,02P4UDJRGO,Liebherr,2023,2026-08-23 16:19:34.451561+08,2026-08-23 16:19:34.451561+08
01KZRTCK0DC05EP28MW01MN76H,Swing-up Freezer,9cu,3M8HP6DZ6O,Hiron,2003,2026-08-23 16:19:34.451561+08,2026-08-23 16:19:34.451561+08
01KZRTCK0D2N9CTQA40NE298EB,Sliding Glass Freezer,12cu,BSQE0A7SIM,Liebherr,2000,2026-08-23 16:19:34.451561+08,2026-08-23 16:19:34.451561+08
01KZRTCK0DZNMMA3NPH3PN7HQY,Swing-up Freezer,15cu,9WLMBPRTBI,Liebherr,2006,2026-08-23 16:19:34.451561+08,2026-08-23 16:19:34.451561+08
01KZRTCK0DC4T30CHZ0T08YZ57,Curved Glass Lighted Freezer,8cu,FQ1IGC2MYP,Aucma,2004,2026-08-23 16:19:34.451561+08,2026-08-23 16:19:34.451561+08
01KZRTCK0D460R47Y6T9CSNB7F,Swing-up Freezer,15cu,BOOYB74PY9,Aucma,2025,2026-08-23 16:19:34.451561+08,2026-08-23 16:19:34.451561+08
01KZRTCK0DE64A5FJRXZ4FTN3H,Sliding Glass Freezer,12cu,1382IOLEDU,Haier,2022,2026-08-23 16:19:34.451561+08,2026-08-23 16:19:34.451561+08
01KZRTCK0DENYQFBRMZCBXKTES,Swing-up Freezer,9cu,7CMUN9FIM3,Haier,2024,2026-08-23 16:19:34.451561+08,2026-08-23 16:19:34.451561+08
01KZRTCK0DE8D6XWZXWCYGJJ2W,Sliding Glass Freezer,12cu,L7HZD01SOG,Aucma,2009,2026-08-23 16:19:34.451561+08,2026-08-23 16:19:34.451561+08
01KZRTCK0DNAAGK202JSWGY6A7,Curved Glass Lighted Freezer,15cu,SS50ZF3LUK,Liebherr,2015,2026-08-23 16:19:34.451561+08,2026-08-23 16:19:34.451561+08
01KZRTCK0DD5PJFCJHSRCKHCBA,Curved Glass Lighted Freezer,12cu,OXAS5J02DA,Aucma,2001,2026-08-23 16:19:34.451561+08,2026-08-23 16:19:34.451561+08
01KZRTCK0D1XS829QRZMCTCNPZ,Sliding Glass Freezer,15cu,DPOOVRLLH1,Liebherr,2022,2026-08-23 16:19:34.451561+08,2026-08-23 16:19:34.451561+08
01KZRTCK0DV56PAA5Q9DK5VZZ9,Curved Glass Freezer,18cu,2C7JYBKUH0,Aucma,2012,2026-08-23 16:19:34.451561+08,2026-08-23 16:19:34.451561+08
01KZRTCK0D3M1P4TQ3YYXXE5VJ,Curved Glass Lighted Freezer,8cu,EHQZR7EC4K,Haier,2024,2026-08-23 16:19:34.451561+08,2026-08-23 16:19:34.451561+08
01KZRTCK0DVXZ4F6KMNH5QPXNW,Curved Glass Freezer,18cu,B2XGUEMA3L,Hiron,2024,2026-08-23 16:19:34.451561+08,2026-08-23 16:19:34.451561+08
01KZRTCK0D7RK1NEST6ZZ5A5H7,Curved Glass Freezer,8cu,80YHTL0796,Hiron,2026,2026-08-23 16:19:34.451561+08,2026-08-23 16:19:34.451561+08
01KZRTCK0DD12V6VKQQCS94ZVM,Curved Glass Lighted Freezer,8cu,87L0AVI030,Aucma,2012,2026-08-23 16:19:34.451561+08,2026-08-23 16:19:34.451561+08
01KZRTCK0DMN90Y91JVWXR6QJN,Curved Glass Lighted Freezer,15cu,MN6C3W1NHG,Hiron,2024,2026-08-23 16:19:34.451561+08,2026-08-23 16:19:34.451561+08
01KZRTCK0DQPSDDJD3F93GBEQK,Curved Glass Freezer,8cu,E43OQ7L14E,Haier,2007,2026-08-23 16:19:34.451561+08,2026-08-23 16:19:34.451561+08
01KZRTCK0D297Q3S4WAGJ6416V,Curved Glass Freezer,9cu,2Q4OSAFZZT,Haier,2018,2026-08-23 16:19:34.451561+08,2026-08-23 16:19:34.451561+08
01KZRTCK0D1RVPCSAPCGTJF4GA,Swing-up Freezer,18cu,0P07GDIEIL,Liebherr,2004,2026-08-23 16:19:34.451561+08,2026-08-23 16:19:34.451561+08
01KZRTCK0D45HQC7YCFG2NYM41,Curved Glass Freezer,8cu,P3SHVB4IQT,Hiron,2012,2026-08-23 16:19:34.451561+08,2026-08-23 16:19:34.451561+08
01KZRTCK0DVG1TA50XSKHEA011,Swing-up Freezer,24cu,UWU8KT4DQB,Liebherr,2021,2026-08-23 16:19:34.451561+08,2026-08-23 16:19:34.451561+08
01KZRTCK0D22VR7GVM9ZV4MS6G,Curved Glass Lighted Freezer,9cu,PVWRKQFE72,Haier,2015,2026-08-23 16:19:34.451561+08,2026-08-23 16:19:34.451561+08
01KZRTCK0D72WGVM29FWQD5BXN,Curved Glass Lighted Freezer,24cu,A1MEP0FI7S,Aucma,2004,2026-08-23 16:19:34.451561+08,2026-08-23 16:19:34.451561+08
01KZRTCK0DS8JHXB4N5DPV2ZQ4,Curved Glass Freezer,15cu,VCZHW2TIT6,Aucma,2009,2026-08-23 16:19:34.451561+08,2026-08-23 16:19:34.451561+08
01KZRTCK0DJT475Z9HH5B220D3,Sliding Glass Freezer,15cu,3RAFGAWQEE,Liebherr,2018,2026-08-23 16:19:34.451561+08,2026-08-23 16:19:34.451561+08
01KZRTCK0D5XZ564T2RXZR09EM,Sliding Glass Freezer,24cu,KN925CI590,Liebherr,2022,2026-08-23 16:19:34.451561+08,2026-08-23 16:19:34.451561+08
01KZRTCK0D2SY3YNCZXZEKZZ5M,Curved Glass Lighted Freezer,8cu,7CFTL22MNA,Aucma,2008,2026-08-23 16:19:34.451561+08,2026-08-23 16:19:34.451561+08
01KZRTCK0D2CJ7PSN4PEZ185Z3,Curved Glass Freezer,8cu,CONJ3GOJ92,Haier,2026,2026-08-23 16:19:34.451561+08,2026-08-23 16:19:34.451561+08
01KZRTCK0D53P7Y7FVS11EJSDB,Curved Glass Freezer,15cu,I3NQ3DYNEY,Hiron,2023,2026-08-23 16:19:34.451561+08,2026-08-23 16:19:34.451561+08
01KZRTCK0D482CXA7Y539DY2CR,Curved Glass Lighted Freezer,8cu,CXH5PLEXD0,Liebherr,2022,2026-08-23 16:19:34.451561+08,2026-08-23 16:19:34.451561+08
01KZRTCK0DNPT31EZ6PG5VME3A,Sliding Glass Freezer,18cu,LZUAHPOP07,Aucma,2009,2026-08-23 16:19:34.451561+08,2026-08-23 16:19:34.451561+08
01KZRTCK0DHGS76JR9SHR1XMM9,Curved Glass Freezer,15cu,CBKCRAAAVO,Haier,2026,2026-08-23 16:19:34.451561+08,2026-08-23 16:19:34.451561+08
01KZRTCK0DQYHSHQW9T5T0BNBS,Curved Glass Freezer,24cu,VVC7H8XF7Y,Liebherr,2017,2026-08-23 16:19:34.451561+08,2026-08-23 16:19:34.451561+08
01KZRTCK0DPG79BQCJ03YESKH6,Swing-up Freezer,24cu,FPPU4EG542,Hiron,2013,2026-08-23 16:19:34.451561+08,2026-08-23 16:19:34.451561+08
01KZRTCK0D34Y3Y764GWXNTBB3,Curved Glass Freezer,18cu,7DI8D5CNIG,Hiron,2023,2026-08-23 16:19:34.451561+08,2026-08-23 16:19:34.451561+08
01KZRTCK0DBGKCGEBEA1NPZ1RV,Curved Glass Lighted Freezer,24cu,ZI1QOSB8PW,Hiron,2000,2026-08-23 16:19:34.451561+08,2026-08-23 16:19:34.451561+08
01KZRTCK0DWZM4B0DQG7R9D3N9,Curved Glass Freezer,12cu,H3L3Y41RWV,Aucma,2011,2026-08-23 16:19:34.451561+08,2026-08-23 16:19:34.451561+08
01KZRTCK0DHJQ0BH909V6C9ZWP,Curved Glass Lighted Freezer,18cu,BP7HXA5QRD,Aucma,2016,2026-08-23 16:19:34.451561+08,2026-08-23 16:19:34.451561+08
01KZRTCK0DYPQXSZ30H9PEVH6G,Swing-up Freezer,24cu,UTOH7JYQV4,Haier,2001,2026-08-23 16:19:34.451561+08,2026-08-23 16:19:34.451561+08
01KZRTCK0DC880QBT34FWE9X66,Curved Glass Freezer,12cu,HG0776G0VJ,Liebherr,2017,2026-08-23 16:19:34.451561+08,2026-08-23 16:19:34.451561+08
01KZRTCK0DWJ7HYXSHEKGCWTJC,Curved Glass Lighted Freezer,24cu,LYZDRJV4YY,Liebherr,2024,2026-08-23 16:19:34.451561+08,2026-08-23 16:19:34.451561+08
01KZRTCK0D78C21V28KXC6CTB5,Swing-up Freezer,24cu,QFX7KPCN5D,Hiron,2012,2026-08-23 16:19:34.451561+08,2026-08-23 16:19:34.451561+08
01KZRTCK0DVBYA32M9AAYQ5J8A,Curved Glass Lighted Freezer,8cu,0IB04BO8TV,Liebherr,2020,2026-08-23 16:19:34.451561+08,2026-08-23 16:19:34.451561+08
01KZRTCK0DTVAJG1H0X10YA349,Curved Glass Freezer,9cu,G9NUY1ABY6,Aucma,2024,2026-08-23 16:19:34.451561+08,2026-08-23 16:19:34.451561+08
01KZRTCK0DB33XBVVG02BZKXMQ,Curved Glass Freezer,12cu,BAPK1T5WR1,Liebherr,2008,2026-08-23 16:19:34.451561+08,2026-08-23 16:19:34.451561+08
01KZRTCK0D46TN323ZXD16NVZG,Curved Glass Lighted Freezer,8cu,JEUBKVKROA,Haier,2013,2026-08-23 16:19:34.451561+08,2026-08-23 16:19:34.451561+08
01KZRTCK0DTY6P9VQEFJQ5BAVQ,Curved Glass Freezer,24cu,FCFKB294N7,Aucma,2024,2026-08-23 16:19:34.451561+08,2026-08-23 16:19:34.451561+08
01KZRTCK0D2BF9BWN57HT7XRFA,Curved Glass Freezer,9cu,R8AEFBO9XS,Haier,2006,2026-08-23 16:19:34.451561+08,2026-08-23 16:19:34.451561+08
01KZRTCK0DG4YRTKAHAHZP9WPT,Swing-up Freezer,15cu,LBB7HXI5W3,Aucma,2007,2026-08-23 16:19:34.451561+08,2026-08-23 16:19:34.451561+08
01KZRTCK0D4B0Q2YMS8YAGPWBM,Sliding Glass Freezer,15cu,EW8CZMGPMZ,Hiron,2009,2026-08-23 16:19:34.451561+08,2026-08-23 16:19:34.451561+08
01KZRTCK0DSRT8PW41AN38CEG2,Swing-up Freezer,15cu,WO509ALAIM,Aucma,2004,2026-08-23 16:19:34.451561+08,2026-08-23 16:19:34.451561+08
01KZRTCK0DNPKZWT2YDSTNQZSQ,Swing-up Freezer,8cu,9KYKS784QL,Liebherr,2003,2026-08-23 16:19:34.451561+08,2026-08-23 16:19:34.451561+08
01KZRTCK0D1JVH3R4F9TJNT8SR,Swing-up Freezer,15cu,WPTSED2EMG,Haier,2013,2026-08-23 16:19:34.451561+08,2026-08-23 16:19:34.451561+08
01KZRTCK0DNRHVVR6GW10B1VZT,Curved Glass Freezer,18cu,J5FZTSDXRH,Liebherr,2026,2026-08-23 16:19:34.451561+08,2026-08-23 16:19:34.451561+08
01KZRTCK0D3AVJDHCG02C8G8AG,Curved Glass Lighted Freezer,9cu,J9JDKTWD82,Aucma,2011,2026-08-23 16:19:34.451561+08,2026-08-23 16:19:34.451561+08
01KZRTCK0DHN3QSHWTWCJDV24T,Sliding Glass Freezer,24cu,1ZHV491B5T,Haier,2006,2026-08-23 16:19:34.451561+08,2026-08-23 16:19:34.451561+08
01KZRTCK0DCAE37YYFSXC6ND0T,Swing-up Freezer,15cu,ZJP3WDXSLH,Hiron,2023,2026-08-23 16:19:34.451561+08,2026-08-23 16:19:34.451561+08
01KZRTCK0DVNS120EE7NFYHVKY,Swing-up Freezer,8cu,4H9D85TP8R,Aucma,2002,2026-08-23 16:19:34.451561+08,2026-08-23 16:19:34.451561+08
01KZRTCK0DXHYFWP9R2A106RT9,Sliding Glass Freezer,18cu,Y58482WNMN,Hiron,2026,2026-08-23 16:19:34.451561+08,2026-08-23 16:19:34.451561+08
01KZRTCK0DAKTJ36YTS2DAAA62,Sliding Glass Freezer,18cu,D6QBKDDO6C,Haier,2018,2026-08-23 16:19:34.451561+08,2026-08-23 16:19:34.451561+08
01KZRTCK0DCY2JZ80A108CFHY6,Curved Glass Freezer,15cu,VDKT2XU18N,Liebherr,2002,2026-08-23 16:19:34.451561+08,2026-08-23 16:19:34.451561+08
01KZRTCK0D3HH4SPCBT2HYFNSC,Curved Glass Freezer,9cu,UZ5NBS00MI,Hiron,2005,2026-08-23 16:19:34.451561+08,2026-08-23 16:19:34.451561+08
01KZRTCK0DM1JX8RH50HRJ81KT,Swing-up Freezer,15cu,X8HOD71FBU,Aucma,2006,2026-08-23 16:19:34.451561+08,2026-08-23 16:19:34.451561+08
01KZRTCK0DY55X7HNKQARBWWZ2,Sliding Glass Freezer,12cu,UAPMG333KA,Liebherr,2012,2026-08-23 16:19:34.451561+08,2026-08-23 16:19:34.451561+08
01KZRTCK0D9C8737QVTS68FQT2,Sliding Glass Freezer,15cu,WKRV3ORUG1,Aucma,2000,2026-08-23 16:19:34.451561+08,2026-08-23 16:19:34.451561+08
01KZRTCK0DTKQ7N2BE41DMJN4X,Curved Glass Freezer,24cu,NFLXJC5JBA,Haier,2026,2026-08-23 16:19:34.451561+08,2026-08-23 16:19:34.451561+08
01KZRTCK0DWTT3AWFEEXSKWSPX,Curved Glass Freezer,24cu,IGVXY03QL3,Liebherr,2006,2026-08-23 16:19:34.451561+08,2026-08-23 16:19:34.451561+08
01KZRTCK0DV5FP3RFPY4CTNWQF,Curved Glass Freezer,8cu,UUPE8DPMQ8,Haier,2008,2026-08-23 16:19:34.451561+08,2026-08-23 16:19:34.451561+08
01KZRTCK0DNR35GVGW204RJMZ5,Curved Glass Freezer,12cu,LYF6OVDBGK,Liebherr,2012,2026-08-23 16:19:34.451561+08,2026-08-23 16:19:34.451561+08
01KZRTCK0DJ1AEH6Q0BTAA5HYW,Swing-up Freezer,8cu,ZYK4X4E5WY,Hiron,2006,2026-08-23 16:19:34.451561+08,2026-08-23 16:19:34.451561+08
01KZRTCK0DEXQ66GMKRHC4ZBAN,Swing-up Freezer,12cu,NOOA56IGC3,Aucma,2002,2026-08-23 16:19:34.451561+08,2026-08-23 16:19:34.451561+08
01KZRTCK0DVJPE8DECE5Z14PT1,Curved Glass Lighted Freezer,8cu,0IK7O5OA8Z,Aucma,2014,2026-08-23 16:19:34.451561+08,2026-08-23 16:19:34.451561+08
01KZRTCK0DDZXDH4NJT0BQ6C0Z,Sliding Glass Freezer,24cu,ODTEYQW9W8,Liebherr,2025,2026-08-23 16:19:34.451561+08,2026-08-23 16:19:34.451561+08
01KZRTCK0DS1NV47TS67N1NJAA,Sliding Glass Freezer,18cu,H8BCXEP0MF,Aucma,2001,2026-08-23 16:19:34.451561+08,2026-08-23 16:19:34.451561+08
01KZRTCK0D68ESA1BPRBH4JBSY,Curved Glass Freezer,24cu,ZH7LFMRB3T,Hiron,2005,2026-08-23 16:19:34.451561+08,2026-08-23 16:19:34.451561+08
01KZRTCK0DCD9K2H6SN8ZVJ0KN,Swing-up Freezer,24cu,1UFTK8VYP3,Haier,2022,2026-08-23 16:19:34.451561+08,2026-08-23 16:19:34.451561+08
01KZRTCK0DR2R4Z2EGQCXXDPZQ,Curved Glass Lighted Freezer,15cu,WWCLNYYYJ3,Haier,2025,2026-08-23 16:19:34.451561+08,2026-08-23 16:19:34.451561+08
01KZRTCK0DV5TT5VVM4HTCEPS8,Curved Glass Freezer,9cu,7QGUBU2A7J,Haier,2016,2026-08-23 16:19:34.451561+08,2026-08-23 16:19:34.451561+08
01KZRTCK0DTS73GVSV0PQ1PVBT,Curved Glass Freezer,18cu,6Q0OQV1AJH,Haier,2011,2026-08-23 16:19:34.451561+08,2026-08-23 16:19:34.451561+08
01KZRTCK0DYF7FXYJF1FDAFFVG,Curved Glass Freezer,15cu,5CD13Q7W75,Liebherr,2015,2026-08-23 16:19:34.451561+08,2026-08-23 16:19:34.451561+08
01KZRTCK0DV1JWD3CXMPB93TNT,Curved Glass Lighted Freezer,12cu,TMNQCP3HHP,Aucma,2022,2026-08-23 16:19:34.451561+08,2026-08-23 16:19:34.451561+08
01KZRTCK0D870FFNZ161RPGX07,Swing-up Freezer,15cu,83NUTT9SWI,Haier,2007,2026-08-23 16:19:34.451561+08,2026-08-23 16:19:34.451561+08
01KZRTCK0DPTWC0XSBY8RGDQ17,Curved Glass Lighted Freezer,8cu,N7CG5JARK7,Hiron,2002,2026-08-23 16:19:34.451561+08,2026-08-23 16:19:34.451561+08
01KZRTCK0DNMNHKDK1FJFH0PJ1,Swing-up Freezer,12cu,PTJ0B05VY7,Haier,2017,2026-08-23 16:19:34.451561+08,2026-08-23 16:19:34.451561+08
01KZRTCK0DRKSQY8KT2KX6KK60,Sliding Glass Freezer,15cu,NRKX9MBY8G,Hiron,2002,2026-08-23 16:19:34.451561+08,2026-08-23 16:19:34.451561+08
01KZRTCK0DGVQ1K81PME40ZTRH,Curved Glass Freezer,15cu,U246HTFHRH,Haier,2007,2026-08-23 16:19:34.451561+08,2026-08-23 16:19:34.451561+08
01KZRTCK0D5J97CWNXM3WBPASH,Curved Glass Freezer,18cu,7A2AR8YQCZ,Liebherr,2008,2026-08-23 16:19:34.451561+08,2026-08-23 16:19:34.451561+08
01KZRTCK0DM6SNKM4FHTNKPBK1,Curved Glass Lighted Freezer,18cu,UY9YIUP9GT,Hiron,2000,2026-08-23 16:19:34.451561+08,2026-08-23 16:19:34.451561+08
01KZRTCK0DJHWF18CVJQXSACA6,Curved Glass Lighted Freezer,9cu,3VCRHYP0VW,Aucma,2012,2026-08-23 16:19:34.451561+08,2026-08-23 16:19:34.451561+08
01KZRTCK0D957AJ1KQ0ZG9XN9A,Curved Glass Freezer,9cu,O4APWZLUSL,Aucma,2011,2026-08-23 16:19:34.451561+08,2026-08-23 16:19:34.451561+08
01KZRTCK0DWKHFB8JCAN81FPJ4,Curved Glass Freezer,24cu,ZO46W85N24,Haier,2018,2026-08-23 16:19:34.451561+08,2026-08-23 16:19:34.451561+08
01KZRTCK0DM4DRS6RWXCBHM5TH,Sliding Glass Freezer,9cu,5Q4DTMX9LE,Liebherr,2020,2026-08-23 16:19:34.451561+08,2026-08-23 16:19:34.451561+08
01KZRTCK0D2MSZRKPMHPWZ2Z6V,Swing-up Freezer,18cu,32IPQOEYKE,Hiron,2002,2026-08-23 16:19:34.451561+08,2026-08-23 16:19:34.451561+08
01KZRTCK0DNFAZMJXA3F8RYT0T,Curved Glass Freezer,9cu,TTUXVBH03D,Aucma,2009,2026-08-23 16:19:34.451561+08,2026-08-23 16:19:34.451561+08
01KZRTCK0DEW20409ZB44XFM72,Swing-up Freezer,15cu,AA9C39W0QJ,Haier,2013,2026-08-23 16:19:34.451561+08,2026-08-23 16:19:34.451561+08
01KZRTCK0DG6014SW9N9XP62QZ,Curved Glass Lighted Freezer,9cu,AYP3GFGR89,Haier,2021,2026-08-23 16:19:34.451561+08,2026-08-23 16:19:34.451561+08
01KZRTCK0D0XNJRCBJ7K1T6QWV,Swing-up Freezer,8cu,PANG90YE13,Aucma,2010,2026-08-23 16:19:34.451561+08,2026-08-23 16:19:34.451561+08
01KZRTCK0D45TQ636XNSP44HV1,Curved Glass Freezer,15cu,WN14KGUGXQ,Hiron,2005,2026-08-23 16:19:34.451561+08,2026-08-23 16:19:34.451561+08
01KZRTCK0DZX8HGERF15QW8M2Q,Swing-up Freezer,8cu,1IE9ZPKNV4,Aucma,2011,2026-08-23 16:19:34.451561+08,2026-08-23 16:19:34.451561+08
01KZRTCK0DBSTA5N4B951K43FJ,Curved Glass Freezer,9cu,KPEIWGEJ2E,Hiron,2019,2026-08-23 16:19:34.451561+08,2026-08-23 16:19:34.451561+08
01KZRTCK0DTM14A86P8V0TRXCY,Swing-up Freezer,12cu,08GF689ZPL,Haier,2010,2026-08-23 16:19:34.451561+08,2026-08-23 16:19:34.451561+08
01KZRTCK0DWVYNY10PD9GN36HX,Curved Glass Freezer,9cu,F5MVWUYP0H,Liebherr,2000,2026-08-23 16:19:34.451561+08,2026-08-23 16:19:34.451561+08
01KZRTCK0DC217JDVX4EVXG9S9,Sliding Glass Freezer,15cu,00VCIRYMTH,Aucma,2024,2026-08-23 16:19:34.451561+08,2026-08-23 16:19:34.451561+08
01KZRTCK0DEGHHJHD67ZFEXVZN,Curved Glass Lighted Freezer,15cu,SW6OASGTH0,Haier,2023,2026-08-23 16:19:34.451561+08,2026-08-23 16:19:34.451561+08
01KZRTCK0DH5XR7NB7XY65A23F,Curved Glass Lighted Freezer,24cu,2GS89DVLV1,Liebherr,2003,2026-08-23 16:19:34.451561+08,2026-08-23 16:19:34.451561+08
01KZRTCK0D5F2W0JACKE5YKNDT,Sliding Glass Freezer,12cu,X8K5WGCJJE,Hiron,2008,2026-08-23 16:19:34.451561+08,2026-08-23 16:19:34.451561+08
01KZRTCK0DKFJCWR48JPB7HYMX,Sliding Glass Freezer,24cu,QSEJ400DQD,Liebherr,2024,2026-08-23 16:19:34.451561+08,2026-08-23 16:19:34.451561+08
01KZRTCK0D9RJGJEB1FG0CZ792,Curved Glass Lighted Freezer,8cu,3OVA4WZGAN,Hiron,2016,2026-08-23 16:19:34.451561+08,2026-08-23 16:19:34.451561+08
01KZRTCK0D8Z4P5G695VJZ6XD5,Sliding Glass Freezer,8cu,JIVR0G881V,Hiron,2016,2026-08-23 16:19:34.451561+08,2026-08-23 16:19:34.451561+08
01KZRTCK0DRZBE4WJ8KQ0XKJX6,Swing-up Freezer,15cu,BA2NA4ZDHP,Hiron,2018,2026-08-23 16:19:34.451561+08,2026-08-23 16:19:34.451561+08
01KZRTCK0D0A555RXQ4VNQE3MT,Swing-up Freezer,15cu,I8SVJKDXTU,Hiron,2023,2026-08-23 16:19:34.451561+08,2026-08-23 16:19:34.451561+08
01KZRTCK0D15Y2P78ZQEH6NR4H,Curved Glass Freezer,15cu,MLNELQ7TXF,Aucma,2001,2026-08-23 16:19:34.451561+08,2026-08-23 16:19:34.451561+08
01KZRTCK0DMR3Z2MN8N9WH1SR8,Swing-up Freezer,24cu,WNST2FNFP5,Aucma,2026,2026-08-23 16:19:34.451561+08,2026-08-23 16:19:34.451561+08
01KZRTCK0DW4HP34NDM1GSW6XB,Swing-up Freezer,9cu,JBQDE1DKZH,Liebherr,2016,2026-08-23 16:19:34.451561+08,2026-08-23 16:19:34.451561+08
01KZRTCK0D1Y7TW9V82Y98HN68,Swing-up Freezer,18cu,4D4DVLP6N1,Haier,2016,2026-08-23 16:19:34.451561+08,2026-08-23 16:19:34.451561+08
01KZRTCK0DD8XRFAT5RNF3171Z,Curved Glass Lighted Freezer,12cu,EBHYUQTF8G,Haier,2025,2026-08-23 16:19:34.451561+08,2026-08-23 16:19:34.451561+08
01KZRTCK0D65VA58SDF4JFR5V3,Swing-up Freezer,18cu,1BYTQFM4MS,Liebherr,2021,2026-08-23 16:19:34.451561+08,2026-08-23 16:19:34.451561+08
01KZRTCK0DP6ZKT6V8570F68XF,Curved Glass Freezer,15cu,00NS7RWWGA,Haier,2022,2026-08-23 16:19:34.451561+08,2026-08-23 16:19:34.451561+08
01KZRTCK0ERD78WV770NPG7AB5,Curved Glass Lighted Freezer,12cu,850UMBB7L6,Haier,2021,2026-08-23 16:19:34.451561+08,2026-08-23 16:19:34.451561+08
01KZRTCK0E7EB2KA03AT0Z365Y,Sliding Glass Freezer,18cu,PCNO1KO6B8,Liebherr,2012,2026-08-23 16:19:34.451561+08,2026-08-23 16:19:34.451561+08
01KZRTCK0E4ZQQ274EDPHC1YAY,Curved Glass Freezer,24cu,YH1QSF7ZMB,Hiron,2010,2026-08-23 16:19:34.451561+08,2026-08-23 16:19:34.451561+08
01KZRTCK0ETXRGC98V4XRVR8AN,Swing-up Freezer,24cu,PPUS70BITF,Aucma,2009,2026-08-23 16:19:34.451561+08,2026-08-23 16:19:34.451561+08
01KZRTCK0EMBB4M9QMX4B1TQBT,Sliding Glass Freezer,9cu,R5TKJS2UKC,Haier,2011,2026-08-23 16:19:34.451561+08,2026-08-23 16:19:34.451561+08
01KZRTCK0E0GF9KPF9RBX0TNKP,Curved Glass Lighted Freezer,8cu,WO1CJC2C0N,Hiron,2007,2026-08-23 16:19:34.451561+08,2026-08-23 16:19:34.451561+08
01KZRTCK0EG351SNWSM6SQNKPH,Curved Glass Lighted Freezer,24cu,YVFACMFMHX,Haier,2024,2026-08-23 16:19:34.451561+08,2026-08-23 16:19:34.451561+08
01KZRTCK0E1RQQ0F4X4J0ZWMFD,Curved Glass Freezer,15cu,PH7CCO747U,Aucma,2026,2026-08-23 16:19:34.451561+08,2026-08-23 16:19:34.451561+08
01KZRTCK0E9THCDJVGVSSA0N07,Swing-up Freezer,15cu,XNO9W5Q86L,Hiron,2002,2026-08-23 16:19:34.451561+08,2026-08-23 16:19:34.451561+08
01KZRTCK0EWC5SYQR9A1H0AX8Y,Curved Glass Lighted Freezer,12cu,E6IS3NGNCY,Hiron,2012,2026-08-23 16:19:34.451561+08,2026-08-23 16:19:34.451561+08
01KZRTCK0ECFQJR59MSMF8PC1D,Curved Glass Freezer,18cu,EKZT6TIB3S,Aucma,2023,2026-08-23 16:19:34.451561+08,2026-08-23 16:19:34.451561+08
01KZRTCK0EAJMGR86FDERRN4NG,Swing-up Freezer,8cu,HUG6KJ5AIO,Aucma,2013,2026-08-23 16:19:34.451561+08,2026-08-23 16:19:34.451561+08
01KZRTCK0EXNFAFF09HEKQ9MNW,Swing-up Freezer,12cu,9UUILSDBUO,Haier,2010,2026-08-23 16:19:34.451561+08,2026-08-23 16:19:34.451561+08
01KZRTCK0E1KPBQJG0MXYR68T4,Curved Glass Lighted Freezer,12cu,JAPS1HG8ZD,Aucma,2008,2026-08-23 16:19:34.451561+08,2026-08-23 16:19:34.451561+08
01KZRTCK0EDDD9TW1JKPXVCJ79,Curved Glass Freezer,12cu,3MJGNJSQRE,Liebherr,2026,2026-08-23 16:19:34.451561+08,2026-08-23 16:19:34.451561+08
01KZRTCK0E1BQMPTN5BM2851XS,Curved Glass Freezer,9cu,7VQNP271RN,Hiron,2010,2026-08-23 16:19:34.451561+08,2026-08-23 16:19:34.451561+08
01KZRTCK0EDT0XBYPGH85KCXEM,Swing-up Freezer,18cu,50WHYLGWCL,Haier,2009,2026-08-23 16:19:34.451561+08,2026-08-23 16:19:34.451561+08
01KZRTCK0E025JCYWZ5YQQDR27,Curved Glass Freezer,18cu,N8ZFPF4KBR,Hiron,2020,2026-08-23 16:19:34.451561+08,2026-08-23 16:19:34.451561+08
01KZRTCK0EMVB85AZV5QEBKCCC,Swing-up Freezer,12cu,FKJFUE3WPB,Hiron,2005,2026-08-23 16:19:34.451561+08,2026-08-23 16:19:34.451561+08
01KZRTCK0EZN1H0MRK6J3G7SAM,Curved Glass Freezer,8cu,7WXPGC72HF,Aucma,2002,2026-08-23 16:19:34.451561+08,2026-08-23 16:19:34.451561+08
01KZRTCK0EGEPK2NSAG8S2DKAZ,Curved Glass Lighted Freezer,15cu,KXXAQ5YU2J,Aucma,2008,2026-08-23 16:19:34.451561+08,2026-08-23 16:19:34.451561+08
01KZRTCK0E5K0RBY978KTF7TGD,Sliding Glass Freezer,9cu,7GSRNEZPA8,Aucma,2010,2026-08-23 16:19:34.451561+08,2026-08-23 16:19:34.451561+08
01KZRTCK0ED9JGKZT6EM5W5E9M,Sliding Glass Freezer,8cu,BIREC4D2BM,Hiron,2003,2026-08-23 16:19:34.451561+08,2026-08-23 16:19:34.451561+08
01KZRTCK0E0MA1M0P94AE191DC,Sliding Glass Freezer,24cu,SUYSAS3ZJT,Hiron,2005,2026-08-23 16:19:34.451561+08,2026-08-23 16:19:34.451561+08
01KZRTCK0EVVRWY5PEG0RV33SH,Curved Glass Freezer,24cu,ADSFK1GDO2,Hiron,2011,2026-08-23 16:19:34.451561+08,2026-08-23 16:19:34.451561+08
01KZRTCK0E0DSWK4C0CZ9BNDER,Swing-up Freezer,8cu,IJQ8KPX0LK,Haier,2018,2026-08-23 16:19:34.451561+08,2026-08-23 16:19:34.451561+08
01KZRTCK0EB4DPGGBRJMRYCWD3,Swing-up Freezer,9cu,LV78VKDPS1,Liebherr,2008,2026-08-23 16:19:34.451561+08,2026-08-23 16:19:34.451561+08
01KZRTCK0E5BF0MZG6B4468W6Y,Sliding Glass Freezer,18cu,T6A83B8END,Haier,2002,2026-08-23 16:19:34.451561+08,2026-08-23 16:19:34.451561+08
01KZRTCK0ER5GH761SHHR3Z74C,Swing-up Freezer,9cu,X5AEKBSBQZ,Haier,2004,2026-08-23 16:19:34.451561+08,2026-08-23 16:19:34.451561+08
01KZRTCK0E8KY57XNCXH9S49PX,Sliding Glass Freezer,18cu,HRB8C5QWB7,Hiron,2001,2026-08-23 16:19:34.451561+08,2026-08-23 16:19:34.451561+08
01KZRTCK0EKZQ38Z5JJK7W95SX,Swing-up Freezer,9cu,7TY893Y4DU,Hiron,2025,2026-08-23 16:19:34.451561+08,2026-08-23 16:19:34.451561+08
01KZRTCK0EWH12E069ET1HYFCJ,Sliding Glass Freezer,9cu,MH9BD1M6NI,Liebherr,2016,2026-08-23 16:19:34.451561+08,2026-08-23 16:19:34.451561+08
01KZRTCK0ETQ4920B2ZQH3YG5A,Curved Glass Freezer,8cu,WQBPRURJOP,Haier,2023,2026-08-23 16:19:34.451561+08,2026-08-23 16:19:34.451561+08
01KZRTCK0E3B79RE1AR8NAD5HX,Curved Glass Freezer,15cu,PALBF7U9LW,Aucma,2005,2026-08-23 16:19:34.451561+08,2026-08-23 16:19:34.451561+08
01KZRTCK0EKN2D2B328YJ1WW2H,Curved Glass Lighted Freezer,18cu,0B2IG8O9VZ,Haier,2000,2026-08-23 16:19:34.451561+08,2026-08-23 16:19:34.451561+08
01KZRTCK0EQ2GDS36DN170WN4V,Curved Glass Freezer,9cu,QC44YX75WI,Aucma,2006,2026-08-23 16:19:34.451561+08,2026-08-23 16:19:34.451561+08
01KZRTCK0EVNVAQ0Q07JR3DVCE,Swing-up Freezer,9cu,EMPYVLAIFN,Aucma,2019,2026-08-23 16:19:34.451561+08,2026-08-23 16:19:34.451561+08
01KZRTCK0E2W8H97XT7FX0SE39,Sliding Glass Freezer,8cu,FPVCE8FUD5,Liebherr,2018,2026-08-23 16:19:34.451561+08,2026-08-23 16:19:34.451561+08
01KZRTCK0EX5WAFFG7N0SMBE04,Curved Glass Freezer,12cu,LOXXKTL1T7,Haier,2018,2026-08-23 16:19:34.451561+08,2026-08-23 16:19:34.451561+08
01KZRTCK0E0EGZ3NNE3QHRGCX6,Curved Glass Freezer,18cu,MYSQE1CM5D,Liebherr,2013,2026-08-23 16:19:34.451561+08,2026-08-23 16:19:34.451561+08
01KZRTCK0E7BVGSSN22G2TDSYA,Swing-up Freezer,24cu,N1WU6DJXPS,Aucma,2011,2026-08-23 16:19:34.451561+08,2026-08-23 16:19:34.451561+08
01KZRTCK0E5FKHYBWJSN5G9N4B,Swing-up Freezer,18cu,87Y7RT4J90,Aucma,2024,2026-08-23 16:19:34.451561+08,2026-08-23 16:19:34.451561+08
01KZRTCK0E3Q0RPEKKZNVMSF4V,Curved Glass Lighted Freezer,18cu,QBYKC2YE88,Aucma,2013,2026-08-23 16:19:34.451561+08,2026-08-23 16:19:34.451561+08
01KZRTCK0EE06W99ERXCP2Q2JK,Curved Glass Freezer,8cu,7NK2BBDIVD,Hiron,2026,2026-08-23 16:19:34.451561+08,2026-08-23 16:19:34.451561+08
01KZRTCK0EQTP8KZSMEW2EMB5G,Swing-up Freezer,18cu,WNFMCLP20L,Liebherr,2024,2026-08-23 16:19:34.451561+08,2026-08-23 16:19:34.451561+08
01KZRTCK0EM2T547BMFCFG54J6,Swing-up Freezer,12cu,H485ODBAPB,Liebherr,2012,2026-08-23 16:19:34.451561+08,2026-08-23 16:19:34.451561+08
01KZRTCK0EEN6QKPGVEK3Y94H0,Sliding Glass Freezer,8cu,UHT9T4HY3K,Liebherr,2025,2026-08-23 16:19:34.451561+08,2026-08-23 16:19:34.451561+08
01KZRTCK0ECZWCFBE9SY8W79CX,Curved Glass Lighted Freezer,15cu,ZM970TNWTF,Liebherr,2001,2026-08-23 16:19:34.451561+08,2026-08-23 16:19:34.451561+08
01KZRTCK0ED492QGGAXMRZSZ5W,Swing-up Freezer,15cu,NU7E8ON8CI,Liebherr,2013,2026-08-23 16:19:34.451561+08,2026-08-23 16:19:34.451561+08
01KZRTCK0EKXQY6BYA7RZ8H2YS,Curved Glass Lighted Freezer,8cu,K9PSK3AFFW,Haier,2002,2026-08-23 16:19:34.451561+08,2026-08-23 16:19:34.451561+08
01KZRTCK0EPAK7SM9GQMAQCJPB,Swing-up Freezer,18cu,LF4GP4KR6L,Hiron,2024,2026-08-23 16:19:34.451561+08,2026-08-23 16:19:34.451561+08
01KZRTCK0EC0F6RP7DWRWPWP26,Sliding Glass Freezer,18cu,DM3YCVL1N5,Hiron,2023,2026-08-23 16:19:34.451561+08,2026-08-23 16:19:34.451561+08
01KZRTCK0ENY95TTPJWD6SE30C,Curved Glass Lighted Freezer,18cu,2488MPZT0I,Haier,2000,2026-08-23 16:19:34.451561+08,2026-08-23 16:19:34.451561+08
01KZRTCK0E8H9XZ6XM3NQG8FD3,Curved Glass Lighted Freezer,15cu,VTDD5J7OEG,Aucma,2019,2026-08-23 16:19:34.451561+08,2026-08-23 16:19:34.451561+08
01KZRTCK0E9VRXB2X1X784NBCE,Curved Glass Freezer,18cu,K8FN66HLCC,Liebherr,2018,2026-08-23 16:19:34.451561+08,2026-08-23 16:19:34.451561+08
01KZRTCK0EHDJ7ZE2H29SEMP4F,Swing-up Freezer,8cu,YDDT758TI2,Aucma,2021,2026-08-23 16:19:34.451561+08,2026-08-23 16:19:34.451561+08
01KZRTCK0EFA05SSP1VNR508GM,Swing-up Freezer,24cu,AO3WK47R83,Hiron,2012,2026-08-23 16:19:34.451561+08,2026-08-23 16:19:34.451561+08
01KZRTCK0ENANQKS1NKQBJ2SX8,Curved Glass Freezer,12cu,7NVVIQCBDH,Hiron,2023,2026-08-23 16:19:34.451561+08,2026-08-23 16:19:34.451561+08
01KZRTCK0E30Y73HWSR5ZEJQPG,Curved Glass Lighted Freezer,18cu,QJQXZJ01UW,Hiron,2014,2026-08-23 16:19:34.451561+08,2026-08-23 16:19:34.451561+08
01KZRTCK0EATFRCB4ZQ1HJVY2M,Curved Glass Lighted Freezer,8cu,XAJ9E0WX5Y,Liebherr,2000,2026-08-23 16:19:34.451561+08,2026-08-23 16:19:34.451561+08
01KZRTCK0E2TZ41D59P6QATK6K,Sliding Glass Freezer,15cu,OZF9OV6SPY,Liebherr,2025,2026-08-23 16:19:34.451561+08,2026-08-23 16:19:34.451561+08
01KZRTCK0E7MZ9Q7YVFY425XXG,Curved Glass Freezer,9cu,JP7228YJEO,Haier,2020,2026-08-23 16:19:34.451561+08,2026-08-23 16:19:34.451561+08
01KZRTCK0EVSMZ2BQ9RS7CRG9E,Swing-up Freezer,24cu,RD0EQTEYZV,Hiron,2014,2026-08-23 16:19:34.451561+08,2026-08-23 16:19:34.451561+08
01KZRTCK0ERY3EBNHF573P6N9T,Curved Glass Freezer,15cu,PW981MSDN2,Aucma,2025,2026-08-23 16:19:34.451561+08,2026-08-23 16:19:34.451561+08
01KZRTCK0EZ23VHVB0YEESQ8B4,Swing-up Freezer,24cu,IUE9U9RO5O,Hiron,2010,2026-08-23 16:19:34.451561+08,2026-08-23 16:19:34.451561+08
01KZRTCK0EFF74DNPMQBMAV6VJ,Swing-up Freezer,8cu,O1VRM4VPNM,Hiron,2021,2026-08-23 16:19:34.451561+08,2026-08-23 16:19:34.451561+08
01KZRTCK0EYNPB1QS1GX1CF2BP,Curved Glass Lighted Freezer,12cu,NEC76FK1DT,Hiron,2024,2026-08-23 16:19:34.451561+08,2026-08-23 16:19:34.451561+08
01KZRTCK0EAT12NCZBJQVMEP0F,Sliding Glass Freezer,9cu,SSZHNM0VBU,Haier,2000,2026-08-23 16:19:34.451561+08,2026-08-23 16:19:34.451561+08
01KZRTCK0EAJVR02XV8WCNFXJQ,Swing-up Freezer,15cu,N2C32ARI1Q,Hiron,2012,2026-08-23 16:19:34.451561+08,2026-08-23 16:19:34.451561+08
01KZRTCK0EYN3HYHJSMAQ7RNSV,Sliding Glass Freezer,9cu,OPRXS27T3Y,Liebherr,2023,2026-08-23 16:19:34.451561+08,2026-08-23 16:19:34.451561+08
01KZRTCK0EZ4QMCDC5BA6MX9J8,Sliding Glass Freezer,12cu,KNX615SARX,Haier,2012,2026-08-23 16:19:34.451561+08,2026-08-23 16:19:34.451561+08
01KZRTCK0E7Q3TJ5HN76J6QS58,Curved Glass Freezer,18cu,5YCBTTTSM8,Haier,2010,2026-08-23 16:19:34.451561+08,2026-08-23 16:19:34.451561+08
01KZRTCK0E8A41PF7RE2XCDBZ1,Swing-up Freezer,8cu,OOR2CB8COZ,Aucma,2013,2026-08-23 16:19:34.451561+08,2026-08-23 16:19:34.451561+08
01KZRTCK0EKHX0V93GB38V3V5D,Curved Glass Lighted Freezer,15cu,V6ZCEHHSST,Haier,2008,2026-08-23 16:19:34.451561+08,2026-08-23 16:19:34.451561+08
01KZRTCK0ECB4NS9QNHS09HMZE,Curved Glass Freezer,9cu,33T6SQWWKC,Liebherr,2008,2026-08-23 16:19:34.451561+08,2026-08-23 16:19:34.451561+08
01KZRTCK0E5Q07TA90VPZVA032,Sliding Glass Freezer,12cu,ZDRW3OAAG7,Aucma,2002,2026-08-23 16:19:34.451561+08,2026-08-23 16:19:34.451561+08
01KZRTCK0E7G0XZNQH2DEEHBHJ,Sliding Glass Freezer,9cu,UM8PGHW6C0,Haier,2010,2026-08-23 16:19:34.451561+08,2026-08-23 16:19:34.451561+08
01KZRTCK0E4TDGWRJA3B688CK0,Swing-up Freezer,12cu,B2YO9I2SPM,Hiron,2012,2026-08-23 16:19:34.451561+08,2026-08-23 16:19:34.451561+08
01KZRTCK0EVQGH0HZF0YD7Z32X,Sliding Glass Freezer,15cu,TJ5LIWW747,Liebherr,2005,2026-08-23 16:19:34.451561+08,2026-08-23 16:19:34.451561+08
01KZRTCK0EE2E80SJ4NF27XF1K,Curved Glass Freezer,12cu,ZNUAV1WZXW,Haier,2014,2026-08-23 16:19:34.451561+08,2026-08-23 16:19:34.451561+08
01KZRTCK0EHF2SSE3G8AM34HY4,Curved Glass Lighted Freezer,8cu,CWW490ISMZ,Aucma,2001,2026-08-23 16:19:34.451561+08,2026-08-23 16:19:34.451561+08
01KZRTCK0EEXR0M5WBHHHV7DJ1,Swing-up Freezer,18cu,9LHOJCX1EE,Haier,2007,2026-08-23 16:19:34.451561+08,2026-08-23 16:19:34.451561+08
01KZRTCK0E2SYWHPX5SPCE3BXN,Swing-up Freezer,24cu,SH0APLMO00,Hiron,2010,2026-08-23 16:19:34.451561+08,2026-08-23 16:19:34.451561+08
01KZRTCK0EGEKY4EKT9Q96046A,Sliding Glass Freezer,12cu,09PYK0RB90,Liebherr,2009,2026-08-23 16:19:34.451561+08,2026-08-23 16:19:34.451561+08
01KZRTCK0EW34YQN3FKXZ8TVGE,Curved Glass Freezer,24cu,61LTLSISMA,Liebherr,2008,2026-08-23 16:19:34.451561+08,2026-08-23 16:19:34.451561+08
01KZRTCK0E86X1H3TVZDK8FYFX,Curved Glass Freezer,8cu,9P0E3RKND1,Haier,2020,2026-08-23 16:19:34.451561+08,2026-08-23 16:19:34.451561+08
01KZRTCK0ETJF0KDWEWDBV5CP8,Sliding Glass Freezer,24cu,PL12Y2CXIL,Haier,2014,2026-08-23 16:19:34.451561+08,2026-08-23 16:19:34.451561+08
01KZRTCK0EAFH5TWYC1JCSMC1N,Curved Glass Freezer,8cu,JRYW41UBTD,Liebherr,2024,2026-08-23 16:19:34.451561+08,2026-08-23 16:19:34.451561+08
01KZRTCK0E015B1445JGKVMKZ6,Curved Glass Freezer,8cu,D6AY26UHQP,Hiron,2001,2026-08-23 16:19:34.451561+08,2026-08-23 16:19:34.451561+08
01KZRTCK0E0D04X529EWNJGZTQ,Swing-up Freezer,15cu,2Q3B7GYHJ5,Haier,2000,2026-08-23 16:19:34.451561+08,2026-08-23 16:19:34.451561+08
01KZRTCK0ECHGS3APJ467Y392A,Sliding Glass Freezer,12cu,Z5Z5WOLHUF,Liebherr,2004,2026-08-23 16:19:34.451561+08,2026-08-23 16:19:34.451561+08
01KZRTCK0E5WSTN3D8JZWSVT3Y,Curved Glass Freezer,9cu,UMTVJCN97W,Haier,2025,2026-08-23 16:19:34.451561+08,2026-08-23 16:19:34.451561+08
01KZRTCK0EHX29TS3SRMV30VE7,Sliding Glass Freezer,9cu,APZ4AKM1BX,Liebherr,2025,2026-08-23 16:19:34.451561+08,2026-08-23 16:19:34.451561+08
01KZRTCK0E4B61YFAXDMSR3GJ5,Sliding Glass Freezer,15cu,AIU796M44M,Liebherr,2005,2026-08-23 16:19:34.451561+08,2026-08-23 16:19:34.451561+08
01KZRTCK0E7J9392CJWVRTK3CT,Sliding Glass Freezer,18cu,UAJ207WXIJ,Liebherr,2019,2026-08-23 16:19:34.451561+08,2026-08-23 16:19:34.451561+08
01KZRTCK0E054S4G6MNXMP6W7T,Curved Glass Freezer,15cu,LIE7LJY5XM,Haier,2021,2026-08-23 16:19:34.451561+08,2026-08-23 16:19:34.451561+08
01KZRTCK0ETB4AQ4MGJF9MR5KV,Curved Glass Freezer,24cu,ARC4ASTVT4,Liebherr,2007,2026-08-23 16:19:34.451561+08,2026-08-23 16:19:34.451561+08
01KZRTCK0EY631B4MWR3ACDP70,Curved Glass Freezer,18cu,7OSWQF82ER,Aucma,2008,2026-08-23 16:19:34.451561+08,2026-08-23 16:19:34.451561+08
01KZRTCK0EQYG078R98T48YDRV,Curved Glass Lighted Freezer,8cu,AWWDJNCIMC,Aucma,2019,2026-08-23 16:19:34.451561+08,2026-08-23 16:19:34.451561+08
01KZRTCK0EJCV9TGM4VA1B4GK5,Curved Glass Freezer,9cu,UT733SF7NZ,Liebherr,2016,2026-08-23 16:19:34.451561+08,2026-08-23 16:19:34.451561+08
01KZRTCK0EXZC6P5W4YHXKRDYG,Swing-up Freezer,24cu,5MYBVRLJBF,Haier,2001,2026-08-23 16:19:34.451561+08,2026-08-23 16:19:34.451561+08
01KZRTCK0EP8G0W3HPWNQQPM9C,Swing-up Freezer,9cu,IZVZBRVNTR,Liebherr,2014,2026-08-23 16:19:34.451561+08,2026-08-23 16:19:34.451561+08
01KZRTCK0EZC97KX6SXFCM4MXB,Curved Glass Freezer,24cu,3QOZ7ZAWL9,Aucma,2008,2026-08-23 16:19:34.451561+08,2026-08-23 16:19:34.451561+08
01KZRTCK0ECDDPYJ12K91GHAEQ,Curved Glass Freezer,24cu,DUN69W01MV,Aucma,2009,2026-08-23 16:19:34.451561+08,2026-08-23 16:19:34.451561+08
01KZRTCK0EQT6F5Z4P9EPZSRED,Curved Glass Freezer,9cu,Y8PWKT1ZHD,Aucma,2007,2026-08-23 16:19:34.451561+08,2026-08-23 16:19:34.451561+08
01KZRTCK0EDFDDPS25G0397ZK8,Swing-up Freezer,18cu,6Y9PZ3O5K6,Aucma,2019,2026-08-23 16:19:34.451561+08,2026-08-23 16:19:34.451561+08
01KZRTCK0E5JC6A9MXWS09THEF,Curved Glass Lighted Freezer,18cu,BME2D328V7,Aucma,2019,2026-08-23 16:19:34.451561+08,2026-08-23 16:19:34.451561+08
01KZRTCK0EQ0X6NZ9G5KKAVYH5,Curved Glass Freezer,8cu,XVPZVS6Q5J,Liebherr,2020,2026-08-23 16:19:34.451561+08,2026-08-23 16:19:34.451561+08
01KZRTCK0EHN2YG57XCBPT7T15,Sliding Glass Freezer,15cu,S6SD5W5UTL,Liebherr,2017,2026-08-23 16:19:34.451561+08,2026-08-23 16:19:34.451561+08
01KZRTCK0EE0ER190B54ZV9F1T,Curved Glass Freezer,24cu,ABZBRIG314,Liebherr,2000,2026-08-23 16:19:34.451561+08,2026-08-23 16:19:34.451561+08
01KZRTCK0EBHQWCPQPA0Q6GW55,Sliding Glass Freezer,12cu,3A21NVUS13,Liebherr,2004,2026-08-23 16:19:34.451561+08,2026-08-23 16:19:34.451561+08
01KZRTCK0EJX5D44ES7Z5KGZDB,Curved Glass Lighted Freezer,24cu,TLMYWS0WK2,Haier,2010,2026-08-23 16:19:34.451561+08,2026-08-23 16:19:34.451561+08
01KZRTCK0E6A9H7Z1YEZ075HVC,Curved Glass Lighted Freezer,15cu,GL2917V6EO,Liebherr,2019,2026-08-23 16:19:34.451561+08,2026-08-23 16:19:34.451561+08
01KZRTCK0E7DSPRDBP1MY506T5,Curved Glass Freezer,12cu,5SL49NZG5O,Aucma,2013,2026-08-23 16:19:34.451561+08,2026-08-23 16:19:34.451561+08
01KZRTCK0EXRE3AH897P6FDZT6,Curved Glass Freezer,18cu,KYY21BA6HJ,Aucma,2003,2026-08-23 16:19:34.451561+08,2026-08-23 16:19:34.451561+08
01KZRTCK0EAVQQP0H4Z4J5Q59Q,Curved Glass Freezer,18cu,SL3KGKQI49,Hiron,2019,2026-08-23 16:19:34.451561+08,2026-08-23 16:19:34.451561+08
01KZRTCK0EBQM4R0R3BT1CKPCV,Curved Glass Freezer,18cu,B0YKAM6B9E,Haier,2002,2026-08-23 16:19:34.451561+08,2026-08-23 16:19:34.451561+08
01KZRTCK0EZE4QN20AEN3RYYQJ,Curved Glass Freezer,18cu,G186S5S6WN,Hiron,2007,2026-08-23 16:19:34.451561+08,2026-08-23 16:19:34.451561+08
01KZRTCK0FE8CZ0BSTC34EC5EN,Swing-up Freezer,12cu,1CD3BYD9LJ,Aucma,2012,2026-08-23 16:19:34.451561+08,2026-08-23 16:19:34.451561+08
01KZRTCK0F097KKZ4E2356E55Y,Curved Glass Freezer,9cu,YYM37OBWXC,Liebherr,2004,2026-08-23 16:19:34.451561+08,2026-08-23 16:19:34.451561+08
01KZRTCK0FC5YP22X1CGHTS1NY,Curved Glass Freezer,9cu,FKCUKTME68,Hiron,2026,2026-08-23 16:19:34.451561+08,2026-08-23 16:19:34.451561+08
01KZRTCK0FGVJF2N7RBZF81SBK,Curved Glass Lighted Freezer,12cu,B0ITJVTGVD,Aucma,2017,2026-08-23 16:19:34.451561+08,2026-08-23 16:19:34.451561+08
01KZRTCK0FGWAZT5HV7QPT7GD3,Swing-up Freezer,24cu,0358QCKEQ6,Hiron,2015,2026-08-23 16:19:34.451561+08,2026-08-23 16:19:34.451561+08
01KZRTCK0FJ204TWAYFAFB4EAF,Sliding Glass Freezer,12cu,23K0IT6321,Hiron,2022,2026-08-23 16:19:34.451561+08,2026-08-23 16:19:34.451561+08
01KZRTCK0F24TJWQV1GWZNV4QE,Swing-up Freezer,9cu,85YHOJLWJ7,Hiron,2002,2026-08-23 16:19:34.451561+08,2026-08-23 16:19:34.451561+08
01KZRTCK0F077CT7Y7JM9JYSWV,Curved Glass Lighted Freezer,9cu,MAZY7Y2RH2,Haier,2014,2026-08-23 16:19:34.451561+08,2026-08-23 16:19:34.451561+08
01KZRTCK0FWMR5Q3YMJYJDQT77,Curved Glass Freezer,9cu,917B6PU5U4,Hiron,2012,2026-08-23 16:19:34.451561+08,2026-08-23 16:19:34.451561+08
01KZRTCK0FM2AYWZS2005NB8SZ,Sliding Glass Freezer,15cu,SSC6BY90YO,Liebherr,2022,2026-08-23 16:19:34.451561+08,2026-08-23 16:19:34.451561+08
01KZRTCK0FPAMHS7P4ME58ACZC,Curved Glass Lighted Freezer,12cu,KOLQ0YIXCF,Haier,2023,2026-08-23 16:19:34.451561+08,2026-08-23 16:19:34.451561+08
01KZRTCK0FHD6J009H4DG5GDD1,Curved Glass Freezer,24cu,2UCITUYC0J,Aucma,2016,2026-08-23 16:19:34.451561+08,2026-08-23 16:19:34.451561+08
01KZRTCK0FA4FRMH4RJ7Q1BBVY,Curved Glass Freezer,8cu,9YX5Y8LWT2,Hiron,2008,2026-08-23 16:19:34.451561+08,2026-08-23 16:19:34.451561+08
01KZRTCK0FTNCSNJD8NPJR9V7J,Swing-up Freezer,24cu,26LPQPSHUH,Haier,2017,2026-08-23 16:19:34.451561+08,2026-08-23 16:19:34.451561+08
01KZRTCK0FH9M4SVPTEFZ8SZP5,Curved Glass Lighted Freezer,24cu,64YGZ4B1V2,Haier,2003,2026-08-23 16:19:34.451561+08,2026-08-23 16:19:34.451561+08
01KZRTCK0FJ8M3W0GESH0BM6ZH,Swing-up Freezer,18cu,HEAPCJJ0RM,Aucma,2018,2026-08-23 16:19:34.451561+08,2026-08-23 16:19:34.451561+08
01KZRTCK0F5VFZXE5BNACFSCAW,Swing-up Freezer,12cu,VYSC8ZIL4Z,Liebherr,2012,2026-08-23 16:19:34.451561+08,2026-08-23 16:19:34.451561+08
01KZRTCK0F4PF88AZ0N95KMGQ6,Curved Glass Lighted Freezer,24cu,T72UGW7EMI,Aucma,2016,2026-08-23 16:19:34.451561+08,2026-08-23 16:19:34.451561+08
01KZRTCK0FGRA5Z6BP5CCRRF3V,Sliding Glass Freezer,9cu,IAZE4ZS3EF,Liebherr,2016,2026-08-23 16:19:34.451561+08,2026-08-23 16:19:34.451561+08
01KZRTCK0F36VZPJSHNVWBKJ4Z,Curved Glass Freezer,18cu,AO8RIJW9BN,Liebherr,2022,2026-08-23 16:19:34.451561+08,2026-08-23 16:19:34.451561+08
01KZRTCK0FG8P35E6HWRNHXVGX,Sliding Glass Freezer,9cu,IF7LC14ZSV,Haier,2023,2026-08-23 16:19:34.451561+08,2026-08-23 16:19:34.451561+08
01KZRTCK0FQE0KBEG7Z7XCFYA7,Curved Glass Freezer,9cu,VUATXVV4VF,Haier,2006,2026-08-23 16:19:34.451561+08,2026-08-23 16:19:34.451561+08
01KZRTCK0FDH1RFPKH0QCY6CZV,Sliding Glass Freezer,8cu,31CN1OYWMZ,Aucma,2013,2026-08-23 16:19:34.451561+08,2026-08-23 16:19:34.451561+08
01KZRTCK0FWSK8JPBYQA9V6GJJ,Curved Glass Lighted Freezer,12cu,VURLHG7ZPH,Haier,2025,2026-08-23 16:19:34.451561+08,2026-08-23 16:19:34.451561+08
01KZRTCK0FVC3VJ0E64591GMTG,Curved Glass Lighted Freezer,24cu,3879H7EKOL,Hiron,2005,2026-08-23 16:19:34.451561+08,2026-08-23 16:19:34.451561+08
01KZRTCK0FDZ132JNVAJDRFRB3,Curved Glass Lighted Freezer,9cu,0FHVLVZO1M,Hiron,2003,2026-08-23 16:19:34.451561+08,2026-08-23 16:19:34.451561+08
01KZRTCK0FS40VJBSHR4REZK1K,Curved Glass Lighted Freezer,24cu,TJ1D042FZ5,Hiron,2013,2026-08-23 16:19:34.451561+08,2026-08-23 16:19:34.451561+08
01KZRTCK0F9S940845GMF99A81,Sliding Glass Freezer,12cu,LHNJSR4UUT,Haier,2008,2026-08-23 16:19:34.451561+08,2026-08-23 16:19:34.451561+08
01KZRTCK0F28JC5P9ZXTNGM8ET,Curved Glass Freezer,8cu,WTNZ4VUALN,Haier,2021,2026-08-23 16:19:34.451561+08,2026-08-23 16:19:34.451561+08
01KZRTCK0F2G89NQFSHM0B1V5V,Swing-up Freezer,12cu,3MPX6HNDKN,Hiron,2010,2026-08-23 16:19:34.451561+08,2026-08-23 16:19:34.451561+08
01KZRTCK0FFDYRN1AFT9WD28GC,Curved Glass Freezer,15cu,VDKNIQVD5W,Liebherr,2004,2026-08-23 16:19:34.451561+08,2026-08-23 16:19:34.451561+08
01KZRTCK0F1YCPSEA50QV3712V,Curved Glass Freezer,9cu,8TVUIS25JP,Liebherr,2007,2026-08-23 16:19:34.451561+08,2026-08-23 16:19:34.451561+08
01KZRTCK0FZKEKMCV2GRFQX68C,Curved Glass Freezer,18cu,W3AJ220WOY,Haier,2020,2026-08-23 16:19:34.451561+08,2026-08-23 16:19:34.451561+08
01KZRTCK0FR8T5DHFT5N6GB7Q4,Curved Glass Freezer,12cu,LT58IXP9G6,Haier,2008,2026-08-23 16:19:34.451561+08,2026-08-23 16:19:34.451561+08
01KZRTCK0FYH9CNE8MSEJB8DNX,Curved Glass Freezer,8cu,49APVWQQNU,Liebherr,2026,2026-08-23 16:19:34.451561+08,2026-08-23 16:19:34.451561+08
01KZRTCK0FACC3HQE9Q0SG7PFQ,Swing-up Freezer,15cu,X4OBAT25D2,Hiron,2023,2026-08-23 16:19:34.451561+08,2026-08-23 16:19:34.451561+08
01KZRTCK0F18GFJGT1TF7QT9SD,Sliding Glass Freezer,24cu,P3HNOVOVTT,Hiron,2021,2026-08-23 16:19:34.451561+08,2026-08-23 16:19:34.451561+08
01KZRTCK0FXX1JC62YXNN5SEX2,Curved Glass Lighted Freezer,18cu,L6NVHSAKA3,Hiron,2019,2026-08-23 16:19:34.451561+08,2026-08-23 16:19:34.451561+08
01KZRTCK0F1ND55SV6YG4ADY5P,Sliding Glass Freezer,15cu,0IXFEBCRPO,Aucma,2012,2026-08-23 16:19:34.451561+08,2026-08-23 16:19:34.451561+08
01KZRTCK0FNZJT901795ACPGBG,Curved Glass Lighted Freezer,9cu,JCEN3OAY20,Hiron,2002,2026-08-23 16:19:34.451561+08,2026-08-23 16:19:34.451561+08
01KZRTCK0GMZZW43XPCCBFYXS7,Swing-up Freezer,24cu,BCEGMC21F0,Hiron,2023,2026-08-23 16:19:34.451561+08,2026-08-23 16:19:34.451561+08
01KZRTCK0GEB47XJX12MSPS38Z,Sliding Glass Freezer,18cu,BS4TFVEWJR,Aucma,2011,2026-08-23 16:19:34.451561+08,2026-08-23 16:19:34.451561+08
01KZRTCK0GVB6CNFF1YFJ6K1BS,Curved Glass Freezer,9cu,Z4FM7S92GH,Hiron,2019,2026-08-23 16:19:34.451561+08,2026-08-23 16:19:34.451561+08
01KZRTCK0GG5AGBZY7AC1DEK66,Curved Glass Freezer,12cu,UWD02RQAAW,Haier,2019,2026-08-23 16:19:34.451561+08,2026-08-23 16:19:34.451561+08
01KZRTCK0GT4F2PKYY7R4S3AF0,Swing-up Freezer,8cu,HXV1QWI47D,Haier,2025,2026-08-23 16:19:34.451561+08,2026-08-23 16:19:34.451561+08
01KZRTCK0GR9N21MD31VNZ4MGN,Curved Glass Lighted Freezer,9cu,QANLORLISZ,Liebherr,2004,2026-08-23 16:19:34.451561+08,2026-08-23 16:19:34.451561+08
01KZRTCK0GSN84H3ZVQABZ5P3N,Curved Glass Lighted Freezer,9cu,XZE46Q1TU6,Liebherr,2009,2026-08-23 16:19:34.451561+08,2026-08-23 16:19:34.451561+08
01KZRTCK0GFV7TSR8JBDWYEJ5P,Curved Glass Freezer,24cu,NB9A43TORK,Liebherr,2025,2026-08-23 16:19:34.451561+08,2026-08-23 16:19:34.451561+08
01KZRTCK0GDR0SZHA61K56JG0T,Swing-up Freezer,15cu,KPLM1V20FB,Liebherr,2016,2026-08-23 16:19:34.451561+08,2026-08-23 16:19:34.451561+08
01KZRTCK0G0DG8YS3VG69RZ0BJ,Sliding Glass Freezer,8cu,OJSVBIZV6P,Hiron,2003,2026-08-23 16:19:34.451561+08,2026-08-23 16:19:34.451561+08
01KZRTCK0GK2WD07J6C5FAD9Z4,Curved Glass Lighted Freezer,15cu,MO25TXULAW,Haier,2002,2026-08-23 16:19:34.451561+08,2026-08-23 16:19:34.451561+08
01KZRTCK0GPYHB1PZJ6NEV8RGQ,Curved Glass Freezer,9cu,SHULRXPRP9,Aucma,2026,2026-08-23 16:19:34.451561+08,2026-08-23 16:19:34.451561+08
01KZRTCK0GBKCV3Y4R9FVP6GAD,Swing-up Freezer,9cu,2SO2RXMB14,Aucma,2012,2026-08-23 16:19:34.451561+08,2026-08-23 16:19:34.451561+08
01KZRTCK0G3XSCPJ3G2YHQHD2T,Curved Glass Freezer,12cu,K7YJYGNSZL,Liebherr,2026,2026-08-23 16:19:34.451561+08,2026-08-23 16:19:34.451561+08
01KZRTCK0G4FH27JKTQD3JC1JE,Curved Glass Lighted Freezer,24cu,YQUKKNMYDM,Aucma,2018,2026-08-23 16:19:34.451561+08,2026-08-23 16:19:34.451561+08
01KZRTCK0G9XPP5GAWR037K5NT,Swing-up Freezer,8cu,5ZXRPXI60X,Liebherr,2007,2026-08-23 16:19:34.451561+08,2026-08-23 16:19:34.451561+08
01KZRTCK0G5XA0ZNPGP13TTNBC,Curved Glass Lighted Freezer,15cu,HJNM7MS82R,Liebherr,2004,2026-08-23 16:19:34.451561+08,2026-08-23 16:19:34.451561+08
01KZRTCK0GHM93EKHJZD02S1B4,Curved Glass Freezer,9cu,CPT131WSB8,Aucma,2001,2026-08-23 16:19:34.451561+08,2026-08-23 16:19:34.451561+08
01KZRTCK0G7W0F2N5J59RKMYTS,Sliding Glass Freezer,15cu,38PZFA64TA,Hiron,2001,2026-08-23 16:19:34.451561+08,2026-08-23 16:19:34.451561+08
01KZRTCK0G7M1BJ0VZ2PGQ3WDW,Sliding Glass Freezer,15cu,F24V5PN5IK,Hiron,2018,2026-08-23 16:19:34.451561+08,2026-08-23 16:19:34.451561+08
01KZRTCK0GGBW2NFJNG1SS74PF,Curved Glass Lighted Freezer,15cu,19SSA48YA8,Haier,2008,2026-08-23 16:19:34.451561+08,2026-08-23 16:19:34.451561+08
01KZRTCK0GHFY4DR4RXBC5SQRY,Sliding Glass Freezer,9cu,ITG15UUBLN,Aucma,2002,2026-08-23 16:19:34.451561+08,2026-08-23 16:19:34.451561+08
01KZRTCK0GD3KSYHKYZ817VG0Q,Curved Glass Freezer,12cu,9UMVVK6R7Y,Hiron,2002,2026-08-23 16:19:34.451561+08,2026-08-23 16:19:34.451561+08
01KZRTCK0GBAH5A994RPSKVQX0,Curved Glass Lighted Freezer,18cu,P22PKORQIC,Aucma,2005,2026-08-23 16:19:34.451561+08,2026-08-23 16:19:34.451561+08
01KZRTCK0GH5FRY3BPX3X0G5H4,Curved Glass Lighted Freezer,8cu,4D0SOZG69E,Hiron,2013,2026-08-23 16:19:34.451561+08,2026-08-23 16:19:34.451561+08
01KZRTCK0GS30DKY65QEAGB7RF,Curved Glass Lighted Freezer,18cu,NXAN7FMZE1,Liebherr,2012,2026-08-23 16:19:34.451561+08,2026-08-23 16:19:34.451561+08
01KZRTCK0GZ0YYADHVH7A7Q9JP,Curved Glass Freezer,8cu,QC1FAWQ3RF,Hiron,2018,2026-08-23 16:19:34.451561+08,2026-08-23 16:19:34.451561+08
01KZRTCK0GTTY7XV47X02X498P,Curved Glass Freezer,12cu,UKMFPRKF4I,Aucma,2023,2026-08-23 16:19:34.451561+08,2026-08-23 16:19:34.451561+08
01KZRTCK0GPT3MH77WFVHTXX01,Curved Glass Freezer,24cu,BIG81NF6UY,Liebherr,2012,2026-08-23 16:19:34.451561+08,2026-08-23 16:19:34.451561+08
01KZRTCK0GJS8ZTGCXPET9SSSY,Sliding Glass Freezer,24cu,CCQ7UWQ2QJ,Hiron,2023,2026-08-23 16:19:34.451561+08,2026-08-23 16:19:34.451561+08
01KZRTCK0GEYAK54C6YQCTG9S3,Curved Glass Freezer,12cu,DBSCLE2MKD,Hiron,2015,2026-08-23 16:19:34.451561+08,2026-08-23 16:19:34.451561+08
01KZRTCK0GQ5MBAH7RC7BZR3R9,Swing-up Freezer,18cu,IS9GPV8K73,Liebherr,2019,2026-08-23 16:19:34.451561+08,2026-08-23 16:19:34.451561+08
01KZRTCK0GYXQ8JHT60N2EMR7A,Curved Glass Lighted Freezer,8cu,RIVL693UKS,Aucma,2003,2026-08-23 16:19:34.451561+08,2026-08-23 16:19:34.451561+08
01KZRTCK0GMDM40TGX0C3EYTK7,Curved Glass Lighted Freezer,12cu,ZB6T10DP5O,Hiron,2006,2026-08-23 16:19:34.451561+08,2026-08-23 16:19:34.451561+08
01KZRTCK0G1JGKCB5EV8ZT1C54,Sliding Glass Freezer,12cu,87YXHUOBCP,Haier,2014,2026-08-23 16:19:34.451561+08,2026-08-23 16:19:34.451561+08
01KZRTCK0G9WXKCW8WXFW3398X,Swing-up Freezer,9cu,DA5TUCMIN3,Haier,2021,2026-08-23 16:19:34.451561+08,2026-08-23 16:19:34.451561+08
01KZRTCK0GERXF5K4FCRKN591H,Curved Glass Lighted Freezer,8cu,W7FJV0H5QD,Hiron,2015,2026-08-23 16:19:34.451561+08,2026-08-23 16:19:34.451561+08
01KZRTCK0GMXRNDAKZ1NQ2A8X5,Curved Glass Freezer,9cu,C9VYSUDEG9,Hiron,2020,2026-08-23 16:19:34.451561+08,2026-08-23 16:19:34.451561+08
01KZRTCK0GGQYB1A3BT445GRJQ,Sliding Glass Freezer,24cu,BTGMCSLX2R,Liebherr,2024,2026-08-23 16:19:34.451561+08,2026-08-23 16:19:34.451561+08
01KZRTCK0GCK45TR5APBAVBJZG,Curved Glass Lighted Freezer,15cu,LCB8MEN8CY,Hiron,2003,2026-08-23 16:19:34.451561+08,2026-08-23 16:19:34.451561+08
01KZRTCK0GR1M1GNY0VJK79HM8,Swing-up Freezer,15cu,1967OOEUH8,Liebherr,2023,2026-08-23 16:19:34.451561+08,2026-08-23 16:19:34.451561+08
01KZRTCK0GBXT4JPP8224FFFQY,Curved Glass Lighted Freezer,9cu,4ISSK6XLTO,Haier,2011,2026-08-23 16:19:34.451561+08,2026-08-23 16:19:34.451561+08
01KZRTCK0GG21FFN6AKBX4W0JH,Curved Glass Lighted Freezer,18cu,ZI41FQPWWB,Liebherr,2022,2026-08-23 16:19:34.451561+08,2026-08-23 16:19:34.451561+08
01KZRTCK0GYG3CW5J28N23R163,Curved Glass Lighted Freezer,18cu,CEOGXXDT28,Hiron,2006,2026-08-23 16:19:34.451561+08,2026-08-23 16:19:34.451561+08
01KZRTCK0GNVQMA3VNACGDPH85,Swing-up Freezer,9cu,D8N2ZA22LT,Aucma,2020,2026-08-23 16:19:34.451561+08,2026-08-23 16:19:34.451561+08
01KZRTCK0GA09F3BNEFQ022NQV,Sliding Glass Freezer,24cu,LAUBJPHY6E,Aucma,2002,2026-08-23 16:19:34.451561+08,2026-08-23 16:19:34.451561+08
01KZRTCK0G5G9BRJHPATP6GYWG,Swing-up Freezer,15cu,I7454YO1K7,Hiron,2000,2026-08-23 16:19:34.451561+08,2026-08-23 16:19:34.451561+08
01KZRTCK0GZTRVX8XYCCCA2DZX,Sliding Glass Freezer,15cu,NOJBO6W7WP,Hiron,2020,2026-08-23 16:19:34.451561+08,2026-08-23 16:19:34.451561+08
01KZRTCK0GNFC86CEGEH9G48FS,Swing-up Freezer,24cu,MPSY3QYRW5,Aucma,2016,2026-08-23 16:19:34.451561+08,2026-08-23 16:19:34.451561+08
01KZRTCK0GJJ5QGAVJYG9JC1H5,Swing-up Freezer,18cu,2HOYERT3YZ,Hiron,2021,2026-08-23 16:19:34.451561+08,2026-08-23 16:19:34.451561+08
01KZRTCK0GK8SZXN4N1W13AX6N,Sliding Glass Freezer,18cu,GZA1933SWN,Hiron,2006,2026-08-23 16:19:34.451561+08,2026-08-23 16:19:34.451561+08
01KZRTCK0G5VNAQ631YNFXCVBX,Curved Glass Lighted Freezer,9cu,4WJSC89YRM,Aucma,2024,2026-08-23 16:19:34.451561+08,2026-08-23 16:19:34.451561+08
01KZRTCK0GEG44WC5GMJJ3PB7G,Curved Glass Freezer,18cu,S1POQ3SE7C,Aucma,2007,2026-08-23 16:19:34.451561+08,2026-08-23 16:19:34.451561+08
01KZRTCK0GZNC96KV8AFRBFH6X,Sliding Glass Freezer,18cu,7LMD8WJUU4,Liebherr,2018,2026-08-23 16:19:34.451561+08,2026-08-23 16:19:34.451561+08
01KZRTCK0GASZSKQW65AXBRNA2,Curved Glass Freezer,9cu,DZX7DNRCS7,Liebherr,2025,2026-08-23 16:19:34.451561+08,2026-08-23 16:19:34.451561+08
01KZRTCK0GDZ8SB6YYGT9SSY2X,Swing-up Freezer,12cu,QDC31VW54L,Liebherr,2015,2026-08-23 16:19:34.451561+08,2026-08-23 16:19:34.451561+08
01KZRTCK0GWKKXEMGMHWMKAXE6,Swing-up Freezer,18cu,TM1CF7RA87,Hiron,2013,2026-08-23 16:19:34.451561+08,2026-08-23 16:19:34.451561+08
01KZRTCK0GQDBYN2N7G2R3NT18,Curved Glass Lighted Freezer,15cu,ENBSHK0LTT,Aucma,2019,2026-08-23 16:19:34.451561+08,2026-08-23 16:19:34.451561+08
01KZRTCK0GD5V4YWBRRWTGYKM0,Curved Glass Lighted Freezer,9cu,KLA2EZ4WTS,Aucma,2002,2026-08-23 16:19:34.451561+08,2026-08-23 16:19:34.451561+08
01KZRTCK0GMG4P3YTEMCQPTA56,Curved Glass Lighted Freezer,9cu,RB78NQ5E6A,Haier,2008,2026-08-23 16:19:34.451561+08,2026-08-23 16:19:34.451561+08
01KZRTCK0GSBVZEVQQ2S050RP5,Sliding Glass Freezer,24cu,VHNNV7PGG3,Hiron,2025,2026-08-23 16:19:34.451561+08,2026-08-23 16:19:34.451561+08
01KZRTCK0G6M767BDHBVVSSQBC,Curved Glass Lighted Freezer,8cu,3UGGM0Z04J,Hiron,2018,2026-08-23 16:19:34.451561+08,2026-08-23 16:19:34.451561+08
01KZRTCK0GJT8MWPDBCHH34Z40,Sliding Glass Freezer,24cu,399JBKRH9V,Haier,2021,2026-08-23 16:19:34.451561+08,2026-08-23 16:19:34.451561+08
01KZRTCK0GE00TNY4ZJBWA6PY0,Swing-up Freezer,9cu,02IOJKS4ZA,Hiron,2011,2026-08-23 16:19:34.451561+08,2026-08-23 16:19:34.451561+08
01KZRTCK0GXZ2JABRKDR2T72D2,Curved Glass Lighted Freezer,18cu,VIL71YAWJX,Aucma,2026,2026-08-23 16:19:34.451561+08,2026-08-23 16:19:34.451561+08
01KZRTCK0GNTAYF90FJAN4K2Z6,Curved Glass Freezer,15cu,XY1KHELUIY,Hiron,2020,2026-08-23 16:19:34.451561+08,2026-08-23 16:19:34.451561+08
01KZRTCK0G7BEC9D6Y8KPR0S3R,Curved Glass Lighted Freezer,8cu,PARE62NI9O,Haier,2021,2026-08-23 16:19:34.451561+08,2026-08-23 16:19:34.451561+08
01KZRTCK0GVQCHXHTG0K6DYA0Z,Sliding Glass Freezer,8cu,TPAA1O4I25,Liebherr,2014,2026-08-23 16:19:34.451561+08,2026-08-23 16:19:34.451561+08
01KZRTCK0GK4FAY87TXH0F808N,Swing-up Freezer,18cu,J7XU8RQPU5,Hiron,2022,2026-08-23 16:19:34.451561+08,2026-08-23 16:19:34.451561+08
01KZRTCK0G6259G8HWTQWE88JX,Curved Glass Freezer,12cu,WV6T1IKZZW,Aucma,2019,2026-08-23 16:19:34.451561+08,2026-08-23 16:19:34.451561+08
01KZRTCK0GNTCG4BA9TB9QV6JY,Swing-up Freezer,12cu,PLLRG9BP3O,Aucma,2012,2026-08-23 16:19:34.451561+08,2026-08-23 16:19:34.451561+08
01KZRTCK0GNKHCAMF2GT4Z79BT,Curved Glass Lighted Freezer,24cu,44LDYT80BX,Hiron,2025,2026-08-23 16:19:34.451561+08,2026-08-23 16:19:34.451561+08
01KZRTCK0GV68BW06WW51MJ7ZG,Curved Glass Lighted Freezer,8cu,ZQWC7Q178E,Liebherr,2002,2026-08-23 16:19:34.451561+08,2026-08-23 16:19:34.451561+08
01KZRTCK0G1RJZW2CDNRZ4W9AF,Curved Glass Freezer,15cu,COL99G6OSR,Liebherr,2023,2026-08-23 16:19:34.451561+08,2026-08-23 16:19:34.451561+08
01KZRTCK0GR8YTS99JD3NT8KWS,Curved Glass Lighted Freezer,8cu,VZHN47NBUG,Hiron,2009,2026-08-23 16:19:34.451561+08,2026-08-23 16:19:34.451561+08
01KZRTCK0G1V1XGF9ZFV575VGE,Swing-up Freezer,15cu,9W32A2WYOQ,Liebherr,2021,2026-08-23 16:19:34.451561+08,2026-08-23 16:19:34.451561+08
01KZRTCK0GACTR99655EJD9N5F,Curved Glass Freezer,15cu,HNK344NNMP,Liebherr,2025,2026-08-23 16:19:34.451561+08,2026-08-23 16:19:34.451561+08
01KZRTCK0G5TS1Q6TRX3KC24PC,Sliding Glass Freezer,15cu,SFE8LIJXQQ,Hiron,2008,2026-08-23 16:19:34.451561+08,2026-08-23 16:19:34.451561+08
01KZRTCK0GXFTNETVRT9F8175Q,Curved Glass Lighted Freezer,15cu,LXA05V0A8O,Aucma,2017,2026-08-23 16:19:34.451561+08,2026-08-23 16:19:34.451561+08
01KZRTCK0GQJWAY0ESAJKNZ4SY,Sliding Glass Freezer,18cu,V3518LGLN6,Liebherr,2019,2026-08-23 16:19:34.451561+08,2026-08-23 16:19:34.451561+08
01KZRTCK0GX27B750G175T3FKV,Curved Glass Freezer,18cu,SA384IVXWQ,Aucma,2000,2026-08-23 16:19:34.451561+08,2026-08-23 16:19:34.451561+08
01KZRTCK0GZ7RKY3M73CPHDFCK,Swing-up Freezer,24cu,U8NMYG6OUV,Hiron,2017,2026-08-23 16:19:34.451561+08,2026-08-23 16:19:34.451561+08
01KZRTCK0GVJXK4DZY3AV01EWV,Sliding Glass Freezer,9cu,GAI8AW9W5L,Aucma,2022,2026-08-23 16:19:34.451561+08,2026-08-23 16:19:34.451561+08
01KZRTCK0GA56QN7HSK4XNVY5M,Sliding Glass Freezer,12cu,IQE3GBBGEX,Haier,2018,2026-08-23 16:19:34.451561+08,2026-08-23 16:19:34.451561+08
01KZRTCK0GKRZ69YKCV4G7B6HD,Swing-up Freezer,24cu,57V9V9KU2V,Aucma,2025,2026-08-23 16:19:34.451561+08,2026-08-23 16:19:34.451561+08
01KZRTCK0G5HE6VCYV7JZD8CEM,Swing-up Freezer,18cu,XGCA7OQD1C,Hiron,2003,2026-08-23 16:19:34.451561+08,2026-08-23 16:19:34.451561+08
01KZRTCK0GS39Q650EMAETSHMS,Swing-up Freezer,24cu,C6J3ECVYVH,Haier,2017,2026-08-23 16:19:34.451561+08,2026-08-23 16:19:34.451561+08
01KZRTCK0GE8DXEHHPTCWPZAK0,Swing-up Freezer,8cu,7UFM8YSP1X,Aucma,2008,2026-08-23 16:19:34.451561+08,2026-08-23 16:19:34.451561+08
01KZRTCK0GSNZS08476MBT1QPG,Swing-up Freezer,15cu,SXLJU6AMMB,Aucma,2004,2026-08-23 16:19:34.451561+08,2026-08-23 16:19:34.451561+08
01KZRTCK0G4EWS4QYBG0FHMSDG,Sliding Glass Freezer,12cu,SFG4DFZ51V,Liebherr,2006,2026-08-23 16:19:34.451561+08,2026-08-23 16:19:34.451561+08
01KZRTCK0G0FCE690JW10FM181,Curved Glass Lighted Freezer,12cu,OOQGD6NOQ4,Haier,2024,2026-08-23 16:19:34.451561+08,2026-08-23 16:19:34.451561+08
01KZRTCK0G0YCS65GWQ8Q0F0XT,Curved Glass Freezer,8cu,1NVYY0HF2J,Liebherr,2016,2026-08-23 16:19:34.451561+08,2026-08-23 16:19:34.451561+08
01KZRTCK0GPV0H93X3R2NKCDPT,Swing-up Freezer,12cu,1TT0JD86ZU,Aucma,2010,2026-08-23 16:19:34.451561+08,2026-08-23 16:19:34.451561+08
01KZRTCK0GH2W5DXZHC14YE730,Sliding Glass Freezer,15cu,BQXPBMMWD5,Liebherr,2000,2026-08-23 16:19:34.451561+08,2026-08-23 16:19:34.451561+08
01KZRTCK0GXER6JTEQM3SXBHBK,Curved Glass Freezer,12cu,HEDA3VNAKF,Hiron,2010,2026-08-23 16:19:34.451561+08,2026-08-23 16:19:34.451561+08
01KZRTCK0G6CDKDNB7JM5HEYKG,Curved Glass Lighted Freezer,8cu,RYKIHNLJ1Q,Aucma,2003,2026-08-23 16:19:34.451561+08,2026-08-23 16:19:34.451561+08
01KZRTCK0G9CYCYE690CZPYGPN,Sliding Glass Freezer,24cu,0R9EP7RRD7,Haier,2020,2026-08-23 16:19:34.451561+08,2026-08-23 16:19:34.451561+08
01KZRTCK0GBH6RTYTQ9YNPPMTQ,Curved Glass Freezer,9cu,FZOTIQ8VUR,Hiron,2002,2026-08-23 16:19:34.451561+08,2026-08-23 16:19:34.451561+08
01KZRTCK0GYFPA9W58CFPCRRPN,Curved Glass Freezer,24cu,MA0SB0L4A5,Haier,2014,2026-08-23 16:19:34.451561+08,2026-08-23 16:19:34.451561+08
01KZRTCK0GRSKAP10ESAWDY7WY,Curved Glass Lighted Freezer,15cu,RALIGGGFIZ,Liebherr,2003,2026-08-23 16:19:34.451561+08,2026-08-23 16:19:34.451561+08
01KZRTCK0GBTKTBM7T570JY27A,Curved Glass Freezer,9cu,UR7FHAF5G5,Liebherr,2021,2026-08-23 16:19:34.451561+08,2026-08-23 16:19:34.451561+08
01KZRTCK0G00C6RYZZQDFZ7PX2,Sliding Glass Freezer,24cu,ZIHL3EX2B5,Haier,2004,2026-08-23 16:19:34.451561+08,2026-08-23 16:19:34.451561+08
01KZRTCK0G0AYA08Z4M892K1Z7,Sliding Glass Freezer,12cu,CG2NY97ZMV,Haier,2017,2026-08-23 16:19:34.451561+08,2026-08-23 16:19:34.451561+08
01KZRTCK0GHSGMCR1E25N7JQEJ,Swing-up Freezer,24cu,D8D4YJPARA,Liebherr,2003,2026-08-23 16:19:34.451561+08,2026-08-23 16:19:34.451561+08
01KZRTCK0GJ3BHKXT6ZE26WQ83,Swing-up Freezer,18cu,0VXGCKCPWL,Hiron,2000,2026-08-23 16:19:34.451561+08,2026-08-23 16:19:34.451561+08
01KZRTCK0GD8AF8BTK4T4B9DJD,Curved Glass Lighted Freezer,15cu,BG1IB4XHX1,Aucma,2009,2026-08-23 16:19:34.451561+08,2026-08-23 16:19:34.451561+08
01KZRTCK0GTDA6V811V6820HZ3,Curved Glass Lighted Freezer,18cu,1239ICT7XW,Hiron,2025,2026-08-23 16:19:34.451561+08,2026-08-23 16:19:34.451561+08
01KZRTCK0GK0C228HZS4TZECJ1,Swing-up Freezer,9cu,HMDWL4XN6C,Haier,2002,2026-08-23 16:19:34.451561+08,2026-08-23 16:19:34.451561+08
01KZRTCK0GSP9FCHCEMA10PWE5,Swing-up Freezer,9cu,8DOYDGI4QJ,Haier,2002,2026-08-23 16:19:34.451561+08,2026-08-23 16:19:34.451561+08
01KZRTCK0GHX2B3YQP0X6QN4AZ,Swing-up Freezer,15cu,XFNO7XCFDP,Haier,2014,2026-08-23 16:19:34.451561+08,2026-08-23 16:19:34.451561+08
01KZRTCK0GPZKWVH9XN33TSVY7,Curved Glass Lighted Freezer,15cu,JZ05KDA1XF,Aucma,2005,2026-08-23 16:19:34.451561+08,2026-08-23 16:19:34.451561+08
01KZRTCK0GV0QBVZMTBZDZ160D,Curved Glass Lighted Freezer,9cu,TK4259RJVR,Aucma,2006,2026-08-23 16:19:34.451561+08,2026-08-23 16:19:34.451561+08
01KZRTCK0GNZV327KPWJP88DSN,Swing-up Freezer,24cu,QRXKQSGX6A,Liebherr,2009,2026-08-23 16:19:34.451561+08,2026-08-23 16:19:34.451561+08
01KZRTCK0GP87SNNJYJNB2TJVE,Curved Glass Freezer,18cu,ME36LW1IQ1,Haier,2022,2026-08-23 16:19:34.451561+08,2026-08-23 16:19:34.451561+08
01KZRTCK0GTAD98GD5BNBP2T4W,Swing-up Freezer,24cu,YI8545FY10,Liebherr,2010,2026-08-23 16:19:34.451561+08,2026-08-23 16:19:34.451561+08
01KZRTCK0GZEHSPCP1MDMWM73K,Curved Glass Lighted Freezer,15cu,7ZFK4I4NZ2,Hiron,2007,2026-08-23 16:19:34.451561+08,2026-08-23 16:19:34.451561+08
01KZRTCK0G03Z2CD5EDR8FZ1D6,Sliding Glass Freezer,18cu,1QWHSKBKJ3,Liebherr,2003,2026-08-23 16:19:34.451561+08,2026-08-23 16:19:34.451561+08
01KZRTCK0GAPT4H87ZJ94VTE39,Curved Glass Lighted Freezer,15cu,1A4202Q77O,Aucma,2006,2026-08-23 16:19:34.451561+08,2026-08-23 16:19:34.451561+08
01KZRTCK0G5XSS8YFQGFRS7ADE,Sliding Glass Freezer,9cu,IDHBJ5XRQJ,Hiron,2026,2026-08-23 16:19:34.451561+08,2026-08-23 16:19:34.451561+08
01KZRTCK0GVPJ3PZV8W1V2F9KC,Swing-up Freezer,8cu,H4OEREBU8C,Haier,2023,2026-08-23 16:19:34.451561+08,2026-08-23 16:19:34.451561+08
01KZRTCK0GRHWMZAMEW7A6MKB9,Curved Glass Lighted Freezer,12cu,KYGFY7A8BM,Aucma,2016,2026-08-23 16:19:34.451561+08,2026-08-23 16:19:34.451561+08
01KZRTCK0G3CYD7AB61CH46401,Curved Glass Lighted Freezer,8cu,C5BJ2FH9CD,Haier,2020,2026-08-23 16:19:34.451561+08,2026-08-23 16:19:34.451561+08
01KZRTCK0GECX5GXYB26W39FQA,Sliding Glass Freezer,8cu,IFI02SBY4F,Aucma,2015,2026-08-23 16:19:34.451561+08,2026-08-23 16:19:34.451561+08
01KZRTCK0G6N69PYS73Y67B05H,Curved Glass Lighted Freezer,12cu,BFU2PRIKZG,Haier,2000,2026-08-23 16:19:34.451561+08,2026-08-23 16:19:34.451561+08
01KZRTCK0GRBQN52ABNGERXANB,Curved Glass Lighted Freezer,9cu,30QYFX7G19,Hiron,2024,2026-08-23 16:19:34.451561+08,2026-08-23 16:19:34.451561+08
01KZRTCK0G5MVQXDRCE7B6VZ1X,Sliding Glass Freezer,15cu,Y203JGNZWZ,Hiron,2008,2026-08-23 16:19:34.451561+08,2026-08-23 16:19:34.451561+08
01KZRTCK0G33GM2YQBJVAPC0YG,Sliding Glass Freezer,24cu,5BX2MFR624,Haier,2001,2026-08-23 16:19:34.451561+08,2026-08-23 16:19:34.451561+08
01KZRTCK0G57AF6FHP83E6E7F8,Curved Glass Lighted Freezer,15cu,4F5VSWKE7V,Haier,2022,2026-08-23 16:19:34.451561+08,2026-08-23 16:19:34.451561+08
01KZRTCK0G6RGN1YY6Q8475GAQ,Curved Glass Lighted Freezer,8cu,I5NAMOWVGA,Hiron,2006,2026-08-23 16:19:34.451561+08,2026-08-23 16:19:34.451561+08
01KZRTCK0GZF825XXYZVW3N1J4,Swing-up Freezer,9cu,3II64WOP3F,Liebherr,2000,2026-08-23 16:19:34.451561+08,2026-08-23 16:19:34.451561+08
01KZRTCK0GF6MN2Q4H2087EGE7,Sliding Glass Freezer,24cu,W6DC2QWS1A,Hiron,2017,2026-08-23 16:19:34.451561+08,2026-08-23 16:19:34.451561+08
01KZRTCK0G1ZA8SDJ2VQC3Q4NB,Curved Glass Lighted Freezer,9cu,I0W0RFP7SX,Liebherr,2000,2026-08-23 16:19:34.451561+08,2026-08-23 16:19:34.451561+08
01KZRTCK0G017Z07HEZJMDPT6X,Swing-up Freezer,18cu,IQDRUD21G0,Liebherr,2009,2026-08-23 16:19:34.451561+08,2026-08-23 16:19:34.451561+08
01KZRTCK0G6BMQTK4X77KHPEMF,Sliding Glass Freezer,15cu,C35I2T92KC,Haier,2008,2026-08-23 16:19:34.451561+08,2026-08-23 16:19:34.451561+08
01KZRTCK0G2QV7AC4HJSVS53F4,Swing-up Freezer,24cu,0FYE8Z1654,Hiron,2026,2026-08-23 16:19:34.451561+08,2026-08-23 16:19:34.451561+08
01KZRTCK0GNWZXD03GJ08DNY97,Sliding Glass Freezer,18cu,K8096QM8RC,Haier,2016,2026-08-23 16:19:34.451561+08,2026-08-23 16:19:34.451561+08
01KZRTCK0GF50C39AC4N0XKWP3,Curved Glass Freezer,18cu,XGYM56CW0R,Haier,2008,2026-08-23 16:19:34.451561+08,2026-08-23 16:19:34.451561+08
01KZRTCK0G6PC451Y2FF1Y1NKE,Sliding Glass Freezer,18cu,Y5DM2QGEDN,Haier,2014,2026-08-23 16:19:34.451561+08,2026-08-23 16:19:34.451561+08
01KZRTCK0GYZ251NHANMN7SD71,Curved Glass Freezer,24cu,46IC5C5FXQ,Aucma,2009,2026-08-23 16:19:34.451561+08,2026-08-23 16:19:34.451561+08
01KZRTCK0GB6EC5TCGDNRBC08Y,Curved Glass Lighted Freezer,12cu,I8OIJ495JX,Liebherr,2003,2026-08-23 16:19:34.451561+08,2026-08-23 16:19:34.451561+08
01KZRTCK0HBBM92PKB9RX2B98N,Sliding Glass Freezer,24cu,S5YFWJ5YTD,Haier,2013,2026-08-23 16:19:34.451561+08,2026-08-23 16:19:34.451561+08
01KZRTCK0H09A2335SCP12BHF0,Curved Glass Freezer,12cu,L7JUP6Q8BP,Hiron,2006,2026-08-23 16:19:34.451561+08,2026-08-23 16:19:34.451561+08
01KZRTCK0H34S4EPPN23HF13FT,Curved Glass Lighted Freezer,9cu,FNNICZWSHE,Aucma,2008,2026-08-23 16:19:34.451561+08,2026-08-23 16:19:34.451561+08
01KZRTCK0HPC3NXZZATV59Y2N8,Curved Glass Freezer,9cu,SD29Z0SFLD,Aucma,2005,2026-08-23 16:19:34.451561+08,2026-08-23 16:19:34.451561+08
01KZRTCK0HP2DT7ACB4SQT7DX3,Curved Glass Lighted Freezer,12cu,539I1N4XTB,Aucma,2001,2026-08-23 16:19:34.451561+08,2026-08-23 16:19:34.451561+08
01KZRTCK0HM003RDJPDZW29CZ8,Swing-up Freezer,8cu,PHL5TJH3EQ,Aucma,2022,2026-08-23 16:19:34.451561+08,2026-08-23 16:19:34.451561+08
01KZRTCK0HAFXMSMEWT5R0CHVR,Curved Glass Lighted Freezer,9cu,CEU4MXTVXC,Liebherr,2009,2026-08-23 16:19:34.451561+08,2026-08-23 16:19:34.451561+08
01KZRTCK0H1AMFMFNJG8Y13SG6,Curved Glass Freezer,12cu,XXP1ZFG9G2,Aucma,2021,2026-08-23 16:19:34.451561+08,2026-08-23 16:19:34.451561+08
01KZRTCK0H0Q7V49A8J9KVF49F,Swing-up Freezer,15cu,1Q542BYJUZ,Liebherr,2026,2026-08-23 16:19:34.451561+08,2026-08-23 16:19:34.451561+08
01KZRTCK0HA9P3E3KVPNFDETJZ,Swing-up Freezer,15cu,XPIJBL9PM4,Liebherr,2016,2026-08-23 16:19:34.451561+08,2026-08-23 16:19:34.451561+08
01KZRTCK0HYD6H5Q1WH69A78DA,Swing-up Freezer,18cu,XF71XQBUEA,Hiron,2005,2026-08-23 16:19:34.451561+08,2026-08-23 16:19:34.451561+08
01KZRTCK0H7AY41EGX8AM303VG,Curved Glass Freezer,8cu,BWCET5UMAM,Aucma,2016,2026-08-23 16:19:34.451561+08,2026-08-23 16:19:34.451561+08
01KZRTCK0HVBJ6G3FB7D32KGGJ,Swing-up Freezer,12cu,TEVAF725XW,Aucma,2025,2026-08-23 16:19:34.451561+08,2026-08-23 16:19:34.451561+08
01KZRTCK0HCZDKMRF4TD0M0APW,Curved Glass Lighted Freezer,12cu,8NNO6H06PU,Hiron,2023,2026-08-23 16:19:34.451561+08,2026-08-23 16:19:34.451561+08
01KZRTCK0HN1GHM1EYFQXGZX7H,Curved Glass Lighted Freezer,9cu,A5ANBUZ96A,Aucma,2025,2026-08-23 16:19:34.451561+08,2026-08-23 16:19:34.451561+08
01KZRTCK0H9T4M23MGY86SJBZJ,Swing-up Freezer,8cu,FKS7FUTPSP,Aucma,2004,2026-08-23 16:19:34.451561+08,2026-08-23 16:19:34.451561+08
01KZRTCK0HQN72Q8YQD3KA3BW3,Curved Glass Freezer,9cu,TTWUN8WZLK,Haier,2023,2026-08-23 16:19:34.451561+08,2026-08-23 16:19:34.451561+08
01KZRTCK0HGQ7HMANRWYZGDHG9,Sliding Glass Freezer,15cu,2UXUQC0UTL,Aucma,2014,2026-08-23 16:19:34.451561+08,2026-08-23 16:19:34.451561+08
01KZRTCK0HJZRJPJC38PHTFSQ1,Swing-up Freezer,24cu,X4B8P1KLWX,Aucma,2021,2026-08-23 16:19:34.451561+08,2026-08-23 16:19:34.451561+08
