id,user_id,account_id,order_date,expected_delivery_date,received_delivery_date,updated_by,status,total_price,created_at,updated_at
01M0MX49WGBE4AAW4JZQ6Y9GHX,01KZRW48771BV67J8RNDGKP3AK,01KZRRGW14KMGR1H2QPNVXB420,2020-01-14,,,,delivered,6400.00,2026-08-23 16:20:22.999897+08,2026-08-23 16:20:22.999897+08
01M0MX49WGNCYCAKEX9Q49Y0XY,01KZRW48771BV67J8RNDGKP3AK,01KZRRGW14KMGR1H2QPNVXB420,2020-01-21,,,,delivered,3850.00,2026-08-23 16:20:22.999897+08,2026-08-23 16:20:22.999897+08
01M0MX49WGQR1ST0YKH9QF3SQ2,01KZRW48771BV67J8RNDGKP3AK,01KZRRGW14KMGR1H2QPNVXB420,2020-03-02,,,,delivered,1750.00,2026-08-23 16:20:22.999897+08,2026-08-23 16:20:22.999897+08
01M0MX49WGR4E3TY4EA5XPXNFC,01KZRW48771BV67J8RNDGKP3AK,01KZRRGW14KMGR1H2QPNVXB420,2020-07-02,,,,processing,105.00,2026-08-23 16:20:22.999897+08,2026-08-23 16:20:22.999897+08
01M0MX49WGKMV3A8G3C311H2TF,01KZRW48771BV67J8RNDGKP3AK,01KZRRGW14KMGR1H2QPNVXB420,2020-11-02,,,,processing,585.00,2026-08-23 16:20:22.999897+08,2026-08-23 16:20:22.999897+08
01M0MX49WGKNTKR8HV4M9706RB,01KZRW48771BV67J8RNDGKP3AK,01KZRRGW14KMGR1H2QPNVXB420,2020-02-17,,,,delivered,490.00,2026-08-23 16:20:22.999897+08,2026-08-23 16:20:22.999897+08
01M0MX49WGGS2RDE6Y0FRFDMF8,01KZRW48771BV67J8RNDGKP3AK,01KZRRGW14KMGR1H2QPNVXB420,2020-02-24,,,,pending,5935.00,2026-08-23 16:20:22.999897+08,2026-08-23 16:20:22.999897+08
01M0MX49WG7YM46STT4MPAR2KV,01KZRW48771BV67J8RNDGKP3AK,01KZRRGW14KMGR1H2QPNVXB420,2020-05-03,,,,delivered,240.00,2026-08-23 16:20:22.999897+08,2026-08-23 16:20:22.999897+08
01M0MX49WG0TTWES9FV1VM45D7,01KZRW48771BV67J8RNDGKP3AK,01KZRRGW14KMGR1H2QPNVXB420,2020-08-03,,,,processing,2695.00,2026-08-23 16:20:22.999897+08,2026-08-23 16:20:22.999897+08
01M0MX49WGK5X1KDY4MXSZPJE8,01KZRW48771BV67J8RNDGKP3AK,01KZRRGW14KMGR1H2QPNVXB420,2020-03-14,,,,delivered,7035.00,2026-08-23 16:20:22.999897+08,2026-08-23 16:20:22.999897+08
01M0MX49WGMSK1XMG2E4MK7MAA,01KZRW48771BV67J8RNDGKP3AK,01KZRRGW14KMGR1H2QPNVXB420,2020-03-22,,,,pending,1415.00,2026-08-23 16:20:22.999897+08,2026-08-23 16:20:22.999897+08
01M0MX49WGPMJ4FTANZ7MT6XAZ,01KZRW48771BV67J8RNDGKP3AK,01KZRRGW14KMGR1H2QPNVXB420,2020-03-04,,,,delivered,5950.00,2026-08-23 16:20:22.999897+08,2026-08-23 16:20:22.999897+08
01M0MX49WG814XNMC018CHYX46,01KZRW48771BV67J8RNDGKP3AK,01KZRRGW14KMGR1H2QPNVXB420,2020-09-04,,,,pending,5950.00,2026-08-23 16:20:22.999897+08,2026-08-23 16:20:22.999897+08
01M0MX49WGWYR86CRZMDF1XGPE,01KZRW48771BV67J8RNDGKP3AK,01KZRRGW14KMGR1H2QPNVXB420,2020-11-04,,,,cancelled,7000.00,2026-08-23 16:20:22.999897+08,2026-08-23 16:20:22.999897+08
01M0MX49WG969VBK4H1RNPS5BY,01KZRW48771BV67J8RNDGKP3AK,01KZRRGW14KMGR1H2QPNVXB420,2020-04-17,,,,confirmed,345.00,2026-08-23 16:20:22.999897+08,2026-08-23 16:20:22.999897+08
01M0MX49WGNSC4GCTGFG32FQTD,01KZRW48771BV67J8RNDGKP3AK,01KZRRGW14KMGR1H2QPNVXB420,2020-04-24,,,,delivered,7448.00,2026-08-23 16:20:22.999897+08,2026-08-23 16:20:22.999897+08
01M0MX49WG1QAG6VY0CSD3PZF7,01KZRW48771BV67J8RNDGKP3AK,01KZRRGW14KMGR1H2QPNVXB420,2020-02-05,,,,cancelled,35.00,2026-08-23 16:20:22.999897+08,2026-08-23 16:20:22.999897+08
01M0MX49WGZ6NNVQY5R9VQVPNJ,01KZRW48771BV67J8RNDGKP3AK,01KZRRGW14KMGR1H2QPNVXB420,2020-12-05,,,,pending,7150.00,2026-08-23 16:20:22.999897+08,2026-08-23 16:20:22.999897+08
01M0MX49WG096YYCDHR8FQ8AZ7,01KZRW48771BV67J8RNDGKP3AK,01KZRRGW14KMGR1H2QPNVXB420,2020-05-16,,,,confirmed,6250.00,2026-08-23 16:20:22.999897+08,2026-08-23 16:20:22.999897+08
01M0MX49WG98STFAYJK4DG1FHA,01KZRW48771BV67J8RNDGKP3AK,01KZRRGW14KMGR1H2QPNVXB420,2020-05-23,,,,pending,480.00,2026-08-23 16:20:22.999897+08,2026-08-23 16:20:22.999897+08
01M0MX49WGAJFSTHKRX70PDMQM,01KZRW48771BV67J8RNDGKP3AK,01KZRRGW14KMGR1H2QPNVXB420,2020-04-06,,,,delivered,9100.00,2026-08-23 16:20:22.999897+08,2026-08-23 16:20:22.999897+08
01M0MX49WG0X4BC5YKWPCHZ0DD,01KZRW48771BV67J8RNDGKP3AK,01KZRRGW14KMGR1H2QPNVXB420,2020-10-06,,,,delivered,4870.00,2026-08-23 16:20:22.999897+08,2026-08-23 16:20:22.999897+08
01M0MX49WGPV9KSDY5HAR11JXM,01KZRW48771BV67J8RNDGKP3AK,01KZRRGW14KMGR1H2QPNVXB420,2020-12-06,,,,delivered,5250.00,2026-08-23 16:20:22.999897+08,2026-08-23 16:20:22.999897+08
01M0MX49WG8ZSQZ5BKAQ1V7DA2,01KZRW48771BV67J8RNDGKP3AK,01KZRRGW14KMGR1H2QPNVXB420,2020-06-17,,,,delivered,1941.00,2026-08-23 16:20:22.999897+08,2026-08-23 16:20:22.999897+08
01M0MX49WGQZSW7VBEW5RCJ63V,01KZRW48771BV67J8RNDGKP3AK,01KZRRGW14KMGR1H2QPNVXB420,2020-07-07,,,,delivered,3770.00,2026-08-23 16:20:22.999897+08,2026-08-23 16:20:22.999897+08
01M0MX49WG072P2MSNE2RE86XE,01KZRW48771BV67J8RNDGKP3AK,01KZRRGW14KMGR1H2QPNVXB420,2020-12-07,,,,processing,7885.00,2026-08-23 16:20:22.999897+08,2026-08-23 16:20:22.999897+08
01M0MX49WGXK1XTRWCF0JQM87E,01KZRW48771BV67J8RNDGKP3AK,01KZRRGW14KMGR1H2QPNVXB420,2020-07-23,,,,confirmed,2450.00,2026-08-23 16:20:22.999897+08,2026-08-23 16:20:22.999897+08
01M0MX49WGWSR9QFS1RHNNGGAC,01KZRW48771BV67J8RNDGKP3AK,01KZRRGW14KMGR1H2QPNVXB420,2020-03-08,,,,pending,3755.00,2026-08-23 16:20:22.999897+08,2026-08-23 16:20:22.999897+08
01M0MX49WG48YD363J10SVCE5P,01KZRW48771BV67J8RNDGKP3AK,01KZRRGW14KMGR1H2QPNVXB420,2020-10-08,,,,cancelled,6890.00,2026-08-23 16:20:22.999897+08,2026-08-23 16:20:22.999897+08
01M0MX49WGH6J8W1SY226FFEZK,01KZRW48771BV67J8RNDGKP3AK,01KZRRGW14KMGR1H2QPNVXB420,2020-08-13,,,,confirmed,270.00,2026-08-23 16:20:22.999897+08,2026-08-23 16:20:22.999897+08
01M0MX49WG5MTPAQY6XHA4D8KT,01KZRW48771BV67J8RNDGKP3AK,01KZRRGW14KMGR1H2QPNVXB420,2020-08-17,,,,confirmed,350.00,2026-08-23 16:20:22.999897+08,2026-08-23 16:20:22.999897+08
01M0MX49WG90CSK3XEVVX6KP5C,01KZRW48771BV67J8RNDGKP3AK,01KZRRGW14KMGR1H2QPNVXB420,2020-06-09,,,,delivered,160.00,2026-08-23 16:20:22.999897+08,2026-08-23 16:20:22.999897+08
01M0MX49WGWB0XR5F6GQN8V25J,01KZRW48771BV67J8RNDGKP3AK,01KZRRGW14KMGR1H2QPNVXB420,2020-12-09,,,,pending,3135.00,2026-08-23 16:20:22.999897+08,2026-08-23 16:20:22.999897+08
01M0MX49WG6GSNAGWBY8CH84SD,01KZRW48771BV67J8RNDGKP3AK,01KZRRGW14KMGR1H2QPNVXB420,2020-09-25,,,,cancelled,7700.00,2026-08-23 16:20:22.999897+08,2026-08-23 16:20:22.999897+08
01M0MX49WGRFEZS2AH2S98HNRN,01KZRW48771BV67J8RNDGKP3AK,01KZRRGW14KMGR1H2QPNVXB420,2020-01-10,,,,cancelled,2450.00,2026-08-23 16:20:22.999897+08,2026-08-23 16:20:22.999897+08
01M0MX49WGARNRH43TXZCAF1NT,01KZRW48771BV67J8RNDGKP3AK,01KZRRGW14KMGR1H2QPNVXB420,2020-08-10,,,,delivered,2100.00,2026-08-23 16:20:22.999897+08,2026-08-23 16:20:22.999897+08
01M0MX49WGWENBEG6F23SR0S68,01KZRW48771BV67J8RNDGKP3AK,01KZRRGW14KMGR1H2QPNVXB420,2020-10-15,,,,pending,450.00,2026-08-23 16:20:22.999897+08,2026-08-23 16:20:22.999897+08
01M0MX49WG52P5Q87XPBFPHWBJ,01KZRW48771BV67J8RNDGKP3AK,01KZRRGW14KMGR1H2QPNVXB420,2020-10-23,,,,delivered,9450.00,2026-08-23 16:20:22.999897+08,2026-08-23 16:20:22.999897+08
01M0MX49WGBCF37W3Y4XEHEWSK,01KZRW48771BV67J8RNDGKP3AK,01KZRRGW14KMGR1H2QPNVXB420,2020-02-11,,,,processing,4200.00,2026-08-23 16:20:22.999897+08,2026-08-23 16:20:22.999897+08
01M0MX49WGK2XVWY34Q6MAMRHZ,01KZRW48771BV67J8RNDGKP3AK,01KZRRGW14KMGR1H2QPNVXB420,2020-07-11,,,,delivered,770.00,2026-08-23 16:20:22.999897+08,2026-08-23 16:20:22.999897+08
01M0MX49WGPJR6XCMP96QYWQEA,01KZRW48771BV67J8RNDGKP3AK,01KZRRGW14KMGR1H2QPNVXB420,2020-11-14,,,,cancelled,874.00,2026-08-23 16:20:22.999897+08,2026-08-23 16:20:22.999897+08
01M0MX49WGP04G7D1E7PFF9CPV,01KZRW48771BV67J8RNDGKP3AK,01KZRRGW14KMGR1H2QPNVXB420,2020-11-19,,,,delivered,3625.00,2026-08-23 16:20:22.999897+08,2026-08-23 16:20:22.999897+08
01M0MX49WGKPT3DHG9C6P02MP4,01KZRW48771BV67J8RNDGKP3AK,01KZRRGW14KMGR1H2QPNVXB420,2020-11-25,,,,cancelled,9260.00,2026-08-23 16:20:22.999897+08,2026-08-23 16:20:22.999897+08
01M0MX49WGAXMMHGF41PQJ80Q3,01KZRW48771BV67J8RNDGKP3AK,01KZRRGW14KMGR1H2QPNVXB420,2020-04-12,,,,delivered,490.00,2026-08-23 16:20:22.999897+08,2026-08-23 16:20:22.999897+08
01M0MX49WGT6S76RX79FEY4Y21,01KZRW48771BV67J8RNDGKP3AK,01KZRRGW14KMGR1H2QPNVXB420,2020-09-12,,,,cancelled,3665.00,2026-08-23 16:20:22.999897+08,2026-08-23 16:20:22.999897+08
01M0MX49WGY85ZGH8Y24V84Z73,01KZRW48771BV67J8RNDGKP3AK,01KZRRGW14KMGR1H2QPNVXB420,2020-11-12,,,,delivered,5875.00,2026-08-23 16:20:22.999897+08,2026-08-23 16:20:22.999897+08
01M0MX49WGDX0JB4TZKZ9W0YHS,01KZRW48771BV67J8RNDGKP3AK,01KZRRGW14KMGR1H2QPNVXB420,2020-12-20,,,,pending,1395.00,2026-08-23 16:20:22.999897+08,2026-08-23 16:20:22.999897+08
01M0MX49WGEZAPGATCXWV6CCQH,01KZRW48771BV67J8RNDGKP3AK,01KZRRGW14KMGR1H2QPNVXB420,2020-12-23,,,,pending,480.00,2026-08-23 16:20:22.999897+08,2026-08-23 16:20:22.999897+08
01M0MX49WG9VVMEZT8R5M2YC3G,01KZRW48771BV67J8RNDGKP3AK,01KZRRGW143DR9TSRKKQDPRDKM,2020-04-01,,,,processing,360.00,2026-08-23 16:20:22.999897+08,2026-08-23 16:20:22.999897+08
01M0MX49WGB0SG0TX4W7SXNY8Z,01KZRW48771BV67J8RNDGKP3AK,01KZRRGW143DR9TSRKKQDPRDKM,2020-10-01,,,,delivered,4600.00,2026-08-23 16:20:22.999897+08,2026-08-23 16:20:22.999897+08
01M0MX49WGR8JDZFVGN9X5PRR8,01KZRW48771BV67J8RNDGKP3AK,01KZRRGW143DR9TSRKKQDPRDKM,2020-01-13,,,,processing,9220.00,2026-08-23 16:20:22.999897+08,2026-08-23 16:20:22.999897+08
01M0MX49WGDM8MGA4P9BJM61PC,01KZRW48771BV67J8RNDGKP3AK,01KZRRGW143DR9TSRKKQDPRDKM,2020-04-02,,,,confirmed,14400.00,2026-08-23 16:20:22.999897+08,2026-08-23 16:20:22.999897+08
01M0MX49WG5Q0MMRDZ0KMF4JVJ,01KZRW48771BV67J8RNDGKP3AK,01KZRRGW143DR9TSRKKQDPRDKM,2020-06-02,,,,confirmed,2985.00,2026-08-23 16:20:22.999897+08,2026-08-23 16:20:22.999897+08
01M0MX49WG4K1NVWDKJ2DRDR6V,01KZRW48771BV67J8RNDGKP3AK,01KZRRGW143DR9TSRKKQDPRDKM,2020-02-13,,,,delivered,6370.00,2026-08-23 16:20:22.999897+08,2026-08-23 16:20:22.999897+08
01M0MX49WGAKX9N0JD58TMG4VQ,01KZRW48771BV67J8RNDGKP3AK,01KZRRGW143DR9TSRKKQDPRDKM,2020-02-18,,,,confirmed,4880.00,2026-08-23 16:20:22.999897+08,2026-08-23 16:20:22.999897+08
01M0MX49WGY1TBG799FV8JFTPH,01KZRW48771BV67J8RNDGKP3AK,01KZRRGW143DR9TSRKKQDPRDKM,2020-02-25,,,,processing,4240.00,2026-08-23 16:20:22.999897+08,2026-08-23 16:20:22.999897+08
01M0MX49WGN0DWDX68MV289GZS,01KZRW48771BV67J8RNDGKP3AK,01KZRRGW143DR9TSRKKQDPRDKM,2020-04-03,,,,cancelled,7920.00,2026-08-23 16:20:22.999897+08,2026-08-23 16:20:22.999897+08
01M0MX49WGKXD43V1AMW676NYJ,01KZRW48771BV67J8RNDGKP3AK,01KZRRGW143DR9TSRKKQDPRDKM,2020-08-03,,,,delivered,5980.00,2026-08-23 16:20:22.999897+08,2026-08-23 16:20:22.999897+08
01M0MX49WGG6ANY4020E59E15J,01KZRW48771BV67J8RNDGKP3AK,01KZRRGW143DR9TSRKKQDPRDKM,2020-12-03,,,,processing,4420.00,2026-08-23 16:20:22.999897+08,2026-08-23 16:20:22.999897+08
01M0MX49WGW308AB4DTFW48JT9,01KZRW48771BV67J8RNDGKP3AK,01KZRRGW143DR9TSRKKQDPRDKM,2020-03-24,,,,delivered,336.00,2026-08-23 16:20:22.999897+08,2026-08-23 16:20:22.999897+08
01M0MX49WGPTDR8CVFSQXRD5C9,01KZRW48771BV67J8RNDGKP3AK,01KZRRGW143DR9TSRKKQDPRDKM,2020-06-04,,,,processing,7765.00,2026-08-23 16:20:22.999897+08,2026-08-23 16:20:22.999897+08
01M0MX49WGD9DX6KBTAY2NMXK1,01KZRW48771BV67J8RNDGKP3AK,01KZRRGW143DR9TSRKKQDPRDKM,2020-04-13,,,,processing,5950.00,2026-08-23 16:20:22.999897+08,2026-08-23 16:20:22.999897+08
01M0MX49WGE8DKQN4Z039KC0PT,01KZRW48771BV67J8RNDGKP3AK,01KZRRGW143DR9TSRKKQDPRDKM,2020-02-05,,,,confirmed,5900.00,2026-08-23 16:20:22.999897+08,2026-08-23 16:20:22.999897+08
01M0MX49WG4QKEHMZ9433HPFAK,01KZRW48771BV67J8RNDGKP3AK,01KZRRGW143DR9TSRKKQDPRDKM,2020-10-05,,,,confirmed,8470.00,2026-08-23 16:20:22.999897+08,2026-08-23 16:20:22.999897+08
01M0MX49WG5EWZDGB1186CBBGZ,01KZRW48771BV67J8RNDGKP3AK,01KZRRGW143DR9TSRKKQDPRDKM,2020-05-17,,,,processing,500.00,2026-08-23 16:20:22.999897+08,2026-08-23 16:20:22.999897+08
01M0MX49WGYC4HSB1Z01XJP91K,01KZRW48771BV67J8RNDGKP3AK,01KZRRGW143DR9TSRKKQDPRDKM,2020-05-21,,,,cancelled,8905.00,2026-08-23 16:20:22.999897+08,2026-08-23 16:20:22.999897+08
01M0MX49WGVYJSX598Q0KYKD7B,01KZRW48771BV67J8RNDGKP3AK,01KZRRGW143DR9TSRKKQDPRDKM,2020-05-06,,,,delivered,8120.00,2026-08-23 16:20:22.999897+08,2026-08-23 16:20:22.999897+08
01M0MX49WGGMS3ZP9RJ2N3QS5S,01KZRW48771BV67J8RNDGKP3AK,01KZRRGW143DR9TSRKKQDPRDKM,2020-06-13,,,,delivered,420.00,2026-08-23 16:20:22.999897+08,2026-08-23 16:20:22.999897+08
01M0MX49WGCFTB8CMRTDW11V7C,01KZRW48771BV67J8RNDGKP3AK,01KZRRGW143DR9TSRKKQDPRDKM,2020-06-17,,,,pending,4620.00,2026-08-23 16:20:22.999897+08,2026-08-23 16:20:22.999897+08
01M0MX49WGCMWE9D9WSN7X4FGW,01KZRW48771BV67J8RNDGKP3AK,01KZRRGW143DR9TSRKKQDPRDKM,2020-06-22,,,,delivered,2610.00,2026-08-23 16:20:22.999897+08,2026-08-23 16:20:22.999897+08
01M0MX49WGK3AEFVHW52BX2W2Z,01KZRW48771BV67J8RNDGKP3AK,01KZRRGW143DR9TSRKKQDPRDKM,2020-03-07,,,,delivered,9815.00,2026-08-23 16:20:22.999897+08,2026-08-23 16:20:22.999897+08
01M0MX49WG2VEM844BH9YSMAWE,01KZRW48771BV67J8RNDGKP3AK,01KZRRGW143DR9TSRKKQDPRDKM,2020-06-07,,,,pending,325.00,2026-08-23 16:20:22.999897+08,2026-08-23 16:20:22.999897+08
01M0MX49WGSSZ2W091FM76JZE6,01KZRW48771BV67J8RNDGKP3AK,01KZRRGW143DR9TSRKKQDPRDKM,2020-07-15,,,,processing,3290.00,2026-08-23 16:20:22.999897+08,2026-08-23 16:20:22.999897+08
01M0MX49WGJ9QGX5T85XAKV115,01KZRW48771BV67J8RNDGKP3AK,01KZRRGW143DR9TSRKKQDPRDKM,2020-07-19,,,,processing,4880.00,2026-08-23 16:20:22.999897+08,2026-08-23 16:20:22.999897+08
01M0MX49WGACSBHF2VXE66J891,01KZRW48771BV67J8RNDGKP3AK,01KZRRGW143DR9TSRKKQDPRDKM,2020-07-21,,,,delivered,7385.00,2026-08-23 16:20:22.999897+08,2026-08-23 16:20:22.999897+08
01M0MX49WG23ND8A517DSTQNPF,01KZRW48771BV67J8RNDGKP3AK,01KZRRGW143DR9TSRKKQDPRDKM,2020-05-08,,,,confirmed,5250.00,2026-08-23 16:20:22.999897+08,2026-08-23 16:20:22.999897+08
01M0MX49WG6FPPPVS0GCB7BXCZ,01KZRW48771BV67J8RNDGKP3AK,01KZRRGW143DR9TSRKKQDPRDKM,2020-11-08,,,,confirmed,7700.00,2026-08-23 16:20:22.999897+08,2026-08-23 16:20:22.999897+08
01M0MX49WGM74AVSW5DBFW52V1,01KZRW48771BV67J8RNDGKP3AK,01KZRRGW143DR9TSRKKQDPRDKM,2020-08-17,,,,processing,1020.00,2026-08-23 16:20:22.999897+08,2026-08-23 16:20:22.999897+08
01M0MX49WGY2GJ95N8QCDTAMGP,01KZRW48771BV67J8RNDGKP3AK,01KZRRGW143DR9TSRKKQDPRDKM,2020-08-22,,,,delivered,7868.00,2026-08-23 16:20:22.999897+08,2026-08-23 16:20:22.999897+08
01M0MX49WGQAJZPYV6SZMV47SY,01KZRW48771BV67J8RNDGKP3AK,01KZRRGW143DR9TSRKKQDPRDKM,2020-03-09,,,,confirmed,8400.00,2026-08-23 16:20:22.999897+08,2026-08-23 16:20:22.999897+08
01M0MX49WGY1ZQWB8AK195NFVT,01KZRW48771BV67J8RNDGKP3AK,01KZRRGW143DR9TSRKKQDPRDKM,2020-10-09,,,,delivered,4425.00,2026-08-23 16:20:22.999897+08,2026-08-23 16:20:22.999897+08
01M0MX49WGXKB3C4T9JSE63CMK,01KZRW48771BV67J8RNDGKP3AK,01KZRRGW143DR9TSRKKQDPRDKM,2020-09-14,,,,pending,7000.00,2026-08-23 16:20:22.999897+08,2026-08-23 16:20:22.999897+08
01M0MX49WGC6266VSJCB0G1AWB,01KZRW48771BV67J8RNDGKP3AK,01KZRRGW143DR9TSRKKQDPRDKM,2020-09-16,,,,pending,1995.00,2026-08-23 16:20:22.999897+08,2026-08-23 16:20:22.999897+08
01M0MX49WGWQ6BDMEBZBHKHQKZ,01KZRW48771BV67J8RNDGKP3AK,01KZRRGW143DR9TSRKKQDPRDKM,2020-09-21,,,,delivered,13870.00,2026-08-23 16:20:22.999897+08,2026-08-23 16:20:22.999897+08
01M0MX49WGCBEY9QRPXQ4QYSEG,01KZRW48771BV67J8RNDGKP3AK,01KZRRGW143DR9TSRKKQDPRDKM,2020-05-10,,,,pending,6300.00,2026-08-23 16:20:22.999897+08,2026-08-23 16:20:22.999897+08
01M0MX49WG61EFKXDDJ3QCNFRP,01KZRW48771BV67J8RNDGKP3AK,01KZRRGW143DR9TSRKKQDPRDKM,2020-08-10,,,,delivered,25.00,2026-08-23 16:20:22.999897+08,2026-08-23 16:20:22.999897+08
01M0MX49WGM38C4WMQ5JQE9CD1,01KZRW48771BV67J8RNDGKP3AK,01KZRRGW143DR9TSRKKQDPRDKM,2020-12-10,,,,pending,385.00,2026-08-23 16:20:22.999897+08,2026-08-23 16:20:22.999897+08
01M0MX49WG38NFG93S4ZNVJDC2,01KZRW48771BV67J8RNDGKP3AK,01KZRRGW143DR9TSRKKQDPRDKM,2020-10-16,,,,confirmed,4900.00,2026-08-23 16:20:22.999897+08,2026-08-23 16:20:22.999897+08
01M0MX49WG2MV8XQ4FMD82GHVK,01KZRW48771BV67J8RNDGKP3AK,01KZRRGW143DR9TSRKKQDPRDKM,2020-10-25,,,,pending,450.00,2026-08-23 16:20:22.999897+08,2026-08-23 16:20:22.999897+08
01M0MX49WG7QDXJZKJJH6Z6S49,01KZRW48771BV67J8RNDGKP3AK,01KZRRGW143DR9TSRKKQDPRDKM,2020-07-11,,,,cancelled,425.00,2026-08-23 16:20:22.999897+08,2026-08-23 16:20:22.999897+08
01M0MX49WG65BRX0CC0QHN9A7V,01KZRW48771BV67J8RNDGKP3AK,01KZRRGW143DR9TSRKKQDPRDKM,2020-11-19,,,,processing,450.00,2026-08-23 16:20:22.999897+08,2026-08-23 16:20:22.999897+08
01M0MX49WGDSA5YWSS7ZRNT4SD,01KZRW48771BV67J8RNDGKP3AK,01KZRRGW143DR9TSRKKQDPRDKM,2020-11-21,,,,delivered,2310.00,2026-08-23 16:20:22.999897+08,2026-08-23 16:20:22.999897+08
01M0MX49WGAK3M7ZJJX07KA476,01KZRW48771BV67J8RNDGKP3AK,01KZRRGW143DR9TSRKKQDPRDKM,2020-12-12,,,,processing,330.00,2026-08-23 16:20:22.999897+08,2026-08-23 16:20:22.999897+08
01M0MX49WGGBZABQ5SY31H6VSW,01KZRW48771BV67J8RNDGKP3AK,01KZRRGW143DR9TSRKKQDPRDKM,2020-12-19,,,,processing,4405.00,2026-08-23 16:20:22.999897+08,2026-08-23 16:20:22.999897+08
01M0MX49WG6GBQAF7BGH9XTYMD,01KZRW48771BV67J8RNDGKP3AK,01KZRRGW143DR9TSRKKQDPRDKM,2020-12-23,,,,cancelled,6040.00,2026-08-23 16:20:22.999897+08,2026-08-23 16:20:22.999897+08
01M0MX49WGEVBNN8GR7QSTQ2TH,01KZRW48771BV67J8RNDGKP3AK,01KZRRGW14MXEWF9HMYNXVS5ER,2020-01-01,,,,delivered,12950.00,2026-08-23 16:20:22.999897+08,2026-08-23 16:20:22.999897+08
01M0MX49WGM84BF1SMZX9A508M,01KZRW48771BV67J8RNDGKP3AK,01KZRRGW14MXEWF9HMYNXVS5ER,2020-01-15,,,,confirmed,595.00,2026-08-23 16:20:22.999897+08,2026-08-23 16:20:22.999897+08
01M0MX49WG4252M0EQ8QBY6C5T,01KZRW48771BV67J8RNDGKP3AK,01KZRRGW14MXEWF9HMYNXVS5ER,2020-01-17,,,,confirmed,3920.00,2026-08-23 16:20:22.999897+08,2026-08-23 16:20:22.999897+08
01M0MX49WGXZGSE6CJ5W6X8KH2,01KZRW48771BV67J8RNDGKP3AK,01KZRRGW14MXEWF9HMYNXVS5ER,2020-01-23,,,,pending,820.00,2026-08-23 16:20:22.999897+08,2026-08-23 16:20:22.999897+08
01M0MX49WGVZXA01N0CB9JJXRE,01KZRW48771BV67J8RNDGKP3AK,01KZRRGW14MXEWF9HMYNXVS5ER,2020-08-02,,,,delivered,3960.00,2026-08-23 16:20:22.999897+08,2026-08-23 16:20:22.999897+08
01M0MX49WGN8MPE73ZYT2HWRDX,01KZRW48771BV67J8RNDGKP3AK,01KZRRGW14MXEWF9HMYNXVS5ER,2020-02-16,,,,delivered,3430.00,2026-08-23 16:20:22.999897+08,2026-08-23 16:20:22.999897+08
01M0MX49WG5YB59TWGVXDSWZHQ,01KZRW48771BV67J8RNDGKP3AK,01KZRRGW14MXEWF9HMYNXVS5ER,2020-02-24,,,,confirmed,5265.00,2026-08-23 16:20:22.999897+08,2026-08-23 16:20:22.999897+08
01M0MX49WGGD30RGZBZE48RNC3,01KZRW48771BV67J8RNDGKP3AK,01KZRRGW14MXEWF9HMYNXVS5ER,2020-01-03,,,,delivered,7000.00,2026-08-23 16:20:22.999897+08,2026-08-23 16:20:22.999897+08
01M0MX49WG899B59DPMKAS3Q80,01KZRW48771BV67J8RNDGKP3AK,01KZRRGW14MXEWF9HMYNXVS5ER,2020-06-03,,,,delivered,1020.00,2026-08-23 16:20:22.999897+08,2026-08-23 16:20:22.999897+08
01M0MX49WGCP5G7E6SA4CSYT7F,01KZRW48771BV67J8RNDGKP3AK,01KZRRGW14MXEWF9HMYNXVS5ER,2020-03-14,,,,processing,120.00,2026-08-23 16:20:22.999897+08,2026-08-23 16:20:22.999897+08
01M0MX49WGE1RGPWEHV08AM5SA,01KZRW48771BV67J8RNDGKP3AK,01KZRRGW14MXEWF9HMYNXVS5ER,2020-03-18,,,,processing,985.00,2026-08-23 16:20:22.999897+08,2026-08-23 16:20:22.999897+08
01M0MX49WG7XKZ335GVP0F0BPP,01KZRW48771BV67J8RNDGKP3AK,01KZRRGW14MXEWF9HMYNXVS5ER,2020-03-23,,,,pending,2674.00,2026-08-23 16:20:22.999897+08,2026-08-23 16:20:22.999897+08
01M0MX49WG70DRF21ET81FBM0J,01KZRW48771BV67J8RNDGKP3AK,01KZRRGW14MXEWF9HMYNXVS5ER,2020-03-04,,,,cancelled,3500.00,2026-08-23 16:20:22.999897+08,2026-08-23 16:20:22.999897+08
01M0MX49WGMMR6KVVA9H6VVTRK,01KZRW48771BV67J8RNDGKP3AK,01KZRRGW14MXEWF9HMYNXVS5ER,2020-08-04,,,,pending,4730.00,2026-08-23 16:20:22.999897+08,2026-08-23 16:20:22.999897+08
01M0MX49WGW1JP4PT348QNCJTN,01KZRW48771BV67J8RNDGKP3AK,01KZRRGW14MXEWF9HMYNXVS5ER,2020-04-15,,,,delivered,9870.00,2026-08-23 16:20:22.999897+08,2026-08-23 16:20:22.999897+08
01M0MX49WGF9BWPG037F8DW7S4,01KZRW48771BV67J8RNDGKP3AK,01KZRRGW14MXEWF9HMYNXVS5ER,2020-03-05,,,,confirmed,8060.00,2026-08-23 16:20:22.999897+08,2026-08-23 16:20:22.999897+08
01M0MX49WGR3C7SVBDEE5BKPPF,01KZRW48771BV67J8RNDGKP3AK,01KZRRGW14MXEWF9HMYNXVS5ER,2020-12-05,,,,pending,7840.00,2026-08-23 16:20:22.999897+08,2026-08-23 16:20:22.999897+08
01M0MX49WG66S681CJJ2HTWB9W,01KZRW48771BV67J8RNDGKP3AK,01KZRRGW14MXEWF9HMYNXVS5ER,2020-05-17,,,,confirmed,2450.00,2026-08-23 16:20:22.999897+08,2026-08-23 16:20:22.999897+08
01M0MX49WGYNNV8051W92JD8QC,01KZRW48771BV67J8RNDGKP3AK,01KZRRGW14MXEWF9HMYNXVS5ER,2020-05-06,,,,processing,13955.00,2026-08-23 16:20:22.999897+08,2026-08-23 16:20:22.999897+08
01M0MX49WGHPT6VM2MVE0CZT9H,01KZRW48771BV67J8RNDGKP3AK,01KZRRGW14MXEWF9HMYNXVS5ER,2020-11-06,,,,confirmed,2100.00,2026-08-23 16:20:22.999897+08,2026-08-23 16:20:22.999897+08
01M0MX49WG41XHT6C361BDBN8W,01KZRW48771BV67J8RNDGKP3AK,01KZRRGW14MXEWF9HMYNXVS5ER,2020-06-25,,,,processing,3090.00,2026-08-23 16:20:22.999897+08,2026-08-23 16:20:22.999897+08
01M0MX49WGM4X8XR7MVYBRGS8K,01KZRW48771BV67J8RNDGKP3AK,01KZRRGW14MXEWF9HMYNXVS5ER,2020-07-18,,,,delivered,3850.00,2026-08-23 16:20:22.999897+08,2026-08-23 16:20:22.999897+08
01M0MX49WGVK2JVBWATZFDC2FP,01KZRW48771BV67J8RNDGKP3AK,01KZRRGW14MXEWF9HMYNXVS5ER,2020-07-21,,,,confirmed,4560.00,2026-08-23 16:20:22.999897+08,2026-08-23 16:20:22.999897+08
01M0MX49WGWCYZW025FKDREAYE,01KZRW48771BV67J8RNDGKP3AK,01KZRRGW14MXEWF9HMYNXVS5ER,2020-02-08,,,,confirmed,6075.00,2026-08-23 16:20:22.999897+08,2026-08-23 16:20:22.999897+08
01M0MX49WGGXHQKFR7F7MGGSYF,01KZRW48771BV67J8RNDGKP3AK,01KZRRGW14MXEWF9HMYNXVS5ER,2020-08-20,,,,processing,7825.00,2026-08-23 16:20:22.999897+08,2026-08-23 16:20:22.999897+08
01M0MX49WGZ490F5TRFQEP0WRQ,01KZRW48771BV67J8RNDGKP3AK,01KZRRGW14MXEWF9HMYNXVS5ER,2020-08-24,,,,confirmed,1050.00,2026-08-23 16:20:22.999897+08,2026-08-23 16:20:22.999897+08
01M0MX49WGAPG5SZDEH3Q5YFA2,01KZRW48771BV67J8RNDGKP3AK,01KZRRGW14MXEWF9HMYNXVS5ER,2020-03-09,,,,delivered,540.00,2026-08-23 16:20:22.999897+08,2026-08-23 16:20:22.999897+08
01M0MX49WGPDND4QZYC2GQCF3V,01KZRW48771BV67J8RNDGKP3AK,01KZRRGW14MXEWF9HMYNXVS5ER,2020-10-09,,,,pending,2016.00,2026-08-23 16:20:22.999897+08,2026-08-23 16:20:22.999897+08
01M0MX49WG7TY8WZS5WPG44048,01KZRW48771BV67J8RNDGKP3AK,01KZRRGW14MXEWF9HMYNXVS5ER,2020-12-09,,,,confirmed,1092.00,2026-08-23 16:20:22.999897+08,2026-08-23 16:20:22.999897+08
01M0MX49WG9278Y4NGZXDJACP3,01KZRW48771BV67J8RNDGKP3AK,01KZRRGW14MXEWF9HMYNXVS5ER,2020-09-17,,,,cancelled,16025.00,2026-08-23 16:20:22.999897+08,2026-08-23 16:20:22.999897+08
01M0MX49WGT6D7JZW2H19E11JN,01KZRW48771BV67J8RNDGKP3AK,01KZRRGW14MXEWF9HMYNXVS5ER,2020-09-24,,,,delivered,2660.00,2026-08-23 16:20:22.999897+08,2026-08-23 16:20:22.999897+08
01M0MX49WGR0V19BRFK2FN2GS8,01KZRW48771BV67J8RNDGKP3AK,01KZRRGW14MXEWF9HMYNXVS5ER,2020-07-10,,,,delivered,11270.00,2026-08-23 16:20:22.999897+08,2026-08-23 16:20:22.999897+08
01M0MX49WGP2N4YZDVCBSMZH5H,01KZRW48771BV67J8RNDGKP3AK,01KZRRGW14MXEWF9HMYNXVS5ER,2020-11-10,,,,delivered,10850.00,2026-08-23 16:20:22.999897+08,2026-08-23 16:20:22.999897+08
01M0MX49WG4GTJNGZ371J968R9,01KZRW48771BV67J8RNDGKP3AK,01KZRRGW14MXEWF9HMYNXVS5ER,2020-10-20,,,,pending,3160.00,2026-08-23 16:20:22.999897+08,2026-08-23 16:20:22.999897+08
01M0MX49WGHMXFBHBF0NN8XEAY,01KZRW48771BV67J8RNDGKP3AK,01KZRRGW14MXEWF9HMYNXVS5ER,2020-10-21,,,,processing,4910.00,2026-08-23 16:20:22.999897+08,2026-08-23 16:20:22.999897+08
01M0MX49WGSJMYNWJ3CDGN7KAF,01KZRW48771BV67J8RNDGKP3AK,01KZRRGW14MXEWF9HMYNXVS5ER,2020-01-11,,,,processing,620.00,2026-08-23 16:20:22.999897+08,2026-08-23 16:20:22.999897+08
01M0MX49WGT325HH6A16PDJTVH,01KZRW48771BV67J8RNDGKP3AK,01KZRRGW14MXEWF9HMYNXVS5ER,2020-08-11,,,,delivered,3500.00,2026-08-23 16:20:22.999897+08,2026-08-23 16:20:22.999897+08
01M0MX49WG6P4B8J61TM7KPGX4,01KZRW48771BV67J8RNDGKP3AK,01KZRRGW14MXEWF9HMYNXVS5ER,2020-11-14,,,,delivered,240.00,2026-08-23 16:20:22.999897+08,2026-08-23 16:20:22.999897+08
01M0MX49WGACBZW2KWJR653RYF,01KZRW48771BV67J8RNDGKP3AK,01KZRRGW14MXEWF9HMYNXVS5ER,2020-11-22,,,,delivered,5344.00,2026-08-23 16:20:22.999897+08,2026-08-23 16:20:22.999897+08
01M0MX49WG57F33G3AQMHE7CWB,01KZRW48771BV67J8RNDGKP3AK,01KZRRGW14MXEWF9HMYNXVS5ER,2020-03-12,,,,pending,600.00,2026-08-23 16:20:22.999897+08,2026-08-23 16:20:22.999897+08
01M0MX49WGX2K3QAJ06AJR7NGH,01KZRW48771BV67J8RNDGKP3AK,01KZRRGW14MXEWF9HMYNXVS5ER,2020-09-12,,,,pending,7966.00,2026-08-23 16:20:22.999897+08,2026-08-23 16:20:22.999897+08
01M0MX49WGMRQNFAF9D7JZH8CB,01KZRW48771BV67J8RNDGKP3AK,01KZRRGW14MXEWF9HMYNXVS5ER,2020-12-15,,,,confirmed,5810.00,2026-08-23 16:20:22.999897+08,2026-08-23 16:20:22.999897+08
01M0MX49WGAB1M5MJP18ECN0R1,01KZRW48771BV67J8RNDGKP3AK,01KZRRGW14MXEWF9HMYNXVS5ER,2020-12-22,,,,delivered,360.00,2026-08-23 16:20:22.999897+08,2026-08-23 16:20:22.999897+08
01M0MX49WGPE61GAAB6DK5HDZP,01KZRW4877NAVZSR88Z0ZHKRW9,01KZRRGW14DC1V4DFEXXX74JBW,2020-01-01,,,,cancelled,4465.00,2026-08-23 16:20:22.999897+08,2026-08-23 16:20:22.999897+08
01M0MX49WGRPH96BFKCCFKKQE5,01KZRW4877NAVZSR88Z0ZHKRW9,01KZRRGW14DC1V4DFEXXX74JBW,2020-01-13,,,,confirmed,2485.00,2026-08-23 16:20:22.999897+08,2026-08-23 16:20:22.999897+08
01M0MX49WGTDV4RE2K88YFK0KB,01KZRW4877NAVZSR88Z0ZHKRW9,01KZRRGW14DC1V4DFEXXX74JBW,2020-01-22,,,,pending,4470.00,2026-08-23 16:20:22.999897+08,2026-08-23 16:20:22.999897+08
01M0MX49WGTGFNP29VY1ZTE988,01KZRW4877NAVZSR88Z0ZHKRW9,01KZRRGW14DC1V4DFEXXX74JBW,2020-02-02,,,,delivered,11465.00,2026-08-23 16:20:22.999897+08,2026-08-23 16:20:22.999897+08
01M0MX49WGRM47Z9D0EWEQZWP7,01KZRW4877NAVZSR88Z0ZHKRW9,01KZRRGW14DC1V4DFEXXX74JBW,2020-09-02,,,,confirmed,8980.00,2026-08-23 16:20:22.999897+08,2026-08-23 16:20:22.999897+08
01M0MX49WGP8KRT5QNS06393A4,01KZRW4877NAVZSR88Z0ZHKRW9,01KZRRGW14DC1V4DFEXXX74JBW,2020-02-13,,,,pending,780.00,2026-08-23 16:20:22.999897+08,2026-08-23 16:20:22.999897+08
01M0MX49WG9T0WSMKBMAARSBGW,01KZRW4877NAVZSR88Z0ZHKRW9,01KZRRGW14DC1V4DFEXXX74JBW,2020-02-18,,,,cancelled,2620.00,2026-08-23 16:20:22.999897+08,2026-08-23 16:20:22.999897+08
01M0MX49WGF08WJX5GZ5FPXJ4K,01KZRW4877NAVZSR88Z0ZHKRW9,01KZRRGW14DC1V4DFEXXX74JBW,2020-02-23,,,,delivered,6990.00,2026-08-23 16:20:22.999897+08,2026-08-23 16:20:22.999897+08
01M0MX49WG0V4X25NVYM9W887D,01KZRW4877NAVZSR88Z0ZHKRW9,01KZRRGW14DC1V4DFEXXX74JBW,2020-03-03,,,,confirmed,1550.00,2026-08-23 16:20:22.999897+08,2026-08-23 16:20:22.999897+08
01M0MX49WGG6EPKW6AWK07ENEA,01KZRW4877NAVZSR88Z0ZHKRW9,01KZRRGW14DC1V4DFEXXX74JBW,2020-08-03,,,,processing,2505.00,2026-08-23 16:20:22.999897+08,2026-08-23 16:20:22.999897+08
01M0MX49WGVTVRQFZ9H7EV05PX,01KZRW4877NAVZSR88Z0ZHKRW9,01KZRRGW14DC1V4DFEXXX74JBW,2020-11-03,,,,delivered,2268.00,2026-08-23 16:20:22.999897+08,2026-08-23 16:20:22.999897+08
01M0MX49WG55E2R7R3FG7PXTS7,01KZRW4877NAVZSR88Z0ZHKRW9,01KZRRGW14DC1V4DFEXXX74JBW,2020-03-16,,,,delivered,2530.00,2026-08-23 16:20:22.999897+08,2026-08-23 16:20:22.999897+08
01M0MX49WGG95JHA1GC60ZW5EQ,01KZRW4877NAVZSR88Z0ZHKRW9,01KZRRGW14DC1V4DFEXXX74JBW,2020-03-21,,,,pending,4925.00,2026-08-23 16:20:22.999897+08,2026-08-23 16:20:22.999897+08
01M0MX49WGZT1MAYKZMBTP3K67,01KZRW4877NAVZSR88Z0ZHKRW9,01KZRRGW14DC1V4DFEXXX74JBW,2020-03-04,,,,processing,13930.00,2026-08-23 16:20:22.999897+08,2026-08-23 16:20:22.999897+08
01M0MX49WGY7S7KTVSWNA45ZEV,01KZRW4877NAVZSR88Z0ZHKRW9,01KZRRGW14DC1V4DFEXXX74JBW,2020-09-04,,,,delivered,9165.00,2026-08-23 16:20:22.999897+08,2026-08-23 16:20:22.999897+08
01M0MX49WGRN2PMXSB1VYQAP3H,01KZRW4877NAVZSR88Z0ZHKRW9,01KZRRGW14DC1V4DFEXXX74JBW,2020-12-04,,,,cancelled,5600.00,2026-08-23 16:20:22.999897+08,2026-08-23 16:20:22.999897+08
01M0MX49WGYD9RATN2HVAEF6SV,01KZRW4877NAVZSR88Z0ZHKRW9,01KZRRGW14DC1V4DFEXXX74JBW,2020-04-20,,,,processing,18100.00,2026-08-23 16:20:22.999897+08,2026-08-23 16:20:22.999897+08
01M0MX49WG5QBB93EYDEA190N1,01KZRW4877NAVZSR88Z0ZHKRW9,01KZRRGW14DC1V4DFEXXX74JBW,2020-04-23,,,,delivered,2990.00,2026-08-23 16:20:22.999897+08,2026-08-23 16:20:22.999897+08
01M0MX49WGC58AHNC0S8EPCHGB,01KZRW4877NAVZSR88Z0ZHKRW9,01KZRRGW14DC1V4DFEXXX74JBW,2020-04-05,,,,confirmed,665.00,2026-08-23 16:20:22.999897+08,2026-08-23 16:20:22.999897+08
01M0MX49WGWD15HV0WFZ1JCR2A,01KZRW4877NAVZSR88Z0ZHKRW9,01KZRRGW14DC1V4DFEXXX74JBW,2020-05-17,,,,delivered,2520.00,2026-08-23 16:20:22.999897+08,2026-08-23 16:20:22.999897+08
01M0MX49WGQPVTMMGTTDEDDZ1D,01KZRW4877NAVZSR88Z0ZHKRW9,01KZRRGW14DC1V4DFEXXX74JBW,2020-05-25,,,,processing,13445.00,2026-08-23 16:20:22.999897+08,2026-08-23 16:20:22.999897+08
01M0MX49WGH4J6HTZRCHRF13DZ,01KZRW4877NAVZSR88Z0ZHKRW9,01KZRRGW14DC1V4DFEXXX74JBW,2020-06-06,,,,processing,13310.00,2026-08-23 16:20:22.999897+08,2026-08-23 16:20:22.999897+08
01M0MX49WGX8J2FF133G1V7BX0,01KZRW4877NAVZSR88Z0ZHKRW9,01KZRRGW14DC1V4DFEXXX74JBW,2020-12-06,,,,delivered,510.00,2026-08-23 16:20:22.999897+08,2026-08-23 16:20:22.999897+08
01M0MX49WG73JEKBZ6YMHY6BAF,01KZRW4877NAVZSR88Z0ZHKRW9,01KZRRGW14DC1V4DFEXXX74JBW,2020-06-16,,,,delivered,6840.00,2026-08-23 16:20:22.999897+08,2026-08-23 16:20:22.999897+08
01M0MX49WGJ2VKDM8B3GSG7GCS,01KZRW4877NAVZSR88Z0ZHKRW9,01KZRRGW14DC1V4DFEXXX74JBW,2020-06-23,,,,cancelled,9995.00,2026-08-23 16:20:22.999897+08,2026-08-23 16:20:22.999897+08
01M0MX49WGF3D39MH89EQVSQHS,01KZRW4877NAVZSR88Z0ZHKRW9,01KZRRGW14DC1V4DFEXXX74JBW,2020-03-07,,,,pending,7966.00,2026-08-23 16:20:22.999897+08,2026-08-23 16:20:22.999897+08
01M0MX49WGQ874NDJ6W4S1T9JG,01KZRW4877NAVZSR88Z0ZHKRW9,01KZRRGW14DC1V4DFEXXX74JBW,2020-07-15,,,,pending,700.00,2026-08-23 16:20:22.999897+08,2026-08-23 16:20:22.999897+08
01M0MX49WG5NVPN4JVH3VQDMBW,01KZRW4877NAVZSR88Z0ZHKRW9,01KZRRGW14DC1V4DFEXXX74JBW,2020-07-20,,,,confirmed,490.00,2026-08-23 16:20:22.999897+08,2026-08-23 16:20:22.999897+08
01M0MX49WGKGM6566RE7VG7DQZ,01KZRW4877NAVZSR88Z0ZHKRW9,01KZRRGW14DC1V4DFEXXX74JBW,2020-04-08,,,,confirmed,2570.00,2026-08-23 16:20:22.999897+08,2026-08-23 16:20:22.999897+08
01M0MX49WG58ACXJJAMB9SV00T,01KZRW4877NAVZSR88Z0ZHKRW9,01KZRRGW14DC1V4DFEXXX74JBW,2020-07-08,,,,processing,3310.00,2026-08-23 16:20:22.999897+08,2026-08-23 16:20:22.999897+08
01M0MX49WG6W2HKSZR4VNS6C2N,01KZRW4877NAVZSR88Z0ZHKRW9,01KZRRGW14DC1V4DFEXXX74JBW,2020-12-08,,,,confirmed,5465.00,2026-08-23 16:20:22.999897+08,2026-08-23 16:20:22.999897+08
01M0MX49WGECKJCDQ9Q1Z5351Q,01KZRW4877NAVZSR88Z0ZHKRW9,01KZRRGW14DC1V4DFEXXX74JBW,2020-08-20,,,,pending,120.00,2026-08-23 16:20:22.999897+08,2026-08-23 16:20:22.999897+08
01M0MX49WGGMK7ZRFHDH692JDT,01KZRW4877NAVZSR88Z0ZHKRW9,01KZRRGW14DC1V4DFEXXX74JBW,2020-08-23,,,,processing,700.00,2026-08-23 16:20:22.999897+08,2026-08-23 16:20:22.999897+08
01M0MX49WG5YANZGDSCP13GDGM,01KZRW4877NAVZSR88Z0ZHKRW9,01KZRRGW14DC1V4DFEXXX74JBW,2020-03-09,,,,cancelled,4475.00,2026-08-23 16:20:22.999897+08,2026-08-23 16:20:22.999897+08
01M0MX49WGC3TWDMHAE1FGFZFA,01KZRW4877NAVZSR88Z0ZHKRW9,01KZRRGW14DC1V4DFEXXX74JBW,2020-07-09,,,,delivered,750.00,2026-08-23 16:20:22.999897+08,2026-08-23 16:20:22.999897+08
01M0MX49WGXB2NBMXWP22KRCP5,01KZRW4877NAVZSR88Z0ZHKRW9,01KZRRGW14DC1V4DFEXXX74JBW,2020-09-14,,,,pending,2900.00,2026-08-23 16:20:22.999897+08,2026-08-23 16:20:22.999897+08
01M0MX49WGXZPSCCZ2WBRBMAKH,01KZRW4877NAVZSR88Z0ZHKRW9,01KZRRGW14DC1V4DFEXXX74JBW,2020-09-20,,,,processing,6640.00,2026-08-23 16:20:22.999897+08,2026-08-23 16:20:22.999897+08
01M0MX49WGCPFYFNT68EV3M1N9,01KZRW4877NAVZSR88Z0ZHKRW9,01KZRRGW14DC1V4DFEXXX74JBW,2020-09-25,,,,delivered,9270.00,2026-08-23 16:20:22.999897+08,2026-08-23 16:20:22.999897+08
01M0MX49WGZS8ZVM6QRZGPBC6R,01KZRW4877NAVZSR88Z0ZHKRW9,01KZRRGW14DC1V4DFEXXX74JBW,2020-04-10,,,,pending,2100.00,2026-08-23 16:20:22.999897+08,2026-08-23 16:20:22.999897+08
01M0MX49WG9M7CKQH4GYF7KNR6,01KZRW4877NAVZSR88Z0ZHKRW9,01KZRRGW14DC1V4DFEXXX74JBW,2020-09-10,,,,pending,10720.00,2026-08-23 16:20:22.999897+08,2026-08-23 16:20:22.999897+08
01M0MX49WGWZN62NF9PS29C2N9,01KZRW4877NAVZSR88Z0ZHKRW9,01KZRRGW14DC1V4DFEXXX74JBW,2020-10-16,,,,processing,2870.00,2026-08-23 16:20:22.999897+08,2026-08-23 16:20:22.999897+08
01M0MX49WGM5YRX8XEEP9WMB4Z,01KZRW4877NAVZSR88Z0ZHKRW9,01KZRRGW14DC1V4DFEXXX74JBW,2020-07-11,,,,confirmed,13715.00,2026-08-23 16:20:22.999897+08,2026-08-23 16:20:22.999897+08
01M0MX49WGS8KVGR7RQD1NSMFX,01KZRW4877NAVZSR88Z0ZHKRW9,01KZRRGW14DC1V4DFEXXX74JBW,2020-11-16,,,,processing,5265.00,2026-08-23 16:20:22.999897+08,2026-08-23 16:20:22.999897+08
01M0MX49WG709CJB8ZSSY5DCMY,01KZRW4877NAVZSR88Z0ZHKRW9,01KZRRGW14DC1V4DFEXXX74JBW,2020-06-12,,,,confirmed,7070.00,2026-08-23 16:20:22.999897+08,2026-08-23 16:20:22.999897+08
01M0MX49WG7GEAVDS51Q32YDZ7,01KZRW4877NAVZSR88Z0ZHKRW9,01KZRRGW14DC1V4DFEXXX74JBW,2020-12-12,,,,processing,345.00,2026-08-23 16:20:22.999897+08,2026-08-23 16:20:22.999897+08
01M0MX49WG24B6JDPP2SBY4PDJ,01KZRW4877NAVZSR88Z0ZHKRW9,01KZRRGW14DC1V4DFEXXX74JBW,2020-12-20,,,,confirmed,8455.00,2026-08-23 16:20:22.999897+08,2026-08-23 16:20:22.999897+08
01M0MX49WGD8P9301HRM7840Q5,01KZRW4877NAVZSR88Z0ZHKRW9,01KZRRGW14DC1V4DFEXXX74JBW,2020-12-25,,,,confirmed,2017.00,2026-08-23 16:20:22.999897+08,2026-08-23 16:20:22.999897+08
01M0MX49WG0JZ3N4GM2RXTSNKN,01KZRW4877NAVZSR88Z0ZHKRW9,01KZRRGW14KBMMYGKVHMX9RQD8,2020-02-01,,,,cancelled,3850.00,2026-08-23 16:20:22.999897+08,2026-08-23 16:20:22.999897+08
01M0MX49WGQKF863TAX0VA6D2W,01KZRW4877NAVZSR88Z0ZHKRW9,01KZRRGW14KBMMYGKVHMX9RQD8,2020-08-01,,,,delivered,5240.00,2026-08-23 16:20:22.999897+08,2026-08-23 16:20:22.999897+08
01M0MX49WGT7EFHC9QPHHSG489,01KZRW4877NAVZSR88Z0ZHKRW9,01KZRRGW14KBMMYGKVHMX9RQD8,2020-01-13,,,,confirmed,4335.00,2026-08-23 16:20:22.999897+08,2026-08-23 16:20:22.999897+08
01M0MX49WGPJ6MTF39G9KCFPNS,01KZRW4877NAVZSR88Z0ZHKRW9,01KZRRGW14KBMMYGKVHMX9RQD8,2020-01-18,,,,pending,4680.00,2026-08-23 16:20:22.999897+08,2026-08-23 16:20:22.999897+08
01M0MX49WG6EFPF4GV8CW9KV70,01KZRW4877NAVZSR88Z0ZHKRW9,01KZRRGW14KBMMYGKVHMX9RQD8,2020-01-22,,,,delivered,1715.00,2026-08-23 16:20:22.999897+08,2026-08-23 16:20:22.999897+08
01M0MX49WG0D165PD0TAB1FBVE,01KZRW4877NAVZSR88Z0ZHKRW9,01KZRRGW14KBMMYGKVHMX9RQD8,2020-05-02,,,,delivered,700.00,2026-08-23 16:20:22.999897+08,2026-08-23 16:20:22.999897+08
01M0MX49WGR20KPBF3HNXPH2T7,01KZRW4877NAVZSR88Z0ZHKRW9,01KZRRGW14KBMMYGKVHMX9RQD8,2020-10-02,,,,confirmed,1400.00,2026-08-23 16:20:22.999897+08,2026-08-23 16:20:22.999897+08
01M0MX49WG4G35975P41AA0PMJ,01KZRW4877NAVZSR88Z0ZHKRW9,01KZRRGW14KBMMYGKVHMX9RQD8,2020-02-14,,,,confirmed,8050.00,2026-08-23 16:20:22.999897+08,2026-08-23 16:20:22.999897+08
01M0MX49WG5GEEPFZAEVBHT4DJ,01KZRW4877NAVZSR88Z0ZHKRW9,01KZRRGW14KBMMYGKVHMX9RQD8,2020-02-17,,,,processing,4775.00,2026-08-23 16:20:22.999897+08,2026-08-23 16:20:22.999897+08
01M0MX49WGFWWAA88N3VVZJNQX,01KZRW4877NAVZSR88Z0ZHKRW9,01KZRRGW14KBMMYGKVHMX9RQD8,2020-09-03,,,,confirmed,5030.00,2026-08-23 16:20:22.999897+08,2026-08-23 16:20:22.999897+08
01M0MX49WG1KBNE4DF43BP4D7D,01KZRW4877NAVZSR88Z0ZHKRW9,01KZRRGW14KBMMYGKVHMX9RQD8,2020-11-03,,,,delivered,12525.00,2026-08-23 16:20:22.999897+08,2026-08-23 16:20:22.999897+08
01M0MX49WGCCD2A4SWJYPF2VAY,01KZRW4877NAVZSR88Z0ZHKRW9,01KZRRGW14KBMMYGKVHMX9RQD8,2020-03-23,,,,confirmed,930.00,2026-08-23 16:20:22.999897+08,2026-08-23 16:20:22.999897+08
01M0MX49WGAYSNJZSP4MCSA6TV,01KZRW4877NAVZSR88Z0ZHKRW9,01KZRRGW14KBMMYGKVHMX9RQD8,2020-11-04,,,,confirmed,330.00,2026-08-23 16:20:22.999897+08,2026-08-23 16:20:22.999897+08
01M0MX49WG572QM9W1M551WBPG,01KZRW4877NAVZSR88Z0ZHKRW9,01KZRRGW14KBMMYGKVHMX9RQD8,2020-04-17,,,,pending,9100.00,2026-08-23 16:20:22.999897+08,2026-08-23 16:20:22.999897+08
01M0MX49WGSKAZHTCRRHAWR9FG,01KZRW4877NAVZSR88Z0ZHKRW9,01KZRRGW14KBMMYGKVHMX9RQD8,2020-01-05,,,,delivered,6655.00,2026-08-23 16:20:22.999897+08,2026-08-23 16:20:22.999897+08
01M0MX49WG9RQSZT9DX2MSQE1T,01KZRW4877NAVZSR88Z0ZHKRW9,01KZRRGW14KBMMYGKVHMX9RQD8,2020-08-05,,,,delivered,7626.00,2026-08-23 16:20:22.999897+08,2026-08-23 16:20:22.999897+08
01M0MX49WGDCYE5T1BTJWMM7B8,01KZRW4877NAVZSR88Z0ZHKRW9,01KZRRGW14KBMMYGKVHMX9RQD8,2020-05-14,,,,confirmed,2424.00,2026-08-23 16:20:22.999897+08,2026-08-23 16:20:22.999897+08
01M0MX49WGTAKDEQ2YFGXJMPZN,01KZRW4877NAVZSR88Z0ZHKRW9,01KZRRGW14KBMMYGKVHMX9RQD8,2020-05-17,,,,delivered,1146.00,2026-08-23 16:20:22.999897+08,2026-08-23 16:20:22.999897+08
01M0MX49WGMTJT74JPVC31TRQ3,01KZRW4877NAVZSR88Z0ZHKRW9,01KZRRGW14KBMMYGKVHMX9RQD8,2020-05-21,,,,delivered,6300.00,2026-08-23 16:20:22.999897+08,2026-08-23 16:20:22.999897+08
01M0MX49WG9Q6BWN1PZKEV58YK,01KZRW4877NAVZSR88Z0ZHKRW9,01KZRRGW14KBMMYGKVHMX9RQD8,2020-05-06,,,,confirmed,4855.00,2026-08-23 16:20:22.999897+08,2026-08-23 16:20:22.999897+08
01M0MX49WGJY6D2P2A9B9XEBVK,01KZRW4877NAVZSR88Z0ZHKRW9,01KZRRGW14KBMMYGKVHMX9RQD8,2020-07-06,,,,delivered,6010.00,2026-08-23 16:20:22.999897+08,2026-08-23 16:20:22.999897+08
01M0MX49WG4MDWGQ29MBN3XSSA,01KZRW4877NAVZSR88Z0ZHKRW9,01KZRRGW14KBMMYGKVHMX9RQD8,2020-06-14,,,,pending,6870.00,2026-08-23 16:20:22.999897+08,2026-08-23 16:20:22.999897+08
01M0MX49WG3P02VGXQFY3RKFEF,01KZRW4877NAVZSR88Z0ZHKRW9,01KZRRGW14KBMMYGKVHMX9RQD8,2020-06-19,,,,delivered,4900.00,2026-08-23 16:20:22.999897+08,2026-08-23 16:20:22.999897+08
01M0MX49WG0XNAC2GNW9HQ1C8S,01KZRW4877NAVZSR88Z0ZHKRW9,01KZRRGW14KBMMYGKVHMX9RQD8,2020-06-07,,,,confirmed,4900.00,2026-08-23 16:20:22.999897+08,2026-08-23 16:20:22.999897+08
01M0MX49WG2M1CPYMERZCD5XZF,01KZRW4877NAVZSR88Z0ZHKRW9,01KZRRGW14KBMMYGKVHMX9RQD8,2020-07-13,,,,cancelled,1125.00,2026-08-23 16:20:22.999897+08,2026-08-23 16:20:22.999897+08
01M0MX49WG290GARHXF41E0XER,01KZRW4877NAVZSR88Z0ZHKRW9,01KZRRGW14KBMMYGKVHMX9RQD8,2020-07-20,,,,pending,2555.00,2026-08-23 16:20:22.999897+08,2026-08-23 16:20:22.999897+08
01M0MX49WGWNY677VF3J5FEQ2D,01KZRW4877NAVZSR88Z0ZHKRW9,01KZRRGW14KBMMYGKVHMX9RQD8,2020-07-25,,,,pending,350.00,2026-08-23 16:20:22.999897+08,2026-08-23 16:20:22.999897+08
01M0MX49WGFY3BZXX1Q3EPQCA0,01KZRW4877NAVZSR88Z0ZHKRW9,01KZRRGW14KBMMYGKVHMX9RQD8,2020-09-08,,,,confirmed,6840.00,2026-08-23 16:20:22.999897+08,2026-08-23 16:20:22.999897+08
01M0MX49WG9BPC9Q85T4VRS58D,01KZRW4877NAVZSR88Z0ZHKRW9,01KZRRGW14KBMMYGKVHMX9RQD8,2020-08-15,,,,delivered,2450.00,2026-08-23 16:20:22.999897+08,2026-08-23 16:20:22.999897+08
01M0MX49WGTV1QB42HE4MGE43D,01KZRW4877NAVZSR88Z0ZHKRW9,01KZRRGW14KBMMYGKVHMX9RQD8,2020-08-16,,,,pending,600.00,2026-08-23 16:20:22.999897+08,2026-08-23 16:20:22.999897+08
01M0MX49WGEBKA8WV89Q10KN01,01KZRW4877NAVZSR88Z0ZHKRW9,01KZRRGW14KBMMYGKVHMX9RQD8,2020-08-21,,,,confirmed,3675.00,2026-08-23 16:20:22.999897+08,2026-08-23 16:20:22.999897+08
01M0MX49WGCY6MP9T27QFK3RGM,01KZRW4877NAVZSR88Z0ZHKRW9,01KZRRGW14KBMMYGKVHMX9RQD8,2020-08-09,,,,confirmed,1360.00,2026-08-23 16:20:22.999897+08,2026-08-23 16:20:22.999897+08
01M0MX49WGDNW9Y7KRFBHQMW3Z,01KZRW4877NAVZSR88Z0ZHKRW9,01KZRRGW14KBMMYGKVHMX9RQD8,2020-12-09,,,,confirmed,425.00,2026-08-23 16:20:22.999897+08,2026-08-23 16:20:22.999897+08
01M0MX49WGCWREXA1VCAWBKNV4,01KZRW4877NAVZSR88Z0ZHKRW9,01KZRRGW14KBMMYGKVHMX9RQD8,2020-09-17,,,,processing,6510.00,2026-08-23 16:20:22.999897+08,2026-08-23 16:20:22.999897+08
01M0MX49WG0WCZMTD0XTZS0957,01KZRW4877NAVZSR88Z0ZHKRW9,01KZRRGW14KBMMYGKVHMX9RQD8,2020-05-10,,,,confirmed,5545.00,2026-08-23 16:20:22.999897+08,2026-08-23 16:20:22.999897+08
01M0MX49WG7FH067PFM1XP9Y0V,01KZRW4877NAVZSR88Z0ZHKRW9,01KZRRGW14KBMMYGKVHMX9RQD8,2020-07-10,,,,delivered,4875.00,2026-08-23 16:20:22.999897+08,2026-08-23 16:20:22.999897+08
01M0MX49WGCBJN7JWWGKHB00P3,01KZRW4877NAVZSR88Z0ZHKRW9,01KZRRGW14KBMMYGKVHMX9RQD8,2020-10-14,,,,delivered,5565.00,2026-08-23 16:20:22.999897+08,2026-08-23 16:20:22.999897+08
01M0MX49WGRMK43QKECHXY0F9C,01KZRW4877NAVZSR88Z0ZHKRW9,01KZRRGW14KBMMYGKVHMX9RQD8,2020-10-17,,,,confirmed,1410.00,2026-08-23 16:20:22.999897+08,2026-08-23 16:20:22.999897+08
01M0MX49WGWC0MAYETDF311DK7,01KZRW4877NAVZSR88Z0ZHKRW9,01KZRRGW14KBMMYGKVHMX9RQD8,2020-04-11,,,,delivered,10715.00,2026-08-23 16:20:22.999897+08,2026-08-23 16:20:22.999897+08
01M0MX49WG78VKMZAKQJ6ZAKVE,01KZRW4877NAVZSR88Z0ZHKRW9,01KZRRGW14KBMMYGKVHMX9RQD8,2020-11-11,,,,delivered,7105.00,2026-08-23 16:20:22.999897+08,2026-08-23 16:20:22.999897+08
01M0MX49WGKJY256GYZYE156BB,01KZRW4877NAVZSR88Z0ZHKRW9,01KZRRGW14KBMMYGKVHMX9RQD8,2020-11-19,,,,delivered,5645.00,2026-08-23 16:20:22.999897+08,2026-08-23 16:20:22.999897+08
01M0MX49WGVFMHHV4PXW4RKDF1,01KZRW4877NAVZSR88Z0ZHKRW9,01KZRRGW14KBMMYGKVHMX9RQD8,2020-11-23,,,,confirmed,7135.00,2026-08-23 16:20:22.999897+08,2026-08-23 16:20:22.999897+08
01M0MX49WGQTMWH1T1CGMQ8Y0X,01KZRW4877NAVZSR88Z0ZHKRW9,01KZRRGW14KBMMYGKVHMX9RQD8,2020-03-12,,,,confirmed,280.00,2026-08-23 16:20:22.999897+08,2026-08-23 16:20:22.999897+08
01M0MX49WG85QMFC8EKD5TF93J,01KZRW4877NAVZSR88Z0ZHKRW9,01KZRRGW14KBMMYGKVHMX9RQD8,2020-07-12,,,,pending,3415.00,2026-08-23 16:20:22.999897+08,2026-08-23 16:20:22.999897+08
01M0MX49WGAG4HSSHM0VW8ZQVY,01KZRW4877NAVZSR88Z0ZHKRW9,01KZRRGW14KBMMYGKVHMX9RQD8,2020-12-13,,,,confirmed,11585.00,2026-08-23 16:20:22.999897+08,2026-08-23 16:20:22.999897+08
01M0MX49WGY62NS0VFVXYKEJE6,01KZRW4877NAVZSR88Z0ZHKRW9,01KZRRGW14KBMMYGKVHMX9RQD8,2020-12-25,,,,cancelled,60.00,2026-08-23 16:20:22.999897+08,2026-08-23 16:20:22.999897+08
01M0MX49WGW56ZB5W9D5748ATK,01KZRW4877NAVZSR88Z0ZHKRW9,01KZRRGW149RPSGBHQY8MZC6NF,2020-01-01,,,,cancelled,3300.00,2026-08-23 16:20:22.999897+08,2026-08-23 16:20:22.999897+08
01M0MX49WGAGD3MHEJ6AD0T3B5,01KZRW4877NAVZSR88Z0ZHKRW9,01KZRRGW149RPSGBHQY8MZC6NF,2020-06-01,,,,delivered,8245.00,2026-08-23 16:20:22.999897+08,2026-08-23 16:20:22.999897+08
01M0MX49WGYPX588DMM8TCBNED,01KZRW4877NAVZSR88Z0ZHKRW9,01KZRRGW149RPSGBHQY8MZC6NF,2020-01-14,,,,processing,7830.00,2026-08-23 16:20:22.999897+08,2026-08-23 16:20:22.999897+08
01M0MX49WG89T2BYMYGRABYDJQ,01KZRW4877NAVZSR88Z0ZHKRW9,01KZRRGW149RPSGBHQY8MZC6NF,2020-02-02,,,,pending,150.00,2026-08-23 16:20:22.999897+08,2026-08-23 16:20:22.999897+08
01M0MX49WGGY9XZJXWBZWJQDH7,01KZRW4877NAVZSR88Z0ZHKRW9,01KZRRGW149RPSGBHQY8MZC6NF,2020-07-02,,,,confirmed,12950.00,2026-08-23 16:20:22.999897+08,2026-08-23 16:20:22.999897+08
01M0MX49WG10RH55DMW1KRX7MX,01KZRW4877NAVZSR88Z0ZHKRW9,01KZRRGW149RPSGBHQY8MZC6NF,2020-02-18,,,,delivered,700.00,2026-08-23 16:20:22.999897+08,2026-08-23 16:20:22.999897+08
01M0MX49WG9V69ZEV5SNSW54EB,01KZRW4877NAVZSR88Z0ZHKRW9,01KZRRGW149RPSGBHQY8MZC6NF,2020-02-21,,,,processing,910.00,2026-08-23 16:20:22.999897+08,2026-08-23 16:20:22.999897+08
01M0MX49WGTPYV5H1K31FNZB2T,01KZRW4877NAVZSR88Z0ZHKRW9,01KZRRGW149RPSGBHQY8MZC6NF,2020-02-03,,,,pending,3990.00,2026-08-23 16:20:22.999897+08,2026-08-23 16:20:22.999897+08
01M0MX49WG0RGNQE6BAKK5T5PP,01KZRW4877NAVZSR88Z0ZHKRW9,01KZRRGW149RPSGBHQY8MZC6NF,2020-10-03,,,,delivered,9215.00,2026-08-23 16:20:22.999897+08,2026-08-23 16:20:22.999897+08
01M0MX49WGQ15AA9RG2DJ0ZCWK,01KZRW4877NAVZSR88Z0ZHKRW9,01KZRRGW149RPSGBHQY8MZC6NF,2020-03-14,,,,confirmed,225.00,2026-08-23 16:20:22.999897+08,2026-08-23 16:20:22.999897+08
01M0MX49WGSSW104NFN1J3S3PZ,01KZRW4877NAVZSR88Z0ZHKRW9,01KZRRGW149RPSGBHQY8MZC6NF,2020-03-21,,,,cancelled,14700.00,2026-08-23 16:20:22.999897+08,2026-08-23 16:20:22.999897+08
01M0MX49WGP4B6XZKVACGTZPJ4,01KZRW4877NAVZSR88Z0ZHKRW9,01KZRRGW149RPSGBHQY8MZC6NF,2020-07-04,,,,delivered,11130.00,2026-08-23 16:20:22.999897+08,2026-08-23 16:20:22.999897+08
01M0MX49WGFDVDDC9F1P4Y3YB3,01KZRW4877NAVZSR88Z0ZHKRW9,01KZRRGW149RPSGBHQY8MZC6NF,2020-12-04,,,,delivered,3696.00,2026-08-23 16:20:22.999897+08,2026-08-23 16:20:22.999897+08
01M0MX49WGM7HPZZXSPGBB6QN9,01KZRW4877NAVZSR88Z0ZHKRW9,01KZRRGW149RPSGBHQY8MZC6NF,2020-04-18,,,,pending,4680.00,2026-08-23 16:20:22.999897+08,2026-08-23 16:20:22.999897+08
01M0MX49WGXCXC2HTKF17X23X1,01KZRW4877NAVZSR88Z0ZHKRW9,01KZRRGW149RPSGBHQY8MZC6NF,2020-04-25,,,,cancelled,6975.00,2026-08-23 16:20:22.999897+08,2026-08-23 16:20:22.999897+08
01M0MX49WGF6YZNCC4WJEBCAKN,01KZRW4877NAVZSR88Z0ZHKRW9,01KZRRGW149RPSGBHQY8MZC6NF,2020-01-05,,,,delivered,4200.00,2026-08-23 16:20:22.999897+08,2026-08-23 16:20:22.999897+08
01M0MX49WG9Z6VEZJ3R65YWM8A,01KZRW4877NAVZSR88Z0ZHKRW9,01KZRRGW149RPSGBHQY8MZC6NF,2020-07-05,,,,processing,7460.00,2026-08-23 16:20:22.999897+08,2026-08-23 16:20:22.999897+08
01M0MX49WG73RARTABN0DZAEHQ,01KZRW4877NAVZSR88Z0ZHKRW9,01KZRRGW149RPSGBHQY8MZC6NF,2020-11-05,,,,cancelled,3010.00,2026-08-23 16:20:22.999897+08,2026-08-23 16:20:22.999897+08
01M0MX49WGBCB7YQNGKBJ16PMN,01KZRW4877NAVZSR88Z0ZHKRW9,01KZRRGW149RPSGBHQY8MZC6NF,2020-05-16,,,,confirmed,1050.00,2026-08-23 16:20:22.999897+08,2026-08-23 16:20:22.999897+08
01M0MX49WG81JYJSETPKCF0YJ3,01KZRW4877NAVZSR88Z0ZHKRW9,01KZRRGW149RPSGBHQY8MZC6NF,2020-05-21,,,,pending,2345.00,2026-08-23 16:20:22.999897+08,2026-08-23 16:20:22.999897+08
01M0MX49WGA950GP040CH864J0,01KZRW4877NAVZSR88Z0ZHKRW9,01KZRRGW149RPSGBHQY8MZC6NF,2020-03-06,,,,delivered,5810.00,2026-08-23 16:20:22.999897+08,2026-08-23 16:20:22.999897+08
01M0MX49WG4DF4SXQ7MW4YCJ95,01KZRW4877NAVZSR88Z0ZHKRW9,01KZRRGW149RPSGBHQY8MZC6NF,2020-09-06,,,,delivered,5425.00,2026-08-23 16:20:22.999897+08,2026-08-23 16:20:22.999897+08
01M0MX49WGH7CN668P8BTNXGG1,01KZRW4877NAVZSR88Z0ZHKRW9,01KZRRGW149RPSGBHQY8MZC6NF,2020-12-06,,,,pending,6650.00,2026-08-23 16:20:22.999897+08,2026-08-23 16:20:22.999897+08
01M0MX49WGPCNJVC5PH0AWW9SX,01KZRW4877NAVZSR88Z0ZHKRW9,01KZRRGW149RPSGBHQY8MZC6NF,2020-06-17,,,,processing,10840.00,2026-08-23 16:20:22.999897+08,2026-08-23 16:20:22.999897+08
01M0MX49WGCNY821H90S5H81CW,01KZRW4877NAVZSR88Z0ZHKRW9,01KZRRGW149RPSGBHQY8MZC6NF,2020-06-23,,,,cancelled,15115.00,2026-08-23 16:20:22.999897+08,2026-08-23 16:20:22.999897+08
01M0MX49WGXWRDAM2F3QXEX3ZF,01KZRW4877NAVZSR88Z0ZHKRW9,01KZRRGW149RPSGBHQY8MZC6NF,2020-01-07,,,,pending,2695.00,2026-08-23 16:20:22.999897+08,2026-08-23 16:20:22.999897+08
01M0MX49WGS7VQPB8BKQ3S5DYD,01KZRW4877NAVZSR88Z0ZHKRW9,01KZRRGW149RPSGBHQY8MZC6NF,2020-10-07,,,,processing,930.00,2026-08-23 16:20:22.999897+08,2026-08-23 16:20:22.999897+08
01M0MX49WGMX3958DQR082TV8Q,01KZRW4877NAVZSR88Z0ZHKRW9,01KZRRGW149RPSGBHQY8MZC6NF,2020-12-07,,,,confirmed,4985.00,2026-08-23 16:20:22.999897+08,2026-08-23 16:20:22.999897+08
01M0MX49WGFJ7TX2BE18TAK9DY,01KZRW4877NAVZSR88Z0ZHKRW9,01KZRRGW149RPSGBHQY8MZC6NF,2020-07-18,,,,confirmed,7895.00,2026-08-23 16:20:22.999897+08,2026-08-23 16:20:22.999897+08
01M0MX49WGRDEEK4BAWTAP3GJP,01KZRW4877NAVZSR88Z0ZHKRW9,01KZRRGW149RPSGBHQY8MZC6NF,2020-07-23,,,,delivered,805.00,2026-08-23 16:20:22.999897+08,2026-08-23 16:20:22.999897+08
01M0MX49WGVT9CVYEWBAKTF7NN,01KZRW4877NAVZSR88Z0ZHKRW9,01KZRRGW149RPSGBHQY8MZC6NF,2020-05-08,,,,cancelled,450.00,2026-08-23 16:20:22.999897+08,2026-08-23 16:20:22.999897+08
01M0MX49WGQECDZVZQ6HV1BWC8,01KZRW4877NAVZSR88Z0ZHKRW9,01KZRRGW149RPSGBHQY8MZC6NF,2020-06-08,,,,cancelled,405.00,2026-08-23 16:20:22.999897+08,2026-08-23 16:20:22.999897+08
01M0MX49WGG1J7SG7935CZ0TYZ,01KZRW4877NAVZSR88Z0ZHKRW9,01KZRRGW149RPSGBHQY8MZC6NF,2020-11-08,,,,delivered,3900.00,2026-08-23 16:20:22.999897+08,2026-08-23 16:20:22.999897+08
01M0MX49WGJNT5PY7CQ14P1MR7,01KZRW4877NAVZSR88Z0ZHKRW9,01KZRRGW149RPSGBHQY8MZC6NF,2020-08-17,,,,confirmed,210.00,2026-08-23 16:20:22.999897+08,2026-08-23 16:20:22.999897+08
01M0MX49WGPER3P8NTBX5YWZWD,01KZRW4877NAVZSR88Z0ZHKRW9,01KZRRGW149RPSGBHQY8MZC6NF,2020-08-24,,,,pending,5400.00,2026-08-23 16:20:22.999897+08,2026-08-23 16:20:22.999897+08
01M0MX49WG4QPE881CWH2JD25W,01KZRW4877NAVZSR88Z0ZHKRW9,01KZRRGW149RPSGBHQY8MZC6NF,2020-05-09,,,,pending,606.00,2026-08-23 16:20:22.999897+08,2026-08-23 16:20:22.999897+08
01M0MX49WGPM015CT0G7JE9DDR,01KZRW4877NAVZSR88Z0ZHKRW9,01KZRRGW149RPSGBHQY8MZC6NF,2020-06-09,,,,delivered,13950.00,2026-08-23 16:20:22.999897+08,2026-08-23 16:20:22.999897+08
01M0MX49WG660Z6NRDAXQ1JWEZ,01KZRW4877NAVZSR88Z0ZHKRW9,01KZRRGW149RPSGBHQY8MZC6NF,2020-09-14,,,,cancelled,1520.00,2026-08-23 16:20:22.999897+08,2026-08-23 16:20:22.999897+08
01M0MX49WGWNQYW6QJBE8VZX0J,01KZRW4877NAVZSR88Z0ZHKRW9,01KZRRGW149RPSGBHQY8MZC6NF,2020-09-18,,,,confirmed,6455.00,2026-08-23 16:20:22.999897+08,2026-08-23 16:20:22.999897+08
01M0MX49WGHRP87WYK42KSNCBR,01KZRW4877NAVZSR88Z0ZHKRW9,01KZRRGW149RPSGBHQY8MZC6NF,2020-09-23,,,,processing,10395.00,2026-08-23 16:20:22.999897+08,2026-08-23 16:20:22.999897+08
01M0MX49WGPXSB0BQSTNVT8SXV,01KZRW4877NAVZSR88Z0ZHKRW9,01KZRRGW149RPSGBHQY8MZC6NF,2020-01-10,,,,confirmed,1750.00,2026-08-23 16:20:22.999897+08,2026-08-23 16:20:22.999897+08
01M0MX49WGWVHGJHPJR48GFJ4H,01KZRW4877NAVZSR88Z0ZHKRW9,01KZRRGW149RPSGBHQY8MZC6NF,2020-08-10,,,,confirmed,8605.00,2026-08-23 16:20:22.999897+08,2026-08-23 16:20:22.999897+08
01M0MX49WGEVY8A6R0FMKPD0F6,01KZRW4877NAVZSR88Z0ZHKRW9,01KZRRGW149RPSGBHQY8MZC6NF,2020-10-14,,,,pending,1520.00,2026-08-23 16:20:22.999897+08,2026-08-23 16:20:22.999897+08
01M0MX49WG3HM525C3FHRPKD65,01KZRW4877NAVZSR88Z0ZHKRW9,01KZRRGW149RPSGBHQY8MZC6NF,2020-10-16,,,,pending,1550.00,2026-08-23 16:20:22.999897+08,2026-08-23 16:20:22.999897+08
01M0MX49WGQCJM5XHT1FW2QVXZ,01KZRW4877NAVZSR88Z0ZHKRW9,01KZRRGW149RPSGBHQY8MZC6NF,2020-09-11,,,,pending,8010.00,2026-08-23 16:20:22.999897+08,2026-08-23 16:20:22.999897+08
01M0MX49WG7XWC7FE30EF783MG,01KZRW4877NAVZSR88Z0ZHKRW9,01KZRRGW149RPSGBHQY8MZC6NF,2020-12-11,,,,confirmed,17150.00,2026-08-23 16:20:22.999897+08,2026-08-23 16:20:22.999897+08
01M0MX49WGJWZDZV0DJ4W0B07M,01KZRW4877NAVZSR88Z0ZHKRW9,01KZRRGW149RPSGBHQY8MZC6NF,2020-11-18,,,,confirmed,5600.00,2026-08-23 16:20:22.999897+08,2026-08-23 16:20:22.999897+08
01M0MX49WGJYA6E9VDRPQ56ZZX,01KZRW4877NAVZSR88Z0ZHKRW9,01KZRRGW149RPSGBHQY8MZC6NF,2020-11-25,,,,cancelled,2912.00,2026-08-23 16:20:22.999897+08,2026-08-23 16:20:22.999897+08
01M0MX49WG2N1HJZJSC877V6YR,01KZRW4877NAVZSR88Z0ZHKRW9,01KZRRGW149RPSGBHQY8MZC6NF,2020-05-12,,,,pending,4100.00,2026-08-23 16:20:22.999897+08,2026-08-23 16:20:22.999897+08
01M0MX49WGCPTN1G57SBJB5T5A,01KZRW4877NAVZSR88Z0ZHKRW9,01KZRRGW149RPSGBHQY8MZC6NF,2020-12-12,,,,processing,390.00,2026-08-23 16:20:22.999897+08,2026-08-23 16:20:22.999897+08
01M0MX49WGEZFT3MP60PSNSPND,01KZRW4877ASYYCMJDQ4ZM72CY,01KZRRGW14K9GDB2KGW0SVFJBM,2020-09-01,,,,cancelled,6530.00,2026-08-23 16:20:22.999897+08,2026-08-23 16:20:22.999897+08
01M0MX49WGWCP2ADSD1H2S516C,01KZRW4877ASYYCMJDQ4ZM72CY,01KZRRGW14K9GDB2KGW0SVFJBM,2020-01-14,,,,confirmed,6430.00,2026-08-23 16:20:22.999897+08,2026-08-23 16:20:22.999897+08
01M0MX49WG2613EA7BAAA2WVV9,01KZRW4877ASYYCMJDQ4ZM72CY,01KZRRGW14K9GDB2KGW0SVFJBM,2020-01-20,,,,confirmed,1155.00,2026-08-23 16:20:22.999897+08,2026-08-23 16:20:22.999897+08
01M0MX49WGFQG9YPMQQ7W6HEVQ,01KZRW4877ASYYCMJDQ4ZM72CY,01KZRRGW14K9GDB2KGW0SVFJBM,2020-09-02,,,,confirmed,120.00,2026-08-23 16:20:22.999897+08,2026-08-23 16:20:22.999897+08
01M0MX49WGMNS16AXDYVAN5W2X,01KZRW4877ASYYCMJDQ4ZM72CY,01KZRRGW14K9GDB2KGW0SVFJBM,2020-12-02,,,,confirmed,5620.00,2026-08-23 16:20:22.999897+08,2026-08-23 16:20:22.999897+08
01M0MX49WGEZWAQJR595C1988A,01KZRW4877ASYYCMJDQ4ZM72CY,01KZRRGW14K9GDB2KGW0SVFJBM,2020-02-25,,,,processing,5866.00,2026-08-23 16:20:22.999897+08,2026-08-23 16:20:22.999897+08
01M0MX49WGQ31E5T38307HP3N7,01KZRW4877ASYYCMJDQ4ZM72CY,01KZRRGW14K9GDB2KGW0SVFJBM,2020-03-03,,,,confirmed,5020.00,2026-08-23 16:20:22.999897+08,2026-08-23 16:20:22.999897+08
01M0MX49WGZNKZD5VGDYKZAWWV,01KZRW4877ASYYCMJDQ4ZM72CY,01KZRRGW14K9GDB2KGW0SVFJBM,2020-06-03,,,,cancelled,3665.00,2026-08-23 16:20:22.999897+08,2026-08-23 16:20:22.999897+08
01M0MX49WGD9RBFV1ZJH7MR58G,01KZRW4877ASYYCMJDQ4ZM72CY,01KZRRGW14K9GDB2KGW0SVFJBM,2020-12-03,,,,delivered,13720.00,2026-08-23 16:20:22.999897+08,2026-08-23 16:20:22.999897+08
01M0MX49WG29Q86NAJKVZTZJT0,01KZRW4877ASYYCMJDQ4ZM72CY,01KZRRGW14K9GDB2KGW0SVFJBM,2020-03-19,,,,processing,1050.00,2026-08-23 16:20:22.999897+08,2026-08-23 16:20:22.999897+08
01M0MX49WG1MBH4RHZJ8CRJ1GV,01KZRW4877ASYYCMJDQ4ZM72CY,01KZRRGW14K9GDB2KGW0SVFJBM,2020-09-04,,,,confirmed,11610.00,2026-08-23 16:20:22.999897+08,2026-08-23 16:20:22.999897+08
01M0MX49WG0BFCF5GHH923DKZZ,01KZRW4877ASYYCMJDQ4ZM72CY,01KZRRGW14K9GDB2KGW0SVFJBM,2020-04-13,,,,confirmed,7030.00,2026-08-23 16:20:22.999897+08,2026-08-23 16:20:22.999897+08
01M0MX49WGS441HDK91FZV4W8S,01KZRW4877ASYYCMJDQ4ZM72CY,01KZRRGW14K9GDB2KGW0SVFJBM,2020-04-16,,,,pending,6650.00,2026-08-23 16:20:22.999897+08,2026-08-23 16:20:22.999897+08
01M0MX49WGGY84P7NVEGPGHY16,01KZRW4877ASYYCMJDQ4ZM72CY,01KZRRGW14K9GDB2KGW0SVFJBM,2020-04-24,,,,pending,5925.00,2026-08-23 16:20:22.999897+08,2026-08-23 16:20:22.999897+08
01M0MX49WG67HERV9KP1APGM65,01KZRW4877ASYYCMJDQ4ZM72CY,01KZRRGW14K9GDB2KGW0SVFJBM,2020-02-05,,,,delivered,5250.00,2026-08-23 16:20:22.999897+08,2026-08-23 16:20:22.999897+08
01M0MX49WGS7WHJ3X6TT50T5D2,01KZRW4877ASYYCMJDQ4ZM72CY,01KZRRGW14K9GDB2KGW0SVFJBM,2020-08-05,,,,delivered,3270.00,2026-08-23 16:20:22.999897+08,2026-08-23 16:20:22.999897+08
01M0MX49WGGRTKKYA4M1A5N4QR,01KZRW4877ASYYCMJDQ4ZM72CY,01KZRRGW14K9GDB2KGW0SVFJBM,2020-05-14,,,,delivered,9860.00,2026-08-23 16:20:22.999897+08,2026-08-23 16:20:22.999897+08
01M0MX49WGERDA976V2SH2HMFZ,01KZRW4877ASYYCMJDQ4ZM72CY,01KZRRGW14K9GDB2KGW0SVFJBM,2020-05-20,,,,confirmed,8780.00,2026-08-23 16:20:22.999897+08,2026-08-23 16:20:22.999897+08
01M0MX49WG2BHYCANQQ5X0NVTV,01KZRW4877ASYYCMJDQ4ZM72CY,01KZRRGW14K9GDB2KGW0SVFJBM,2020-01-06,,,,pending,3300.00,2026-08-23 16:20:22.999897+08,2026-08-23 16:20:22.999897+08
01M0MX49WGBYYQ71YGQVV8BQT9,01KZRW4877ASYYCMJDQ4ZM72CY,01KZRRGW14K9GDB2KGW0SVFJBM,2020-07-06,,,,pending,9460.00,2026-08-23 16:20:22.999897+08,2026-08-23 16:20:22.999897+08
01M0MX49WGJMYKTCMGMTS1QP9X,01KZRW4877ASYYCMJDQ4ZM72CY,01KZRRGW14K9GDB2KGW0SVFJBM,2020-06-19,,,,delivered,1750.00,2026-08-23 16:20:22.999897+08,2026-08-23 16:20:22.999897+08
01M0MX49WG6M3FP0TYM4M9B22Q,01KZRW4877ASYYCMJDQ4ZM72CY,01KZRRGW14K9GDB2KGW0SVFJBM,2020-02-07,,,,confirmed,6300.00,2026-08-23 16:20:22.999897+08,2026-08-23 16:20:22.999897+08
01M0MX49WGV7Q4ARCQF8XTJD8S,01KZRW4877ASYYCMJDQ4ZM72CY,01KZRRGW14K9GDB2KGW0SVFJBM,2020-07-19,,,,pending,12950.00,2026-08-23 16:20:22.999897+08,2026-08-23 16:20:22.999897+08
01M0MX49WGQDNCDYBAHAN5X5D5,01KZRW4877ASYYCMJDQ4ZM72CY,01KZRRGW14K9GDB2KGW0SVFJBM,2020-07-21,,,,cancelled,5040.00,2026-08-23 16:20:22.999897+08,2026-08-23 16:20:22.999897+08
01M0MX49WGFM890F46XQXBA3X7,01KZRW4877ASYYCMJDQ4ZM72CY,01KZRRGW14K9GDB2KGW0SVFJBM,2020-11-08,,,,delivered,6250.00,2026-08-23 16:20:22.999897+08,2026-08-23 16:20:22.999897+08
01M0MX49WGHV8XN913DZFC4N7D,01KZRW4877ASYYCMJDQ4ZM72CY,01KZRRGW14K9GDB2KGW0SVFJBM,2020-08-19,,,,processing,7000.00,2026-08-23 16:20:22.999897+08,2026-08-23 16:20:22.999897+08
01M0MX49WGT6M69T2YNDV04C72,01KZRW4877ASYYCMJDQ4ZM72CY,01KZRRGW14K9GDB2KGW0SVFJBM,2020-08-22,,,,confirmed,8375.00,2026-08-23 16:20:22.999897+08,2026-08-23 16:20:22.999897+08
01M0MX49WGBXXSK3HBD064RXB1,01KZRW4877ASYYCMJDQ4ZM72CY,01KZRRGW14K9GDB2KGW0SVFJBM,2020-05-09,,,,confirmed,7560.00,2026-08-23 16:20:22.999897+08,2026-08-23 16:20:22.999897+08
01M0MX49WG1W0C1DW83T7CHY4V,01KZRW4877ASYYCMJDQ4ZM72CY,01KZRRGW14K9GDB2KGW0SVFJBM,2020-07-09,,,,pending,7490.00,2026-08-23 16:20:22.999897+08,2026-08-23 16:20:22.999897+08
01M0MX49WG7DHAMW7HHDX5AA6D,01KZRW4877ASYYCMJDQ4ZM72CY,01KZRRGW14K9GDB2KGW0SVFJBM,2020-11-09,,,,confirmed,575.00,2026-08-23 16:20:22.999897+08,2026-08-23 16:20:22.999897+08
01M0MX49WGS6WVWND2GGXSACP1,01KZRW4877ASYYCMJDQ4ZM72CY,01KZRRGW14K9GDB2KGW0SVFJBM,2020-09-16,,,,confirmed,2610.00,2026-08-23 16:20:22.999897+08,2026-08-23 16:20:22.999897+08
01M0MX49WGZQW8HKTMMA7PK0EH,01KZRW4877ASYYCMJDQ4ZM72CY,01KZRRGW14K9GDB2KGW0SVFJBM,2020-09-23,,,,pending,2520.00,2026-08-23 16:20:22.999897+08,2026-08-23 16:20:22.999897+08
01M0MX49WGBXJPZ9QFJD7K4WWP,01KZRW4877ASYYCMJDQ4ZM72CY,01KZRRGW14K9GDB2KGW0SVFJBM,2020-10-13,,,,confirmed,140.00,2026-08-23 16:20:22.999897+08,2026-08-23 16:20:22.999897+08
01M0MX49WGJCP8N2CNSWT54A1W,01KZRW4877ASYYCMJDQ4ZM72CY,01KZRRGW14K9GDB2KGW0SVFJBM,2020-10-17,,,,delivered,350.00,2026-08-23 16:20:22.999897+08,2026-08-23 16:20:22.999897+08
01M0MX49WGXKNSEEZPT2YD0GZE,01KZRW4877ASYYCMJDQ4ZM72CY,01KZRRGW14K9GDB2KGW0SVFJBM,2020-10-22,,,,pending,1925.00,2026-08-23 16:20:22.999897+08,2026-08-23 16:20:22.999897+08
01M0MX49WG0Q97SZSXQFJVB9BB,01KZRW4877ASYYCMJDQ4ZM72CY,01KZRRGW14K9GDB2KGW0SVFJBM,2020-05-11,,,,delivered,13650.00,2026-08-23 16:20:22.999897+08,2026-08-23 16:20:22.999897+08
01M0MX49WGQF2TDK9BNNTFEEKZ,01KZRW4877ASYYCMJDQ4ZM72CY,01KZRRGW14K9GDB2KGW0SVFJBM,2020-08-11,,,,confirmed,420.00,2026-08-23 16:20:22.999897+08,2026-08-23 16:20:22.999897+08
01M0MX49WG7CS1FQRCG7S0FHQ3,01KZRW4877ASYYCMJDQ4ZM72CY,01KZRRGW14K9GDB2KGW0SVFJBM,2020-11-20,,,,cancelled,9400.00,2026-08-23 16:20:22.999897+08,2026-08-23 16:20:22.999897+08
01M0MX49WG4EYYS9XWD0J8A8HV,01KZRW4877ASYYCMJDQ4ZM72CY,01KZRRGW14K9GDB2KGW0SVFJBM,2020-11-23,,,,pending,9050.00,2026-08-23 16:20:22.999897+08,2026-08-23 16:20:22.999897+08
01M0MX49WGFDECNCK8NHRVJF68,01KZRW4877ASYYCMJDQ4ZM72CY,01KZRRGW14K9GDB2KGW0SVFJBM,2020-05-12,,,,delivered,1816.00,2026-08-23 16:20:22.999897+08,2026-08-23 16:20:22.999897+08
01M0MX49WG6Q99A7EWQFERT70B,01KZRW4877ASYYCMJDQ4ZM72CY,01KZRRGW14K9GDB2KGW0SVFJBM,2020-07-12,,,,delivered,9450.00,2026-08-23 16:20:22.999897+08,2026-08-23 16:20:22.999897+08
01M0MX49WGSV05FPM52Z439GGX,01KZRW4877ASYYCMJDQ4ZM72CY,01KZRRGW14K9GDB2KGW0SVFJBM,2020-12-15,,,,confirmed,10060.00,2026-08-23 16:20:22.999897+08,2026-08-23 16:20:22.999897+08
01M0MX49WG5Q3ZAC951RDBT7M9,01KZRW4877ASYYCMJDQ4ZM72CY,01KZRRGW14K9GDB2KGW0SVFJBM,2020-12-21,,,,cancelled,135.00,2026-08-23 16:20:22.999897+08,2026-08-23 16:20:22.999897+08
01M0MX49WG191QB24Y4H6SHHYG,01KZRW4877ASYYCMJDQ4ZM72CY,01KZRRGW14J5MRZ241JHXYMPE5,2020-01-01,,,,pending,420.00,2026-08-23 16:20:22.999897+08,2026-08-23 16:20:22.999897+08
01M0MX49WGYZV2GSX1CGBWZEPS,01KZRW4877ASYYCMJDQ4ZM72CY,01KZRRGW14J5MRZ241JHXYMPE5,2020-01-17,,,,confirmed,5020.00,2026-08-23 16:20:22.999897+08,2026-08-23 16:20:22.999897+08
01M0MX49WGX9N8EF5HH58JTVY7,01KZRW4877ASYYCMJDQ4ZM72CY,01KZRRGW14J5MRZ241JHXYMPE5,2020-01-23,,,,confirmed,6650.00,2026-08-23 16:20:22.999897+08,2026-08-23 16:20:22.999897+08
01M0MX49WGZD5X0KGHZJFY744F,01KZRW4877ASYYCMJDQ4ZM72CY,01KZRRGW14J5MRZ241JHXYMPE5,2020-01-02,,,,confirmed,450.00,2026-08-23 16:20:22.999897+08,2026-08-23 16:20:22.999897+08
01M0MX49WG241N62GVA77W7W1Z,01KZRW4877ASYYCMJDQ4ZM72CY,01KZRRGW14J5MRZ241JHXYMPE5,2020-08-02,,,,processing,1550.00,2026-08-23 16:20:22.999897+08,2026-08-23 16:20:22.999897+08
01M0MX49WG48F8R5647AT2Y23R,01KZRW4877ASYYCMJDQ4ZM72CY,01KZRRGW14J5MRZ241JHXYMPE5,2020-11-02,,,,pending,11525.00,2026-08-23 16:20:22.999897+08,2026-08-23 16:20:22.999897+08
01M0MX49WGQYS5RPCYDRKT0TX8,01KZRW4877ASYYCMJDQ4ZM72CY,01KZRRGW14J5MRZ241JHXYMPE5,2020-02-16,,,,delivered,7665.00,2026-08-23 16:20:22.999897+08,2026-08-23 16:20:22.999897+08
01M0MX49WGTYETHXEV5NGYG704,01KZRW4877ASYYCMJDQ4ZM72CY,01KZRRGW14J5MRZ241JHXYMPE5,2020-02-23,,,,delivered,4550.00,2026-08-23 16:20:22.999897+08,2026-08-23 16:20:22.999897+08
01M0MX49WGJA1646PK3JW64P68,01KZRW4877ASYYCMJDQ4ZM72CY,01KZRRGW14J5MRZ241JHXYMPE5,2020-06-03,,,,pending,2450.00,2026-08-23 16:20:22.999897+08,2026-08-23 16:20:22.999897+08
01M0MX49WG6CKSR7RME8BTEX6G,01KZRW4877ASYYCMJDQ4ZM72CY,01KZRRGW14J5MRZ241JHXYMPE5,2020-03-14,,,,processing,2765.00,2026-08-23 16:20:22.999897+08,2026-08-23 16:20:22.999897+08
01M0MX49WGAHXDZ0TS3H7Z0060,01KZRW4877ASYYCMJDQ4ZM72CY,01KZRRGW14J5MRZ241JHXYMPE5,2020-03-16,,,,cancelled,5250.00,2026-08-23 16:20:22.999897+08,2026-08-23 16:20:22.999897+08
01M0MX49WGJH0TR9Y4GRN4A6HZ,01KZRW4877ASYYCMJDQ4ZM72CY,01KZRRGW14J5MRZ241JHXYMPE5,2020-03-22,,,,pending,760.00,2026-08-23 16:20:22.999897+08,2026-08-23 16:20:22.999897+08
01M0MX49WGYQMJWNREN7F2C8PB,01KZRW4877ASYYCMJDQ4ZM72CY,01KZRRGW14J5MRZ241JHXYMPE5,2020-02-04,,,,delivered,8470.00,2026-08-23 16:20:22.999897+08,2026-08-23 16:20:22.999897+08
01M0MX49WGPW1ZCJ8X7CN2WD8V,01KZRW4877ASYYCMJDQ4ZM72CY,01KZRRGW14J5MRZ241JHXYMPE5,2020-09-04,,,,confirmed,3150.00,2026-08-23 16:20:22.999897+08,2026-08-23 16:20:22.999897+08
01M0MX49WGYS1PM8DK3GYE0JT6,01KZRW4877ASYYCMJDQ4ZM72CY,01KZRRGW14J5MRZ241JHXYMPE5,2020-04-13,,,,processing,7000.00,2026-08-23 16:20:22.999897+08,2026-08-23 16:20:22.999897+08
01M0MX49WG4TKERWJRAMX7R0S3,01KZRW4877ASYYCMJDQ4ZM72CY,01KZRRGW14J5MRZ241JHXYMPE5,2020-04-21,,,,confirmed,210.00,2026-08-23 16:20:22.999897+08,2026-08-23 16:20:22.999897+08
01M0MX49WG3SSN0YPYE2S7W5EQ,01KZRW4877ASYYCMJDQ4ZM72CY,01KZRRGW14J5MRZ241JHXYMPE5,2020-05-05,,,,confirmed,5270.00,2026-08-23 16:20:22.999897+08,2026-08-23 16:20:22.999897+08
01M0MX49WGFKZX5NNAEDK8E550,01KZRW4877ASYYCMJDQ4ZM72CY,01KZRRGW14J5MRZ241JHXYMPE5,2020-09-05,,,,confirmed,2885.00,2026-08-23 16:20:22.999897+08,2026-08-23 16:20:22.999897+08
01M0MX49WGNRA5YTDHJR69TNJJ,01KZRW4877ASYYCMJDQ4ZM72CY,01KZRRGW14J5MRZ241JHXYMPE5,2020-02-06,,,,confirmed,215.00,2026-08-23 16:20:22.999897+08,2026-08-23 16:20:22.999897+08
01M0MX49WG6KWK6GVYPGZFC7WB,01KZRW4877ASYYCMJDQ4ZM72CY,01KZRRGW14J5MRZ241JHXYMPE5,2020-08-06,,,,cancelled,14760.00,2026-08-23 16:20:22.999897+08,2026-08-23 16:20:22.999897+08
01M0MX49WGGYMSGAE43BFZQ05D,01KZRW4877ASYYCMJDQ4ZM72CY,01KZRRGW14J5MRZ241JHXYMPE5,2020-06-20,,,,confirmed,5555.00,2026-08-23 16:20:22.999897+08,2026-08-23 16:20:22.999897+08
01M0MX49WGPAJD7ATEPFVP3TPK,01KZRW4877ASYYCMJDQ4ZM72CY,01KZRRGW14J5MRZ241JHXYMPE5,2020-06-23,,,,delivered,7000.00,2026-08-23 16:20:22.999897+08,2026-08-23 16:20:22.999897+08
01M0MX49WGHEFF9M60H315CKGC,01KZRW4877ASYYCMJDQ4ZM72CY,01KZRRGW14J5MRZ241JHXYMPE5,2020-02-07,,,,delivered,2380.00,2026-08-23 16:20:22.999897+08,2026-08-23 16:20:22.999897+08
01M0MX49WGM8A13ZHYDFJ7RDH8,01KZRW4877ASYYCMJDQ4ZM72CY,01KZRRGW14J5MRZ241JHXYMPE5,2020-08-07,,,,confirmed,4900.00,2026-08-23 16:20:22.999897+08,2026-08-23 16:20:22.999897+08
01M0MX49WGWQWHSMR1SQ79FDET,01KZRW4877ASYYCMJDQ4ZM72CY,01KZRRGW14J5MRZ241JHXYMPE5,2020-07-20,,,,delivered,475.00,2026-08-23 16:20:22.999897+08,2026-08-23 16:20:22.999897+08
01M0MX49WG001HN4ENDZWM2H6J,01KZRW4877ASYYCMJDQ4ZM72CY,01KZRRGW14J5MRZ241JHXYMPE5,2020-07-22,,,,processing,8900.00,2026-08-23 16:20:22.999897+08,2026-08-23 16:20:22.999897+08
01M0MX49WG3T5FADEQ97G8N9CN,01KZRW4877ASYYCMJDQ4ZM72CY,01KZRRGW14J5MRZ241JHXYMPE5,2020-04-08,,,,delivered,4228.00,2026-08-23 16:20:22.999897+08,2026-08-23 16:20:22.999897+08
01M0MX49WG8PDB8WXPN0FX7D8W,01KZRW4877ASYYCMJDQ4ZM72CY,01KZRRGW14J5MRZ241JHXYMPE5,2020-10-08,,,,pending,6650.00,2026-08-23 16:20:22.999897+08,2026-08-23 16:20:22.999897+08
01M0MX49WGB0DFFSZAA04093EY,01KZRW4877ASYYCMJDQ4ZM72CY,01KZRRGW14J5MRZ241JHXYMPE5,2020-08-13,,,,cancelled,1050.00,2026-08-23 16:20:22.999897+08,2026-08-23 16:20:22.999897+08
01M0MX49WGDDTNTRVY2EVT20NA,01KZRW4877ASYYCMJDQ4ZM72CY,01KZRRGW14J5MRZ241JHXYMPE5,2020-08-18,,,,processing,3925.00,2026-08-23 16:20:22.999897+08,2026-08-23 16:20:22.999897+08
01M0MX49WG2D74ZXRT6WB4JNHF,01KZRW4877ASYYCMJDQ4ZM72CY,01KZRRGW14J5MRZ241JHXYMPE5,2020-08-23,,,,confirmed,700.00,2026-08-23 16:20:22.999897+08,2026-08-23 16:20:22.999897+08
01M0MX49WGWWGNAF1DYMAQTW4J,01KZRW4877ASYYCMJDQ4ZM72CY,01KZRRGW14J5MRZ241JHXYMPE5,2020-04-09,,,,processing,5290.00,2026-08-23 16:20:22.999897+08,2026-08-23 16:20:22.999897+08
01M0MX49WG74Q68TGPS3FVC3ND,01KZRW4877ASYYCMJDQ4ZM72CY,01KZRRGW14J5MRZ241JHXYMPE5,2020-12-09,,,,confirmed,3500.00,2026-08-23 16:20:22.999897+08,2026-08-23 16:20:22.999897+08
01M0MX49WGCTCB32YZXTD3K2FQ,01KZRW4877ASYYCMJDQ4ZM72CY,01KZRRGW14J5MRZ241JHXYMPE5,2020-09-16,,,,confirmed,3850.00,2026-08-23 16:20:22.999897+08,2026-08-23 16:20:22.999897+08
01M0MX49WGPAQ8GVD63S99YPF2,01KZRW4877ASYYCMJDQ4ZM72CY,01KZRRGW14J5MRZ241JHXYMPE5,2020-09-22,,,,delivered,6300.00,2026-08-23 16:20:22.999897+08,2026-08-23 16:20:22.999897+08
01M0MX49WG3KNJE83CY0BRMS09,01KZRW4877ASYYCMJDQ4ZM72CY,01KZRRGW14J5MRZ241JHXYMPE5,2020-01-10,,,,confirmed,1778.00,2026-08-23 16:20:22.999897+08,2026-08-23 16:20:22.999897+08
01M0MX49WGNAS5HP2TBQY6558F,01KZRW4877ASYYCMJDQ4ZM72CY,01KZRRGW14J5MRZ241JHXYMPE5,2020-07-10,,,,pending,3935.00,2026-08-23 16:20:22.999897+08,2026-08-23 16:20:22.999897+08
01M0MX49WGD4NJ4JWGXGJB0K76,01KZRW4877ASYYCMJDQ4ZM72CY,01KZRRGW14J5MRZ241JHXYMPE5,2020-10-15,,,,confirmed,4020.00,2026-08-23 16:20:22.999897+08,2026-08-23 16:20:22.999897+08
01M0MX49WG50THBSE9NGSVQFNR,01KZRW4877ASYYCMJDQ4ZM72CY,01KZRRGW14J5MRZ241JHXYMPE5,2020-10-24,,,,pending,7560.00,2026-08-23 16:20:22.999897+08,2026-08-23 16:20:22.999897+08
01M0MX49WGRFS1XBG8QVSFNEFE,01KZRW4877ASYYCMJDQ4ZM72CY,01KZRRGW14J5MRZ241JHXYMPE5,2020-02-11,,,,confirmed,9100.00,2026-08-23 16:20:22.999897+08,2026-08-23 16:20:22.999897+08
01M0MX49WGKWWH47GSWRVWWT7N,01KZRW4877ASYYCMJDQ4ZM72CY,01KZRRGW14J5MRZ241JHXYMPE5,2020-11-13,,,,delivered,8400.00,2026-08-23 16:20:22.999897+08,2026-08-23 16:20:22.999897+08
01M0MX49WGYZV1AJNK0D3BMH9Q,01KZRW4877ASYYCMJDQ4ZM72CY,01KZRRGW14J5MRZ241JHXYMPE5,2020-11-21,,,,confirmed,4790.00,2026-08-23 16:20:22.999897+08,2026-08-23 16:20:22.999897+08
01M0MX49WGAM95XCYZ1V4S24W1,01KZRW4877ASYYCMJDQ4ZM72CY,01KZRRGW14J5MRZ241JHXYMPE5,2020-05-12,,,,confirmed,4165.00,2026-08-23 16:20:22.999897+08,2026-08-23 16:20:22.999897+08
01M0MX49WGA8ZYS857F4DVA08N,01KZRW4877ASYYCMJDQ4ZM72CY,01KZRRGW14J5MRZ241JHXYMPE5,2020-09-12,,,,cancelled,7415.00,2026-08-23 16:20:22.999897+08,2026-08-23 16:20:22.999897+08
01M0MX49WG3PF6MCT1H7SVV391,01KZRW4877ASYYCMJDQ4ZM72CY,01KZRRGW14J5MRZ241JHXYMPE5,2020-12-14,,,,delivered,7245.00,2026-08-23 16:20:22.999897+08,2026-08-23 16:20:22.999897+08
01M0MX49WHA2FQYG6SX1WMQRRW,01KZRW4877ASYYCMJDQ4ZM72CY,01KZRRGW14J5MRZ241JHXYMPE5,2020-12-17,,,,pending,5495.00,2026-08-23 16:20:22.999897+08,2026-08-23 16:20:22.999897+08
01M0MX49WHN1EJNFR7DZ50QHEY,01KZRW4877ASYYCMJDQ4ZM72CY,01KZRRGW14J5MRZ241JHXYMPE5,2020-12-22,,,,pending,350.00,2026-08-23 16:20:22.999897+08,2026-08-23 16:20:22.999897+08
01M0MX49WHDVRXVNJE1A1SQTPF,01KZRW4877ASYYCMJDQ4ZM72CY,01KZRRGW14Z2V2BPKDSQ6DKV67,2020-02-01,,,,cancelled,11900.00,2026-08-23 16:20:22.999897+08,2026-08-23 16:20:22.999897+08
01M0MX49WHQSD0NE26C09A2AMG,01KZRW4877ASYYCMJDQ4ZM72CY,01KZRRGW14Z2V2BPKDSQ6DKV67,2020-01-21,,,,delivered,12110.00,2026-08-23 16:20:22.999897+08,2026-08-23 16:20:22.999897+08
01M0MX49WHGD0BJ8VCVH7Y26T1,01KZRW4877ASYYCMJDQ4ZM72CY,01KZRRGW14Z2V2BPKDSQ6DKV67,2020-09-02,,,,pending,6115.00,2026-08-23 16:20:22.999897+08,2026-08-23 16:20:22.999897+08
01M0MX49WHDPXZ7CPX66J65CQ1,01KZRW4877ASYYCMJDQ4ZM72CY,01KZRRGW14Z2V2BPKDSQ6DKV67,2020-11-02,,,,delivered,1690.00,2026-08-23 16:20:22.999897+08,2026-08-23 16:20:22.999897+08
01M0MX49WHHY5SCET923GGW8VV,01KZRW4877ASYYCMJDQ4ZM72CY,01KZRRGW14Z2V2BPKDSQ6DKV67,2020-02-18,,,,confirmed,1810.00,2026-08-23 16:20:22.999897+08,2026-08-23 16:20:22.999897+08
01M0MX49WHQ26TKWC6PRTRZK24,01KZRW4877ASYYCMJDQ4ZM72CY,01KZRRGW14Z2V2BPKDSQ6DKV67,2020-02-23,,,,cancelled,1995.00,2026-08-23 16:20:22.999897+08,2026-08-23 16:20:22.999897+08
01M0MX49WHANMKF9KTJMBMAX1G,01KZRW4877ASYYCMJDQ4ZM72CY,01KZRRGW14Z2V2BPKDSQ6DKV67,2020-01-03,,,,confirmed,480.00,2026-08-23 16:20:22.999897+08,2026-08-23 16:20:22.999897+08
01M0MX49WHC69Y84TSKP4JZB2X,01KZRW4877ASYYCMJDQ4ZM72CY,01KZRRGW14Z2V2BPKDSQ6DKV67,2020-10-03,,,,delivered,180.00,2026-08-23 16:20:22.999897+08,2026-08-23 16:20:22.999897+08
01M0MX49WHH3FMYT443S33TM0K,01KZRW4877ASYYCMJDQ4ZM72CY,01KZRRGW14Z2V2BPKDSQ6DKV67,2020-11-03,,,,confirmed,3895.00,2026-08-23 16:20:22.999897+08,2026-08-23 16:20:22.999897+08
01M0MX49WH6QC1BQTF9JEXRQCP,01KZRW4877ASYYCMJDQ4ZM72CY,01KZRRGW14Z2V2BPKDSQ6DKV67,2020-03-17,,,,delivered,2800.00,2026-08-23 16:20:22.999897+08,2026-08-23 16:20:22.999897+08
01M0MX49WH0TN5GF9QDAY54F58,01KZRW4877ASYYCMJDQ4ZM72CY,01KZRRGW14Z2V2BPKDSQ6DKV67,2020-09-04,,,,confirmed,2310.00,2026-08-23 16:20:22.999897+08,2026-08-23 16:20:22.999897+08
01M0MX49WHZC86KFY6W0RJD8GH,01KZRW4877ASYYCMJDQ4ZM72CY,01KZRRGW14Z2V2BPKDSQ6DKV67,2020-12-04,,,,delivered,460.00,2026-08-23 16:20:22.999897+08,2026-08-23 16:20:22.999897+08
01M0MX49WHPWVX254CN8YZ4V4R,01KZRW4877ASYYCMJDQ4ZM72CY,01KZRRGW14Z2V2BPKDSQ6DKV67,2020-04-19,,,,pending,6855.00,2026-08-23 16:20:22.999897+08,2026-08-23 16:20:22.999897+08
01M0MX49WH5HVDDS17GH080SQN,01KZRW4877ASYYCMJDQ4ZM72CY,01KZRRGW14Z2V2BPKDSQ6DKV67,2020-04-23,,,,delivered,2600.00,2026-08-23 16:20:22.999897+08,2026-08-23 16:20:22.999897+08
01M0MX49WHHF3GCYAPVRFHMSQ2,01KZRW4877ASYYCMJDQ4ZM72CY,01KZRRGW14Z2V2BPKDSQ6DKV67,2020-05-05,,,,delivered,7000.00,2026-08-23 16:20:22.999897+08,2026-08-23 16:20:22.999897+08
01M0MX49WH7D5P4A1MTZG5XE64,01KZRW4877ASYYCMJDQ4ZM72CY,01KZRRGW14Z2V2BPKDSQ6DKV67,2020-08-05,,,,delivered,5640.00,2026-08-23 16:20:22.999897+08,2026-08-23 16:20:22.999897+08
01M0MX49WH1VD50GK03013WYY3,01KZRW4877ASYYCMJDQ4ZM72CY,01KZRRGW14Z2V2BPKDSQ6DKV67,2020-05-13,,,,confirmed,1881.00,2026-08-23 16:20:22.999897+08,2026-08-23 16:20:22.999897+08
01M0MX49WH1NMZ39B8H90RZVNP,01KZRW4877ASYYCMJDQ4ZM72CY,01KZRRGW14Z2V2BPKDSQ6DKV67,2020-05-20,,,,pending,2120.00,2026-08-23 16:20:22.999897+08,2026-08-23 16:20:22.999897+08
01M0MX49WHQPEYQK6STMZXXAH8,01KZRW4877ASYYCMJDQ4ZM72CY,01KZRRGW14Z2V2BPKDSQ6DKV67,2020-05-23,,,,delivered,7700.00,2026-08-23 16:20:22.999897+08,2026-08-23 16:20:22.999897+08
01M0MX49WHH18ZRKX0X81HHVM9,01KZRW4877ASYYCMJDQ4ZM72CY,01KZRRGW14Z2V2BPKDSQ6DKV67,2020-03-06,,,,confirmed,6165.00,2026-08-23 16:20:22.999897+08,2026-08-23 16:20:22.999897+08
01M0MX49WH7SWFK2VHNVR0FQ4G,01KZRW4877ASYYCMJDQ4ZM72CY,01KZRRGW14Z2V2BPKDSQ6DKV67,2020-06-06,,,,delivered,8420.00,2026-08-23 16:20:22.999897+08,2026-08-23 16:20:22.999897+08
01M0MX49WHV0V65BD0884RT16W,01KZRW4877ASYYCMJDQ4ZM72CY,01KZRRGW14Z2V2BPKDSQ6DKV67,2020-06-13,,,,confirmed,9835.00,2026-08-23 16:20:22.999897+08,2026-08-23 16:20:22.999897+08
01M0MX49WHN6PNHPMYB8AXHHK5,01KZRW4877ASYYCMJDQ4ZM72CY,01KZRRGW14Z2V2BPKDSQ6DKV67,2020-06-20,,,,delivered,570.00,2026-08-23 16:20:22.999897+08,2026-08-23 16:20:22.999897+08
01M0MX49WHQTRGJH99XV4WBN5V,01KZRW4877ASYYCMJDQ4ZM72CY,01KZRRGW14Z2V2BPKDSQ6DKV67,2020-06-24,,,,delivered,5320.00,2026-08-23 16:20:22.999897+08,2026-08-23 16:20:22.999897+08
01M0MX49WHSA6X4F4J9FJR1F49,01KZRW4877ASYYCMJDQ4ZM72CY,01KZRRGW14Z2V2BPKDSQ6DKV67,2020-02-07,,,,confirmed,3360.00,2026-08-23 16:20:22.999897+08,2026-08-23 16:20:22.999897+08
01M0MX49WHYQM644GFNT8K28M9,01KZRW4877ASYYCMJDQ4ZM72CY,01KZRRGW14Z2V2BPKDSQ6DKV67,2020-08-07,,,,delivered,1120.00,2026-08-23 16:20:22.999897+08,2026-08-23 16:20:22.999897+08
01M0MX49WH9B94EZGT03VPNYMD,01KZRW4877ASYYCMJDQ4ZM72CY,01KZRRGW14Z2V2BPKDSQ6DKV67,2020-07-13,,,,processing,1610.00,2026-08-23 16:20:22.999897+08,2026-08-23 16:20:22.999897+08
01M0MX49WHRG0KMKA1T7TCTABM,01KZRW4877ASYYCMJDQ4ZM72CY,01KZRRGW14Z2V2BPKDSQ6DKV67,2020-07-19,,,,delivered,7350.00,2026-08-23 16:20:22.999897+08,2026-08-23 16:20:22.999897+08
01M0MX49WHNEEDJH64F4CK56B3,01KZRW4877ASYYCMJDQ4ZM72CY,01KZRRGW14Z2V2BPKDSQ6DKV67,2020-08-08,,,,processing,6680.00,2026-08-23 16:20:22.999897+08,2026-08-23 16:20:22.999897+08
01M0MX49WHYM4JQ8RQNYRC938M,01KZRW4877ASYYCMJDQ4ZM72CY,01KZRRGW14Z2V2BPKDSQ6DKV67,2020-09-18,,,,pending,3060.00,2026-08-23 16:20:22.999897+08,2026-08-23 16:20:22.999897+08
01M0MX49WH0GTKN928DGJ1TXX1,01KZRW4877ASYYCMJDQ4ZM72CY,01KZRRGW14Z2V2BPKDSQ6DKV67,2020-09-21,,,,delivered,6825.00,2026-08-23 16:20:22.999897+08,2026-08-23 16:20:22.999897+08
01M0MX49WHMX95J1ZZQ9CSRBK3,01KZRW4877ASYYCMJDQ4ZM72CY,01KZRRGW14Z2V2BPKDSQ6DKV67,2020-05-10,,,,confirmed,7120.00,2026-08-23 16:20:22.999897+08,2026-08-23 16:20:22.999897+08
01M0MX49WHY3CT3TGCDTN72QBC,01KZRW4877ASYYCMJDQ4ZM72CY,01KZRRGW14Z2V2BPKDSQ6DKV67,2020-09-10,,,,pending,2450.00,2026-08-23 16:20:22.999897+08,2026-08-23 16:20:22.999897+08
01M0MX49WHSWHSBQBFR0NHSVHH,01KZRW4877ASYYCMJDQ4ZM72CY,01KZRRGW14Z2V2BPKDSQ6DKV67,2020-10-16,,,,processing,6748.00,2026-08-23 16:20:22.999897+08,2026-08-23 16:20:22.999897+08
01M0MX49WHYZ8MZCM9X2M6KHDS,01KZRW4877ASYYCMJDQ4ZM72CY,01KZRRGW14Z2V2BPKDSQ6DKV67,2020-10-21,,,,delivered,1400.00,2026-08-23 16:20:22.999897+08,2026-08-23 16:20:22.999897+08
01M0MX49WHZT4TTYM3CM57SWD3,01KZRW4877ASYYCMJDQ4ZM72CY,01KZRRGW14Z2V2BPKDSQ6DKV67,2020-04-11,,,,processing,315.00,2026-08-23 16:20:22.999897+08,2026-08-23 16:20:22.999897+08
01M0MX49WHSH4CA7F1XR24BBNY,01KZRW4877ASYYCMJDQ4ZM72CY,01KZRRGW14Z2V2BPKDSQ6DKV67,2020-09-11,,,,delivered,15.00,2026-08-23 16:20:22.999897+08,2026-08-23 16:20:22.999897+08
01M0MX49WHTQ0Y0KV73ENBXYKA,01KZRW4877ASYYCMJDQ4ZM72CY,01KZRRGW14Z2V2BPKDSQ6DKV67,2020-11-13,,,,processing,425.00,2026-08-23 16:20:22.999897+08,2026-08-23 16:20:22.999897+08
01M0MX49WHFWW6GQM01T1J3Z1M,01KZRW4877ASYYCMJDQ4ZM72CY,01KZRRGW14Z2V2BPKDSQ6DKV67,2020-11-23,,,,pending,210.00,2026-08-23 16:20:22.999897+08,2026-08-23 16:20:22.999897+08
01M0MX49WHETXVCEK6H3VJY365,01KZRW4877ASYYCMJDQ4ZM72CY,01KZRRGW14Z2V2BPKDSQ6DKV67,2020-05-12,,,,confirmed,2170.00,2026-08-23 16:20:22.999897+08,2026-08-23 16:20:22.999897+08
01M0MX49WHM03V9VWED25MMB40,01KZRW4877ASYYCMJDQ4ZM72CY,01KZRRGW14Z2V2BPKDSQ6DKV67,2020-08-12,,,,confirmed,1690.00,2026-08-23 16:20:22.999897+08,2026-08-23 16:20:22.999897+08
01M0MX49WH1WA8EJ8CYTZ2EJGS,01KZRW4877ASYYCMJDQ4ZM72CY,01KZRRGW14Z2V2BPKDSQ6DKV67,2020-11-12,,,,pending,6650.00,2026-08-23 16:20:22.999897+08,2026-08-23 16:20:22.999897+08
01M0MX49WHD5XCKAXWSAKE2X1C,01KZRW4877ASYYCMJDQ4ZM72CY,01KZRRGW14Z2V2BPKDSQ6DKV67,2020-12-19,,,,pending,90.00,2026-08-23 16:20:22.999897+08,2026-08-23 16:20:22.999897+08
01M0MX49WHG0S6C0T85KHEBQHW,01KZRW4877ASYYCMJDQ4ZM72CY,01KZRRGW14Z2V2BPKDSQ6DKV67,2020-12-21,,,,delivered,9045.00,2026-08-23 16:20:22.999897+08,2026-08-23 16:20:22.999897+08
01M0MX49WH0VHVAN8QXMQ6HBHG,01KZRW4877DZMG7S8EQEYF7D89,01KZRRGW142RC6MARTSS19R7GK,2020-01-01,,,,delivered,4980.00,2026-08-23 16:20:22.999897+08,2026-08-23 16:20:22.999897+08
01M0MX49WH2WWH1E0AC06QMK53,01KZRW4877DZMG7S8EQEYF7D89,01KZRRGW142RC6MARTSS19R7GK,2020-08-01,,,,processing,700.00,2026-08-23 16:20:22.999897+08,2026-08-23 16:20:22.999897+08
01M0MX49WHQPT6NCD77P6NE0YA,01KZRW4877DZMG7S8EQEYF7D89,01KZRRGW142RC6MARTSS19R7GK,2020-11-01,,,,delivered,4560.00,2026-08-23 16:20:22.999897+08,2026-08-23 16:20:22.999897+08
01M0MX49WH77ANNY9D76M5H982,01KZRW4877DZMG7S8EQEYF7D89,01KZRRGW142RC6MARTSS19R7GK,2020-01-18,,,,delivered,1540.00,2026-08-23 16:20:22.999897+08,2026-08-23 16:20:22.999897+08
01M0MX49WHG6SJTJF4P54SJY3Y,01KZRW4877DZMG7S8EQEYF7D89,01KZRRGW142RC6MARTSS19R7GK,2020-01-22,,,,pending,4190.00,2026-08-23 16:20:22.999897+08,2026-08-23 16:20:22.999897+08
01M0MX49WH2NJW68P0HXGJP0DN,01KZRW4877DZMG7S8EQEYF7D89,01KZRRGW142RC6MARTSS19R7GK,2020-06-02,,,,cancelled,4900.00,2026-08-23 16:20:22.999897+08,2026-08-23 16:20:22.999897+08
01M0MX49WHRXPW4XJSDEAAQ9MV,01KZRW4877DZMG7S8EQEYF7D89,01KZRRGW142RC6MARTSS19R7GK,2020-02-20,,,,pending,6170.00,2026-08-23 16:20:22.999897+08,2026-08-23 16:20:22.999897+08
01M0MX49WHCQ7HGQ2CRZCF9MQ8,01KZRW4877DZMG7S8EQEYF7D89,01KZRRGW142RC6MARTSS19R7GK,2020-02-21,,,,pending,1075.00,2026-08-23 16:20:22.999897+08,2026-08-23 16:20:22.999897+08
01M0MX49WH7R3CZC9BFA19DVQV,01KZRW4877DZMG7S8EQEYF7D89,01KZRRGW142RC6MARTSS19R7GK,2020-02-03,,,,cancelled,8135.00,2026-08-23 16:20:22.999897+08,2026-08-23 16:20:22.999897+08
01M0MX49WH07013P4N906X80PQ,01KZRW4877DZMG7S8EQEYF7D89,01KZRRGW142RC6MARTSS19R7GK,2020-03-19,,,,delivered,330.00,2026-08-23 16:20:22.999897+08,2026-08-23 16:20:22.999897+08
01M0MX49WHHW8ZRT3EXSXWPQ9K,01KZRW4877DZMG7S8EQEYF7D89,01KZRRGW142RC6MARTSS19R7GK,2020-03-22,,,,confirmed,12250.00,2026-08-23 16:20:22.999897+08,2026-08-23 16:20:22.999897+08
01M0MX49WH1Y8YEQHFGSE8WBGW,01KZRW4877DZMG7S8EQEYF7D89,01KZRRGW142RC6MARTSS19R7GK,2020-04-04,,,,processing,5250.00,2026-08-23 16:20:22.999897+08,2026-08-23 16:20:22.999897+08
01M0MX49WH6NXVC8YPEJ4XBTZH,01KZRW4877DZMG7S8EQEYF7D89,01KZRRGW142RC6MARTSS19R7GK,2020-09-04,,,,delivered,5930.00,2026-08-23 16:20:22.999897+08,2026-08-23 16:20:22.999897+08
01M0MX49WHC5XXXWSB93KF5HZA,01KZRW4877DZMG7S8EQEYF7D89,01KZRRGW142RC6MARTSS19R7GK,2020-11-04,,,,cancelled,4960.00,2026-08-23 16:20:22.999897+08,2026-08-23 16:20:22.999897+08
01M0MX49WHXKDYTAVWFTGT9KYP,01KZRW4877DZMG7S8EQEYF7D89,01KZRRGW142RC6MARTSS19R7GK,2020-04-23,,,,delivered,11935.00,2026-08-23 16:20:22.999897+08,2026-08-23 16:20:22.999897+08
01M0MX49WHP5M3S08CNNDPGG4E,01KZRW4877DZMG7S8EQEYF7D89,01KZRRGW142RC6MARTSS19R7GK,2020-04-05,,,,confirmed,2197.00,2026-08-23 16:20:22.999897+08,2026-08-23 16:20:22.999897+08
01M0MX49WHZGPCWFYEB4CRZCDY,01KZRW4877DZMG7S8EQEYF7D89,01KZRRGW142RC6MARTSS19R7GK,2020-06-05,,,,pending,5710.00,2026-08-23 16:20:22.999897+08,2026-08-23 16:20:22.999897+08
01M0MX49WH2VPHYZE2Q237SSSD,01KZRW4877DZMG7S8EQEYF7D89,01KZRRGW142RC6MARTSS19R7GK,2020-05-16,,,,confirmed,1940.00,2026-08-23 16:20:22.999897+08,2026-08-23 16:20:22.999897+08
01M0MX49WHH3YBRC7EAWDPW614,01KZRW4877DZMG7S8EQEYF7D89,01KZRRGW142RC6MARTSS19R7GK,2020-05-24,,,,confirmed,165.00,2026-08-23 16:20:22.999897+08,2026-08-23 16:20:22.999897+08
01M0MX49WH5SC79K5CPJ7W7TDY,01KZRW4877DZMG7S8EQEYF7D89,01KZRRGW142RC6MARTSS19R7GK,2020-01-06,,,,delivered,6650.00,2026-08-23 16:20:22.999897+08,2026-08-23 16:20:22.999897+08
01M0MX49WHCSWRXZBXY69WCH4G,01KZRW4877DZMG7S8EQEYF7D89,01KZRRGW142RC6MARTSS19R7GK,2020-06-06,,,,delivered,720.00,2026-08-23 16:20:22.999897+08,2026-08-23 16:20:22.999897+08
01M0MX49WHN2FWX5E8KCDJAAY0,01KZRW4877DZMG7S8EQEYF7D89,01KZRRGW142RC6MARTSS19R7GK,2020-06-14,,,,pending,7380.00,2026-08-23 16:20:22.999897+08,2026-08-23 16:20:22.999897+08
01M0MX49WHXME29EB90VQPW4G8,01KZRW4877DZMG7S8EQEYF7D89,01KZRRGW142RC6MARTSS19R7GK,2020-06-17,,,,delivered,1400.00,2026-08-23 16:20:22.999897+08,2026-08-23 16:20:22.999897+08
01M0MX49WHKHR62WCBRWHWA92P,01KZRW4877DZMG7S8EQEYF7D89,01KZRRGW142RC6MARTSS19R7GK,2020-06-24,,,,delivered,6961.00,2026-08-23 16:20:22.999897+08,2026-08-23 16:20:22.999897+08
01M0MX49WHCZ28P8DNG6TXVSVM,01KZRW4877DZMG7S8EQEYF7D89,01KZRRGW142RC6MARTSS19R7GK,2020-03-07,,,,processing,7975.00,2026-08-23 16:20:22.999897+08,2026-08-23 16:20:22.999897+08
01M0MX49WHY3Y4NX3MST0M47RK,01KZRW4877DZMG7S8EQEYF7D89,01KZRRGW142RC6MARTSS19R7GK,2020-12-07,,,,confirmed,575.00,2026-08-23 16:20:22.999897+08,2026-08-23 16:20:22.999897+08
01M0MX49WHV60REJTZCZSYKEWM,01KZRW4877DZMG7S8EQEYF7D89,01KZRRGW142RC6MARTSS19R7GK,2020-06-08,,,,delivered,2100.00,2026-08-23 16:20:22.999897+08,2026-08-23 16:20:22.999897+08
01M0MX49WHQ5KGHFENQBKV4KVN,01KZRW4877DZMG7S8EQEYF7D89,01KZRRGW142RC6MARTSS19R7GK,2020-08-13,,,,delivered,3500.00,2026-08-23 16:20:22.999897+08,2026-08-23 16:20:22.999897+08
01M0MX49WHGN7RP5S8X3BRJD2K,01KZRW4877DZMG7S8EQEYF7D89,01KZRRGW142RC6MARTSS19R7GK,2020-08-17,,,,delivered,2100.00,2026-08-23 16:20:22.999897+08,2026-08-23 16:20:22.999897+08
01M0MX49WHWYKD99BQ6R7GSZEF,01KZRW4877DZMG7S8EQEYF7D89,01KZRRGW142RC6MARTSS19R7GK,2020-05-09,,,,delivered,4345.00,2026-08-23 16:20:22.999897+08,2026-08-23 16:20:22.999897+08
01M0MX49WH5V5Z7W020JETDSVS,01KZRW4877DZMG7S8EQEYF7D89,01KZRRGW142RC6MARTSS19R7GK,2020-10-09,,,,pending,8330.00,2026-08-23 16:20:22.999897+08,2026-08-23 16:20:22.999897+08
01M0MX49WH139A5WFY3EVDTGRW,01KZRW4877DZMG7S8EQEYF7D89,01KZRRGW142RC6MARTSS19R7GK,2020-09-17,,,,cancelled,880.00,2026-08-23 16:20:22.999897+08,2026-08-23 16:20:22.999897+08
01M0MX49WHX21RFPPDGFDBJB2M,01KZRW4877DZMG7S8EQEYF7D89,01KZRRGW142RC6MARTSS19R7GK,2020-09-25,,,,confirmed,315.00,2026-08-23 16:20:22.999897+08,2026-08-23 16:20:22.999897+08
01M0MX49WHPR0EQ65CS0D15J7Z,01KZRW4877DZMG7S8EQEYF7D89,01KZRRGW142RC6MARTSS19R7GK,2020-01-10,,,,confirmed,4774.00,2026-08-23 16:20:22.999897+08,2026-08-23 16:20:22.999897+08
01M0MX49WHSXBNSQXHYM878SPZ,01KZRW4877DZMG7S8EQEYF7D89,01KZRRGW142RC6MARTSS19R7GK,2020-10-10,,,,delivered,990.00,2026-08-23 16:20:22.999897+08,2026-08-23 16:20:22.999897+08
01M0MX49WHT12BB3Q7FHDJRQR2,01KZRW4877DZMG7S8EQEYF7D89,01KZRRGW142RC6MARTSS19R7GK,2020-11-10,,,,delivered,6190.00,2026-08-23 16:20:22.999897+08,2026-08-23 16:20:22.999897+08
01M0MX49WH4NT522MYC1ZEBNX7,01KZRW4877DZMG7S8EQEYF7D89,01KZRRGW142RC6MARTSS19R7GK,2020-10-16,,,,delivered,540.00,2026-08-23 16:20:22.999897+08,2026-08-23 16:20:22.999897+08
01M0MX49WHMP1WV47R60DYNSA4,01KZRW4877DZMG7S8EQEYF7D89,01KZRRGW142RC6MARTSS19R7GK,2020-10-25,,,,processing,2725.00,2026-08-23 16:20:22.999897+08,2026-08-23 16:20:22.999897+08
01M0MX49WHK56PSW4GBZ3VGNTE,01KZRW4877DZMG7S8EQEYF7D89,01KZRRGW142RC6MARTSS19R7GK,2020-03-11,,,,processing,1904.00,2026-08-23 16:20:22.999897+08,2026-08-23 16:20:22.999897+08
01M0MX49WH9P3VG34H4RBF3Q5M,01KZRW4877DZMG7S8EQEYF7D89,01KZRRGW142RC6MARTSS19R7GK,2020-09-11,,,,cancelled,1940.00,2026-08-23 16:20:22.999897+08,2026-08-23 16:20:22.999897+08
01M0MX49WHGRZBSZNGQ4Z5QSZK,01KZRW4877DZMG7S8EQEYF7D89,01KZRRGW142RC6MARTSS19R7GK,2020-11-15,,,,delivered,3850.00,2026-08-23 16:20:22.999897+08,2026-08-23 16:20:22.999897+08
01M0MX49WHPJW0W95TRFE66Z82,01KZRW4877DZMG7S8EQEYF7D89,01KZRRGW142RC6MARTSS19R7GK,2020-11-19,,,,delivered,2205.00,2026-08-23 16:20:22.999897+08,2026-08-23 16:20:22.999897+08
01M0MX49WH2TYZXR40F7GCM60T,01KZRW4877DZMG7S8EQEYF7D89,01KZRRGW142RC6MARTSS19R7GK,2020-11-25,,,,delivered,360.00,2026-08-23 16:20:22.999897+08,2026-08-23 16:20:22.999897+08
01M0MX49WHX7XRK1XKHQWM5DPQ,01KZRW4877DZMG7S8EQEYF7D89,01KZRRGW142RC6MARTSS19R7GK,2020-05-12,,,,delivered,2965.00,2026-08-23 16:20:22.999897+08,2026-08-23 16:20:22.999897+08
01M0MX49WHNXCAX7SG093NA7W8,01KZRW4877DZMG7S8EQEYF7D89,01KZRRGW142RC6MARTSS19R7GK,2020-12-15,,,,pending,3395.00,2026-08-23 16:20:22.999897+08,2026-08-23 16:20:22.999897+08
01M0MX49WHA20HNQWEWW878EM8,01KZRW4877DZMG7S8EQEYF7D89,01KZRRGW142RC6MARTSS19R7GK,2020-12-19,,,,delivered,490.00,2026-08-23 16:20:22.999897+08,2026-08-23 16:20:22.999897+08
01M0MX49WHWEVQSRC1TR644SSV,01KZRW4877DZMG7S8EQEYF7D89,01KZRRGW142RC6MARTSS19R7GK,2020-12-21,,,,delivered,5250.00,2026-08-23 16:20:22.999897+08,2026-08-23 16:20:22.999897+08
01M0MX49WHAJ573XV4YMC0TMC4,01KZRW4877DZMG7S8EQEYF7D89,01KZRRGW14X9Y2N7Y1J43BS87F,2020-03-01,,,,pending,2100.00,2026-08-23 16:20:22.999897+08,2026-08-23 16:20:22.999897+08
01M0MX49WHR2ER312GBAXKQTFJ,01KZRW4877DZMG7S8EQEYF7D89,01KZRRGW14X9Y2N7Y1J43BS87F,2020-01-14,,,,confirmed,135.00,2026-08-23 16:20:22.999897+08,2026-08-23 16:20:22.999897+08
01M0MX49WH9B39JFW9TC6NSXX6,01KZRW4877DZMG7S8EQEYF7D89,01KZRRGW14X9Y2N7Y1J43BS87F,2020-01-20,,,,pending,2495.00,2026-08-23 16:20:22.999897+08,2026-08-23 16:20:22.999897+08
01M0MX49WHNM6A0BSQPEGN3EH0,01KZRW4877DZMG7S8EQEYF7D89,01KZRRGW14X9Y2N7Y1J43BS87F,2020-01-21,,,,confirmed,12190.00,2026-08-23 16:20:22.999897+08,2026-08-23 16:20:22.999897+08
01M0MX49WHQWEBF4C8KK2GJBD0,01KZRW4877DZMG7S8EQEYF7D89,01KZRRGW14X9Y2N7Y1J43BS87F,2020-04-02,,,,delivered,180.00,2026-08-23 16:20:22.999897+08,2026-08-23 16:20:22.999897+08
01M0MX49WH4FD8GGR803CVACE8,01KZRW4877DZMG7S8EQEYF7D89,01KZRRGW14X9Y2N7Y1J43BS87F,2020-10-02,,,,confirmed,11465.00,2026-08-23 16:20:22.999897+08,2026-08-23 16:20:22.999897+08
01M0MX49WHCG2YJ3P40CMXAYN6,01KZRW4877DZMG7S8EQEYF7D89,01KZRRGW14X9Y2N7Y1J43BS87F,2020-02-23,,,,confirmed,9250.00,2026-08-23 16:20:22.999897+08,2026-08-23 16:20:22.999897+08
01M0MX49WHYFBCESRRDQ4BR81H,01KZRW4877DZMG7S8EQEYF7D89,01KZRRGW14X9Y2N7Y1J43BS87F,2020-03-03,,,,confirmed,475.00,2026-08-23 16:20:22.999897+08,2026-08-23 16:20:22.999897+08
01M0MX49WHQFZKFZ3121HGSRDS,01KZRW4877DZMG7S8EQEYF7D89,01KZRRGW14X9Y2N7Y1J43BS87F,2020-06-03,,,,delivered,4115.00,2026-08-23 16:20:22.999897+08,2026-08-23 16:20:22.999897+08
01M0MX49WH03W5BGCHD8WK60KM,01KZRW4877DZMG7S8EQEYF7D89,01KZRRGW14X9Y2N7Y1J43BS87F,2020-03-13,,,,pending,5220.00,2026-08-23 16:20:22.999897+08,2026-08-23 16:20:22.999897+08
01M0MX49WHM72DST4XQD81TWQD,01KZRW4877DZMG7S8EQEYF7D89,01KZRRGW14X9Y2N7Y1J43BS87F,2020-03-16,,,,confirmed,5335.00,2026-08-23 16:20:22.999897+08,2026-08-23 16:20:22.999897+08
01M0MX49WHX40RNXPBVE4RQRGQ,01KZRW4877DZMG7S8EQEYF7D89,01KZRRGW14X9Y2N7Y1J43BS87F,2020-05-04,,,,processing,4030.00,2026-08-23 16:20:22.999897+08,2026-08-23 16:20:22.999897+08
01M0MX49WHC4T5Q4ZY26MGY255,01KZRW4877DZMG7S8EQEYF7D89,01KZRRGW14X9Y2N7Y1J43BS87F,2020-07-04,,,,delivered,12950.00,2026-08-23 16:20:22.999897+08,2026-08-23 16:20:22.999897+08
01M0MX49WHYJS44X6MWEY6QHAM,01KZRW4877DZMG7S8EQEYF7D89,01KZRRGW14X9Y2N7Y1J43BS87F,2020-04-25,,,,confirmed,1430.00,2026-08-23 16:20:22.999897+08,2026-08-23 16:20:22.999897+08
01M0MX49WHRFY2QRZKZ79K4Y89,01KZRW4877DZMG7S8EQEYF7D89,01KZRRGW14X9Y2N7Y1J43BS87F,2020-09-05,,,,delivered,1820.00,2026-08-23 16:20:22.999897+08,2026-08-23 16:20:22.999897+08
01M0MX49WHJ4YW6DFWE6XAZVSW,01KZRW4877DZMG7S8EQEYF7D89,01KZRRGW14X9Y2N7Y1J43BS87F,2020-12-05,,,,delivered,2675.00,2026-08-23 16:20:22.999897+08,2026-08-23 16:20:22.999897+08
01M0MX49WHFNMPD0XP2AKPDR7Y,01KZRW4877DZMG7S8EQEYF7D89,01KZRRGW14X9Y2N7Y1J43BS87F,2020-05-19,,,,processing,200.00,2026-08-23 16:20:22.999897+08,2026-08-23 16:20:22.999897+08
01M0MX49WH8TK4YGS9A0WD74FD,01KZRW4877DZMG7S8EQEYF7D89,01KZRRGW14X9Y2N7Y1J43BS87F,2020-05-25,,,,delivered,8015.00,2026-08-23 16:20:22.999897+08,2026-08-23 16:20:22.999897+08
01M0MX49WH0REWRHAYMNMJVY9J,01KZRW4877DZMG7S8EQEYF7D89,01KZRRGW14X9Y2N7Y1J43BS87F,2020-02-06,,,,delivered,5880.00,2026-08-23 16:20:22.999897+08,2026-08-23 16:20:22.999897+08
01M0MX49WH33N3343SHKYW50S5,01KZRW4877DZMG7S8EQEYF7D89,01KZRRGW14X9Y2N7Y1J43BS87F,2020-07-06,,,,pending,875.00,2026-08-23 16:20:22.999897+08,2026-08-23 16:20:22.999897+08
01M0MX49WH9TPM8DRB7HVG22CQ,01KZRW4877DZMG7S8EQEYF7D89,01KZRRGW14X9Y2N7Y1J43BS87F,2020-06-15,,,,delivered,3980.00,2026-08-23 16:20:22.999897+08,2026-08-23 16:20:22.999897+08
01M0MX49WH3HKZGJQCWWXASJND,01KZRW4877DZMG7S8EQEYF7D89,01KZRRGW14X9Y2N7Y1J43BS87F,2020-06-16,,,,cancelled,9100.00,2026-08-23 16:20:22.999897+08,2026-08-23 16:20:22.999897+08
01M0MX49WHJMHGF9QSWK4HCTE8,01KZRW4877DZMG7S8EQEYF7D89,01KZRRGW14X9Y2N7Y1J43BS87F,2020-07-14,,,,confirmed,270.00,2026-08-23 16:20:22.999897+08,2026-08-23 16:20:22.999897+08
01M0MX49WHFGVFCV718JY7KJA0,01KZRW4877DZMG7S8EQEYF7D89,01KZRRGW14X9Y2N7Y1J43BS87F,2020-07-17,,,,confirmed,2800.00,2026-08-23 16:20:22.999897+08,2026-08-23 16:20:22.999897+08
01M0MX49WHATFHCG4BEZDXYZRY,01KZRW4877DZMG7S8EQEYF7D89,01KZRRGW14X9Y2N7Y1J43BS87F,2020-07-21,,,,delivered,1100.00,2026-08-23 16:20:22.999897+08,2026-08-23 16:20:22.999897+08
01M0MX49WHS0V19YY285FA7VZJ,01KZRW4877DZMG7S8EQEYF7D89,01KZRRGW14X9Y2N7Y1J43BS87F,2020-04-08,,,,confirmed,4900.00,2026-08-23 16:20:22.999897+08,2026-08-23 16:20:22.999897+08
01M0MX49WHGNA5GW9NJ5ARZXQ7,01KZRW4877DZMG7S8EQEYF7D89,01KZRRGW14X9Y2N7Y1J43BS87F,2020-06-08,,,,confirmed,665.00,2026-08-23 16:20:22.999897+08,2026-08-23 16:20:22.999897+08
01M0MX49WH5AB40PWT3BHSCM3C,01KZRW4877DZMG7S8EQEYF7D89,01KZRRGW14X9Y2N7Y1J43BS87F,2020-12-08,,,,pending,10500.00,2026-08-23 16:20:22.999897+08,2026-08-23 16:20:22.999897+08
01M0MX49WHAT8MJYZ2HM04HXEY,01KZRW4877DZMG7S8EQEYF7D89,01KZRRGW14X9Y2N7Y1J43BS87F,2020-08-23,,,,cancelled,600.00,2026-08-23 16:20:22.999897+08,2026-08-23 16:20:22.999897+08
01M0MX49WHR0ZSF8G2NB1SWGF1,01KZRW4877DZMG7S8EQEYF7D89,01KZRRGW14X9Y2N7Y1J43BS87F,2020-04-09,,,,delivered,4900.00,2026-08-23 16:20:22.999897+08,2026-08-23 16:20:22.999897+08
01M0MX49WHNY5TNZQVQTDNGV5H,01KZRW4877DZMG7S8EQEYF7D89,01KZRRGW14X9Y2N7Y1J43BS87F,2020-10-09,,,,pending,9525.00,2026-08-23 16:20:22.999897+08,2026-08-23 16:20:22.999897+08
01M0MX49WHPHKXQDVJHKHENRT9,01KZRW4877DZMG7S8EQEYF7D89,01KZRRGW14X9Y2N7Y1J43BS87F,2020-09-13,,,,delivered,5880.00,2026-08-23 16:20:22.999897+08,2026-08-23 16:20:22.999897+08
01M0MX49WH41DZJ4Q8YH4Y5ENW,01KZRW4877DZMG7S8EQEYF7D89,01KZRRGW14X9Y2N7Y1J43BS87F,2020-09-16,,,,pending,9520.00,2026-08-23 16:20:22.999897+08,2026-08-23 16:20:22.999897+08
01M0MX49WH4Z4TJ108TRRD0PGX,01KZRW4877DZMG7S8EQEYF7D89,01KZRRGW14X9Y2N7Y1J43BS87F,2020-09-24,,,,delivered,12020.00,2026-08-23 16:20:22.999897+08,2026-08-23 16:20:22.999897+08
01M0MX49WH277NGCQQ3XJM55F3,01KZRW4877DZMG7S8EQEYF7D89,01KZRRGW14X9Y2N7Y1J43BS87F,2020-02-10,,,,delivered,5600.00,2026-08-23 16:20:22.999897+08,2026-08-23 16:20:22.999897+08
01M0MX49WH7KJM4MNABMRXG1BX,01KZRW4877DZMG7S8EQEYF7D89,01KZRRGW14X9Y2N7Y1J43BS87F,2020-10-10,,,,processing,3605.00,2026-08-23 16:20:22.999897+08,2026-08-23 16:20:22.999897+08
01M0MX49WHGTHEKGN99BQGMNB6,01KZRW4877DZMG7S8EQEYF7D89,01KZRRGW14X9Y2N7Y1J43BS87F,2020-11-10,,,,processing,3740.00,2026-08-23 16:20:22.999897+08,2026-08-23 16:20:22.999897+08
01M0MX49WHYWNMYK1W09SWQWM0,01KZRW4877DZMG7S8EQEYF7D89,01KZRRGW14X9Y2N7Y1J43BS87F,2020-10-20,,,,delivered,2800.00,2026-08-23 16:20:22.999897+08,2026-08-23 16:20:22.999897+08
01M0MX49WHTGZNN6WDCK6AM71C,01KZRW4877DZMG7S8EQEYF7D89,01KZRRGW14X9Y2N7Y1J43BS87F,2020-04-11,,,,processing,570.00,2026-08-23 16:20:22.999897+08,2026-08-23 16:20:22.999897+08
01M0MX49WHBRW3PNX92S3QTD0G,01KZRW4877DZMG7S8EQEYF7D89,01KZRRGW14X9Y2N7Y1J43BS87F,2020-08-11,,,,confirmed,7920.00,2026-08-23 16:20:22.999897+08,2026-08-23 16:20:22.999897+08
01M0MX49WHZ1YWJ69REV29D69J,01KZRW4877DZMG7S8EQEYF7D89,01KZRRGW14X9Y2N7Y1J43BS87F,2020-12-11,,,,processing,3260.00,2026-08-23 16:20:22.999897+08,2026-08-23 16:20:22.999897+08
01M0MX49WHAM0AEGWB0YRYVPGM,01KZRW4877DZMG7S8EQEYF7D89,01KZRRGW14X9Y2N7Y1J43BS87F,2020-11-18,,,,cancelled,8470.00,2026-08-23 16:20:22.999897+08,2026-08-23 16:20:22.999897+08
01M0MX49WHH9BM75NQQ4P49PZR,01KZRW4877DZMG7S8EQEYF7D89,01KZRRGW14X9Y2N7Y1J43BS87F,2020-11-22,,,,pending,3425.00,2026-08-23 16:20:22.999897+08,2026-08-23 16:20:22.999897+08
01M0MX49WHG8BYH5E78FW1JE2C,01KZRW4877DZMG7S8EQEYF7D89,01KZRRGW14X9Y2N7Y1J43BS87F,2020-02-12,,,,processing,8218.00,2026-08-23 16:20:22.999897+08,2026-08-23 16:20:22.999897+08
01M0MX49WH5PZFBBFZSFAZQE3T,01KZRW4877DZMG7S8EQEYF7D89,01KZRRGW14X9Y2N7Y1J43BS87F,2020-06-12,,,,pending,420.00,2026-08-23 16:20:22.999897+08,2026-08-23 16:20:22.999897+08
01M0MX49WH0D8JA6CN1AB8SCX2,01KZRW4877DZMG7S8EQEYF7D89,01KZRRGW14X9Y2N7Y1J43BS87F,2020-12-15,,,,pending,10850.00,2026-08-23 16:20:22.999897+08,2026-08-23 16:20:22.999897+08
01M0MX49WH9WH99QVVB297R1XS,01KZRW4877DZMG7S8EQEYF7D89,01KZRRGW14X9Y2N7Y1J43BS87F,2020-12-18,,,,delivered,7730.00,2026-08-23 16:20:22.999897+08,2026-08-23 16:20:22.999897+08
01M0MX49WH6R8KWSJ8EXM6Q0GH,01KZRW4877DZMG7S8EQEYF7D89,01KZRRGW14X9Y2N7Y1J43BS87F,2020-12-22,,,,delivered,10415.00,2026-08-23 16:20:22.999897+08,2026-08-23 16:20:22.999897+08
01M0MX49WHKXSCQNPQW58XRZ9G,01KZRW4877DZMG7S8EQEYF7D89,01KZRRGW146F8C4946XJM2S6EC,2020-08-01,,,,delivered,4980.00,2026-08-23 16:20:22.999897+08,2026-08-23 16:20:22.999897+08
01M0MX49WH7ZY4ZP4TCJPWNA38,01KZRW4877DZMG7S8EQEYF7D89,01KZRRGW146F8C4946XJM2S6EC,2020-01-20,,,,confirmed,14275.00,2026-08-23 16:20:22.999897+08,2026-08-23 16:20:22.999897+08
01M0MX49WHGQM4ECXCDEYJ1FB0,01KZRW4877DZMG7S8EQEYF7D89,01KZRRGW146F8C4946XJM2S6EC,2020-05-02,,,,pending,890.00,2026-08-23 16:20:22.999897+08,2026-08-23 16:20:22.999897+08
01M0MX49WHRMDZEFW3P5ZK4S1N,01KZRW4877DZMG7S8EQEYF7D89,01KZRRGW146F8C4946XJM2S6EC,2020-10-02,,,,delivered,10145.00,2026-08-23 16:20:22.999897+08,2026-08-23 16:20:22.999897+08
01M0MX49WH1XW76SQGVS81KH5H,01KZRW4877DZMG7S8EQEYF7D89,01KZRRGW146F8C4946XJM2S6EC,2020-02-13,,,,cancelled,410.00,2026-08-23 16:20:22.999897+08,2026-08-23 16:20:22.999897+08
01M0MX49WH88R5QH7SAR7RK8JA,01KZRW4877DZMG7S8EQEYF7D89,01KZRRGW146F8C4946XJM2S6EC,2020-02-19,,,,pending,1960.00,2026-08-23 16:20:22.999897+08,2026-08-23 16:20:22.999897+08
01M0MX49WHAJKDSZQPVENP0S9S,01KZRW4877DZMG7S8EQEYF7D89,01KZRRGW146F8C4946XJM2S6EC,2020-02-22,,,,delivered,2415.00,2026-08-23 16:20:22.999897+08,2026-08-23 16:20:22.999897+08
01M0MX49WH03W4618MS8ZPV5R2,01KZRW4877DZMG7S8EQEYF7D89,01KZRRGW146F8C4946XJM2S6EC,2020-03-03,,,,confirmed,2695.00,2026-08-23 16:20:22.999897+08,2026-08-23 16:20:22.999897+08
01M0MX49WHZ0RYQ9VDNZBCHEY0,01KZRW4877DZMG7S8EQEYF7D89,01KZRRGW146F8C4946XJM2S6EC,2020-03-13,,,,confirmed,2485.00,2026-08-23 16:20:22.999897+08,2026-08-23 16:20:22.999897+08
01M0MX49WHK6PK999JXRYMYZTR,01KZRW4877DZMG7S8EQEYF7D89,01KZRRGW146F8C4946XJM2S6EC,2020-03-17,,,,delivered,7760.00,2026-08-23 16:20:22.999897+08,2026-08-23 16:20:22.999897+08
01M0MX49WH1WKK42VPZR7ACEMX,01KZRW4877DZMG7S8EQEYF7D89,01KZRRGW146F8C4946XJM2S6EC,2020-03-25,,,,processing,1050.00,2026-08-23 16:20:22.999897+08,2026-08-23 16:20:22.999897+08
01M0MX49WH6YS3S6S4JP11J9F1,01KZRW4877DZMG7S8EQEYF7D89,01KZRRGW146F8C4946XJM2S6EC,2020-10-04,,,,delivered,10500.00,2026-08-23 16:20:22.999897+08,2026-08-23 16:20:22.999897+08
01M0MX49WH9GMN7EDK8B30Y91Q,01KZRW4877DZMG7S8EQEYF7D89,01KZRRGW146F8C4946XJM2S6EC,2020-12-04,,,,delivered,5950.00,2026-08-23 16:20:22.999897+08,2026-08-23 16:20:22.999897+08
01M0MX49WHH4FMFP7MNS399R16,01KZRW4877DZMG7S8EQEYF7D89,01KZRRGW146F8C4946XJM2S6EC,2020-04-24,,,,cancelled,3055.00,2026-08-23 16:20:22.999897+08,2026-08-23 16:20:22.999897+08
01M0MX49WH6DJWA5Q9J1TTH643,01KZRW4877DZMG7S8EQEYF7D89,01KZRRGW146F8C4946XJM2S6EC,2020-10-05,,,,confirmed,2460.00,2026-08-23 16:20:22.999897+08,2026-08-23 16:20:22.999897+08
01M0MX49WHNWWSGHK6HHMBME2A,01KZRW4877DZMG7S8EQEYF7D89,01KZRRGW146F8C4946XJM2S6EC,2020-05-18,,,,delivered,355.00,2026-08-23 16:20:22.999897+08,2026-08-23 16:20:22.999897+08
01M0MX49WH9HQPYV8XS4HAJTKB,01KZRW4877DZMG7S8EQEYF7D89,01KZRRGW146F8C4946XJM2S6EC,2020-05-25,,,,delivered,2800.00,2026-08-23 16:20:22.999897+08,2026-08-23 16:20:22.999897+08
01M0MX49WHGW10EEX5QBR8G16X,01KZRW4877DZMG7S8EQEYF7D89,01KZRRGW146F8C4946XJM2S6EC,2020-05-06,,,,processing,8025.00,2026-08-23 16:20:22.999897+08,2026-08-23 16:20:22.999897+08
01M0MX49WH9TVAE9246GAYVJXP,01KZRW4877DZMG7S8EQEYF7D89,01KZRRGW146F8C4946XJM2S6EC,2020-06-06,,,,confirmed,6335.00,2026-08-23 16:20:22.999897+08,2026-08-23 16:20:22.999897+08
01M0MX49WHY2K7AB56D8YN64VA,01KZRW4877DZMG7S8EQEYF7D89,01KZRRGW146F8C4946XJM2S6EC,2020-06-14,,,,confirmed,1140.00,2026-08-23 16:20:22.999897+08,2026-08-23 16:20:22.999897+08
01M0MX49WHJF34TYS78K04HBEY,01KZRW4877DZMG7S8EQEYF7D89,01KZRRGW146F8C4946XJM2S6EC,2020-06-16,,,,confirmed,450.00,2026-08-23 16:20:22.999897+08,2026-08-23 16:20:22.999897+08
01M0MX49WHDKJRGZMTR4RES144,01KZRW4877DZMG7S8EQEYF7D89,01KZRRGW146F8C4946XJM2S6EC,2020-06-23,,,,processing,575.00,2026-08-23 16:20:22.999897+08,2026-08-23 16:20:22.999897+08
01M0MX49WHATTVWK9PYEK028EM,01KZRW4877DZMG7S8EQEYF7D89,01KZRRGW146F8C4946XJM2S6EC,2020-03-07,,,,delivered,13345.00,2026-08-23 16:20:22.999897+08,2026-08-23 16:20:22.999897+08
01M0MX49WHGXBM877W3ZTS3BX8,01KZRW4877DZMG7S8EQEYF7D89,01KZRRGW146F8C4946XJM2S6EC,2020-08-07,,,,confirmed,6120.00,2026-08-23 16:20:22.999897+08,2026-08-23 16:20:22.999897+08
01M0MX49WHVQNAF989BHSPRRBG,01KZRW4877DZMG7S8EQEYF7D89,01KZRRGW146F8C4946XJM2S6EC,2020-07-23,,,,confirmed,1591.00,2026-08-23 16:20:22.999897+08,2026-08-23 16:20:22.999897+08
01M0MX49WHEJJ7M1HD0YX3YME4,01KZRW4877DZMG7S8EQEYF7D89,01KZRRGW146F8C4946XJM2S6EC,2020-03-08,,,,delivered,1015.00,2026-08-23 16:20:22.999897+08,2026-08-23 16:20:22.999897+08
01M0MX49WHR3WDMEAD1PMSWEZW,01KZRW4877DZMG7S8EQEYF7D89,01KZRRGW146F8C4946XJM2S6EC,2020-07-08,,,,confirmed,2800.00,2026-08-23 16:20:22.999897+08,2026-08-23 16:20:22.999897+08
01M0MX49WHTC8FPKA5HNYRAZDX,01KZRW4877DZMG7S8EQEYF7D89,01KZRRGW146F8C4946XJM2S6EC,2020-08-13,,,,cancelled,8400.00,2026-08-23 16:20:22.999897+08,2026-08-23 16:20:22.999897+08
01M0MX49WHWF24P9EDNBJ4SV2D,01KZRW4877DZMG7S8EQEYF7D89,01KZRRGW146F8C4946XJM2S6EC,2020-08-16,,,,cancelled,4620.00,2026-08-23 16:20:22.999897+08,2026-08-23 16:20:22.999897+08
01M0MX49WHK718M74D849FXKAC,01KZRW4877DZMG7S8EQEYF7D89,01KZRRGW146F8C4946XJM2S6EC,2020-08-25,,,,delivered,3150.00,2026-08-23 16:20:22.999897+08,2026-08-23 16:20:22.999897+08
01M0MX49WHHRAP2ERAZNEHJ006,01KZRW4877DZMG7S8EQEYF7D89,01KZRRGW146F8C4946XJM2S6EC,2020-05-09,,,,confirmed,11475.00,2026-08-23 16:20:22.999897+08,2026-08-23 16:20:22.999897+08
01M0MX49WH7WBPAP0CB6PWHMJ6,01KZRW4877DZMG7S8EQEYF7D89,01KZRRGW146F8C4946XJM2S6EC,2020-07-09,,,,pending,700.00,2026-08-23 16:20:22.999897+08,2026-08-23 16:20:22.999897+08
01M0MX49WH4NQ3527WFS400RPJ,01KZRW4877DZMG7S8EQEYF7D89,01KZRRGW146F8C4946XJM2S6EC,2020-09-13,,,,delivered,765.00,2026-08-23 16:20:22.999897+08,2026-08-23 16:20:22.999897+08
01M0MX49WHVYMTS0BGYD7PR2NB,01KZRW4877DZMG7S8EQEYF7D89,01KZRRGW146F8C4946XJM2S6EC,2020-09-20,,,,processing,1480.00,2026-08-23 16:20:22.999897+08,2026-08-23 16:20:22.999897+08
01M0MX49WHM5HNGR0B26Q9C4MN,01KZRW4877DZMG7S8EQEYF7D89,01KZRRGW146F8C4946XJM2S6EC,2020-01-10,,,,processing,3770.00,2026-08-23 16:20:22.999897+08,2026-08-23 16:20:22.999897+08
01M0MX49WHS7XTAT8RMT1APZFE,01KZRW4877DZMG7S8EQEYF7D89,01KZRRGW146F8C4946XJM2S6EC,2020-06-10,,,,pending,1400.00,2026-08-23 16:20:22.999897+08,2026-08-23 16:20:22.999897+08
01M0MX49WHZ0Q2RGA7JF6J9N8F,01KZRW4877DZMG7S8EQEYF7D89,01KZRRGW146F8C4946XJM2S6EC,2020-10-20,,,,confirmed,420.00,2026-08-23 16:20:22.999897+08,2026-08-23 16:20:22.999897+08
01M0MX49WHS2FTX42G3TDG3T10,01KZRW4877DZMG7S8EQEYF7D89,01KZRRGW146F8C4946XJM2S6EC,2020-10-22,,,,processing,2685.00,2026-08-23 16:20:22.999897+08,2026-08-23 16:20:22.999897+08
01M0MX49WHQVFPQ4T4NDX44V8Z,01KZRW4877DZMG7S8EQEYF7D89,01KZRRGW146F8C4946XJM2S6EC,2020-04-11,,,,confirmed,240.00,2026-08-23 16:20:22.999897+08,2026-08-23 16:20:22.999897+08
01M0MX49WHKN47FSTXGSJS0RMV,01KZRW4877DZMG7S8EQEYF7D89,01KZRRGW146F8C4946XJM2S6EC,2020-10-11,,,,delivered,12505.00,2026-08-23 16:20:22.999897+08,2026-08-23 16:20:22.999897+08
01M0MX49WHPKWWTAD6ZPZ6Y9WQ,01KZRW4877DZMG7S8EQEYF7D89,01KZRRGW146F8C4946XJM2S6EC,2020-12-11,,,,delivered,3500.00,2026-08-23 16:20:22.999897+08,2026-08-23 16:20:22.999897+08
01M0MX49WHBYCV45YZNV381H52,01KZRW4877DZMG7S8EQEYF7D89,01KZRRGW146F8C4946XJM2S6EC,2020-11-23,,,,pending,35.00,2026-08-23 16:20:22.999897+08,2026-08-23 16:20:22.999897+08
01M0MX49WHYNRMSQXMEPGGMKM8,01KZRW4877DZMG7S8EQEYF7D89,01KZRRGW146F8C4946XJM2S6EC,2020-02-12,,,,cancelled,1975.00,2026-08-23 16:20:22.999897+08,2026-08-23 16:20:22.999897+08
01M0MX49WHQ23ZEP3P22BKKQ8M,01KZRW4877DZMG7S8EQEYF7D89,01KZRRGW146F8C4946XJM2S6EC,2020-06-12,,,,confirmed,5600.00,2026-08-23 16:20:22.999897+08,2026-08-23 16:20:22.999897+08
01M0MX49WHFPV7KXXGYSNWKAH9,01KZRW4877DZMG7S8EQEYF7D89,01KZRRGW146F8C4946XJM2S6EC,2020-12-12,,,,confirmed,420.00,2026-08-23 16:20:22.999897+08,2026-08-23 16:20:22.999897+08
01M0MX49WHCAMYFK3AJTVBC571,01KZRW4877DZMG7S8EQEYF7D89,01KZRRGW146F8C4946XJM2S6EC,2020-12-18,,,,pending,3150.00,2026-08-23 16:20:22.999897+08,2026-08-23 16:20:22.999897+08
01M0MX49WHW4DES98SA428NTZM,01KZRW4877DZMG7S8EQEYF7D89,01KZRRGW146F8C4946XJM2S6EC,2020-12-24,,,,pending,7000.00,2026-08-23 16:20:22.999897+08,2026-08-23 16:20:22.999897+08
01M0MX49WHVW2B0DGP3K0YXSGK,01KZRW4877R9Q45MFW4A93MM51,01KZRRGW14XPKB44H9B6WS515H,2020-01-01,,,,pending,7240.00,2026-08-23 16:20:22.999897+08,2026-08-23 16:20:22.999897+08
01M0MX49WHAPPE40CGMRQ944GZ,01KZRW4877R9Q45MFW4A93MM51,01KZRRGW14XPKB44H9B6WS515H,2020-09-01,,,,delivered,210.00,2026-08-23 16:20:22.999897+08,2026-08-23 16:20:22.999897+08
01M0MX49WH1WEMSDRFMPGBJFBV,01KZRW4877R9Q45MFW4A93MM51,01KZRRGW14XPKB44H9B6WS515H,2020-01-14,,,,processing,1630.00,2026-08-23 16:20:22.999897+08,2026-08-23 16:20:22.999897+08
01M0MX49WH6PPVYNREJ16KFJBP,01KZRW4877R9Q45MFW4A93MM51,01KZRRGW14XPKB44H9B6WS515H,2020-01-21,,,,delivered,2800.00,2026-08-23 16:20:22.999897+08,2026-08-23 16:20:22.999897+08
01M0MX49WHCPW93W4GB0MQ328Q,01KZRW4877R9Q45MFW4A93MM51,01KZRRGW14XPKB44H9B6WS515H,2020-04-02,,,,confirmed,6650.00,2026-08-23 16:20:22.999897+08,2026-08-23 16:20:22.999897+08
01M0MX49WHCA1PX128C2KFM18V,01KZRW4877R9Q45MFW4A93MM51,01KZRRGW14XPKB44H9B6WS515H,2020-06-02,,,,processing,700.00,2026-08-23 16:20:22.999897+08,2026-08-23 16:20:22.999897+08
01M0MX49WHQ5XY7YVQGVTC9ESW,01KZRW4877R9Q45MFW4A93MM51,01KZRRGW14XPKB44H9B6WS515H,2020-02-15,,,,delivered,4500.00,2026-08-23 16:20:22.999897+08,2026-08-23 16:20:22.999897+08
01M0MX49WHEJ55XNBFQG1NHFE6,01KZRW4877R9Q45MFW4A93MM51,01KZRRGW14XPKB44H9B6WS515H,2020-02-16,,,,confirmed,7310.00,2026-08-23 16:20:22.999897+08,2026-08-23 16:20:22.999897+08
01M0MX49WHBDYHZ0T0MBR6C846,01KZRW4877R9Q45MFW4A93MM51,01KZRRGW14XPKB44H9B6WS515H,2020-02-21,,,,processing,270.00,2026-08-23 16:20:22.999897+08,2026-08-23 16:20:22.999897+08
01M0MX49WHQE471048ZKCYASA2,01KZRW4877R9Q45MFW4A93MM51,01KZRRGW14XPKB44H9B6WS515H,2020-01-03,,,,pending,2790.00,2026-08-23 16:20:22.999897+08,2026-08-23 16:20:22.999897+08
01M0MX49WHRMPP89JZ49NCDJN9,01KZRW4877R9Q45MFW4A93MM51,01KZRRGW14XPKB44H9B6WS515H,2020-08-03,,,,delivered,680.00,2026-08-23 16:20:22.999897+08,2026-08-23 16:20:22.999897+08
01M0MX49WHABXHMCN4B861Z0Z6,01KZRW4877R9Q45MFW4A93MM51,01KZRRGW14XPKB44H9B6WS515H,2020-03-13,,,,delivered,5825.00,2026-08-23 16:20:22.999897+08,2026-08-23 16:20:22.999897+08
01M0MX49WHTX01GRWGMDTMMKB1,01KZRW4877R9Q45MFW4A93MM51,01KZRRGW14XPKB44H9B6WS515H,2020-03-20,,,,confirmed,840.00,2026-08-23 16:20:22.999897+08,2026-08-23 16:20:22.999897+08
01M0MX49WH2CDSX935WJBDG6NQ,01KZRW4877R9Q45MFW4A93MM51,01KZRRGW14XPKB44H9B6WS515H,2020-03-23,,,,delivered,3066.00,2026-08-23 16:20:22.999897+08,2026-08-23 16:20:22.999897+08
01M0MX49WHADWPA3CZFY0SQS7W,01KZRW4877R9Q45MFW4A93MM51,01KZRRGW14XPKB44H9B6WS515H,2020-05-04,,,,confirmed,8400.00,2026-08-23 16:20:22.999897+08,2026-08-23 16:20:22.999897+08
01M0MX49WHP7Z8BH2DCQQ5ZN70,01KZRW4877R9Q45MFW4A93MM51,01KZRRGW14XPKB44H9B6WS515H,2020-06-04,,,,delivered,11270.00,2026-08-23 16:20:22.999897+08,2026-08-23 16:20:22.999897+08
01M0MX49WH38S5JXK74W6G2E19,01KZRW4877R9Q45MFW4A93MM51,01KZRRGW14XPKB44H9B6WS515H,2020-12-04,,,,confirmed,450.00,2026-08-23 16:20:22.999897+08,2026-08-23 16:20:22.999897+08
01M0MX49WHR8RWZ6ZVN0E90VS1,01KZRW4877R9Q45MFW4A93MM51,01KZRRGW14XPKB44H9B6WS515H,2020-04-19,,,,confirmed,12105.00,2026-08-23 16:20:22.999897+08,2026-08-23 16:20:22.999897+08
01M0MX49WHZ28BH2E5VFWH07T0,01KZRW4877R9Q45MFW4A93MM51,01KZRRGW14XPKB44H9B6WS515H,2020-01-05,,,,pending,700.00,2026-08-23 16:20:22.999897+08,2026-08-23 16:20:22.999897+08
01M0MX49WH6D9GS4R2Y3KDDKM4,01KZRW4877R9Q45MFW4A93MM51,01KZRRGW14XPKB44H9B6WS515H,2020-07-05,,,,pending,700.00,2026-08-23 16:20:22.999897+08,2026-08-23 16:20:22.999897+08
01M0MX49WHNB5ZQRR8XZY4T0AE,01KZRW4877R9Q45MFW4A93MM51,01KZRRGW14XPKB44H9B6WS515H,2020-05-20,,,,confirmed,7045.00,2026-08-23 16:20:22.999897+08,2026-08-23 16:20:22.999897+08
01M0MX49WHMEX0JVFBTXXPA52V,01KZRW4877R9Q45MFW4A93MM51,01KZRRGW14XPKB44H9B6WS515H,2020-05-21,,,,cancelled,5600.00,2026-08-23 16:20:22.999897+08,2026-08-23 16:20:22.999897+08
01M0MX49WH2FA84JA3FKDBNSAA,01KZRW4877R9Q45MFW4A93MM51,01KZRRGW14XPKB44H9B6WS515H,2020-10-06,,,,confirmed,3500.00,2026-08-23 16:20:22.999897+08,2026-08-23 16:20:22.999897+08
01M0MX49WH2C99VKWB5Q834KCH,01KZRW4877R9Q45MFW4A93MM51,01KZRRGW14XPKB44H9B6WS515H,2020-11-06,,,,cancelled,9415.00,2026-08-23 16:20:22.999897+08,2026-08-23 16:20:22.999897+08
01M0MX49WH81JQE7XEE8DNQJJ0,01KZRW4877R9Q45MFW4A93MM51,01KZRRGW14XPKB44H9B6WS515H,2020-06-25,,,,delivered,8750.00,2026-08-23 16:20:22.999897+08,2026-08-23 16:20:22.999897+08
01M0MX49WHXQEJYVD68WWBHZY7,01KZRW4877R9Q45MFW4A93MM51,01KZRRGW14XPKB44H9B6WS515H,2020-04-07,,,,delivered,6300.00,2026-08-23 16:20:22.999897+08,2026-08-23 16:20:22.999897+08
01M0MX49WH9WWW9MKJJP59N1T3,01KZRW4877R9Q45MFW4A93MM51,01KZRRGW14XPKB44H9B6WS515H,2020-07-15,,,,cancelled,6860.00,2026-08-23 16:20:22.999897+08,2026-08-23 16:20:22.999897+08
01M0MX49WHQ7PQ0W3ZP6XMYZMM,01KZRW4877R9Q45MFW4A93MM51,01KZRRGW14XPKB44H9B6WS515H,2020-07-24,,,,processing,9000.00,2026-08-23 16:20:22.999897+08,2026-08-23 16:20:22.999897+08
01M0MX49WHSE7WFPAFC67275D9,01KZRW4877R9Q45MFW4A93MM51,01KZRRGW14XPKB44H9B6WS515H,2020-08-08,,,,pending,7505.00,2026-08-23 16:20:22.999897+08,2026-08-23 16:20:22.999897+08
01M0MX49WH9P5374Y72877AAPE,01KZRW4877R9Q45MFW4A93MM51,01KZRRGW14XPKB44H9B6WS515H,2020-12-08,,,,pending,3850.00,2026-08-23 16:20:22.999897+08,2026-08-23 16:20:22.999897+08
01M0MX49WHVT903TAF45AFFBWC,01KZRW4877R9Q45MFW4A93MM51,01KZRRGW14XPKB44H9B6WS515H,2020-08-18,,,,delivered,3150.00,2026-08-23 16:20:22.999897+08,2026-08-23 16:20:22.999897+08
01M0MX49WHZ096BVAPFC5J726X,01KZRW4877R9Q45MFW4A93MM51,01KZRRGW14XPKB44H9B6WS515H,2020-08-23,,,,pending,4095.00,2026-08-23 16:20:22.999897+08,2026-08-23 16:20:22.999897+08
01M0MX49WH2EPTSQ9FQVHG019R,01KZRW4877R9Q45MFW4A93MM51,01KZRRGW14XPKB44H9B6WS515H,2020-04-09,,,,confirmed,10785.00,2026-08-23 16:20:22.999897+08,2026-08-23 16:20:22.999897+08
01M0MX49WH7A1AD3MVZAQ8D9TE,01KZRW4877R9Q45MFW4A93MM51,01KZRRGW14XPKB44H9B6WS515H,2020-06-09,,,,delivered,6545.00,2026-08-23 16:20:22.999897+08,2026-08-23 16:20:22.999897+08
01M0MX49WHC5PMG6SAFB5DBPDP,01KZRW4877R9Q45MFW4A93MM51,01KZRRGW14XPKB44H9B6WS515H,2020-09-14,,,,cancelled,7000.00,2026-08-23 16:20:22.999897+08,2026-08-23 16:20:22.999897+08
01M0MX49WHSE6RTS393TQX6KET,01KZRW4877R9Q45MFW4A93MM51,01KZRRGW14XPKB44H9B6WS515H,2020-04-10,,,,cancelled,3695.00,2026-08-23 16:20:22.999897+08,2026-08-23 16:20:22.999897+08
01M0MX49WH1ZTJDSH9XJ1DDF5P,01KZRW4877R9Q45MFW4A93MM51,01KZRRGW14XPKB44H9B6WS515H,2020-09-10,,,,pending,5670.00,2026-08-23 16:20:22.999897+08,2026-08-23 16:20:22.999897+08
01M0MX49WHRF9TETS0SFDECBQS,01KZRW4877R9Q45MFW4A93MM51,01KZRRGW14XPKB44H9B6WS515H,2020-10-15,,,,processing,4165.00,2026-08-23 16:20:22.999897+08,2026-08-23 16:20:22.999897+08
01M0MX49WHCJKF8XKVEF48ZK69,01KZRW4877R9Q45MFW4A93MM51,01KZRRGW14XPKB44H9B6WS515H,2020-10-19,,,,delivered,5600.00,2026-08-23 16:20:22.999897+08,2026-08-23 16:20:22.999897+08
01M0MX49WHA0845RKY8BR7BHDT,01KZRW4877R9Q45MFW4A93MM51,01KZRRGW14XPKB44H9B6WS515H,2020-10-25,,,,confirmed,15380.00,2026-08-23 16:20:22.999897+08,2026-08-23 16:20:22.999897+08
01M0MX49WH7AHQNDZW6AZD3N21,01KZRW4877R9Q45MFW4A93MM51,01KZRRGW14XPKB44H9B6WS515H,2020-05-11,,,,cancelled,6280.00,2026-08-23 16:20:22.999897+08,2026-08-23 16:20:22.999897+08
01M0MX49WH506HD4H4RVHAXC0W,01KZRW4877R9Q45MFW4A93MM51,01KZRRGW14XPKB44H9B6WS515H,2020-10-11,,,,pending,7435.00,2026-08-23 16:20:22.999897+08,2026-08-23 16:20:22.999897+08
01M0MX49WHBPPNHQ1B5B6CB42N,01KZRW4877R9Q45MFW4A93MM51,01KZRRGW14XPKB44H9B6WS515H,2020-11-22,,,,confirmed,1750.00,2026-08-23 16:20:22.999897+08,2026-08-23 16:20:22.999897+08
01M0MX49WH3243YWC1K7X5K4XE,01KZRW4877R9Q45MFW4A93MM51,01KZRRGW14XPKB44H9B6WS515H,2020-02-12,,,,cancelled,415.00,2026-08-23 16:20:22.999897+08,2026-08-23 16:20:22.999897+08
01M0MX49WHGX5JNC0FG7GV8KXN,01KZRW4877R9Q45MFW4A93MM51,01KZRRGW14XPKB44H9B6WS515H,2020-08-12,,,,delivered,6225.00,2026-08-23 16:20:22.999897+08,2026-08-23 16:20:22.999897+08
01M0MX49WHBH8SVM07SDG3A1KZ,01KZRW4877R9Q45MFW4A93MM51,01KZRRGW14XPKB44H9B6WS515H,2020-12-14,,,,pending,245.00,2026-08-23 16:20:22.999897+08,2026-08-23 16:20:22.999897+08
01M0MX49WHP63XPQNRQYGXDF5V,01KZRW4877R9Q45MFW4A93MM51,01KZRRGW14XPKB44H9B6WS515H,2020-12-21,,,,processing,5660.00,2026-08-23 16:20:22.999897+08,2026-08-23 16:20:22.999897+08
01M0MX49WHEMHBHDV9NZP90Y86,01KZRW4877R9Q45MFW4A93MM51,01KZRRGW14A7VW9HY70W2ZKDCX,2020-02-01,,,,delivered,5280.00,2026-08-23 16:20:22.999897+08,2026-08-23 16:20:22.999897+08
01M0MX49WHFNHJ6M0HZF5JYJ56,01KZRW4877R9Q45MFW4A93MM51,01KZRRGW14A7VW9HY70W2ZKDCX,2020-08-01,,,,delivered,8610.00,2026-08-23 16:20:22.999897+08,2026-08-23 16:20:22.999897+08
01M0MX49WHPA9KV1TD8Q5E41QM,01KZRW4877R9Q45MFW4A93MM51,01KZRRGW14A7VW9HY70W2ZKDCX,2020-12-01,,,,cancelled,4556.00,2026-08-23 16:20:22.999897+08,2026-08-23 16:20:22.999897+08
01M0MX49WHX1432FHKNYWYDS3T,01KZRW4877R9Q45MFW4A93MM51,01KZRRGW14A7VW9HY70W2ZKDCX,2020-01-16,,,,confirmed,3355.00,2026-08-23 16:20:22.999897+08,2026-08-23 16:20:22.999897+08
01M0MX49WHS54RFF6TJFZ88A2R,01KZRW4877R9Q45MFW4A93MM51,01KZRRGW14A7VW9HY70W2ZKDCX,2020-01-25,,,,confirmed,5670.00,2026-08-23 16:20:22.999897+08,2026-08-23 16:20:22.999897+08
01M0MX49WHKSEWMCBA5N302MCE,01KZRW4877R9Q45MFW4A93MM51,01KZRRGW14A7VW9HY70W2ZKDCX,2020-03-02,,,,processing,6650.00,2026-08-23 16:20:22.999897+08,2026-08-23 16:20:22.999897+08
01M0MX49WHP8YWRB2N6HSFVVCG,01KZRW4877R9Q45MFW4A93MM51,01KZRRGW14A7VW9HY70W2ZKDCX,2020-08-02,,,,delivered,315.00,2026-08-23 16:20:22.999897+08,2026-08-23 16:20:22.999897+08
01M0MX49WHW4MM9YHTN6372XMZ,01KZRW4877R9Q45MFW4A93MM51,01KZRRGW14A7VW9HY70W2ZKDCX,2020-12-02,,,,confirmed,4675.00,2026-08-23 16:20:22.999897+08,2026-08-23 16:20:22.999897+08
01M0MX49WHAWCW6ZEKTQEBXHCZ,01KZRW4877R9Q45MFW4A93MM51,01KZRRGW14A7VW9HY70W2ZKDCX,2020-02-20,,,,cancelled,3215.00,2026-08-23 16:20:22.999897+08,2026-08-23 16:20:22.999897+08
01M0MX49WHR4QGRH5EZDQW8481,01KZRW4877R9Q45MFW4A93MM51,01KZRRGW14A7VW9HY70W2ZKDCX,2020-02-24,,,,cancelled,4925.00,2026-08-23 16:20:22.999897+08,2026-08-23 16:20:22.999897+08
01M0MX49WHTSBBQY5Z8R7NJGT7,01KZRW4877R9Q45MFW4A93MM51,01KZRRGW14A7VW9HY70W2ZKDCX,2020-10-03,,,,delivered,10500.00,2026-08-23 16:20:22.999897+08,2026-08-23 16:20:22.999897+08
01M0MX49WHKY5HF2FC19759GHC,01KZRW4877R9Q45MFW4A93MM51,01KZRRGW14A7VW9HY70W2ZKDCX,2020-03-19,,,,cancelled,2720.00,2026-08-23 16:20:22.999897+08,2026-08-23 16:20:22.999897+08
01M0MX49WHYMZ6S1V6117ZY3BM,01KZRW4877R9Q45MFW4A93MM51,01KZRRGW14A7VW9HY70W2ZKDCX,2020-03-21,,,,pending,2240.00,2026-08-23 16:20:22.999897+08,2026-08-23 16:20:22.999897+08
01M0MX49WHKRKH2DCF4X61YRG8,01KZRW4877R9Q45MFW4A93MM51,01KZRRGW14A7VW9HY70W2ZKDCX,2020-08-04,,,,pending,7742.00,2026-08-23 16:20:22.999897+08,2026-08-23 16:20:22.999897+08
01M0MX49WHZVNZ9QYFYEJM6CTP,01KZRW4877R9Q45MFW4A93MM51,01KZRRGW14A7VW9HY70W2ZKDCX,2020-04-13,,,,confirmed,2580.00,2026-08-23 16:20:22.999897+08,2026-08-23 16:20:22.999897+08
01M0MX49WHTPAWJNYJ6282ZWYA,01KZRW4877R9Q45MFW4A93MM51,01KZRRGW14A7VW9HY70W2ZKDCX,2020-04-17,,,,confirmed,3390.00,2026-08-23 16:20:22.999897+08,2026-08-23 16:20:22.999897+08
01M0MX49WHYFGT825S8S5FA8VY,01KZRW4877R9Q45MFW4A93MM51,01KZRRGW14A7VW9HY70W2ZKDCX,2020-04-22,,,,delivered,5250.00,2026-08-23 16:20:22.999897+08,2026-08-23 16:20:22.999897+08
01M0MX49WH8WJA7SYXYG6GE976,01KZRW4877R9Q45MFW4A93MM51,01KZRRGW14A7VW9HY70W2ZKDCX,2020-05-16,,,,delivered,540.00,2026-08-23 16:20:22.999897+08,2026-08-23 16:20:22.999897+08
01M0MX49WHBFWD5W150NJV3HAT,01KZRW4877R9Q45MFW4A93MM51,01KZRRGW14A7VW9HY70W2ZKDCX,2020-05-24,,,,cancelled,455.00,2026-08-23 16:20:22.999897+08,2026-08-23 16:20:22.999897+08
01M0MX49WHRHTA7PQDHXA1NKH8,01KZRW4877R9Q45MFW4A93MM51,01KZRRGW14A7VW9HY70W2ZKDCX,2020-05-06,,,,delivered,4850.00,2026-08-23 16:20:22.999897+08,2026-08-23 16:20:22.999897+08
01M0MX49WH2XG2VV10V2G3AFT3,01KZRW4877R9Q45MFW4A93MM51,01KZRRGW14A7VW9HY70W2ZKDCX,2020-09-06,,,,processing,11125.00,2026-08-23 16:20:22.999897+08,2026-08-23 16:20:22.999897+08
01M0MX49WHNYE8KCAXSPG7X659,01KZRW4877R9Q45MFW4A93MM51,01KZRRGW14A7VW9HY70W2ZKDCX,2020-06-25,,,,pending,4425.00,2026-08-23 16:20:22.999897+08,2026-08-23 16:20:22.999897+08
01M0MX49WHAPDFA1EZ3HTQXGW3,01KZRW4877R9Q45MFW4A93MM51,01KZRRGW14A7VW9HY70W2ZKDCX,2020-06-07,,,,pending,6505.00,2026-08-23 16:20:22.999897+08,2026-08-23 16:20:22.999897+08
01M0MX49WHW9XD0V2R6CW2W2QR,01KZRW4877R9Q45MFW4A93MM51,01KZRRGW14A7VW9HY70W2ZKDCX,2020-07-19,,,,pending,2945.00,2026-08-23 16:20:22.999897+08,2026-08-23 16:20:22.999897+08
01M0MX49WHF011C9AM82K4A37N,01KZRW4877R9Q45MFW4A93MM51,01KZRRGW14A7VW9HY70W2ZKDCX,2020-07-22,,,,confirmed,700.00,2026-08-23 16:20:22.999897+08,2026-08-23 16:20:22.999897+08
01M0MX49WHAKBTQEF0598RGY0V,01KZRW4877R9Q45MFW4A93MM51,01KZRRGW14A7VW9HY70W2ZKDCX,2020-04-08,,,,confirmed,4150.00,2026-08-23 16:20:22.999897+08,2026-08-23 16:20:22.999897+08
01M0MX49WH40G4DVNBD88HVFMQ,01KZRW4877R9Q45MFW4A93MM51,01KZRRGW14A7VW9HY70W2ZKDCX,2020-07-08,,,,pending,5730.00,2026-08-23 16:20:22.999897+08,2026-08-23 16:20:22.999897+08
01M0MX49WHPA6BY5A3XK4013ZZ,01KZRW4877R9Q45MFW4A93MM51,01KZRRGW14A7VW9HY70W2ZKDCX,2020-08-15,,,,delivered,9855.00,2026-08-23 16:20:22.999897+08,2026-08-23 16:20:22.999897+08
01M0MX49WH93PHBD7GYN03A2TJ,01KZRW4877R9Q45MFW4A93MM51,01KZRRGW14A7VW9HY70W2ZKDCX,2020-08-19,,,,processing,2240.00,2026-08-23 16:20:22.999897+08,2026-08-23 16:20:22.999897+08
01M0MX49WH473ZGRSP74QJGYYF,01KZRW4877R9Q45MFW4A93MM51,01KZRRGW14A7VW9HY70W2ZKDCX,2020-08-21,,,,confirmed,14270.00,2026-08-23 16:20:22.999897+08,2026-08-23 16:20:22.999897+08
01M0MX49WH66BTJXT18GRATA0N,01KZRW4877R9Q45MFW4A93MM51,01KZRRGW14A7VW9HY70W2ZKDCX,2020-02-09,,,,pending,1455.00,2026-08-23 16:20:22.999897+08,2026-08-23 16:20:22.999897+08
01M0MX49WHGYZQCWYN4WYVCWBM,01KZRW4877R9Q45MFW4A93MM51,01KZRRGW14A7VW9HY70W2ZKDCX,2020-10-09,,,,confirmed,1400.00,2026-08-23 16:20:22.999897+08,2026-08-23 16:20:22.999897+08
01M0MX49WJFP4TDD6AZZKZXDCZ,01KZRW4877R9Q45MFW4A93MM51,01KZRRGW14A7VW9HY70W2ZKDCX,2020-09-14,,,,cancelled,250.00,2026-08-23 16:20:22.999897+08,2026-08-23 16:20:22.999897+08
01M0MX49WJCR57F2NKP5WCP37X,01KZRW4877R9Q45MFW4A93MM51,01KZRRGW14A7VW9HY70W2ZKDCX,2020-09-20,,,,delivered,2908.00,2026-08-23 16:20:22.999897+08,2026-08-23 16:20:22.999897+08
01M0MX49WJ3FKAFJQJTF3WAF4K,01KZRW4877R9Q45MFW4A93MM51,01KZRRGW14A7VW9HY70W2ZKDCX,2020-09-23,,,,cancelled,4565.00,2026-08-23 16:20:22.999897+08,2026-08-23 16:20:22.999897+08
01M0MX49WJ27C2K5SHT8R3EGS6,01KZRW4877R9Q45MFW4A93MM51,01KZRRGW14A7VW9HY70W2ZKDCX,2020-03-10,,,,delivered,540.00,2026-08-23 16:20:22.999897+08,2026-08-23 16:20:22.999897+08
01M0MX49WJPNRMZKDBSTS8JTR4,01KZRW4877R9Q45MFW4A93MM51,01KZRRGW14A7VW9HY70W2ZKDCX,2020-06-10,,,,confirmed,3150.00,2026-08-23 16:20:22.999897+08,2026-08-23 16:20:22.999897+08
01M0MX49WJAD0F856KPBNA8WFF,01KZRW4877R9Q45MFW4A93MM51,01KZRRGW14A7VW9HY70W2ZKDCX,2020-10-20,,,,cancelled,450.00,2026-08-23 16:20:22.999897+08,2026-08-23 16:20:22.999897+08
01M0MX49WJ2703R55GWA2VH2PW,01KZRW4877R9Q45MFW4A93MM51,01KZRRGW14A7VW9HY70W2ZKDCX,2020-03-11,,,,delivered,1220.00,2026-08-23 16:20:22.999897+08,2026-08-23 16:20:22.999897+08
01M0MX49WJG9VE3R4A2T2G4YRZ,01KZRW4877R9Q45MFW4A93MM51,01KZRRGW14A7VW9HY70W2ZKDCX,2020-10-11,,,,confirmed,835.00,2026-08-23 16:20:22.999897+08,2026-08-23 16:20:22.999897+08
01M0MX49WJYD5D0D249XYBJNJD,01KZRW4877R9Q45MFW4A93MM51,01KZRRGW14A7VW9HY70W2ZKDCX,2020-11-19,,,,processing,4970.00,2026-08-23 16:20:22.999897+08,2026-08-23 16:20:22.999897+08
01M0MX49WJ1YYS8C0RBFFBKPPR,01KZRW4877R9Q45MFW4A93MM51,01KZRRGW14A7VW9HY70W2ZKDCX,2020-05-12,,,,confirmed,3850.00,2026-08-23 16:20:22.999897+08,2026-08-23 16:20:22.999897+08
01M0MX49WJ96GABRRR6PDETSYN,01KZRW4877R9Q45MFW4A93MM51,01KZRRGW14A7VW9HY70W2ZKDCX,2020-08-12,,,,processing,4267.00,2026-08-23 16:20:22.999897+08,2026-08-23 16:20:22.999897+08
01M0MX49WJ7FE9897SMS5NRNTV,01KZRW4877R9Q45MFW4A93MM51,01KZRRGW14A7VW9HY70W2ZKDCX,2020-12-14,,,,delivered,1750.00,2026-08-23 16:20:22.999897+08,2026-08-23 16:20:22.999897+08
01M0MX49WJ9C22971SCQ9ATYPM,01KZRW4877R9Q45MFW4A93MM51,01KZRRGW14A7VW9HY70W2ZKDCX,2020-12-19,,,,confirmed,805.00,2026-08-23 16:20:22.999897+08,2026-08-23 16:20:22.999897+08
01M0MX49WJJ21K9HPWXKS0RBSS,01KZRW4877R9Q45MFW4A93MM51,01KZRRGW14A7VW9HY70W2ZKDCX,2020-12-21,,,,delivered,1015.00,2026-08-23 16:20:22.999897+08,2026-08-23 16:20:22.999897+08
01M0MX49WJYHNQE75245N59Q3G,01KZRW4877R9Q45MFW4A93MM51,01KZRRGW14WSB3JJJKQDEREKF3,2020-01-01,,,,confirmed,3960.00,2026-08-23 16:20:22.999897+08,2026-08-23 16:20:22.999897+08
01M0MX49WJRFNK5SFAB2663Q9V,01KZRW4877R9Q45MFW4A93MM51,01KZRRGW14WSB3JJJKQDEREKF3,2020-08-01,,,,cancelled,2380.00,2026-08-23 16:20:22.999897+08,2026-08-23 16:20:22.999897+08
01M0MX49WJ14HZSPN448PXEK73,01KZRW4877R9Q45MFW4A93MM51,01KZRRGW14WSB3JJJKQDEREKF3,2020-01-15,,,,pending,195.00,2026-08-23 16:20:22.999897+08,2026-08-23 16:20:22.999897+08
01M0MX49WJ06H9QJ347SWQDF2R,01KZRW4877R9Q45MFW4A93MM51,01KZRRGW14WSB3JJJKQDEREKF3,2020-01-18,,,,processing,4500.00,2026-08-23 16:20:22.999897+08,2026-08-23 16:20:22.999897+08
01M0MX49WJFDGC1S8GS0SKYSP0,01KZRW4877R9Q45MFW4A93MM51,01KZRRGW14WSB3JJJKQDEREKF3,2020-01-02,,,,delivered,510.00,2026-08-23 16:20:22.999897+08,2026-08-23 16:20:22.999897+08
01M0MX49WJ6QWDYKS10ZCGT459,01KZRW4877R9Q45MFW4A93MM51,01KZRRGW14WSB3JJJKQDEREKF3,2020-06-02,,,,delivered,5230.00,2026-08-23 16:20:22.999897+08,2026-08-23 16:20:22.999897+08
01M0MX49WJMKZHKXVG26KDPYFS,01KZRW4877R9Q45MFW4A93MM51,01KZRRGW14WSB3JJJKQDEREKF3,2020-02-13,,,,pending,150.00,2026-08-23 16:20:22.999897+08,2026-08-23 16:20:22.999897+08
01M0MX49WJD5BWAER99DF6WE6Q,01KZRW4877R9Q45MFW4A93MM51,01KZRRGW14WSB3JJJKQDEREKF3,2020-02-17,,,,delivered,4515.00,2026-08-23 16:20:22.999897+08,2026-08-23 16:20:22.999897+08
01M0MX49WJP7GAW53XD079TT2N,01KZRW4877R9Q45MFW4A93MM51,01KZRRGW14WSB3JJJKQDEREKF3,2020-02-23,,,,cancelled,4061.00,2026-08-23 16:20:22.999897+08,2026-08-23 16:20:22.999897+08
01M0MX49WJJCCT4V23RZ5S8SZE,01KZRW4877R9Q45MFW4A93MM51,01KZRRGW14WSB3JJJKQDEREKF3,2020-05-03,,,,delivered,3215.00,2026-08-23 16:20:22.999897+08,2026-08-23 16:20:22.999897+08
01M0MX49WJT5J8JZ70EWA7F0MZ,01KZRW4877R9Q45MFW4A93MM51,01KZRRGW14WSB3JJJKQDEREKF3,2020-08-03,,,,confirmed,8625.00,2026-08-23 16:20:22.999897+08,2026-08-23 16:20:22.999897+08
01M0MX49WJK7ZRJABN4S35Z144,01KZRW4877R9Q45MFW4A93MM51,01KZRRGW14WSB3JJJKQDEREKF3,2020-11-03,,,,confirmed,1400.00,2026-08-23 16:20:22.999897+08,2026-08-23 16:20:22.999897+08
01M0MX49WJTSQ3H2QV7G6ZQH2Q,01KZRW4877R9Q45MFW4A93MM51,01KZRRGW14WSB3JJJKQDEREKF3,2020-03-16,,,,cancelled,11370.00,2026-08-23 16:20:22.999897+08,2026-08-23 16:20:22.999897+08
01M0MX49WJMX5N9AFE2RE2KMKS,01KZRW4877R9Q45MFW4A93MM51,01KZRRGW14WSB3JJJKQDEREKF3,2020-03-23,,,,confirmed,13485.00,2026-08-23 16:20:22.999897+08,2026-08-23 16:20:22.999897+08
01M0MX49WJQ7ZKTZEA2SMB4C8T,01KZRW4877R9Q45MFW4A93MM51,01KZRRGW14WSB3JJJKQDEREKF3,2020-05-04,,,,delivered,470.00,2026-08-23 16:20:22.999897+08,2026-08-23 16:20:22.999897+08
01M0MX49WJJ4RWQJT42ANHYGXF,01KZRW4877R9Q45MFW4A93MM51,01KZRRGW14WSB3JJJKQDEREKF3,2020-06-04,,,,processing,390.00,2026-08-23 16:20:22.999897+08,2026-08-23 16:20:22.999897+08
01M0MX49WJ83VKNK030AEQ30ZJ,01KZRW4877R9Q45MFW4A93MM51,01KZRRGW14WSB3JJJKQDEREKF3,2020-12-04,,,,delivered,11159.00,2026-08-23 16:20:22.999897+08,2026-08-23 16:20:22.999897+08
01M0MX49WJN32ATX5VDQ8RE1XD,01KZRW4877R9Q45MFW4A93MM51,01KZRRGW14WSB3JJJKQDEREKF3,2020-04-17,,,,delivered,1725.00,2026-08-23 16:20:22.999897+08,2026-08-23 16:20:22.999897+08
01M0MX49WJ5WBBCXCQRXYXT4J7,01KZRW4877R9Q45MFW4A93MM51,01KZRRGW14WSB3JJJKQDEREKF3,2020-04-24,,,,pending,615.00,2026-08-23 16:20:22.999897+08,2026-08-23 16:20:22.999897+08
01M0MX49WJKFMKESMA3RKC1KH4,01KZRW4877R9Q45MFW4A93MM51,01KZRRGW14WSB3JJJKQDEREKF3,2020-02-05,,,,pending,5835.00,2026-08-23 16:20:22.999897+08,2026-08-23 16:20:22.999897+08
01M0MX49WJQPKF4V05TS019WNQ,01KZRW4877R9Q45MFW4A93MM51,01KZRRGW14WSB3JJJKQDEREKF3,2020-11-05,,,,processing,6300.00,2026-08-23 16:20:22.999897+08,2026-08-23 16:20:22.999897+08
01M0MX49WJSK3DZBB93SZ623QX,01KZRW4877R9Q45MFW4A93MM51,01KZRRGW14WSB3JJJKQDEREKF3,2020-05-20,,,,pending,980.00,2026-08-23 16:20:22.999897+08,2026-08-23 16:20:22.999897+08
01M0MX49WJWSWE2B3ZP1T5VEWB,01KZRW4877R9Q45MFW4A93MM51,01KZRRGW14WSB3JJJKQDEREKF3,2020-04-06,,,,processing,13300.00,2026-08-23 16:20:22.999897+08,2026-08-23 16:20:22.999897+08
01M0MX49WJFXCPJSC2N9SG9ZWC,01KZRW4877R9Q45MFW4A93MM51,01KZRRGW14WSB3JJJKQDEREKF3,2020-07-06,,,,cancelled,13065.00,2026-08-23 16:20:22.999897+08,2026-08-23 16:20:22.999897+08
01M0MX49WJFK7TK14YM58T7H39,01KZRW4877R9Q45MFW4A93MM51,01KZRRGW14WSB3JJJKQDEREKF3,2020-06-14,,,,delivered,665.00,2026-08-23 16:20:22.999897+08,2026-08-23 16:20:22.999897+08
01M0MX49WJYS6RYKP2SK00NFN8,01KZRW4877R9Q45MFW4A93MM51,01KZRRGW14WSB3JJJKQDEREKF3,2020-06-17,,,,delivered,285.00,2026-08-23 16:20:22.999897+08,2026-08-23 16:20:22.999897+08
01M0MX49WJ46A31XDP9FG80DC6,01KZRW4877R9Q45MFW4A93MM51,01KZRRGW14WSB3JJJKQDEREKF3,2020-06-24,,,,pending,650.00,2026-08-23 16:20:22.999897+08,2026-08-23 16:20:22.999897+08
01M0MX49WJA9VP3J8AMJVVMHMT,01KZRW4877R9Q45MFW4A93MM51,01KZRRGW14WSB3JJJKQDEREKF3,2020-03-07,,,,cancelled,448.00,2026-08-23 16:20:22.999897+08,2026-08-23 16:20:22.999897+08
01M0MX49WJYX1M4E1SMZJ5Z4ZM,01KZRW4877R9Q45MFW4A93MM51,01KZRRGW14WSB3JJJKQDEREKF3,2020-10-07,,,,delivered,3180.00,2026-08-23 16:20:22.999897+08,2026-08-23 16:20:22.999897+08
01M0MX49WJ2F1SPR2XTM1MTC9X,01KZRW4877R9Q45MFW4A93MM51,01KZRRGW14WSB3JJJKQDEREKF3,2020-11-07,,,,confirmed,35.00,2026-08-23 16:20:22.999897+08,2026-08-23 16:20:22.999897+08
01M0MX49WJ6PDFHW476SGCY6HG,01KZRW4877R9Q45MFW4A93MM51,01KZRRGW14WSB3JJJKQDEREKF3,2020-07-17,,,,delivered,5250.00,2026-08-23 16:20:22.999897+08,2026-08-23 16:20:22.999897+08
01M0MX49WJWZY12ZD27YGAHAQJ,01KZRW4877R9Q45MFW4A93MM51,01KZRRGW14WSB3JJJKQDEREKF3,2020-07-25,,,,processing,275.00,2026-08-23 16:20:22.999897+08,2026-08-23 16:20:22.999897+08
01M0MX49WJ7NKS84RHK26VMJYT,01KZRW4877R9Q45MFW4A93MM51,01KZRRGW14WSB3JJJKQDEREKF3,2020-11-08,,,,pending,5875.00,2026-08-23 16:20:22.999897+08,2026-08-23 16:20:22.999897+08
01M0MX49WJA524W5CTDM879Y4T,01KZRW4877R9Q45MFW4A93MM51,01KZRRGW14WSB3JJJKQDEREKF3,2020-08-20,,,,processing,3380.00,2026-08-23 16:20:22.999897+08,2026-08-23 16:20:22.999897+08
01M0MX49WJ4X3F0EC5758AQTSZ,01KZRW4877R9Q45MFW4A93MM51,01KZRRGW14WSB3JJJKQDEREKF3,2020-03-09,,,,delivered,2075.00,2026-08-23 16:20:22.999897+08,2026-08-23 16:20:22.999897+08
01M0MX49WJG2PK47Z90CKM49G6,01KZRW4877R9Q45MFW4A93MM51,01KZRRGW14WSB3JJJKQDEREKF3,2020-07-09,,,,pending,3220.00,2026-08-23 16:20:22.999897+08,2026-08-23 16:20:22.999897+08
01M0MX49WJ038J3PRT1V40YY97,01KZRW4877R9Q45MFW4A93MM51,01KZRRGW14WSB3JJJKQDEREKF3,2020-09-22,,,,confirmed,7145.00,2026-08-23 16:20:22.999897+08,2026-08-23 16:20:22.999897+08
01M0MX49WJY20BAT78P825F2C8,01KZRW4877R9Q45MFW4A93MM51,01KZRRGW14WSB3JJJKQDEREKF3,2020-03-10,,,,processing,1680.00,2026-08-23 16:20:22.999897+08,2026-08-23 16:20:22.999897+08
01M0MX49WJR696B6CT6H5WFZXW,01KZRW4877R9Q45MFW4A93MM51,01KZRRGW14WSB3JJJKQDEREKF3,2020-08-10,,,,pending,5995.00,2026-08-23 16:20:22.999897+08,2026-08-23 16:20:22.999897+08
01M0MX49WJ5PAWN0S0KYQ1RTMR,01KZRW4877R9Q45MFW4A93MM51,01KZRRGW14WSB3JJJKQDEREKF3,2020-10-16,,,,confirmed,875.00,2026-08-23 16:20:22.999897+08,2026-08-23 16:20:22.999897+08
01M0MX49WJ3G8YAZVG04D5GHBC,01KZRW4877R9Q45MFW4A93MM51,01KZRRGW14WSB3JJJKQDEREKF3,2020-10-25,,,,pending,485.00,2026-08-23 16:20:22.999897+08,2026-08-23 16:20:22.999897+08
01M0MX49WJRSXF0109CXDK1KXE,01KZRW4877R9Q45MFW4A93MM51,01KZRRGW14WSB3JJJKQDEREKF3,2020-05-11,,,,delivered,6060.00,2026-08-23 16:20:22.999897+08,2026-08-23 16:20:22.999897+08
01M0MX49WJWYCP6S55R3E0AHTB,01KZRW4877R9Q45MFW4A93MM51,01KZRRGW14WSB3JJJKQDEREKF3,2020-06-11,,,,delivered,14185.00,2026-08-23 16:20:22.999897+08,2026-08-23 16:20:22.999897+08
01M0MX49WJM0NMJHEJXF3XQB75,01KZRW4877R9Q45MFW4A93MM51,01KZRRGW14WSB3JJJKQDEREKF3,2020-11-15,,,,confirmed,250.00,2026-08-23 16:20:22.999897+08,2026-08-23 16:20:22.999897+08
01M0MX49WJ4VNH5E6KTCCDXW9M,01KZRW4877R9Q45MFW4A93MM51,01KZRRGW14WSB3JJJKQDEREKF3,2020-11-20,,,,pending,1840.00,2026-08-23 16:20:22.999897+08,2026-08-23 16:20:22.999897+08
01M0MX49WJ51E2Y8EQT6EN8F8M,01KZRW4877R9Q45MFW4A93MM51,01KZRRGW14WSB3JJJKQDEREKF3,2020-11-23,,,,confirmed,10500.00,2026-08-23 16:20:22.999897+08,2026-08-23 16:20:22.999897+08
01M0MX49WJARRSVZHYV6M1KRYX,01KZRW4877R9Q45MFW4A93MM51,01KZRRGW14WSB3JJJKQDEREKF3,2020-02-12,,,,delivered,8890.00,2026-08-23 16:20:22.999897+08,2026-08-23 16:20:22.999897+08
01M0MX49WJYWXGXC5KQ31ECYG1,01KZRW4877R9Q45MFW4A93MM51,01KZRRGW14WSB3JJJKQDEREKF3,2020-09-12,,,,confirmed,6160.00,2026-08-23 16:20:22.999897+08,2026-08-23 16:20:22.999897+08
01M0MX49WJRW388V5G6XSKCXW2,01KZRW4877R9Q45MFW4A93MM51,01KZRRGW14WSB3JJJKQDEREKF3,2020-12-14,,,,delivered,2335.00,2026-08-23 16:20:22.999897+08,2026-08-23 16:20:22.999897+08
01M0MX49WJ9YV3HQKV0NN0ZC7V,01KZRW4877R9Q45MFW4A93MM51,01KZRRGW14WSB3JJJKQDEREKF3,2020-12-17,,,,confirmed,4130.00,2026-08-23 16:20:22.999897+08,2026-08-23 16:20:22.999897+08
01M0MX49WJG2C28TGMQPJ6YDV8,01KZRW4877Z8TPYQZSPSR7KQ3R,01KZRRGW147SW8PDR6Z12DT4B9,2020-04-01,,,,delivered,6220.00,2026-08-23 16:20:22.999897+08,2026-08-23 16:20:22.999897+08
01M0MX49WJ8EYMNJQ2239BB7GB,01KZRW4877Z8TPYQZSPSR7KQ3R,01KZRRGW147SW8PDR6Z12DT4B9,2020-09-01,,,,pending,2755.00,2026-08-23 16:20:22.999897+08,2026-08-23 16:20:22.999897+08
01M0MX49WJY91ZW0GF00MM26EV,01KZRW4877Z8TPYQZSPSR7KQ3R,01KZRRGW147SW8PDR6Z12DT4B9,2020-11-01,,,,delivered,4363.00,2026-08-23 16:20:22.999897+08,2026-08-23 16:20:22.999897+08
01M0MX49WJWSC5DF3T69RB8Q35,01KZRW4877Z8TPYQZSPSR7KQ3R,01KZRRGW147SW8PDR6Z12DT4B9,2020-01-18,,,,delivered,10325.00,2026-08-23 16:20:22.999897+08,2026-08-23 16:20:22.999897+08
01M0MX49WJ5BS7D98H4S9JMJQS,01KZRW4877Z8TPYQZSPSR7KQ3R,01KZRRGW147SW8PDR6Z12DT4B9,2020-01-22,,,,delivered,11965.00,2026-08-23 16:20:22.999897+08,2026-08-23 16:20:22.999897+08
01M0MX49WJYYCAJ5WD7205EP4Z,01KZRW4877Z8TPYQZSPSR7KQ3R,01KZRRGW147SW8PDR6Z12DT4B9,2020-01-02,,,,delivered,4900.00,2026-08-23 16:20:22.999897+08,2026-08-23 16:20:22.999897+08
01M0MX49WJZY5P9R83WZSJVSJV,01KZRW4877Z8TPYQZSPSR7KQ3R,01KZRRGW147SW8PDR6Z12DT4B9,2020-11-02,,,,pending,7000.00,2026-08-23 16:20:22.999897+08,2026-08-23 16:20:22.999897+08
01M0MX49WJ8N4R3YXZ39MJD62Z,01KZRW4877Z8TPYQZSPSR7KQ3R,01KZRRGW147SW8PDR6Z12DT4B9,2020-02-17,,,,cancelled,12950.00,2026-08-23 16:20:22.999897+08,2026-08-23 16:20:22.999897+08
01M0MX49WJBPJZ3FFRHPXTP94S,01KZRW4877Z8TPYQZSPSR7KQ3R,01KZRRGW147SW8PDR6Z12DT4B9,2020-02-25,,,,delivered,2100.00,2026-08-23 16:20:22.999897+08,2026-08-23 16:20:22.999897+08
01M0MX49WJGDB4C78XMAGXCT36,01KZRW4877Z8TPYQZSPSR7KQ3R,01KZRRGW147SW8PDR6Z12DT4B9,2020-03-03,,,,confirmed,10315.00,2026-08-23 16:20:22.999897+08,2026-08-23 16:20:22.999897+08
01M0MX49WJ31KPJ5YVN4163GG3,01KZRW4877Z8TPYQZSPSR7KQ3R,01KZRRGW147SW8PDR6Z12DT4B9,2020-08-03,,,,confirmed,700.00,2026-08-23 16:20:22.999897+08,2026-08-23 16:20:22.999897+08
01M0MX49WJ6P306PS8F2PYNA3V,01KZRW4877Z8TPYQZSPSR7KQ3R,01KZRRGW147SW8PDR6Z12DT4B9,2020-03-14,,,,processing,3150.00,2026-08-23 16:20:22.999897+08,2026-08-23 16:20:22.999897+08
01M0MX49WJ0KXAFDTDCQ19N0A7,01KZRW4877Z8TPYQZSPSR7KQ3R,01KZRRGW147SW8PDR6Z12DT4B9,2020-03-17,,,,processing,11170.00,2026-08-23 16:20:22.999897+08,2026-08-23 16:20:22.999897+08
01M0MX49WJ6WNTA8N4W0DVV3ZW,01KZRW4877Z8TPYQZSPSR7KQ3R,01KZRRGW147SW8PDR6Z12DT4B9,2020-03-24,,,,pending,928.00,2026-08-23 16:20:22.999897+08,2026-08-23 16:20:22.999897+08
01M0MX49WJ77MQ9B3JV9TSXRX7,01KZRW4877Z8TPYQZSPSR7KQ3R,01KZRRGW147SW8PDR6Z12DT4B9,2020-01-04,,,,pending,315.00,2026-08-23 16:20:22.999897+08,2026-08-23 16:20:22.999897+08
01M0MX49WJPQBWFSRSJ57SRCSY,01KZRW4877Z8TPYQZSPSR7KQ3R,01KZRRGW147SW8PDR6Z12DT4B9,2020-09-04,,,,pending,4900.00,2026-08-23 16:20:22.999897+08,2026-08-23 16:20:22.999897+08
01M0MX49WJSS6FHH7Z16JY5CJ4,01KZRW4877Z8TPYQZSPSR7KQ3R,01KZRRGW147SW8PDR6Z12DT4B9,2020-04-13,,,,confirmed,10605.00,2026-08-23 16:20:22.999897+08,2026-08-23 16:20:22.999897+08
01M0MX49WJG09A8JVTSMS2EG8D,01KZRW4877Z8TPYQZSPSR7KQ3R,01KZRRGW147SW8PDR6Z12DT4B9,2020-04-24,,,,cancelled,7070.00,2026-08-23 16:20:22.999897+08,2026-08-23 16:20:22.999897+08
01M0MX49WJVNXYNN317AS83BNN,01KZRW4877Z8TPYQZSPSR7KQ3R,01KZRRGW147SW8PDR6Z12DT4B9,2020-03-05,,,,delivered,3570.00,2026-08-23 16:20:22.999897+08,2026-08-23 16:20:22.999897+08
01M0MX49WJS2NM0T1MS7NGJFH6,01KZRW4877Z8TPYQZSPSR7KQ3R,01KZRRGW147SW8PDR6Z12DT4B9,2020-08-05,,,,pending,9205.00,2026-08-23 16:20:22.999897+08,2026-08-23 16:20:22.999897+08
01M0MX49WJ3K40FG2V0RQSTWCA,01KZRW4877Z8TPYQZSPSR7KQ3R,01KZRRGW147SW8PDR6Z12DT4B9,2020-11-05,,,,cancelled,9245.00,2026-08-23 16:20:22.999897+08,2026-08-23 16:20:22.999897+08
01M0MX49WJXTV3KWCS6PG0SQRT,01KZRW4877Z8TPYQZSPSR7KQ3R,01KZRRGW147SW8PDR6Z12DT4B9,2020-05-19,,,,pending,1395.00,2026-08-23 16:20:22.999897+08,2026-08-23 16:20:22.999897+08
01M0MX49WJMQ156ZC9CGH6PNVT,01KZRW4877Z8TPYQZSPSR7KQ3R,01KZRRGW147SW8PDR6Z12DT4B9,2020-05-25,,,,confirmed,9800.00,2026-08-23 16:20:22.999897+08,2026-08-23 16:20:22.999897+08
01M0MX49WJR8SD34V9VM37JHXQ,01KZRW4877Z8TPYQZSPSR7KQ3R,01KZRRGW147SW8PDR6Z12DT4B9,2020-08-06,,,,delivered,980.00,2026-08-23 16:20:22.999897+08,2026-08-23 16:20:22.999897+08
01M0MX49WJTDEW0ZAMNPEV9K4F,01KZRW4877Z8TPYQZSPSR7KQ3R,01KZRRGW147SW8PDR6Z12DT4B9,2020-12-06,,,,delivered,7550.00,2026-08-23 16:20:22.999897+08,2026-08-23 16:20:22.999897+08
01M0MX49WJ4NGY69J2N2E75WJC,01KZRW4877Z8TPYQZSPSR7KQ3R,01KZRRGW147SW8PDR6Z12DT4B9,2020-06-17,,,,delivered,5600.00,2026-08-23 16:20:22.999897+08,2026-08-23 16:20:22.999897+08
01M0MX49WJC27V5FH2JFE8MPH9,01KZRW4877Z8TPYQZSPSR7KQ3R,01KZRRGW147SW8PDR6Z12DT4B9,2020-01-07,,,,delivered,600.00,2026-08-23 16:20:22.999897+08,2026-08-23 16:20:22.999897+08
01M0MX49WJS8KDSEGNP3JQCJA9,01KZRW4877Z8TPYQZSPSR7KQ3R,01KZRRGW147SW8PDR6Z12DT4B9,2020-07-07,,,,delivered,1400.00,2026-08-23 16:20:22.999897+08,2026-08-23 16:20:22.999897+08
01M0MX49WJJ2RMCSYS78AYH3NT,01KZRW4877Z8TPYQZSPSR7KQ3R,01KZRRGW147SW8PDR6Z12DT4B9,2020-07-18,,,,pending,5450.00,2026-08-23 16:20:22.999897+08,2026-08-23 16:20:22.999897+08
01M0MX49WJSS0CNGCRSSCGRDRX,01KZRW4877Z8TPYQZSPSR7KQ3R,01KZRRGW147SW8PDR6Z12DT4B9,2020-07-25,,,,confirmed,3150.00,2026-08-23 16:20:22.999897+08,2026-08-23 16:20:22.999897+08
01M0MX49WJ5KT5P2QK308VA535,01KZRW4877Z8TPYQZSPSR7KQ3R,01KZRRGW147SW8PDR6Z12DT4B9,2020-02-08,,,,delivered,180.00,2026-08-23 16:20:22.999897+08,2026-08-23 16:20:22.999897+08
01M0MX49WJ3B7J1Y7714DYW0D0,01KZRW4877Z8TPYQZSPSR7KQ3R,01KZRRGW147SW8PDR6Z12DT4B9,2020-10-08,,,,confirmed,70.00,2026-08-23 16:20:22.999897+08,2026-08-23 16:20:22.999897+08
01M0MX49WJVMAGYDJ6XAE59RVP,01KZRW4877Z8TPYQZSPSR7KQ3R,01KZRRGW147SW8PDR6Z12DT4B9,2020-12-08,,,,pending,1896.00,2026-08-23 16:20:22.999897+08,2026-08-23 16:20:22.999897+08
01M0MX49WJW8A26Z75SAG15HKA,01KZRW4877Z8TPYQZSPSR7KQ3R,01KZRRGW147SW8PDR6Z12DT4B9,2020-08-16,,,,pending,285.00,2026-08-23 16:20:22.999897+08,2026-08-23 16:20:22.999897+08
01M0MX49WJ9Y32DNKNXDP736K9,01KZRW4877Z8TPYQZSPSR7KQ3R,01KZRRGW147SW8PDR6Z12DT4B9,2020-08-23,,,,processing,2500.00,2026-08-23 16:20:22.999897+08,2026-08-23 16:20:22.999897+08
01M0MX49WJF7MZHEV0SZENMEQQ,01KZRW4877Z8TPYQZSPSR7KQ3R,01KZRRGW147SW8PDR6Z12DT4B9,2020-10-09,,,,confirmed,3836.00,2026-08-23 16:20:22.999897+08,2026-08-23 16:20:22.999897+08
01M0MX49WJWRSE5DRJK1S84ZYE,01KZRW4877Z8TPYQZSPSR7KQ3R,01KZRRGW147SW8PDR6Z12DT4B9,2020-09-13,,,,processing,15400.00,2026-08-23 16:20:22.999897+08,2026-08-23 16:20:22.999897+08
01M0MX49WJRF5JXQ72ADDAFGC5,01KZRW4877Z8TPYQZSPSR7KQ3R,01KZRRGW147SW8PDR6Z12DT4B9,2020-09-18,,,,delivered,1150.00,2026-08-23 16:20:22.999897+08,2026-08-23 16:20:22.999897+08
01M0MX49WJ6YY0Z7KGKQ9TYCJA,01KZRW4877Z8TPYQZSPSR7KQ3R,01KZRRGW147SW8PDR6Z12DT4B9,2020-09-22,,,,pending,400.00,2026-08-23 16:20:22.999897+08,2026-08-23 16:20:22.999897+08
01M0MX49WJ5F0XBB5GFYBZYYNA,01KZRW4877Z8TPYQZSPSR7KQ3R,01KZRRGW147SW8PDR6Z12DT4B9,2020-04-10,,,,confirmed,7805.00,2026-08-23 16:20:22.999897+08,2026-08-23 16:20:22.999897+08
01M0MX49WJRMXWBK96S1Z1NXMV,01KZRW4877Z8TPYQZSPSR7KQ3R,01KZRRGW147SW8PDR6Z12DT4B9,2020-09-10,,,,confirmed,970.00,2026-08-23 16:20:22.999897+08,2026-08-23 16:20:22.999897+08
01M0MX49WJ1D3GJJ7SCDT40XGJ,01KZRW4877Z8TPYQZSPSR7KQ3R,01KZRRGW147SW8PDR6Z12DT4B9,2020-12-10,,,,delivered,2920.00,2026-08-23 16:20:22.999897+08,2026-08-23 16:20:22.999897+08
01M0MX49WJS6J7XFZP018NDA5M,01KZRW4877Z8TPYQZSPSR7KQ3R,01KZRRGW147SW8PDR6Z12DT4B9,2020-10-22,,,,delivered,6300.00,2026-08-23 16:20:22.999897+08,2026-08-23 16:20:22.999897+08
01M0MX49WJTMX59P6T6T8Q125K,01KZRW4877Z8TPYQZSPSR7KQ3R,01KZRRGW147SW8PDR6Z12DT4B9,2020-02-11,,,,processing,5600.00,2026-08-23 16:20:22.999897+08,2026-08-23 16:20:22.999897+08
01M0MX49WJVV637FEF9512GQ6T,01KZRW4877Z8TPYQZSPSR7KQ3R,01KZRRGW147SW8PDR6Z12DT4B9,2020-12-11,,,,processing,210.00,2026-08-23 16:20:22.999897+08,2026-08-23 16:20:22.999897+08
01M0MX49WJF0EHMK50TSXX4QJC,01KZRW4877Z8TPYQZSPSR7KQ3R,01KZRRGW147SW8PDR6Z12DT4B9,2020-11-18,,,,cancelled,775.00,2026-08-23 16:20:22.999897+08,2026-08-23 16:20:22.999897+08
01M0MX49WJ5M41CP8KCZDQXENE,01KZRW4877Z8TPYQZSPSR7KQ3R,01KZRRGW147SW8PDR6Z12DT4B9,2020-11-21,,,,delivered,1750.00,2026-08-23 16:20:22.999897+08,2026-08-23 16:20:22.999897+08
01M0MX49WJD0YV0FKHZC4TXCJ8,01KZRW4877Z8TPYQZSPSR7KQ3R,01KZRRGW147SW8PDR6Z12DT4B9,2020-01-12,,,,delivered,1420.00,2026-08-23 16:20:22.999897+08,2026-08-23 16:20:22.999897+08
01M0MX49WJEM3MJS00NFA90RT7,01KZRW4877Z8TPYQZSPSR7KQ3R,01KZRRGW147SW8PDR6Z12DT4B9,2020-12-14,,,,delivered,9665.00,2026-08-23 16:20:22.999897+08,2026-08-23 16:20:22.999897+08
01M0MX49WJ7Y4EX2BQ02BGRCH0,01KZRW4877Z8TPYQZSPSR7KQ3R,01KZRRGW147SW8PDR6Z12DT4B9,2020-12-18,,,,pending,4970.00,2026-08-23 16:20:22.999897+08,2026-08-23 16:20:22.999897+08
01M0MX49WJK25BMV2V10243D5Q,01KZRW4877Z8TPYQZSPSR7KQ3R,01KZRRGW147SW8PDR6Z12DT4B9,2020-12-25,,,,confirmed,12250.00,2026-08-23 16:20:22.999897+08,2026-08-23 16:20:22.999897+08
01M0MX49WJW7GS1DHWC82A1DET,01KZRW4877Z8TPYQZSPSR7KQ3R,01KZRRGW14W9JF1K1J0X6X34N8,2020-04-01,,,,delivered,5410.00,2026-08-23 16:20:22.999897+08,2026-08-23 16:20:22.999897+08
01M0MX49WJ2CS0YGKNGQZX3M7H,01KZRW4877Z8TPYQZSPSR7KQ3R,01KZRRGW14W9JF1K1J0X6X34N8,2020-01-14,,,,cancelled,1400.00,2026-08-23 16:20:22.999897+08,2026-08-23 16:20:22.999897+08
01M0MX49WJH89AYKB3SEF7256Q,01KZRW4877Z8TPYQZSPSR7KQ3R,01KZRRGW14W9JF1K1J0X6X34N8,2020-01-23,,,,confirmed,5915.00,2026-08-23 16:20:22.999897+08,2026-08-23 16:20:22.999897+08
01M0MX49WJRFFR0XY61CQM97ET,01KZRW4877Z8TPYQZSPSR7KQ3R,01KZRRGW14W9JF1K1J0X6X34N8,2020-04-02,,,,delivered,3585.00,2026-08-23 16:20:22.999897+08,2026-08-23 16:20:22.999897+08
01M0MX49WJP52ZJCJ5E7YNBQQP,01KZRW4877Z8TPYQZSPSR7KQ3R,01KZRRGW14W9JF1K1J0X6X34N8,2020-06-02,,,,processing,6405.00,2026-08-23 16:20:22.999897+08,2026-08-23 16:20:22.999897+08
01M0MX49WJXXQRS1G4YA7QDTSM,01KZRW4877Z8TPYQZSPSR7KQ3R,01KZRRGW14W9JF1K1J0X6X34N8,2020-02-20,,,,delivered,7650.00,2026-08-23 16:20:22.999897+08,2026-08-23 16:20:22.999897+08
01M0MX49WJ89DXWBKDG85HQ4YV,01KZRW4877Z8TPYQZSPSR7KQ3R,01KZRRGW14W9JF1K1J0X6X34N8,2020-02-24,,,,processing,11340.00,2026-08-23 16:20:22.999897+08,2026-08-23 16:20:22.999897+08
01M0MX49WJ9KH8A36MCF6GSVCQ,01KZRW4877Z8TPYQZSPSR7KQ3R,01KZRRGW14W9JF1K1J0X6X34N8,2020-03-13,,,,delivered,5250.00,2026-08-23 16:20:22.999897+08,2026-08-23 16:20:22.999897+08
01M0MX49WJKDEPDTH23W117FA7,01KZRW4877Z8TPYQZSPSR7KQ3R,01KZRRGW14W9JF1K1J0X6X34N8,2020-01-04,,,,pending,1245.00,2026-08-23 16:20:22.999897+08,2026-08-23 16:20:22.999897+08
01M0MX49WJD5051CSBZ1VZ1XKE,01KZRW4877Z8TPYQZSPSR7KQ3R,01KZRRGW14W9JF1K1J0X6X34N8,2020-06-04,,,,confirmed,75.00,2026-08-23 16:20:22.999897+08,2026-08-23 16:20:22.999897+08
01M0MX49WJ191N8Z5KVZR61BZJ,01KZRW4877Z8TPYQZSPSR7KQ3R,01KZRRGW14W9JF1K1J0X6X34N8,2020-04-14,,,,confirmed,30.00,2026-08-23 16:20:22.999897+08,2026-08-23 16:20:22.999897+08
01M0MX49WJE1CDF113KSJS8ERA,01KZRW4877Z8TPYQZSPSR7KQ3R,01KZRRGW14W9JF1K1J0X6X34N8,2020-04-18,,,,processing,985.00,2026-08-23 16:20:22.999897+08,2026-08-23 16:20:22.999897+08
01M0MX49WJ4EN45DS347ZAM5DW,01KZRW4877Z8TPYQZSPSR7KQ3R,01KZRRGW14W9JF1K1J0X6X34N8,2020-04-21,,,,confirmed,2800.00,2026-08-23 16:20:22.999897+08,2026-08-23 16:20:22.999897+08
01M0MX49WJ2SW0D58W2BY4JJZ4,01KZRW4877Z8TPYQZSPSR7KQ3R,01KZRRGW14W9JF1K1J0X6X34N8,2020-12-05,,,,delivered,8750.00,2026-08-23 16:20:22.999897+08,2026-08-23 16:20:22.999897+08
01M0MX49WJ4A14V1PDRMZWTDYG,01KZRW4877Z8TPYQZSPSR7KQ3R,01KZRRGW14W9JF1K1J0X6X34N8,2020-05-18,,,,cancelled,4200.00,2026-08-23 16:20:22.999897+08,2026-08-23 16:20:22.999897+08
01M0MX49WJF4WH3Y7C9AFCNMD1,01KZRW4877Z8TPYQZSPSR7KQ3R,01KZRRGW14W9JF1K1J0X6X34N8,2020-05-06,,,,confirmed,75.00,2026-08-23 16:20:22.999897+08,2026-08-23 16:20:22.999897+08
01M0MX49WJZNTMFNNCXR83MQ8B,01KZRW4877Z8TPYQZSPSR7KQ3R,01KZRRGW14W9JF1K1J0X6X34N8,2020-07-06,,,,confirmed,2945.00,2026-08-23 16:20:22.999897+08,2026-08-23 16:20:22.999897+08
01M0MX49WJXXB88X65G8T7BC55,01KZRW4877Z8TPYQZSPSR7KQ3R,01KZRRGW14W9JF1K1J0X6X34N8,2020-12-06,,,,processing,2520.00,2026-08-23 16:20:22.999897+08,2026-08-23 16:20:22.999897+08
01M0MX49WJS1GSJ2ZM5AWRAXC8,01KZRW4877Z8TPYQZSPSR7KQ3R,01KZRRGW14W9JF1K1J0X6X34N8,2020-06-18,,,,cancelled,2100.00,2026-08-23 16:20:22.999897+08,2026-08-23 16:20:22.999897+08
01M0MX49WJAPDW3B8N502JM5FN,01KZRW4877Z8TPYQZSPSR7KQ3R,01KZRRGW14W9JF1K1J0X6X34N8,2020-06-25,,,,cancelled,6360.00,2026-08-23 16:20:22.999897+08,2026-08-23 16:20:22.999897+08
01M0MX49WJ22F4C3DB8CEN6E6A,01KZRW4877Z8TPYQZSPSR7KQ3R,01KZRRGW14W9JF1K1J0X6X34N8,2020-04-07,,,,delivered,6300.00,2026-08-23 16:20:22.999897+08,2026-08-23 16:20:22.999897+08
01M0MX49WJKYB1XXXDG2GYN94F,01KZRW4877Z8TPYQZSPSR7KQ3R,01KZRRGW14W9JF1K1J0X6X34N8,2020-10-07,,,,confirmed,14650.00,2026-08-23 16:20:22.999897+08,2026-08-23 16:20:22.999897+08
01M0MX49WJPDKKCSH87EFMN9CZ,01KZRW4877Z8TPYQZSPSR7KQ3R,01KZRRGW14W9JF1K1J0X6X34N8,2020-07-15,,,,delivered,680.00,2026-08-23 16:20:22.999897+08,2026-08-23 16:20:22.999897+08
01M0MX49WJ4YJ096A5T42ZWQQV,01KZRW4877Z8TPYQZSPSR7KQ3R,01KZRRGW14W9JF1K1J0X6X34N8,2020-07-17,,,,delivered,415.00,2026-08-23 16:20:22.999897+08,2026-08-23 16:20:22.999897+08
01M0MX49WJ03YXQVDRS9PNRKKB,01KZRW4877Z8TPYQZSPSR7KQ3R,01KZRRGW14W9JF1K1J0X6X34N8,2020-01-08,,,,confirmed,6195.00,2026-08-23 16:20:22.999897+08,2026-08-23 16:20:22.999897+08
01M0MX49WJB7XBENPAN752P7XC,01KZRW4877Z8TPYQZSPSR7KQ3R,01KZRRGW14W9JF1K1J0X6X34N8,2020-07-08,,,,pending,8240.00,2026-08-23 16:20:22.999897+08,2026-08-23 16:20:22.999897+08
01M0MX49WJSGQ6ZK8KXPMXRXTF,01KZRW4877Z8TPYQZSPSR7KQ3R,01KZRRGW14W9JF1K1J0X6X34N8,2020-08-18,,,,processing,4980.00,2026-08-23 16:20:22.999897+08,2026-08-23 16:20:22.999897+08
01M0MX49WJ72E0TM9FXNEWKG6V,01KZRW4877Z8TPYQZSPSR7KQ3R,01KZRRGW14W9JF1K1J0X6X34N8,2020-08-23,,,,confirmed,7380.00,2026-08-23 16:20:22.999897+08,2026-08-23 16:20:22.999897+08
01M0MX49WJQSK4P2MJ881F8RSQ,01KZRW4877Z8TPYQZSPSR7KQ3R,01KZRRGW14W9JF1K1J0X6X34N8,2020-04-09,,,,delivered,5050.00,2026-08-23 16:20:22.999897+08,2026-08-23 16:20:22.999897+08
01M0MX49WJWP0TD3AXQM2HVDJ5,01KZRW4877Z8TPYQZSPSR7KQ3R,01KZRRGW14W9JF1K1J0X6X34N8,2020-09-14,,,,cancelled,1270.00,2026-08-23 16:20:22.999897+08,2026-08-23 16:20:22.999897+08
01M0MX49WJFA1G5F1PEEA03WS9,01KZRW4877Z8TPYQZSPSR7KQ3R,01KZRRGW14W9JF1K1J0X6X34N8,2020-09-25,,,,delivered,2910.00,2026-08-23 16:20:22.999897+08,2026-08-23 16:20:22.999897+08
01M0MX49WJ5SM6Q1Y06KGJ6ADM,01KZRW4877Z8TPYQZSPSR7KQ3R,01KZRRGW14W9JF1K1J0X6X34N8,2020-04-10,,,,confirmed,3850.00,2026-08-23 16:20:22.999897+08,2026-08-23 16:20:22.999897+08
01M0MX49WJMMGF3BJP503VZFT4,01KZRW4877Z8TPYQZSPSR7KQ3R,01KZRRGW14W9JF1K1J0X6X34N8,2020-10-13,,,,confirmed,9280.00,2026-08-23 16:20:22.999897+08,2026-08-23 16:20:22.999897+08
01M0MX49WJN1R1CVBMKS8FRS3Z,01KZRW4877Z8TPYQZSPSR7KQ3R,01KZRRGW14W9JF1K1J0X6X34N8,2020-10-19,,,,delivered,3590.00,2026-08-23 16:20:22.999897+08,2026-08-23 16:20:22.999897+08
01M0MX49WJWT4VYWG90NH6HTMS,01KZRW4877Z8TPYQZSPSR7KQ3R,01KZRRGW14W9JF1K1J0X6X34N8,2020-10-25,,,,delivered,6440.00,2026-08-23 16:20:22.999897+08,2026-08-23 16:20:22.999897+08
01M0MX49WJD4KMGBSC34G3E013,01KZRW4877Z8TPYQZSPSR7KQ3R,01KZRRGW14W9JF1K1J0X6X34N8,2020-01-11,,,,processing,2205.00,2026-08-23 16:20:22.999897+08,2026-08-23 16:20:22.999897+08
01M0MX49WJ94329NRVKP4JE83H,01KZRW4877Z8TPYQZSPSR7KQ3R,01KZRRGW14W9JF1K1J0X6X34N8,2020-07-11,,,,confirmed,9100.00,2026-08-23 16:20:22.999897+08,2026-08-23 16:20:22.999897+08
01M0MX49WJKQCCJGNAAFMEQ1JT,01KZRW4877Z8TPYQZSPSR7KQ3R,01KZRRGW14W9JF1K1J0X6X34N8,2020-11-23,,,,delivered,10335.00,2026-08-23 16:20:22.999897+08,2026-08-23 16:20:22.999897+08
01M0MX49WJGEB44177YE1AC0YQ,01KZRW4877Z8TPYQZSPSR7KQ3R,01KZRRGW14W9JF1K1J0X6X34N8,2020-05-12,,,,processing,1750.00,2026-08-23 16:20:22.999897+08,2026-08-23 16:20:22.999897+08
01M0MX49WJTV78DER5Z67YAA16,01KZRW4877Z8TPYQZSPSR7KQ3R,01KZRRGW14W9JF1K1J0X6X34N8,2020-10-12,,,,confirmed,1730.00,2026-08-23 16:20:22.999897+08,2026-08-23 16:20:22.999897+08
01M0MX49WJ2WVJFYD9DWD68BE3,01KZRW4877Z8TPYQZSPSR7KQ3R,01KZRRGW14W9JF1K1J0X6X34N8,2020-12-12,,,,confirmed,8730.00,2026-08-23 16:20:22.999897+08,2026-08-23 16:20:22.999897+08
01M0MX49WJNZXA44FHS4ZDCNXV,01KZRW4877Z8TPYQZSPSR7KQ3R,01KZRRGW14W9JF1K1J0X6X34N8,2020-12-20,,,,delivered,1140.00,2026-08-23 16:20:22.999897+08,2026-08-23 16:20:22.999897+08
01M0MX49WJJ78PENC2CMA0RHSP,01KZRW4877Z8TPYQZSPSR7KQ3R,01KZRRGW14W9JF1K1J0X6X34N8,2020-12-21,,,,pending,5600.00,2026-08-23 16:20:22.999897+08,2026-08-23 16:20:22.999897+08
01M0MX49WJ44Z38ZSFGEC8GB38,01KZRW4877Z8TPYQZSPSR7KQ3R,01KZRRGW14SVP3PKMRRXC2J621,2020-03-01,,,,confirmed,7154.00,2026-08-23 16:20:22.999897+08,2026-08-23 16:20:22.999897+08
01M0MX49WJGP5CDPEV5QYPEFA3,01KZRW4877Z8TPYQZSPSR7KQ3R,01KZRRGW14SVP3PKMRRXC2J621,2020-08-01,,,,confirmed,3150.00,2026-08-23 16:20:22.999897+08,2026-08-23 16:20:22.999897+08
01M0MX49WJ9AA2EEPBH3S81VCC,01KZRW4877Z8TPYQZSPSR7KQ3R,01KZRRGW14SVP3PKMRRXC2J621,2020-12-01,,,,delivered,3500.00,2026-08-23 16:20:22.999897+08,2026-08-23 16:20:22.999897+08
01M0MX49WJAT6F231QNHJ2D8F3,01KZRW4877Z8TPYQZSPSR7KQ3R,01KZRRGW14SVP3PKMRRXC2J621,2020-01-19,,,,delivered,350.00,2026-08-23 16:20:22.999897+08,2026-08-23 16:20:22.999897+08
01M0MX49WJJYSA462ZG3XM03HM,01KZRW4877Z8TPYQZSPSR7KQ3R,01KZRRGW14SVP3PKMRRXC2J621,2020-01-24,,,,delivered,1940.00,2026-08-23 16:20:22.999897+08,2026-08-23 16:20:22.999897+08
01M0MX49WJM8TKFV1ARPJP7A8F,01KZRW4877Z8TPYQZSPSR7KQ3R,01KZRRGW14SVP3PKMRRXC2J621,2020-01-02,,,,delivered,890.00,2026-08-23 16:20:22.999897+08,2026-08-23 16:20:22.999897+08
01M0MX49WJJ9YQHN1DC2A6V1F3,01KZRW4877Z8TPYQZSPSR7KQ3R,01KZRRGW14SVP3PKMRRXC2J621,2020-06-02,,,,confirmed,1400.00,2026-08-23 16:20:22.999897+08,2026-08-23 16:20:22.999897+08
01M0MX49WJ7M5YXFD40WYDDZPH,01KZRW4877Z8TPYQZSPSR7KQ3R,01KZRRGW14SVP3PKMRRXC2J621,2020-02-15,,,,confirmed,4200.00,2026-08-23 16:20:22.999897+08,2026-08-23 16:20:22.999897+08
01M0MX49WJ5HRHD9VW71EP1FFD,01KZRW4877Z8TPYQZSPSR7KQ3R,01KZRRGW14SVP3PKMRRXC2J621,2020-02-16,,,,pending,14280.00,2026-08-23 16:20:22.999897+08,2026-08-23 16:20:22.999897+08
01M0MX49WJ2S4WE93N7PQK4WHZ,01KZRW4877Z8TPYQZSPSR7KQ3R,01KZRRGW14SVP3PKMRRXC2J621,2020-02-25,,,,confirmed,1645.00,2026-08-23 16:20:22.999897+08,2026-08-23 16:20:22.999897+08
01M0MX49WJ985HGEB18S3F8PWJ,01KZRW4877Z8TPYQZSPSR7KQ3R,01KZRRGW14SVP3PKMRRXC2J621,2020-02-03,,,,cancelled,35.00,2026-08-23 16:20:22.999897+08,2026-08-23 16:20:22.999897+08
01M0MX49WJX42QXDX96WACE9SK,01KZRW4877Z8TPYQZSPSR7KQ3R,01KZRRGW14SVP3PKMRRXC2J621,2020-06-03,,,,delivered,8150.00,2026-08-23 16:20:22.999897+08,2026-08-23 16:20:22.999897+08
01M0MX49WJDV6Y2JVZ0QMVTN9F,01KZRW4877Z8TPYQZSPSR7KQ3R,01KZRRGW14SVP3PKMRRXC2J621,2020-11-03,,,,confirmed,11675.00,2026-08-23 16:20:22.999897+08,2026-08-23 16:20:22.999897+08
01M0MX49WJXW73TWR8ZWQ4N3FM,01KZRW4877Z8TPYQZSPSR7KQ3R,01KZRRGW14SVP3PKMRRXC2J621,2020-03-17,,,,processing,11200.00,2026-08-23 16:20:22.999897+08,2026-08-23 16:20:22.999897+08
01M0MX49WJ5C40VWMEK2XVC7EK,01KZRW4877Z8TPYQZSPSR7KQ3R,01KZRRGW14SVP3PKMRRXC2J621,2020-01-04,,,,confirmed,2450.00,2026-08-23 16:20:22.999897+08,2026-08-23 16:20:22.999897+08
01M0MX49WJSEW0YDVE37HQ6NT6,01KZRW4877Z8TPYQZSPSR7KQ3R,01KZRRGW14SVP3PKMRRXC2J621,2020-04-14,,,,confirmed,1815.00,2026-08-23 16:20:22.999897+08,2026-08-23 16:20:22.999897+08
01M0MX49WJMGQXDDAFCWF5VPKN,01KZRW4877Z8TPYQZSPSR7KQ3R,01KZRRGW14SVP3PKMRRXC2J621,2020-04-17,,,,pending,3885.00,2026-08-23 16:20:22.999897+08,2026-08-23 16:20:22.999897+08
01M0MX49WJ8MKKHKFB254HG3Y5,01KZRW4877Z8TPYQZSPSR7KQ3R,01KZRRGW14SVP3PKMRRXC2J621,2020-04-21,,,,pending,2385.00,2026-08-23 16:20:22.999897+08,2026-08-23 16:20:22.999897+08
01M0MX49WJJV5Q7J8A33EPS7YH,01KZRW4877Z8TPYQZSPSR7KQ3R,01KZRRGW14SVP3PKMRRXC2J621,2020-01-05,,,,processing,1085.00,2026-08-23 16:20:22.999897+08,2026-08-23 16:20:22.999897+08
01M0MX49WJ8RBEKPTBR6260XKE,01KZRW4877Z8TPYQZSPSR7KQ3R,01KZRRGW14SVP3PKMRRXC2J621,2020-10-05,,,,delivered,3280.00,2026-08-23 16:20:22.999897+08,2026-08-23 16:20:22.999897+08
01M0MX49WJGVW7DBX8H4HSVJNY,01KZRW4877Z8TPYQZSPSR7KQ3R,01KZRRGW14SVP3PKMRRXC2J621,2020-05-13,,,,delivered,7105.00,2026-08-23 16:20:22.999897+08,2026-08-23 16:20:22.999897+08
01M0MX49WJTYF2AQ1T1DQK7MHP,01KZRW4877Z8TPYQZSPSR7KQ3R,01KZRRGW14SVP3PKMRRXC2J621,2020-05-20,,,,cancelled,5520.00,2026-08-23 16:20:22.999897+08,2026-08-23 16:20:22.999897+08
01M0MX49WJER5TVF2578VWF40Q,01KZRW4877Z8TPYQZSPSR7KQ3R,01KZRRGW14SVP3PKMRRXC2J621,2020-05-21,,,,pending,1990.00,2026-08-23 16:20:22.999897+08,2026-08-23 16:20:22.999897+08
01M0MX49WJRGQEZXMVTMF9RQ5S,01KZRW4877Z8TPYQZSPSR7KQ3R,01KZRRGW14SVP3PKMRRXC2J621,2020-01-06,,,,pending,5600.00,2026-08-23 16:20:22.999897+08,2026-08-23 16:20:22.999897+08
01M0MX49WJ7F42M65NB3E39FVY,01KZRW4877Z8TPYQZSPSR7KQ3R,01KZRRGW14SVP3PKMRRXC2J621,2020-06-06,,,,cancelled,4732.00,2026-08-23 16:20:22.999897+08,2026-08-23 16:20:22.999897+08
01M0MX49WJG5V4HXMJN0YQF839,01KZRW4877Z8TPYQZSPSR7KQ3R,01KZRRGW14SVP3PKMRRXC2J621,2020-06-19,,,,delivered,6640.00,2026-08-23 16:20:22.999897+08,2026-08-23 16:20:22.999897+08
01M0MX49WJHBYS8SF9V4NN4D52,01KZRW4877Z8TPYQZSPSR7KQ3R,01KZRRGW14SVP3PKMRRXC2J621,2020-01-07,,,,processing,3735.00,2026-08-23 16:20:22.999897+08,2026-08-23 16:20:22.999897+08
01M0MX49WJACX3137NHWE31EJW,01KZRW4877Z8TPYQZSPSR7KQ3R,01KZRRGW14SVP3PKMRRXC2J621,2020-06-07,,,,confirmed,6410.00,2026-08-23 16:20:22.999897+08,2026-08-23 16:20:22.999897+08
01M0MX49WJW1FZ9H6NVTVJFCFF,01KZRW4877Z8TPYQZSPSR7KQ3R,01KZRRGW14SVP3PKMRRXC2J621,2020-07-20,,,,delivered,750.00,2026-08-23 16:20:22.999897+08,2026-08-23 16:20:22.999897+08
01M0MX49WJFR7QWV5E95B9VZJJ,01KZRW4877Z8TPYQZSPSR7KQ3R,01KZRRGW14SVP3PKMRRXC2J621,2020-07-24,,,,confirmed,9765.00,2026-08-23 16:20:22.999897+08,2026-08-23 16:20:22.999897+08
01M0MX49WJ2TY8J7WMG60KGXQT,01KZRW4877Z8TPYQZSPSR7KQ3R,01KZRRGW14SVP3PKMRRXC2J621,2020-01-08,,,,pending,4200.00,2026-08-23 16:20:22.999897+08,2026-08-23 16:20:22.999897+08
01M0MX49WJ0YH1G591XB4JR78G,01KZRW4877Z8TPYQZSPSR7KQ3R,01KZRRGW14SVP3PKMRRXC2J621,2020-08-08,,,,delivered,5190.00,2026-08-23 16:20:22.999897+08,2026-08-23 16:20:22.999897+08
01M0MX49WJ16HBTM04RDQR33ZM,01KZRW4877Z8TPYQZSPSR7KQ3R,01KZRRGW14SVP3PKMRRXC2J621,2020-08-13,,,,processing,200.00,2026-08-23 16:20:22.999897+08,2026-08-23 16:20:22.999897+08
01M0MX49WJWBA09N2JF9K9ZGWF,01KZRW4877Z8TPYQZSPSR7KQ3R,01KZRRGW14SVP3PKMRRXC2J621,2020-08-17,,,,confirmed,150.00,2026-08-23 16:20:22.999897+08,2026-08-23 16:20:22.999897+08
01M0MX49WJ7B81QB9Y25WXJ2H8,01KZRW4877Z8TPYQZSPSR7KQ3R,01KZRRGW14SVP3PKMRRXC2J621,2020-08-23,,,,pending,6300.00,2026-08-23 16:20:22.999897+08,2026-08-23 16:20:22.999897+08
01M0MX49WJMMT38B8PFBGJMFNH,01KZRW4877Z8TPYQZSPSR7KQ3R,01KZRRGW14SVP3PKMRRXC2J621,2020-03-09,,,,pending,1340.00,2026-08-23 16:20:22.999897+08,2026-08-23 16:20:22.999897+08
01M0MX49WJ5F0C3RQRY3RN194D,01KZRW4877Z8TPYQZSPSR7KQ3R,01KZRRGW14SVP3PKMRRXC2J621,2020-09-15,,,,pending,4930.00,2026-08-23 16:20:22.999897+08,2026-08-23 16:20:22.999897+08
01M0MX49WJZAJRJBKQ24NDWZ25,01KZRW4877Z8TPYQZSPSR7KQ3R,01KZRRGW14SVP3PKMRRXC2J621,2020-09-20,,,,delivered,4010.00,2026-08-23 16:20:22.999897+08,2026-08-23 16:20:22.999897+08
01M0MX49WJXZQ7PX8FAFFMGG2W,01KZRW4877Z8TPYQZSPSR7KQ3R,01KZRRGW14SVP3PKMRRXC2J621,2020-03-10,,,,confirmed,7455.00,2026-08-23 16:20:22.999897+08,2026-08-23 16:20:22.999897+08
01M0MX49WJX8QM8B2M8SK8EA8Q,01KZRW4877Z8TPYQZSPSR7KQ3R,01KZRRGW14SVP3PKMRRXC2J621,2020-06-10,,,,delivered,14695.00,2026-08-23 16:20:22.999897+08,2026-08-23 16:20:22.999897+08
01M0MX49WJQVN7SK9KHFZWXAMZ,01KZRW4877Z8TPYQZSPSR7KQ3R,01KZRRGW14SVP3PKMRRXC2J621,2020-10-24,,,,processing,1250.00,2026-08-23 16:20:22.999897+08,2026-08-23 16:20:22.999897+08
01M0MX49WJGVQE903RAM8SZBPK,01KZRW4877Z8TPYQZSPSR7KQ3R,01KZRRGW14SVP3PKMRRXC2J621,2020-05-11,,,,delivered,6885.00,2026-08-23 16:20:22.999897+08,2026-08-23 16:20:22.999897+08
01M0MX49WJQ5YJX0WCVGVPHCCN,01KZRW4877Z8TPYQZSPSR7KQ3R,01KZRRGW14SVP3PKMRRXC2J621,2020-10-11,,,,delivered,280.00,2026-08-23 16:20:22.999897+08,2026-08-23 16:20:22.999897+08
01M0MX49WJ5VPM253NQTKRVP4P,01KZRW4877Z8TPYQZSPSR7KQ3R,01KZRRGW14SVP3PKMRRXC2J621,2020-11-19,,,,processing,2450.00,2026-08-23 16:20:22.999897+08,2026-08-23 16:20:22.999897+08
01M0MX49WJ4136Q823TPNVKT3F,01KZRW4877Z8TPYQZSPSR7KQ3R,01KZRRGW14SVP3PKMRRXC2J621,2020-11-24,,,,confirmed,9100.00,2026-08-23 16:20:22.999897+08,2026-08-23 16:20:22.999897+08
01M0MX49WJKFC4GH73AW3PB3H8,01KZRW4877Z8TPYQZSPSR7KQ3R,01KZRRGW14SVP3PKMRRXC2J621,2020-02-12,,,,processing,2450.00,2026-08-23 16:20:22.999897+08,2026-08-23 16:20:22.999897+08
01M0MX49WJY5SXEG47Q6SJDRA9,01KZRW4877Z8TPYQZSPSR7KQ3R,01KZRRGW14SVP3PKMRRXC2J621,2020-06-12,,,,confirmed,970.00,2026-08-23 16:20:22.999897+08,2026-08-23 16:20:22.999897+08
01M0MX49WJ47WTXG7JFBEHQKK5,01KZRW4877Z8TPYQZSPSR7KQ3R,01KZRRGW14SVP3PKMRRXC2J621,2020-12-18,,,,pending,7000.00,2026-08-23 16:20:22.999897+08,2026-08-23 16:20:22.999897+08
01M0MX49WJ60NPKVYQY58J0RFW,01KZRW4877Z8TPYQZSPSR7KQ3R,01KZRRGW14SVP3PKMRRXC2J621,2020-12-24,,,,delivered,3850.00,2026-08-23 16:20:22.999897+08,2026-08-23 16:20:22.999897+08
01M0MX49WJ45ZE2KYT1MBDC5M3,01KZRW48773C4ZFCJ993MWDQBY,01KZRRGW14X04WHWJ78QR6J8H3,2020-05-01,,,,confirmed,360.00,2026-08-23 16:20:22.999897+08,2026-08-23 16:20:22.999897+08
01M0MX49WJ59M1DR6TS03X0D04,01KZRW48773C4ZFCJ993MWDQBY,01KZRRGW14X04WHWJ78QR6J8H3,2020-06-01,,,,processing,9570.00,2026-08-23 16:20:22.999897+08,2026-08-23 16:20:22.999897+08
01M0MX49WJZD9XG6W8T6QJEG1G,01KZRW48773C4ZFCJ993MWDQBY,01KZRRGW14X04WHWJ78QR6J8H3,2020-01-15,,,,delivered,7360.00,2026-08-23 16:20:22.999897+08,2026-08-23 16:20:22.999897+08
01M0MX49WJ1JAE8JF1BF1NNE7Z,01KZRW48773C4ZFCJ993MWDQBY,01KZRRGW14X04WHWJ78QR6J8H3,2020-01-16,,,,delivered,4905.00,2026-08-23 16:20:22.999897+08,2026-08-23 16:20:22.999897+08
01M0MX49WJYBKM31YA71NA74M5,01KZRW48773C4ZFCJ993MWDQBY,01KZRRGW14X04WHWJ78QR6J8H3,2020-01-24,,,,confirmed,2450.00,2026-08-23 16:20:22.999897+08,2026-08-23 16:20:22.999897+08
01M0MX49WJV3EF5A5SZBA6Z031,01KZRW48773C4ZFCJ993MWDQBY,01KZRRGW14X04WHWJ78QR6J8H3,2020-03-02,,,,processing,610.00,2026-08-23 16:20:22.999897+08,2026-08-23 16:20:22.999897+08
01M0MX49WJ8PJDSA9ZAZTB2X6E,01KZRW48773C4ZFCJ993MWDQBY,01KZRRGW14X04WHWJ78QR6J8H3,2020-08-02,,,,delivered,2790.00,2026-08-23 16:20:22.999897+08,2026-08-23 16:20:22.999897+08
01M0MX49WJH74DEF3R0TY5ZV47,01KZRW48773C4ZFCJ993MWDQBY,01KZRRGW14X04WHWJ78QR6J8H3,2020-02-21,,,,delivered,11550.00,2026-08-23 16:20:22.999897+08,2026-08-23 16:20:22.999897+08
01M0MX49WJ26857EM1CAKJAP8H,01KZRW48773C4ZFCJ993MWDQBY,01KZRRGW14X04WHWJ78QR6J8H3,2020-03-03,,,,delivered,11795.00,2026-08-23 16:20:22.999897+08,2026-08-23 16:20:22.999897+08
01M0MX49WJ2HPC9QNF7R8RZPPF,01KZRW48773C4ZFCJ993MWDQBY,01KZRRGW14X04WHWJ78QR6J8H3,2020-09-03,,,,delivered,4745.00,2026-08-23 16:20:22.999897+08,2026-08-23 16:20:22.999897+08
01M0MX49WJ3FK0GNSNE75EA7DH,01KZRW48773C4ZFCJ993MWDQBY,01KZRRGW14X04WHWJ78QR6J8H3,2020-12-03,,,,delivered,330.00,2026-08-23 16:20:22.999897+08,2026-08-23 16:20:22.999897+08
01M0MX49WJ798E7P5QBRYP085C,01KZRW48773C4ZFCJ993MWDQBY,01KZRRGW14X04WHWJ78QR6J8H3,2020-03-19,,,,delivered,6020.00,2026-08-23 16:20:22.999897+08,2026-08-23 16:20:22.999897+08
01M0MX49WJ45A1C6EBKMW1ZAX4,01KZRW48773C4ZFCJ993MWDQBY,01KZRRGW14X04WHWJ78QR6J8H3,2020-03-23,,,,delivered,3150.00,2026-08-23 16:20:22.999897+08,2026-08-23 16:20:22.999897+08
01M0MX49WJHH59AKRJZ06K3HF9,01KZRW48773C4ZFCJ993MWDQBY,01KZRRGW14X04WHWJ78QR6J8H3,2020-05-04,,,,pending,4341.00,2026-08-23 16:20:22.999897+08,2026-08-23 16:20:22.999897+08
01M0MX49WK2D1S5B4N5TMGFBWM,01KZRW48773C4ZFCJ993MWDQBY,01KZRRGW14X04WHWJ78QR6J8H3,2020-06-04,,,,delivered,9100.00,2026-08-23 16:20:22.999897+08,2026-08-23 16:20:22.999897+08
01M0MX49WKMP3KGBWMK865JVRY,01KZRW48773C4ZFCJ993MWDQBY,01KZRRGW14X04WHWJ78QR6J8H3,2020-11-04,,,,processing,6770.00,2026-08-23 16:20:22.999897+08,2026-08-23 16:20:22.999897+08
01M0MX49WKMH4FP0MNSYX7GTNT,01KZRW48773C4ZFCJ993MWDQBY,01KZRRGW14X04WHWJ78QR6J8H3,2020-04-24,,,,delivered,2100.00,2026-08-23 16:20:22.999897+08,2026-08-23 16:20:22.999897+08
01M0MX49WKYBT6ZCZEH5PN08FJ,01KZRW48773C4ZFCJ993MWDQBY,01KZRRGW14X04WHWJ78QR6J8H3,2020-05-05,,,,delivered,1815.00,2026-08-23 16:20:22.999897+08,2026-08-23 16:20:22.999897+08
01M0MX49WK57C4FMXTGQZCC4KP,01KZRW48773C4ZFCJ993MWDQBY,01KZRRGW14X04WHWJ78QR6J8H3,2020-07-05,,,,processing,630.00,2026-08-23 16:20:22.999897+08,2026-08-23 16:20:22.999897+08
01M0MX49WKPDK6VXM5NEF8YPPW,01KZRW48773C4ZFCJ993MWDQBY,01KZRRGW14X04WHWJ78QR6J8H3,2020-05-16,,,,processing,2058.00,2026-08-23 16:20:22.999897+08,2026-08-23 16:20:22.999897+08
01M0MX49WKJBMPTFBN2CX9XAM9,01KZRW48773C4ZFCJ993MWDQBY,01KZRRGW14X04WHWJ78QR6J8H3,2020-05-23,,,,confirmed,1055.00,2026-08-23 16:20:22.999897+08,2026-08-23 16:20:22.999897+08
01M0MX49WK70SPXTZAWBM6NTDE,01KZRW48773C4ZFCJ993MWDQBY,01KZRRGW14X04WHWJ78QR6J8H3,2020-04-06,,,,pending,7285.00,2026-08-23 16:20:22.999897+08,2026-08-23 16:20:22.999897+08
01M0MX49WKDZ9SB0R9DH1D5S51,01KZRW48773C4ZFCJ993MWDQBY,01KZRRGW14X04WHWJ78QR6J8H3,2020-07-06,,,,processing,784.00,2026-08-23 16:20:22.999897+08,2026-08-23 16:20:22.999897+08
01M0MX49WKCFR2BYDXRHBA2R8C,01KZRW48773C4ZFCJ993MWDQBY,01KZRRGW14X04WHWJ78QR6J8H3,2020-06-13,,,,delivered,180.00,2026-08-23 16:20:22.999897+08,2026-08-23 16:20:22.999897+08
01M0MX49WK2TEDMGSQYERZG6WJ,01KZRW48773C4ZFCJ993MWDQBY,01KZRRGW14X04WHWJ78QR6J8H3,2020-06-19,,,,delivered,3735.00,2026-08-23 16:20:22.999897+08,2026-08-23 16:20:22.999897+08
01M0MX49WKXPQGQT1WQR2584J1,01KZRW48773C4ZFCJ993MWDQBY,01KZRRGW14X04WHWJ78QR6J8H3,2020-04-07,,,,pending,4045.00,2026-08-23 16:20:22.999897+08,2026-08-23 16:20:22.999897+08
01M0MX49WKYHGSY8384AKJXH8J,01KZRW48773C4ZFCJ993MWDQBY,01KZRRGW14X04WHWJ78QR6J8H3,2020-07-07,,,,delivered,7950.00,2026-08-23 16:20:22.999897+08,2026-08-23 16:20:22.999897+08
01M0MX49WKXEFGYTTV08AG2XQ7,01KZRW48773C4ZFCJ993MWDQBY,01KZRRGW14X04WHWJ78QR6J8H3,2020-11-07,,,,pending,360.00,2026-08-23 16:20:22.999897+08,2026-08-23 16:20:22.999897+08
01M0MX49WKC30TBZD5TP9SQ8AW,01KZRW48773C4ZFCJ993MWDQBY,01KZRRGW14X04WHWJ78QR6J8H3,2020-07-20,,,,cancelled,3780.00,2026-08-23 16:20:22.999897+08,2026-08-23 16:20:22.999897+08
01M0MX49WKV1SGGQVNQF969T99,01KZRW48773C4ZFCJ993MWDQBY,01KZRRGW14X04WHWJ78QR6J8H3,2020-07-24,,,,confirmed,6600.00,2026-08-23 16:20:22.999897+08,2026-08-23 16:20:22.999897+08
01M0MX49WKMB29NFZVQGTVXNN9,01KZRW48773C4ZFCJ993MWDQBY,01KZRRGW14X04WHWJ78QR6J8H3,2020-09-08,,,,pending,405.00,2026-08-23 16:20:22.999897+08,2026-08-23 16:20:22.999897+08
01M0MX49WK8X3F0TFGWTGCXGWJ,01KZRW48773C4ZFCJ993MWDQBY,01KZRRGW14X04WHWJ78QR6J8H3,2020-08-13,,,,pending,5600.00,2026-08-23 16:20:22.999897+08,2026-08-23 16:20:22.999897+08
01M0MX49WKP2CTJV1ZACNFV99G,01KZRW48773C4ZFCJ993MWDQBY,01KZRRGW14X04WHWJ78QR6J8H3,2020-08-18,,,,delivered,4743.00,2026-08-23 16:20:22.999897+08,2026-08-23 16:20:22.999897+08
01M0MX49WKK3R25JSX26DWMTBH,01KZRW48773C4ZFCJ993MWDQBY,01KZRRGW14X04WHWJ78QR6J8H3,2020-08-25,,,,confirmed,2480.00,2026-08-23 16:20:22.999897+08,2026-08-23 16:20:22.999897+08
01M0MX49WKA3AD76ZKKZ5HVP45,01KZRW48773C4ZFCJ993MWDQBY,01KZRRGW14X04WHWJ78QR6J8H3,2020-07-09,,,,confirmed,2325.00,2026-08-23 16:20:22.999897+08,2026-08-23 16:20:22.999897+08
01M0MX49WKMJJP3M5F01SBNWZQ,01KZRW48773C4ZFCJ993MWDQBY,01KZRRGW14X04WHWJ78QR6J8H3,2020-09-14,,,,pending,7770.00,2026-08-23 16:20:22.999897+08,2026-08-23 16:20:22.999897+08
01M0MX49WKP49ZRE582QWWB02W,01KZRW48773C4ZFCJ993MWDQBY,01KZRRGW14X04WHWJ78QR6J8H3,2020-09-23,,,,pending,2370.00,2026-08-23 16:20:22.999897+08,2026-08-23 16:20:22.999897+08
01M0MX49WK7J5P3J37XW8ER431,01KZRW48773C4ZFCJ993MWDQBY,01KZRRGW14X04WHWJ78QR6J8H3,2020-05-10,,,,delivered,15375.00,2026-08-23 16:20:22.999897+08,2026-08-23 16:20:22.999897+08
01M0MX49WK3TPS4KG4NQTXR2M7,01KZRW48773C4ZFCJ993MWDQBY,01KZRRGW14X04WHWJ78QR6J8H3,2020-09-10,,,,delivered,120.00,2026-08-23 16:20:22.999897+08,2026-08-23 16:20:22.999897+08
01M0MX49WKQ0KD9ZGZEPKS1AVP,01KZRW48773C4ZFCJ993MWDQBY,01KZRRGW14X04WHWJ78QR6J8H3,2020-10-13,,,,pending,3180.00,2026-08-23 16:20:22.999897+08,2026-08-23 16:20:22.999897+08
01M0MX49WK4A8217169718PNCK,01KZRW48773C4ZFCJ993MWDQBY,01KZRRGW14X04WHWJ78QR6J8H3,2020-10-18,,,,confirmed,480.00,2026-08-23 16:20:22.999897+08,2026-08-23 16:20:22.999897+08
01M0MX49WKSXRNDVCG5DSEAJGK,01KZRW48773C4ZFCJ993MWDQBY,01KZRRGW14X04WHWJ78QR6J8H3,2020-05-11,,,,cancelled,1145.00,2026-08-23 16:20:22.999897+08,2026-08-23 16:20:22.999897+08
01M0MX49WK4ZACP15ADDK89Q77,01KZRW48773C4ZFCJ993MWDQBY,01KZRRGW14X04WHWJ78QR6J8H3,2020-08-11,,,,confirmed,6300.00,2026-08-23 16:20:22.999897+08,2026-08-23 16:20:22.999897+08
01M0MX49WKP7HG90ZYNQTRWXSG,01KZRW48773C4ZFCJ993MWDQBY,01KZRRGW14X04WHWJ78QR6J8H3,2020-11-15,,,,processing,6650.00,2026-08-23 16:20:22.999897+08,2026-08-23 16:20:22.999897+08
01M0MX49WKCS5WK2S15TJGV0RM,01KZRW48773C4ZFCJ993MWDQBY,01KZRRGW14X04WHWJ78QR6J8H3,2020-11-16,,,,pending,4550.00,2026-08-23 16:20:22.999897+08,2026-08-23 16:20:22.999897+08
01M0MX49WKQW31CAW1E132P7M7,01KZRW48773C4ZFCJ993MWDQBY,01KZRRGW14X04WHWJ78QR6J8H3,2020-11-24,,,,confirmed,8340.00,2026-08-23 16:20:22.999897+08,2026-08-23 16:20:22.999897+08
01M0MX49WK7XYSB59ZJ0KT1RX4,01KZRW48773C4ZFCJ993MWDQBY,01KZRRGW14X04WHWJ78QR6J8H3,2020-05-12,,,,pending,4860.00,2026-08-23 16:20:22.999897+08,2026-08-23 16:20:22.999897+08
01M0MX49WKA7QXHP131ER6MJRY,01KZRW48773C4ZFCJ993MWDQBY,01KZRRGW14X04WHWJ78QR6J8H3,2020-12-12,,,,processing,1030.00,2026-08-23 16:20:22.999897+08,2026-08-23 16:20:22.999897+08
01M0MX49WK2K3WBPDWVXPKNYKN,01KZRW48773C4ZFCJ993MWDQBY,01KZRRGW14X04WHWJ78QR6J8H3,2020-12-19,,,,delivered,6585.00,2026-08-23 16:20:22.999897+08,2026-08-23 16:20:22.999897+08
01M0MX49WKATZ3MZ06Z8YWCZC9,01KZRW48773C4ZFCJ993MWDQBY,01KZRRGW14X04WHWJ78QR6J8H3,2020-12-21,,,,confirmed,7675.00,2026-08-23 16:20:22.999897+08,2026-08-23 16:20:22.999897+08
01M0MX49WK1PTWJFHMT0G2XSP5,01KZRW48773C4ZFCJ993MWDQBY,01KZRRGW14THZB9B34PPHZSFE2,2020-02-01,,,,delivered,6250.00,2026-08-23 16:20:22.999897+08,2026-08-23 16:20:22.999897+08
01M0MX49WKCATBZET40V8X39T9,01KZRW48773C4ZFCJ993MWDQBY,01KZRRGW14THZB9B34PPHZSFE2,2020-10-01,,,,pending,5950.00,2026-08-23 16:20:22.999897+08,2026-08-23 16:20:22.999897+08
01M0MX49WKNRGYWYKP2SQAV682,01KZRW48773C4ZFCJ993MWDQBY,01KZRRGW14THZB9B34PPHZSFE2,2020-01-18,,,,processing,7725.00,2026-08-23 16:20:22.999897+08,2026-08-23 16:20:22.999897+08
01M0MX49WKSJ4F13ZWTQ0QNQSZ,01KZRW48773C4ZFCJ993MWDQBY,01KZRRGW14THZB9B34PPHZSFE2,2020-01-22,,,,delivered,1350.00,2026-08-23 16:20:22.999897+08,2026-08-23 16:20:22.999897+08
01M0MX49WKXT3B66126Y863J03,01KZRW48773C4ZFCJ993MWDQBY,01KZRRGW14THZB9B34PPHZSFE2,2020-08-02,,,,cancelled,2910.00,2026-08-23 16:20:22.999897+08,2026-08-23 16:20:22.999897+08
01M0MX49WKP1DG3355Q4V8VNZB,01KZRW48773C4ZFCJ993MWDQBY,01KZRRGW14THZB9B34PPHZSFE2,2020-11-02,,,,delivered,2290.00,2026-08-23 16:20:22.999897+08,2026-08-23 16:20:22.999897+08
01M0MX49WKD1C1KBM2AV94ET9H,01KZRW48773C4ZFCJ993MWDQBY,01KZRRGW14THZB9B34PPHZSFE2,2020-02-19,,,,pending,5600.00,2026-08-23 16:20:22.999897+08,2026-08-23 16:20:22.999897+08
01M0MX49WKJH3EVB5719KKTQND,01KZRW48773C4ZFCJ993MWDQBY,01KZRRGW14THZB9B34PPHZSFE2,2020-02-24,,,,delivered,11436.00,2026-08-23 16:20:22.999897+08,2026-08-23 16:20:22.999897+08
01M0MX49WKQRXCQ6GGV6CH9MRT,01KZRW48773C4ZFCJ993MWDQBY,01KZRRGW14THZB9B34PPHZSFE2,2020-04-03,,,,delivered,1750.00,2026-08-23 16:20:22.999897+08,2026-08-23 16:20:22.999897+08
01M0MX49WK0W9TCNK57X8ZT4SJ,01KZRW48773C4ZFCJ993MWDQBY,01KZRRGW14THZB9B34PPHZSFE2,2020-06-03,,,,confirmed,105.00,2026-08-23 16:20:22.999897+08,2026-08-23 16:20:22.999897+08
01M0MX49WKBGG1P55T5C3M972K,01KZRW48773C4ZFCJ993MWDQBY,01KZRRGW14THZB9B34PPHZSFE2,2020-11-03,,,,confirmed,4795.00,2026-08-23 16:20:22.999897+08,2026-08-23 16:20:22.999897+08
01M0MX49WK2RFS9F1WQJ4WCKJ3,01KZRW48773C4ZFCJ993MWDQBY,01KZRRGW14THZB9B34PPHZSFE2,2020-03-18,,,,delivered,420.00,2026-08-23 16:20:22.999897+08,2026-08-23 16:20:22.999897+08
01M0MX49WK114CQHK1BM069KPE,01KZRW48773C4ZFCJ993MWDQBY,01KZRRGW14THZB9B34PPHZSFE2,2020-03-21,,,,pending,225.00,2026-08-23 16:20:22.999897+08,2026-08-23 16:20:22.999897+08
01M0MX49WK2RZYTEH123X9MAD4,01KZRW48773C4ZFCJ993MWDQBY,01KZRRGW14THZB9B34PPHZSFE2,2020-10-04,,,,delivered,5250.00,2026-08-23 16:20:22.999897+08,2026-08-23 16:20:22.999897+08
01M0MX49WK2MJ0HMWADYJZR6VD,01KZRW48773C4ZFCJ993MWDQBY,01KZRRGW14THZB9B34PPHZSFE2,2020-04-14,,,,cancelled,1050.00,2026-08-23 16:20:22.999897+08,2026-08-23 16:20:22.999897+08
01M0MX49WK19WAPMDYNEJYWECW,01KZRW48773C4ZFCJ993MWDQBY,01KZRRGW14THZB9B34PPHZSFE2,2020-04-22,,,,delivered,5390.00,2026-08-23 16:20:22.999897+08,2026-08-23 16:20:22.999897+08
01M0MX49WK9ZR85PGAHP2BPXS7,01KZRW48773C4ZFCJ993MWDQBY,01KZRRGW14THZB9B34PPHZSFE2,2020-03-05,,,,delivered,720.00,2026-08-23 16:20:22.999897+08,2026-08-23 16:20:22.999897+08
01M0MX49WK11R4G9WVESKQDXAF,01KZRW48773C4ZFCJ993MWDQBY,01KZRRGW14THZB9B34PPHZSFE2,2020-08-05,,,,processing,5005.00,2026-08-23 16:20:22.999897+08,2026-08-23 16:20:22.999897+08
01M0MX49WKZ01N2X6974MKW5G1,01KZRW48773C4ZFCJ993MWDQBY,01KZRRGW14THZB9B34PPHZSFE2,2020-05-14,,,,confirmed,240.00,2026-08-23 16:20:22.999897+08,2026-08-23 16:20:22.999897+08
01M0MX49WK8Y9XAJCXQNZ9AQS6,01KZRW48773C4ZFCJ993MWDQBY,01KZRRGW14THZB9B34PPHZSFE2,2020-05-20,,,,delivered,5180.00,2026-08-23 16:20:22.999897+08,2026-08-23 16:20:22.999897+08
01M0MX49WK2VNM8XTH1PD40MZR,01KZRW48773C4ZFCJ993MWDQBY,01KZRRGW14THZB9B34PPHZSFE2,2020-05-24,,,,cancelled,5164.00,2026-08-23 16:20:22.999897+08,2026-08-23 16:20:22.999897+08
01M0MX49WK6WMPD8T3RC7TYZSA,01KZRW48773C4ZFCJ993MWDQBY,01KZRRGW14THZB9B34PPHZSFE2,2020-03-06,,,,delivered,400.00,2026-08-23 16:20:22.999897+08,2026-08-23 16:20:22.999897+08
01M0MX49WKVRV0HKE7TAAKW2WV,01KZRW48773C4ZFCJ993MWDQBY,01KZRRGW14THZB9B34PPHZSFE2,2020-07-06,,,,confirmed,1792.00,2026-08-23 16:20:22.999897+08,2026-08-23 16:20:22.999897+08
01M0MX49WKY409Q7VNE1763CPF,01KZRW48773C4ZFCJ993MWDQBY,01KZRRGW14THZB9B34PPHZSFE2,2020-11-06,,,,delivered,12050.00,2026-08-23 16:20:22.999897+08,2026-08-23 16:20:22.999897+08
01M0MX49WK03T2H073DFFPEJHK,01KZRW48773C4ZFCJ993MWDQBY,01KZRRGW14THZB9B34PPHZSFE2,2020-06-16,,,,cancelled,4350.00,2026-08-23 16:20:22.999897+08,2026-08-23 16:20:22.999897+08
01M0MX49WK20VJA8D1Q51EFXTQ,01KZRW48773C4ZFCJ993MWDQBY,01KZRRGW14THZB9B34PPHZSFE2,2020-06-22,,,,delivered,10220.00,2026-08-23 16:20:22.999897+08,2026-08-23 16:20:22.999897+08
01M0MX49WKGHFTGGC8526457EV,01KZRW48773C4ZFCJ993MWDQBY,01KZRRGW14THZB9B34PPHZSFE2,2020-02-07,,,,pending,270.00,2026-08-23 16:20:22.999897+08,2026-08-23 16:20:22.999897+08
01M0MX49WKDGZ8FPRV0GA8ERN7,01KZRW48773C4ZFCJ993MWDQBY,01KZRRGW14THZB9B34PPHZSFE2,2020-08-07,,,,delivered,315.00,2026-08-23 16:20:22.999897+08,2026-08-23 16:20:22.999897+08
01M0MX49WK6004Q5PY1Z2PT55E,01KZRW48773C4ZFCJ993MWDQBY,01KZRRGW14THZB9B34PPHZSFE2,2020-12-07,,,,delivered,928.00,2026-08-23 16:20:22.999897+08,2026-08-23 16:20:22.999897+08
01M0MX49WK5RHZMGP9G22WB9NE,01KZRW48773C4ZFCJ993MWDQBY,01KZRRGW14THZB9B34PPHZSFE2,2020-07-16,,,,cancelled,638.00,2026-08-23 16:20:22.999897+08,2026-08-23 16:20:22.999897+08
01M0MX49WKW7804HB442AXXGEV,01KZRW48773C4ZFCJ993MWDQBY,01KZRRGW14THZB9B34PPHZSFE2,2020-03-08,,,,delivered,5095.00,2026-08-23 16:20:22.999897+08,2026-08-23 16:20:22.999897+08
01M0MX49WKSVDW98CFZX22NMH4,01KZRW48773C4ZFCJ993MWDQBY,01KZRRGW14THZB9B34PPHZSFE2,2020-06-08,,,,delivered,5630.00,2026-08-23 16:20:22.999897+08,2026-08-23 16:20:22.999897+08
01M0MX49WK4T4PTJQVEVME8N3T,01KZRW48773C4ZFCJ993MWDQBY,01KZRRGW14THZB9B34PPHZSFE2,2020-08-13,,,,confirmed,3150.00,2026-08-23 16:20:22.999897+08,2026-08-23 16:20:22.999897+08
01M0MX49WKHSACSBVZS4DEG6C9,01KZRW48773C4ZFCJ993MWDQBY,01KZRRGW14THZB9B34PPHZSFE2,2020-08-18,,,,delivered,7070.00,2026-08-23 16:20:22.999897+08,2026-08-23 16:20:22.999897+08
01M0MX49WKJR7AY92V2J67Y2JB,01KZRW48773C4ZFCJ993MWDQBY,01KZRRGW14THZB9B34PPHZSFE2,2020-08-24,,,,delivered,420.00,2026-08-23 16:20:22.999897+08,2026-08-23 16:20:22.999897+08
01M0MX49WK2NGE4QMXT04MQ8FW,01KZRW48773C4ZFCJ993MWDQBY,01KZRRGW14THZB9B34PPHZSFE2,2020-04-09,,,,delivered,5900.00,2026-08-23 16:20:22.999897+08,2026-08-23 16:20:22.999897+08
01M0MX49WKCJ14525YRDD12EZW,01KZRW48773C4ZFCJ993MWDQBY,01KZRRGW14THZB9B34PPHZSFE2,2020-10-09,,,,cancelled,1705.00,2026-08-23 16:20:22.999897+08,2026-08-23 16:20:22.999897+08
01M0MX49WK2HWKMVM92AY2QG98,01KZRW48773C4ZFCJ993MWDQBY,01KZRRGW14THZB9B34PPHZSFE2,2020-09-14,,,,cancelled,60.00,2026-08-23 16:20:22.999897+08,2026-08-23 16:20:22.999897+08
01M0MX49WK5YANCM4TF7NN5436,01KZRW48773C4ZFCJ993MWDQBY,01KZRRGW14THZB9B34PPHZSFE2,2020-09-19,,,,delivered,7770.00,2026-08-23 16:20:22.999897+08,2026-08-23 16:20:22.999897+08
01M0MX49WK1F2NX5J368VF0991,01KZRW48773C4ZFCJ993MWDQBY,01KZRRGW14THZB9B34PPHZSFE2,2020-09-23,,,,processing,4975.00,2026-08-23 16:20:22.999897+08,2026-08-23 16:20:22.999897+08
01M0MX49WKSEA85D7EKSYSQ3EN,01KZRW48773C4ZFCJ993MWDQBY,01KZRRGW14THZB9B34PPHZSFE2,2020-03-10,,,,delivered,5460.00,2026-08-23 16:20:22.999897+08,2026-08-23 16:20:22.999897+08
01M0MX49WKXQVP6MT70BNKZXM2,01KZRW48773C4ZFCJ993MWDQBY,01KZRRGW14THZB9B34PPHZSFE2,2020-10-10,,,,delivered,7370.00,2026-08-23 16:20:22.999897+08,2026-08-23 16:20:22.999897+08
01M0MX49WKTV8N66GXCFNAXV3E,01KZRW48773C4ZFCJ993MWDQBY,01KZRRGW14THZB9B34PPHZSFE2,2020-10-15,,,,confirmed,7755.00,2026-08-23 16:20:22.999897+08,2026-08-23 16:20:22.999897+08
01M0MX49WKQW12MFRDB38JGX41,01KZRW48773C4ZFCJ993MWDQBY,01KZRRGW14THZB9B34PPHZSFE2,2020-10-23,,,,confirmed,1210.00,2026-08-23 16:20:22.999897+08,2026-08-23 16:20:22.999897+08
01M0MX49WKBRDFZJY13113JTRB,01KZRW48773C4ZFCJ993MWDQBY,01KZRRGW14THZB9B34PPHZSFE2,2020-03-11,,,,confirmed,2260.00,2026-08-23 16:20:22.999897+08,2026-08-23 16:20:22.999897+08
01M0MX49WK0APN78T4SAPE5FCC,01KZRW48773C4ZFCJ993MWDQBY,01KZRRGW14THZB9B34PPHZSFE2,2020-10-11,,,,delivered,1905.00,2026-08-23 16:20:22.999897+08,2026-08-23 16:20:22.999897+08
01M0MX49WKMXVX07DZYWNRJ31V,01KZRW48773C4ZFCJ993MWDQBY,01KZRRGW14THZB9B34PPHZSFE2,2020-11-15,,,,delivered,1400.00,2026-08-23 16:20:22.999897+08,2026-08-23 16:20:22.999897+08
01M0MX49WKTXR3Y4N1PN8GVXPK,01KZRW48773C4ZFCJ993MWDQBY,01KZRRGW14THZB9B34PPHZSFE2,2020-11-18,,,,delivered,610.00,2026-08-23 16:20:22.999897+08,2026-08-23 16:20:22.999897+08
01M0MX49WK9D7NSD7NDSSD09EX,01KZRW48773C4ZFCJ993MWDQBY,01KZRRGW14THZB9B34PPHZSFE2,2020-11-21,,,,confirmed,10840.00,2026-08-23 16:20:22.999897+08,2026-08-23 16:20:22.999897+08
01M0MX49WKJP8BYVKG67ZBQF51,01KZRW48773C4ZFCJ993MWDQBY,01KZRRGW14THZB9B34PPHZSFE2,2020-04-12,,,,pending,150.00,2026-08-23 16:20:22.999897+08,2026-08-23 16:20:22.999897+08
01M0MX49WKZX173EFXPZPV9PJ2,01KZRW48773C4ZFCJ993MWDQBY,01KZRRGW14THZB9B34PPHZSFE2,2020-09-12,,,,confirmed,2380.00,2026-08-23 16:20:22.999897+08,2026-08-23 16:20:22.999897+08
01M0MX49WKBC5F43YKHNH16QE5,01KZRW48773C4ZFCJ993MWDQBY,01KZRRGW14THZB9B34PPHZSFE2,2020-12-19,,,,delivered,6130.00,2026-08-23 16:20:22.999897+08,2026-08-23 16:20:22.999897+08
01M0MX49WKGWVEBKY3CSQ5R6EY,01KZRW48773C4ZFCJ993MWDQBY,01KZRRGW140MQ9ZE887EQDG87Z,2020-08-01,,,,delivered,1568.00,2026-08-23 16:20:22.999897+08,2026-08-23 16:20:22.999897+08
01M0MX49WKXZ0Y57AJAMBSJZVQ,01KZRW48773C4ZFCJ993MWDQBY,01KZRRGW140MQ9ZE887EQDG87Z,2020-11-01,,,,pending,5180.00,2026-08-23 16:20:22.999897+08,2026-08-23 16:20:22.999897+08
01M0MX49WKFDETD5ZS6X36HD3Q,01KZRW48773C4ZFCJ993MWDQBY,01KZRRGW140MQ9ZE887EQDG87Z,2020-01-18,,,,cancelled,8390.00,2026-08-23 16:20:22.999897+08,2026-08-23 16:20:22.999897+08
01M0MX49WK73F0WHMVKVAAW7GS,01KZRW48773C4ZFCJ993MWDQBY,01KZRRGW140MQ9ZE887EQDG87Z,2020-01-22,,,,delivered,6405.00,2026-08-23 16:20:22.999897+08,2026-08-23 16:20:22.999897+08
01M0MX49WKVTTTSQE6H9RJJT2J,01KZRW48773C4ZFCJ993MWDQBY,01KZRRGW140MQ9ZE887EQDG87Z,2020-02-02,,,,delivered,1820.00,2026-08-23 16:20:22.999897+08,2026-08-23 16:20:22.999897+08
01M0MX49WKXMT8206YKY3SKKFD,01KZRW48773C4ZFCJ993MWDQBY,01KZRRGW140MQ9ZE887EQDG87Z,2020-06-02,,,,delivered,8455.00,2026-08-23 16:20:22.999897+08,2026-08-23 16:20:22.999897+08
01M0MX49WK0M5M2NJ3ZVW35GAD,01KZRW48773C4ZFCJ993MWDQBY,01KZRRGW140MQ9ZE887EQDG87Z,2020-02-14,,,,delivered,2350.00,2026-08-23 16:20:22.999897+08,2026-08-23 16:20:22.999897+08
01M0MX49WKCAWP3D4WAQ2QYE50,01KZRW48773C4ZFCJ993MWDQBY,01KZRRGW140MQ9ZE887EQDG87Z,2020-02-21,,,,delivered,6223.00,2026-08-23 16:20:22.999897+08,2026-08-23 16:20:22.999897+08
01M0MX49WKXNB7NRQJ6Z8SFRVS,01KZRW48773C4ZFCJ993MWDQBY,01KZRRGW140MQ9ZE887EQDG87Z,2020-05-03,,,,pending,1670.00,2026-08-23 16:20:22.999897+08,2026-08-23 16:20:22.999897+08
01M0MX49WKRRMD9NK8SJ3EB984,01KZRW48773C4ZFCJ993MWDQBY,01KZRRGW140MQ9ZE887EQDG87Z,2020-11-03,,,,confirmed,7525.00,2026-08-23 16:20:22.999897+08,2026-08-23 16:20:22.999897+08
01M0MX49WKZ34FADGHDDW1XDPY,01KZRW48773C4ZFCJ993MWDQBY,01KZRRGW140MQ9ZE887EQDG87Z,2020-03-22,,,,cancelled,4165.00,2026-08-23 16:20:22.999897+08,2026-08-23 16:20:22.999897+08
01M0MX49WK23MZHBM78ZS5T04F,01KZRW48773C4ZFCJ993MWDQBY,01KZRRGW140MQ9ZE887EQDG87Z,2020-04-04,,,,pending,11487.00,2026-08-23 16:20:22.999897+08,2026-08-23 16:20:22.999897+08
01M0MX49WKQQ8SY78YV7AZ80WM,01KZRW48773C4ZFCJ993MWDQBY,01KZRRGW140MQ9ZE887EQDG87Z,2020-06-04,,,,confirmed,30.00,2026-08-23 16:20:22.999897+08,2026-08-23 16:20:22.999897+08
01M0MX49WKB7ZRB5TC0CBDW2SX,01KZRW48773C4ZFCJ993MWDQBY,01KZRRGW140MQ9ZE887EQDG87Z,2020-04-15,,,,confirmed,7700.00,2026-08-23 16:20:22.999897+08,2026-08-23 16:20:22.999897+08
01M0MX49WK7JRD9VBMYEAAESQ4,01KZRW48773C4ZFCJ993MWDQBY,01KZRRGW140MQ9ZE887EQDG87Z,2020-04-17,,,,confirmed,1050.00,2026-08-23 16:20:22.999897+08,2026-08-23 16:20:22.999897+08
01M0MX49WKRMTE8V8608MG1TKV,01KZRW48773C4ZFCJ993MWDQBY,01KZRRGW140MQ9ZE887EQDG87Z,2020-04-22,,,,confirmed,7150.00,2026-08-23 16:20:22.999897+08,2026-08-23 16:20:22.999897+08
01M0MX49WKM83PH84SNJDF0S7P,01KZRW48773C4ZFCJ993MWDQBY,01KZRRGW140MQ9ZE887EQDG87Z,2020-03-05,,,,confirmed,5255.00,2026-08-23 16:20:22.999897+08,2026-08-23 16:20:22.999897+08
01M0MX49WKZG0W23PDRN8B406E,01KZRW48773C4ZFCJ993MWDQBY,01KZRRGW140MQ9ZE887EQDG87Z,2020-09-05,,,,delivered,3430.00,2026-08-23 16:20:22.999897+08,2026-08-23 16:20:22.999897+08
01M0MX49WK110HHVBM5WZ9GN3B,01KZRW48773C4ZFCJ993MWDQBY,01KZRRGW140MQ9ZE887EQDG87Z,2020-12-05,,,,delivered,7090.00,2026-08-23 16:20:22.999897+08,2026-08-23 16:20:22.999897+08
01M0MX49WKHENJ97HQPH7XT89R,01KZRW48773C4ZFCJ993MWDQBY,01KZRRGW140MQ9ZE887EQDG87Z,2020-05-18,,,,pending,6090.00,2026-08-23 16:20:22.999897+08,2026-08-23 16:20:22.999897+08
01M0MX49WK9MPBD3FQNWYAX35N,01KZRW48773C4ZFCJ993MWDQBY,01KZRRGW140MQ9ZE887EQDG87Z,2020-05-21,,,,processing,3150.00,2026-08-23 16:20:22.999897+08,2026-08-23 16:20:22.999897+08
01M0MX49WKRCX9W3EVKB04CDSH,01KZRW48773C4ZFCJ993MWDQBY,01KZRRGW140MQ9ZE887EQDG87Z,2020-05-06,,,,cancelled,10860.00,2026-08-23 16:20:22.999897+08,2026-08-23 16:20:22.999897+08
01M0MX49WKQXMPZXPZWBA64D31,01KZRW48773C4ZFCJ993MWDQBY,01KZRRGW140MQ9ZE887EQDG87Z,2020-09-06,,,,processing,4620.00,2026-08-23 16:20:22.999897+08,2026-08-23 16:20:22.999897+08
01M0MX49WKTNEASZ32GQG083E5,01KZRW48773C4ZFCJ993MWDQBY,01KZRRGW140MQ9ZE887EQDG87Z,2020-06-19,,,,cancelled,3460.00,2026-08-23 16:20:22.999897+08,2026-08-23 16:20:22.999897+08
01M0MX49WK5EMSPWED8SE6WE3N,01KZRW48773C4ZFCJ993MWDQBY,01KZRRGW140MQ9ZE887EQDG87Z,2020-06-25,,,,confirmed,5985.00,2026-08-23 16:20:22.999897+08,2026-08-23 16:20:22.999897+08
01M0MX49WKJT5QAPQFFMH61JJN,01KZRW48773C4ZFCJ993MWDQBY,01KZRRGW140MQ9ZE887EQDG87Z,2020-03-07,,,,pending,8715.00,2026-08-23 16:20:22.999897+08,2026-08-23 16:20:22.999897+08
01M0MX49WK2SMNZTNKVYVMK3YY,01KZRW48773C4ZFCJ993MWDQBY,01KZRRGW140MQ9ZE887EQDG87Z,2020-06-07,,,,delivered,2429.00,2026-08-23 16:20:22.999897+08,2026-08-23 16:20:22.999897+08
01M0MX49WKEFSS9AGHTCFFGDWE,01KZRW48773C4ZFCJ993MWDQBY,01KZRRGW140MQ9ZE887EQDG87Z,2020-07-13,,,,delivered,3375.00,2026-08-23 16:20:22.999897+08,2026-08-23 16:20:22.999897+08
01M0MX49WK3W6K92JHVCS8EQHE,01KZRW48773C4ZFCJ993MWDQBY,01KZRRGW140MQ9ZE887EQDG87Z,2020-07-18,,,,confirmed,1685.00,2026-08-23 16:20:22.999897+08,2026-08-23 16:20:22.999897+08
01M0MX49WK045WJ6ZHZBK6CCH0,01KZRW48773C4ZFCJ993MWDQBY,01KZRRGW140MQ9ZE887EQDG87Z,2020-07-23,,,,pending,2492.00,2026-08-23 16:20:22.999897+08,2026-08-23 16:20:22.999897+08
01M0MX49WK67J08A80SW6EHF4C,01KZRW48773C4ZFCJ993MWDQBY,01KZRRGW140MQ9ZE887EQDG87Z,2020-02-08,,,,processing,5700.00,2026-08-23 16:20:22.999897+08,2026-08-23 16:20:22.999897+08
01M0MX49WKJPY3D3QM3F1Y6P6Q,01KZRW48773C4ZFCJ993MWDQBY,01KZRRGW140MQ9ZE887EQDG87Z,2020-10-08,,,,pending,3284.00,2026-08-23 16:20:22.999897+08,2026-08-23 16:20:22.999897+08
01M0MX49WKFWF32TTE1VV0AE61,01KZRW48773C4ZFCJ993MWDQBY,01KZRRGW140MQ9ZE887EQDG87Z,2020-08-14,,,,confirmed,9035.00,2026-08-23 16:20:22.999897+08,2026-08-23 16:20:22.999897+08
01M0MX49WKTDGQPRMJCGGBJCNH,01KZRW48773C4ZFCJ993MWDQBY,01KZRRGW140MQ9ZE887EQDG87Z,2020-08-16,,,,confirmed,4200.00,2026-08-23 16:20:22.999897+08,2026-08-23 16:20:22.999897+08
01M0MX49WKGQHF2QMX556AH221,01KZRW48773C4ZFCJ993MWDQBY,01KZRRGW140MQ9ZE887EQDG87Z,2020-08-22,,,,pending,9220.00,2026-08-23 16:20:22.999897+08,2026-08-23 16:20:22.999897+08
01M0MX49WKFKK7AEP1RFCY9AHJ,01KZRW48773C4ZFCJ993MWDQBY,01KZRRGW140MQ9ZE887EQDG87Z,2020-03-09,,,,pending,785.00,2026-08-23 16:20:22.999897+08,2026-08-23 16:20:22.999897+08
01M0MX49WK7RTR055NV5BBPS4Z,01KZRW48773C4ZFCJ993MWDQBY,01KZRRGW140MQ9ZE887EQDG87Z,2020-07-09,,,,cancelled,8110.00,2026-08-23 16:20:22.999897+08,2026-08-23 16:20:22.999897+08
01M0MX49WK2QPCZFDY74AW8N7X,01KZRW48773C4ZFCJ993MWDQBY,01KZRRGW140MQ9ZE887EQDG87Z,2020-09-17,,,,delivered,6650.00,2026-08-23 16:20:22.999897+08,2026-08-23 16:20:22.999897+08
01M0MX49WKKRWF4RP18WSB7BEA,01KZRW48773C4ZFCJ993MWDQBY,01KZRRGW140MQ9ZE887EQDG87Z,2020-09-22,,,,delivered,2745.00,2026-08-23 16:20:22.999897+08,2026-08-23 16:20:22.999897+08
01M0MX49WKJDYG08AJ3VPN7539,01KZRW48773C4ZFCJ993MWDQBY,01KZRRGW140MQ9ZE887EQDG87Z,2020-05-10,,,,confirmed,2260.00,2026-08-23 16:20:22.999897+08,2026-08-23 16:20:22.999897+08
01M0MX49WK7ZH0Y2ZDFA29AC9B,01KZRW48773C4ZFCJ993MWDQBY,01KZRRGW140MQ9ZE887EQDG87Z,2020-09-10,,,,confirmed,870.00,2026-08-23 16:20:22.999897+08,2026-08-23 16:20:22.999897+08
01M0MX49WKN7G5N68R0BFBCWHM,01KZRW48773C4ZFCJ993MWDQBY,01KZRRGW140MQ9ZE887EQDG87Z,2020-12-10,,,,pending,680.00,2026-08-23 16:20:22.999897+08,2026-08-23 16:20:22.999897+08
01M0MX49WKNZVJ8ZWHP1DBRHP9,01KZRW48773C4ZFCJ993MWDQBY,01KZRRGW140MQ9ZE887EQDG87Z,2020-10-19,,,,confirmed,35.00,2026-08-23 16:20:22.999897+08,2026-08-23 16:20:22.999897+08
01M0MX49WKZD13CWXH6TKVH6YR,01KZRW48773C4ZFCJ993MWDQBY,01KZRRGW140MQ9ZE887EQDG87Z,2020-10-22,,,,cancelled,5710.00,2026-08-23 16:20:22.999897+08,2026-08-23 16:20:22.999897+08
01M0MX49WK90NGPTV4N98BBZHM,01KZRW48773C4ZFCJ993MWDQBY,01KZRRGW140MQ9ZE887EQDG87Z,2020-03-11,,,,confirmed,7030.00,2026-08-23 16:20:22.999897+08,2026-08-23 16:20:22.999897+08
01M0MX49WK9RB1RJ5DJBA4C3CD,01KZRW48773C4ZFCJ993MWDQBY,01KZRRGW140MQ9ZE887EQDG87Z,2020-10-11,,,,delivered,8400.00,2026-08-23 16:20:22.999897+08,2026-08-23 16:20:22.999897+08
01M0MX49WKSC8J05ZKD0B1Q721,01KZRW48773C4ZFCJ993MWDQBY,01KZRRGW140MQ9ZE887EQDG87Z,2020-12-11,,,,cancelled,2635.00,2026-08-23 16:20:22.999897+08,2026-08-23 16:20:22.999897+08
01M0MX49WKJW0A806ZGK1BCV4A,01KZRW48773C4ZFCJ993MWDQBY,01KZRRGW140MQ9ZE887EQDG87Z,2020-11-17,,,,cancelled,7070.00,2026-08-23 16:20:22.999897+08,2026-08-23 16:20:22.999897+08
01M0MX49WKAJ9T0JD8WAGXP7Y3,01KZRW48773C4ZFCJ993MWDQBY,01KZRRGW140MQ9ZE887EQDG87Z,2020-11-21,,,,cancelled,2695.00,2026-08-23 16:20:22.999897+08,2026-08-23 16:20:22.999897+08
01M0MX49WKRPHMDT2MJPTHNZK1,01KZRW48773C4ZFCJ993MWDQBY,01KZRRGW140MQ9ZE887EQDG87Z,2020-01-12,,,,delivered,60.00,2026-08-23 16:20:22.999897+08,2026-08-23 16:20:22.999897+08
01M0MX49WK2F13ST7ZVJBS9ZYF,01KZRW48773C4ZFCJ993MWDQBY,01KZRRGW140MQ9ZE887EQDG87Z,2020-12-15,,,,pending,2548.00,2026-08-23 16:20:22.999897+08,2026-08-23 16:20:22.999897+08
01M0MX49WK9JCPZH0T05SVAXST,01KZRW48773C4ZFCJ993MWDQBY,01KZRRGW140MQ9ZE887EQDG87Z,2020-12-17,,,,delivered,922.00,2026-08-23 16:20:22.999897+08,2026-08-23 16:20:22.999897+08
01M0MX49WKM7VPC6VY9HZ2FD9K,01KZRW48771S3VZMTY431CY71G,01KZRRGW14VWS3587600FPGYJJ,2020-10-01,,,,delivered,19365.00,2026-08-23 16:20:22.999897+08,2026-08-23 16:20:22.999897+08
01M0MX49WKENMA5HGJYYPAY53D,01KZRW48771S3VZMTY431CY71G,01KZRRGW14VWS3587600FPGYJJ,2020-01-17,,,,confirmed,8245.00,2026-08-23 16:20:22.999897+08,2026-08-23 16:20:22.999897+08
01M0MX49WKY3D6PGQMHKAPTSHE,01KZRW48771S3VZMTY431CY71G,01KZRRGW14VWS3587600FPGYJJ,2020-01-25,,,,delivered,300.00,2026-08-23 16:20:22.999897+08,2026-08-23 16:20:22.999897+08
01M0MX49WK9M5Q6HENXCR7S17T,01KZRW48771S3VZMTY431CY71G,01KZRRGW14VWS3587600FPGYJJ,2020-05-02,,,,confirmed,6125.00,2026-08-23 16:20:22.999897+08,2026-08-23 16:20:22.999897+08
01M0MX49WK9AE9Z9KR2AKQWDRK,01KZRW48771S3VZMTY431CY71G,01KZRRGW14VWS3587600FPGYJJ,2020-06-02,,,,confirmed,9275.00,2026-08-23 16:20:22.999897+08,2026-08-23 16:20:22.999897+08
01M0MX49WKZ0H0P6J5R744S6YJ,01KZRW48771S3VZMTY431CY71G,01KZRRGW14VWS3587600FPGYJJ,2020-11-02,,,,confirmed,2347.00,2026-08-23 16:20:22.999897+08,2026-08-23 16:20:22.999897+08
01M0MX49WKXRCQ3MMR00MTTWTT,01KZRW48771S3VZMTY431CY71G,01KZRRGW14VWS3587600FPGYJJ,2020-08-03,,,,delivered,6655.00,2026-08-23 16:20:22.999897+08,2026-08-23 16:20:22.999897+08
01M0MX49WKEAWM4FRRKP099TM3,01KZRW48771S3VZMTY431CY71G,01KZRRGW14VWS3587600FPGYJJ,2020-03-13,,,,pending,8050.00,2026-08-23 16:20:22.999897+08,2026-08-23 16:20:22.999897+08
01M0MX49WKZGWEXPCQZJHRHSDF,01KZRW48771S3VZMTY431CY71G,01KZRRGW14VWS3587600FPGYJJ,2020-03-18,,,,processing,4165.00,2026-08-23 16:20:22.999897+08,2026-08-23 16:20:22.999897+08
01M0MX49WK7XP9HGEZXAWJ0MHE,01KZRW48771S3VZMTY431CY71G,01KZRRGW14VWS3587600FPGYJJ,2020-03-23,,,,confirmed,4130.00,2026-08-23 16:20:22.999897+08,2026-08-23 16:20:22.999897+08
01M0MX49WKA70YGAM638FGPW6T,01KZRW48771S3VZMTY431CY71G,01KZRRGW14VWS3587600FPGYJJ,2020-02-04,,,,confirmed,1400.00,2026-08-23 16:20:22.999897+08,2026-08-23 16:20:22.999897+08
01M0MX49WK6KCXRXFR7JJ9GXND,01KZRW48771S3VZMTY431CY71G,01KZRRGW14VWS3587600FPGYJJ,2020-06-04,,,,delivered,980.00,2026-08-23 16:20:22.999897+08,2026-08-23 16:20:22.999897+08
01M0MX49WKF2VTMST909JH700V,01KZRW48771S3VZMTY431CY71G,01KZRRGW14VWS3587600FPGYJJ,2020-04-13,,,,cancelled,1920.00,2026-08-23 16:20:22.999897+08,2026-08-23 16:20:22.999897+08
01M0MX49WKH0FX3EFS86FM70D0,01KZRW48771S3VZMTY431CY71G,01KZRRGW14VWS3587600FPGYJJ,2020-04-17,,,,cancelled,4290.00,2026-08-23 16:20:22.999897+08,2026-08-23 16:20:22.999897+08
01M0MX49WKWQZF876VG3N0ZF8T,01KZRW48771S3VZMTY431CY71G,01KZRRGW14VWS3587600FPGYJJ,2020-01-05,,,,delivered,12045.00,2026-08-23 16:20:22.999897+08,2026-08-23 16:20:22.999897+08
01M0MX49WKQ1D87HCGT7R3BN01,01KZRW48771S3VZMTY431CY71G,01KZRRGW14VWS3587600FPGYJJ,2020-12-05,,,,delivered,2600.00,2026-08-23 16:20:22.999897+08,2026-08-23 16:20:22.999897+08
01M0MX49WK0X32RP4ZMM5RCMQE,01KZRW48771S3VZMTY431CY71G,01KZRRGW14VWS3587600FPGYJJ,2020-05-20,,,,processing,1050.00,2026-08-23 16:20:22.999897+08,2026-08-23 16:20:22.999897+08
01M0MX49WKEJ1SYQ0B0JJQ5Y7Q,01KZRW48771S3VZMTY431CY71G,01KZRRGW14VWS3587600FPGYJJ,2020-05-23,,,,delivered,750.00,2026-08-23 16:20:22.999897+08,2026-08-23 16:20:22.999897+08
01M0MX49WKFM33QMZDVM8H9FNC,01KZRW48771S3VZMTY431CY71G,01KZRRGW14VWS3587600FPGYJJ,2020-05-06,,,,processing,11855.00,2026-08-23 16:20:22.999897+08,2026-08-23 16:20:22.999897+08
01M0MX49WKA2K1X1YYZ7R7046E,01KZRW48771S3VZMTY431CY71G,01KZRRGW14VWS3587600FPGYJJ,2020-07-06,,,,processing,600.00,2026-08-23 16:20:22.999897+08,2026-08-23 16:20:22.999897+08
01M0MX49WK7A2TSAKAG8GHC3HR,01KZRW48771S3VZMTY431CY71G,01KZRRGW14VWS3587600FPGYJJ,2020-06-13,,,,confirmed,1050.00,2026-08-23 16:20:22.999897+08,2026-08-23 16:20:22.999897+08
01M0MX49WK4TR44PR4YHX04K2E,01KZRW48771S3VZMTY431CY71G,01KZRRGW14VWS3587600FPGYJJ,2020-06-18,,,,processing,11900.00,2026-08-23 16:20:22.999897+08,2026-08-23 16:20:22.999897+08
01M0MX49WKFQ2PCWPS9P5G5XQ5,01KZRW48771S3VZMTY431CY71G,01KZRRGW14VWS3587600FPGYJJ,2020-03-07,,,,delivered,6650.00,2026-08-23 16:20:22.999897+08,2026-08-23 16:20:22.999897+08
01M0MX49WKV7JCJJXYX881Q5P7,01KZRW48771S3VZMTY431CY71G,01KZRRGW14VWS3587600FPGYJJ,2020-09-07,,,,confirmed,8210.00,2026-08-23 16:20:22.999897+08,2026-08-23 16:20:22.999897+08
01M0MX49WKAXTWR97ZYQ8CXMMS,01KZRW48771S3VZMTY431CY71G,01KZRRGW14VWS3587600FPGYJJ,2020-07-18,,,,pending,1085.00,2026-08-23 16:20:22.999897+08,2026-08-23 16:20:22.999897+08
01M0MX49WKAM0Z6T3ZCRZQY6Z2,01KZRW48771S3VZMTY431CY71G,01KZRRGW14VWS3587600FPGYJJ,2020-07-23,,,,confirmed,16225.00,2026-08-23 16:20:22.999897+08,2026-08-23 16:20:22.999897+08
01M0MX49WKJSTG0JE74QBTTZ8W,01KZRW48771S3VZMTY431CY71G,01KZRRGW14VWS3587600FPGYJJ,2020-03-08,,,,pending,8165.00,2026-08-23 16:20:22.999897+08,2026-08-23 16:20:22.999897+08
01M0MX49WKX2K27JNNCCCG52A8,01KZRW48771S3VZMTY431CY71G,01KZRRGW14VWS3587600FPGYJJ,2020-10-08,,,,delivered,510.00,2026-08-23 16:20:22.999897+08,2026-08-23 16:20:22.999897+08
01M0MX49WK1NGXXWSG9N84M454,01KZRW48771S3VZMTY431CY71G,01KZRRGW14VWS3587600FPGYJJ,2020-12-08,,,,delivered,2450.00,2026-08-23 16:20:22.999897+08,2026-08-23 16:20:22.999897+08
01M0MX49WKPYWJ1FWZ1CN7XTC9,01KZRW48771S3VZMTY431CY71G,01KZRRGW14VWS3587600FPGYJJ,2020-08-19,,,,confirmed,4705.00,2026-08-23 16:20:22.999897+08,2026-08-23 16:20:22.999897+08
01M0MX49WKWE56CXKM4P83PYZT,01KZRW48771S3VZMTY431CY71G,01KZRRGW14VWS3587600FPGYJJ,2020-08-22,,,,processing,695.00,2026-08-23 16:20:22.999897+08,2026-08-23 16:20:22.999897+08
01M0MX49WKNH7F3VTW1ZTT23CD,01KZRW48771S3VZMTY431CY71G,01KZRRGW14VWS3587600FPGYJJ,2020-03-09,,,,pending,415.00,2026-08-23 16:20:22.999897+08,2026-08-23 16:20:22.999897+08
01M0MX49WK6V5Q911H44C62S81,01KZRW48771S3VZMTY431CY71G,01KZRRGW14VWS3587600FPGYJJ,2020-09-09,,,,delivered,1660.00,2026-08-23 16:20:22.999897+08,2026-08-23 16:20:22.999897+08
01M0MX49WKTF4RM385AZT4B3V7,01KZRW48771S3VZMTY431CY71G,01KZRRGW14VWS3587600FPGYJJ,2020-09-14,,,,delivered,9945.00,2026-08-23 16:20:22.999897+08,2026-08-23 16:20:22.999897+08
01M0MX49WKFXMF60WRS73YKAJ7,01KZRW48771S3VZMTY431CY71G,01KZRRGW14VWS3587600FPGYJJ,2020-09-16,,,,delivered,2945.00,2026-08-23 16:20:22.999897+08,2026-08-23 16:20:22.999897+08
01M0MX49WKRWTGSDY2HFKR0142,01KZRW48771S3VZMTY431CY71G,01KZRRGW14VWS3587600FPGYJJ,2020-09-25,,,,delivered,15790.00,2026-08-23 16:20:22.999897+08,2026-08-23 16:20:22.999897+08
01M0MX49WKSGTKKWGXH7H6E1F3,01KZRW48771S3VZMTY431CY71G,01KZRRGW14VWS3587600FPGYJJ,2020-04-10,,,,confirmed,2945.00,2026-08-23 16:20:22.999897+08,2026-08-23 16:20:22.999897+08
01M0MX49WKY2YW0084ER5SWF4F,01KZRW48771S3VZMTY431CY71G,01KZRRGW14VWS3587600FPGYJJ,2020-12-10,,,,pending,5347.00,2026-08-23 16:20:22.999897+08,2026-08-23 16:20:22.999897+08
01M0MX49WK7Q5JF6TQ1AGZ6SNB,01KZRW48771S3VZMTY431CY71G,01KZRRGW14VWS3587600FPGYJJ,2020-10-19,,,,confirmed,7055.00,2026-08-23 16:20:22.999897+08,2026-08-23 16:20:22.999897+08
01M0MX49WKPSY8C10TK0ENNNCS,01KZRW48771S3VZMTY431CY71G,01KZRRGW14VWS3587600FPGYJJ,2020-04-11,,,,processing,6300.00,2026-08-23 16:20:22.999897+08,2026-08-23 16:20:22.999897+08
01M0MX49WK06PRQW500J9PR2KZ,01KZRW48771S3VZMTY431CY71G,01KZRRGW14VWS3587600FPGYJJ,2020-12-11,,,,delivered,7480.00,2026-08-23 16:20:22.999897+08,2026-08-23 16:20:22.999897+08
01M0MX49WKHK5ED946PR0BDRK1,01KZRW48771S3VZMTY431CY71G,01KZRRGW14VWS3587600FPGYJJ,2020-11-20,,,,cancelled,10920.00,2026-08-23 16:20:22.999897+08,2026-08-23 16:20:22.999897+08
01M0MX49WK9Y6X5JW91ERWMHPH,01KZRW48771S3VZMTY431CY71G,01KZRRGW14VWS3587600FPGYJJ,2020-11-21,,,,cancelled,5446.00,2026-08-23 16:20:22.999897+08,2026-08-23 16:20:22.999897+08
01M0MX49WKWZB4G1RCZFQPTNVE,01KZRW48771S3VZMTY431CY71G,01KZRRGW14VWS3587600FPGYJJ,2020-05-12,,,,confirmed,2070.00,2026-08-23 16:20:22.999897+08,2026-08-23 16:20:22.999897+08
01M0MX49WKY13JDNNGRVHBR6DG,01KZRW48771S3VZMTY431CY71G,01KZRRGW14VWS3587600FPGYJJ,2020-12-12,,,,processing,1568.00,2026-08-23 16:20:22.999897+08,2026-08-23 16:20:22.999897+08
01M0MX49WKRWAG2Q1EEF6Y91QD,01KZRW48771S3VZMTY431CY71G,01KZRRGW14VWS3587600FPGYJJ,2020-12-19,,,,processing,11230.00,2026-08-23 16:20:22.999897+08,2026-08-23 16:20:22.999897+08
01M0MX49WKNEHQ4ZXQCA3SGEA6,01KZRW48771S3VZMTY431CY71G,01KZRRGW14VWS3587600FPGYJJ,2020-12-22,,,,delivered,6300.00,2026-08-23 16:20:22.999897+08,2026-08-23 16:20:22.999897+08
01M0MX49WKAKVTFT9BFZY7XM40,01KZRW48771S3VZMTY431CY71G,01KZRRGW14Y65J9N71RS7C99PT,2020-03-01,,,,delivered,105.00,2026-08-23 16:20:22.999897+08,2026-08-23 16:20:22.999897+08
01M0MX49WKN9AFAF9KH4TRAV8Q,01KZRW48771S3VZMTY431CY71G,01KZRRGW14Y65J9N71RS7C99PT,2020-09-01,,,,processing,5930.00,2026-08-23 16:20:22.999897+08,2026-08-23 16:20:22.999897+08
01M0MX49WK1BB90RR0R5CA864X,01KZRW48771S3VZMTY431CY71G,01KZRRGW14Y65J9N71RS7C99PT,2020-01-16,,,,pending,4785.00,2026-08-23 16:20:22.999897+08,2026-08-23 16:20:22.999897+08
01M0MX49WKX7VKGCK04FV9E3BQ,01KZRW48771S3VZMTY431CY71G,01KZRRGW14Y65J9N71RS7C99PT,2020-01-24,,,,pending,4075.00,2026-08-23 16:20:22.999897+08,2026-08-23 16:20:22.999897+08
01M0MX49WK0XGQ7QH7FR1VBFH6,01KZRW48771S3VZMTY431CY71G,01KZRRGW14Y65J9N71RS7C99PT,2020-09-02,,,,pending,9100.00,2026-08-23 16:20:22.999897+08,2026-08-23 16:20:22.999897+08
01M0MX49WKF6KQXEQ7MCG35J41,01KZRW48771S3VZMTY431CY71G,01KZRRGW14Y65J9N71RS7C99PT,2020-11-02,,,,confirmed,455.00,2026-08-23 16:20:22.999897+08,2026-08-23 16:20:22.999897+08
01M0MX49WKCZDM1JKDW01B383E,01KZRW48771S3VZMTY431CY71G,01KZRRGW14Y65J9N71RS7C99PT,2020-02-17,,,,pending,225.00,2026-08-23 16:20:22.999897+08,2026-08-23 16:20:22.999897+08
01M0MX49WKWAXXSXX1JS7C4SWQ,01KZRW48771S3VZMTY431CY71G,01KZRRGW14Y65J9N71RS7C99PT,2020-02-22,,,,processing,970.00,2026-08-23 16:20:22.999897+08,2026-08-23 16:20:22.999897+08
01M0MX49WK1SBS0XXW81N9NAZM,01KZRW48771S3VZMTY431CY71G,01KZRRGW14Y65J9N71RS7C99PT,2020-05-03,,,,confirmed,9800.00,2026-08-23 16:20:22.999897+08,2026-08-23 16:20:22.999897+08
01M0MX49WKNQTE56VAQCTZSRBR,01KZRW48771S3VZMTY431CY71G,01KZRRGW14Y65J9N71RS7C99PT,2020-09-03,,,,pending,4550.00,2026-08-23 16:20:22.999897+08,2026-08-23 16:20:22.999897+08
01M0MX49WKW067KAHG2G8P8RS4,01KZRW48771S3VZMTY431CY71G,01KZRRGW14Y65J9N71RS7C99PT,2020-12-03,,,,delivered,2800.00,2026-08-23 16:20:22.999897+08,2026-08-23 16:20:22.999897+08
01M0MX49WKJHDATEWZK3344G5Y,01KZRW48771S3VZMTY431CY71G,01KZRRGW14Y65J9N71RS7C99PT,2020-03-19,,,,pending,1085.00,2026-08-23 16:20:22.999897+08,2026-08-23 16:20:22.999897+08
01M0MX49WKG9GKFGBXHWSNPM96,01KZRW48771S3VZMTY431CY71G,01KZRRGW14Y65J9N71RS7C99PT,2020-03-21,,,,confirmed,150.00,2026-08-23 16:20:22.999897+08,2026-08-23 16:20:22.999897+08
01M0MX49WKH4EKKRSP3GZEPXKD,01KZRW48771S3VZMTY431CY71G,01KZRRGW14Y65J9N71RS7C99PT,2020-02-04,,,,pending,9090.00,2026-08-23 16:20:22.999897+08,2026-08-23 16:20:22.999897+08
01M0MX49WKSY99J8M5R0MZG9YY,01KZRW48771S3VZMTY431CY71G,01KZRRGW14Y65J9N71RS7C99PT,2020-10-04,,,,confirmed,8170.00,2026-08-23 16:20:22.999897+08,2026-08-23 16:20:22.999897+08
01M0MX49WKHQVSWZEMK980FZTY,01KZRW48771S3VZMTY431CY71G,01KZRRGW14Y65J9N71RS7C99PT,2020-04-13,,,,confirmed,2695.00,2026-08-23 16:20:22.999897+08,2026-08-23 16:20:22.999897+08
01M0MX49WKCSKF01D9E3FQHJ76,01KZRW48771S3VZMTY431CY71G,01KZRRGW14Y65J9N71RS7C99PT,2020-04-16,,,,processing,1275.00,2026-08-23 16:20:22.999897+08,2026-08-23 16:20:22.999897+08
01M0MX49WKB4PM7EV97ECMYEV7,01KZRW48771S3VZMTY431CY71G,01KZRRGW14Y65J9N71RS7C99PT,2020-04-25,,,,processing,6790.00,2026-08-23 16:20:22.999897+08,2026-08-23 16:20:22.999897+08
01M0MX49WKER0PSSSAHMZC1X1D,01KZRW48771S3VZMTY431CY71G,01KZRRGW14Y65J9N71RS7C99PT,2020-03-05,,,,delivered,6510.00,2026-08-23 16:20:22.999897+08,2026-08-23 16:20:22.999897+08
01M0MX49WKQQP7DTY6F2AHH525,01KZRW48771S3VZMTY431CY71G,01KZRRGW14Y65J9N71RS7C99PT,2020-08-05,,,,cancelled,3070.00,2026-08-23 16:20:22.999897+08,2026-08-23 16:20:22.999897+08
01M0MX49WKRG6DAKXCFJWF3KCH,01KZRW48771S3VZMTY431CY71G,01KZRRGW14Y65J9N71RS7C99PT,2020-05-13,,,,cancelled,2373.00,2026-08-23 16:20:22.999897+08,2026-08-23 16:20:22.999897+08
01M0MX49WKKE7W9WNJD31Y2X58,01KZRW48771S3VZMTY431CY71G,01KZRRGW14Y65J9N71RS7C99PT,2020-05-19,,,,processing,6335.00,2026-08-23 16:20:22.999897+08,2026-08-23 16:20:22.999897+08
01M0MX49WKKBHCB55Y6MX8EMNM,01KZRW48771S3VZMTY431CY71G,01KZRRGW14Y65J9N71RS7C99PT,2020-05-25,,,,delivered,3320.00,2026-08-23 16:20:22.999897+08,2026-08-23 16:20:22.999897+08
01M0MX49WKPDC6CC21PCCWS41V,01KZRW48771S3VZMTY431CY71G,01KZRRGW14Y65J9N71RS7C99PT,2020-04-06,,,,delivered,5200.00,2026-08-23 16:20:22.999897+08,2026-08-23 16:20:22.999897+08
01M0MX49WKXTEBAG1S52G92DZ9,01KZRW48771S3VZMTY431CY71G,01KZRRGW14Y65J9N71RS7C99PT,2020-07-06,,,,confirmed,700.00,2026-08-23 16:20:22.999897+08,2026-08-23 16:20:22.999897+08
01M0MX49WK8GXY0RMDSXFWGBJK,01KZRW48771S3VZMTY431CY71G,01KZRRGW14Y65J9N71RS7C99PT,2020-12-06,,,,delivered,3790.00,2026-08-23 16:20:22.999897+08,2026-08-23 16:20:22.999897+08
01M0MX49WKCGRYMRYKNQZ855EB,01KZRW48771S3VZMTY431CY71G,01KZRRGW14Y65J9N71RS7C99PT,2020-06-20,,,,delivered,6300.00,2026-08-23 16:20:22.999897+08,2026-08-23 16:20:22.999897+08
01M0MX49WKCFFM9S7Y65C003KX,01KZRW48771S3VZMTY431CY71G,01KZRRGW14Y65J9N71RS7C99PT,2020-06-23,,,,confirmed,70.00,2026-08-23 16:20:22.999897+08,2026-08-23 16:20:22.999897+08
01M0MX49WKT8D7VKPWGPZN0TFE,01KZRW48771S3VZMTY431CY71G,01KZRRGW14Y65J9N71RS7C99PT,2020-02-07,,,,delivered,12095.00,2026-08-23 16:20:22.999897+08,2026-08-23 16:20:22.999897+08
01M0MX49WKTEH5JG9KH30W1HVY,01KZRW48771S3VZMTY431CY71G,01KZRRGW14Y65J9N71RS7C99PT,2020-12-07,,,,pending,2425.00,2026-08-23 16:20:22.999897+08,2026-08-23 16:20:22.999897+08
01M0MX49WK95DMD5Z110A7FTN2,01KZRW48771S3VZMTY431CY71G,01KZRRGW14Y65J9N71RS7C99PT,2020-07-16,,,,confirmed,4420.00,2026-08-23 16:20:22.999897+08,2026-08-23 16:20:22.999897+08
01M0MX49WKB83MHFZ3D7Z1WPDF,01KZRW48771S3VZMTY431CY71G,01KZRRGW14Y65J9N71RS7C99PT,2020-07-23,,,,confirmed,4900.00,2026-08-23 16:20:22.999897+08,2026-08-23 16:20:22.999897+08
01M0MX49WKZC8VP4DZ7C22J8TP,01KZRW48771S3VZMTY431CY71G,01KZRRGW14Y65J9N71RS7C99PT,2020-08-08,,,,delivered,7385.00,2026-08-23 16:20:22.999897+08,2026-08-23 16:20:22.999897+08
01M0MX49WKCN18CBQ5G4EKC11W,01KZRW48771S3VZMTY431CY71G,01KZRRGW14Y65J9N71RS7C99PT,2020-08-19,,,,pending,8390.00,2026-08-23 16:20:22.999897+08,2026-08-23 16:20:22.999897+08
01M0MX49WKQHKS0ZN8JYS00XV2,01KZRW48771S3VZMTY431CY71G,01KZRRGW14Y65J9N71RS7C99PT,2020-08-25,,,,confirmed,13050.00,2026-08-23 16:20:22.999897+08,2026-08-23 16:20:22.999897+08
01M0MX49WKFXNZR0RFP07CX9M4,01KZRW48771S3VZMTY431CY71G,01KZRRGW14Y65J9N71RS7C99PT,2020-03-09,,,,processing,1105.00,2026-08-23 16:20:22.999897+08,2026-08-23 16:20:22.999897+08
01M0MX49WKAPM0CQDNCN0BDPSF,01KZRW48771S3VZMTY431CY71G,01KZRRGW14Y65J9N71RS7C99PT,2020-07-09,,,,confirmed,350.00,2026-08-23 16:20:22.999897+08,2026-08-23 16:20:22.999897+08
01M0MX49WK8GTK3RKR0D6MMJEJ,01KZRW48771S3VZMTY431CY71G,01KZRRGW14Y65J9N71RS7C99PT,2020-09-15,,,,delivered,780.00,2026-08-23 16:20:22.999897+08,2026-08-23 16:20:22.999897+08
01M0MX49WKYHQB70ES82BRQGCG,01KZRW48771S3VZMTY431CY71G,01KZRRGW14Y65J9N71RS7C99PT,2020-09-18,,,,processing,11550.00,2026-08-23 16:20:22.999897+08,2026-08-23 16:20:22.999897+08
01M0MX49WKQRFJQQJ0J8AEXQDS,01KZRW48771S3VZMTY431CY71G,01KZRRGW14Y65J9N71RS7C99PT,2020-09-21,,,,cancelled,4655.00,2026-08-23 16:20:22.999897+08,2026-08-23 16:20:22.999897+08
01M0MX49WKEPJYQ96Z0YC116DS,01KZRW48771S3VZMTY431CY71G,01KZRRGW14Y65J9N71RS7C99PT,2020-02-10,,,,confirmed,4680.00,2026-08-23 16:20:22.999897+08,2026-08-23 16:20:22.999897+08
01M0MX49WKYYTHM6VW61FJNS6T,01KZRW48771S3VZMTY431CY71G,01KZRRGW14Y65J9N71RS7C99PT,2020-08-10,,,,delivered,6290.00,2026-08-23 16:20:22.999897+08,2026-08-23 16:20:22.999897+08
01M0MX49WKCMB790E521GBR16C,01KZRW48771S3VZMTY431CY71G,01KZRRGW14Y65J9N71RS7C99PT,2020-10-18,,,,confirmed,6100.00,2026-08-23 16:20:22.999897+08,2026-08-23 16:20:22.999897+08
01M0MX49WKBV7J9QWWD2KERBT7,01KZRW48771S3VZMTY431CY71G,01KZRRGW14Y65J9N71RS7C99PT,2020-10-24,,,,delivered,210.00,2026-08-23 16:20:22.999897+08,2026-08-23 16:20:22.999897+08
01M0MX49WKQQRZ51CD8CCWJ4TC,01KZRW48771S3VZMTY431CY71G,01KZRRGW14Y65J9N71RS7C99PT,2020-04-11,,,,confirmed,4040.00,2026-08-23 16:20:22.999897+08,2026-08-23 16:20:22.999897+08
01M0MX49WKH3QER5HWP3KJHB94,01KZRW48771S3VZMTY431CY71G,01KZRRGW14Y65J9N71RS7C99PT,2020-11-13,,,,delivered,4580.00,2026-08-23 16:20:22.999897+08,2026-08-23 16:20:22.999897+08
01M0MX49WK1MWP7B7JN8NSN5ZP,01KZRW48771S3VZMTY431CY71G,01KZRRGW14Y65J9N71RS7C99PT,2020-11-16,,,,pending,990.00,2026-08-23 16:20:22.999897+08,2026-08-23 16:20:22.999897+08
01M0MX49WK5B1BP99VCBRAWFX3,01KZRW48771S3VZMTY431CY71G,01KZRRGW14Y65J9N71RS7C99PT,2020-11-22,,,,processing,2750.00,2026-08-23 16:20:22.999897+08,2026-08-23 16:20:22.999897+08
01M0MX49WK8MXNWDNAV7DX2JF7,01KZRW48771S3VZMTY431CY71G,01KZRRGW14Y65J9N71RS7C99PT,2020-06-12,,,,delivered,4900.00,2026-08-23 16:20:22.999897+08,2026-08-23 16:20:22.999897+08
01M0MX49WMY8TADFXVP124ZWBV,01KZRW48771S3VZMTY431CY71G,01KZRRGW14Y65J9N71RS7C99PT,2020-12-16,,,,confirmed,12250.00,2026-08-23 16:20:22.999897+08,2026-08-23 16:20:22.999897+08
01M0MX49WM451T4SG4E225NZXV,01KZRW48771S3VZMTY431CY71G,01KZRRGW14Y65J9N71RS7C99PT,2020-12-24,,,,delivered,700.00,2026-08-23 16:20:22.999897+08,2026-08-23 16:20:22.999897+08
01M0MX49WM46WG9WPJT14MM467,01KZRW48771S3VZMTY431CY71G,01KZRRGW14N9EVMX0Z1ZRJRRAH,2020-03-01,,,,delivered,475.00,2026-08-23 16:20:22.999897+08,2026-08-23 16:20:22.999897+08
01M0MX49WMAJNX6GPQ2T4CY3CF,01KZRW48771S3VZMTY431CY71G,01KZRRGW14N9EVMX0Z1ZRJRRAH,2020-06-01,,,,pending,12054.00,2026-08-23 16:20:22.999897+08,2026-08-23 16:20:22.999897+08
01M0MX49WMHGENHBTAXGQ0EQRH,01KZRW48771S3VZMTY431CY71G,01KZRRGW14N9EVMX0Z1ZRJRRAH,2020-01-14,,,,delivered,3110.00,2026-08-23 16:20:22.999897+08,2026-08-23 16:20:22.999897+08
01M0MX49WM1WY9NY0JTC0TA1NK,01KZRW48771S3VZMTY431CY71G,01KZRRGW14N9EVMX0Z1ZRJRRAH,2020-01-18,,,,delivered,1764.00,2026-08-23 16:20:22.999897+08,2026-08-23 16:20:22.999897+08
01M0MX49WM51NG74ZP5FRX5544,01KZRW48771S3VZMTY431CY71G,01KZRRGW14N9EVMX0Z1ZRJRRAH,2020-01-21,,,,pending,14175.00,2026-08-23 16:20:22.999897+08,2026-08-23 16:20:22.999897+08
01M0MX49WMSDF1H9XC0B1SQD2W,01KZRW48771S3VZMTY431CY71G,01KZRRGW14N9EVMX0Z1ZRJRRAH,2020-03-02,,,,cancelled,2100.00,2026-08-23 16:20:22.999897+08,2026-08-23 16:20:22.999897+08
01M0MX49WM6C4MNAE6WYBCP8HW,01KZRW48771S3VZMTY431CY71G,01KZRRGW14N9EVMX0Z1ZRJRRAH,2020-10-02,,,,delivered,595.00,2026-08-23 16:20:22.999897+08,2026-08-23 16:20:22.999897+08
01M0MX49WMTCPNMZ2DAK9KHZ9C,01KZRW48771S3VZMTY431CY71G,01KZRRGW14N9EVMX0Z1ZRJRRAH,2020-11-02,,,,cancelled,8050.00,2026-08-23 16:20:22.999897+08,2026-08-23 16:20:22.999897+08
01M0MX49WM9X5DK4DM9RJ4R0CS,01KZRW48771S3VZMTY431CY71G,01KZRRGW14N9EVMX0Z1ZRJRRAH,2020-02-19,,,,confirmed,9100.00,2026-08-23 16:20:22.999897+08,2026-08-23 16:20:22.999897+08
01M0MX49WMVX1G3NGA6NYYGJ9R,01KZRW48771S3VZMTY431CY71G,01KZRRGW14N9EVMX0Z1ZRJRRAH,2020-02-24,,,,cancelled,2550.00,2026-08-23 16:20:22.999897+08,2026-08-23 16:20:22.999897+08
01M0MX49WMBW2V23MTGY78CJJ2,01KZRW48771S3VZMTY431CY71G,01KZRRGW14N9EVMX0Z1ZRJRRAH,2020-05-03,,,,confirmed,570.00,2026-08-23 16:20:22.999897+08,2026-08-23 16:20:22.999897+08
01M0MX49WMVF5ZJ6GN2AQRCT4H,01KZRW48771S3VZMTY431CY71G,01KZRRGW14N9EVMX0Z1ZRJRRAH,2020-10-03,,,,pending,3950.00,2026-08-23 16:20:22.999897+08,2026-08-23 16:20:22.999897+08
01M0MX49WMZHB9D72FA6PEEX8Y,01KZRW48771S3VZMTY431CY71G,01KZRRGW14N9EVMX0Z1ZRJRRAH,2020-03-14,,,,confirmed,6050.00,2026-08-23 16:20:22.999897+08,2026-08-23 16:20:22.999897+08
01M0MX49WM3RDM7P6S9ND4AQGY,01KZRW48771S3VZMTY431CY71G,01KZRRGW14N9EVMX0Z1ZRJRRAH,2020-03-17,,,,confirmed,75.00,2026-08-23 16:20:22.999897+08,2026-08-23 16:20:22.999897+08
01M0MX49WMEW8TJBVEVJ53BXFX,01KZRW48771S3VZMTY431CY71G,01KZRRGW14N9EVMX0Z1ZRJRRAH,2020-03-21,,,,processing,6915.00,2026-08-23 16:20:22.999897+08,2026-08-23 16:20:22.999897+08
01M0MX49WMW67FF4D269FF6GYK,01KZRW48771S3VZMTY431CY71G,01KZRRGW14N9EVMX0Z1ZRJRRAH,2020-03-04,,,,delivered,6160.00,2026-08-23 16:20:22.999897+08,2026-08-23 16:20:22.999897+08
01M0MX49WM53V88YD3QW6DEEYE,01KZRW48771S3VZMTY431CY71G,01KZRRGW14N9EVMX0Z1ZRJRRAH,2020-07-04,,,,cancelled,13335.00,2026-08-23 16:20:22.999897+08,2026-08-23 16:20:22.999897+08
01M0MX49WMV5WPQRDBDEMV7WFT,01KZRW48771S3VZMTY431CY71G,01KZRRGW14N9EVMX0Z1ZRJRRAH,2020-04-14,,,,delivered,1400.00,2026-08-23 16:20:22.999897+08,2026-08-23 16:20:22.999897+08
01M0MX49WMV87NT4SMSMPWX11T,01KZRW48771S3VZMTY431CY71G,01KZRRGW14N9EVMX0Z1ZRJRRAH,2020-04-18,,,,pending,2945.00,2026-08-23 16:20:22.999897+08,2026-08-23 16:20:22.999897+08
01M0MX49WM8ZZ33BKAVKWWP5C6,01KZRW48771S3VZMTY431CY71G,01KZRRGW14N9EVMX0Z1ZRJRRAH,2020-04-22,,,,delivered,420.00,2026-08-23 16:20:22.999897+08,2026-08-23 16:20:22.999897+08
01M0MX49WMKTST7A3BWAM4AQQC,01KZRW48771S3VZMTY431CY71G,01KZRRGW14N9EVMX0Z1ZRJRRAH,2020-02-05,,,,delivered,865.00,2026-08-23 16:20:22.999897+08,2026-08-23 16:20:22.999897+08
01M0MX49WMQ2EH85HYZ26G1VRR,01KZRW48771S3VZMTY431CY71G,01KZRRGW14N9EVMX0Z1ZRJRRAH,2020-05-15,,,,delivered,2170.00,2026-08-23 16:20:22.999897+08,2026-08-23 16:20:22.999897+08
01M0MX49WMP9MZHG5CF8EVZE6Q,01KZRW48771S3VZMTY431CY71G,01KZRRGW14N9EVMX0Z1ZRJRRAH,2020-05-18,,,,pending,5975.00,2026-08-23 16:20:22.999897+08,2026-08-23 16:20:22.999897+08
01M0MX49WM6G6Q6MAK9QW9NYA1,01KZRW48771S3VZMTY431CY71G,01KZRRGW14N9EVMX0Z1ZRJRRAH,2020-05-06,,,,confirmed,6920.00,2026-08-23 16:20:22.999897+08,2026-08-23 16:20:22.999897+08
01M0MX49WM3K47XJ0STGG49572,01KZRW48771S3VZMTY431CY71G,01KZRRGW14N9EVMX0Z1ZRJRRAH,2020-09-06,,,,confirmed,6300.00,2026-08-23 16:20:22.999897+08,2026-08-23 16:20:22.999897+08
01M0MX49WM0H3RR0HK18PG8DDE,01KZRW48771S3VZMTY431CY71G,01KZRRGW14N9EVMX0Z1ZRJRRAH,2020-12-06,,,,delivered,5600.00,2026-08-23 16:20:22.999897+08,2026-08-23 16:20:22.999897+08
01M0MX49WM22TRY4BE0YSW70A0,01KZRW48771S3VZMTY431CY71G,01KZRRGW14N9EVMX0Z1ZRJRRAH,2020-06-19,,,,confirmed,2975.00,2026-08-23 16:20:22.999897+08,2026-08-23 16:20:22.999897+08
01M0MX49WMA2HSV3EJG7WXD93J,01KZRW48771S3VZMTY431CY71G,01KZRRGW14N9EVMX0Z1ZRJRRAH,2020-06-24,,,,cancelled,1035.00,2026-08-23 16:20:22.999897+08,2026-08-23 16:20:22.999897+08
01M0MX49WM9QWJSN2WF6WHY0B1,01KZRW48771S3VZMTY431CY71G,01KZRRGW14N9EVMX0Z1ZRJRRAH,2020-03-07,,,,delivered,270.00,2026-08-23 16:20:22.999897+08,2026-08-23 16:20:22.999897+08
01M0MX49WMBQG2ZSDJXPWSZ6KS,01KZRW48771S3VZMTY431CY71G,01KZRRGW14N9EVMX0Z1ZRJRRAH,2020-09-07,,,,pending,220.00,2026-08-23 16:20:22.999897+08,2026-08-23 16:20:22.999897+08
01M0MX49WMM5XNEV9WSG0H843Q,01KZRW48771S3VZMTY431CY71G,01KZRRGW14N9EVMX0Z1ZRJRRAH,2020-07-14,,,,delivered,7565.00,2026-08-23 16:20:22.999897+08,2026-08-23 16:20:22.999897+08
01M0MX49WM0N916AVA26JPPNHN,01KZRW48771S3VZMTY431CY71G,01KZRRGW14N9EVMX0Z1ZRJRRAH,2020-07-17,,,,confirmed,4895.00,2026-08-23 16:20:22.999897+08,2026-08-23 16:20:22.999897+08
01M0MX49WMYAG3W0V2J5201EZY,01KZRW48771S3VZMTY431CY71G,01KZRRGW14N9EVMX0Z1ZRJRRAH,2020-07-24,,,,cancelled,1550.00,2026-08-23 16:20:22.999897+08,2026-08-23 16:20:22.999897+08
01M0MX49WM1BNPZRE169ND3VK9,01KZRW48771S3VZMTY431CY71G,01KZRRGW14N9EVMX0Z1ZRJRRAH,2020-03-08,,,,cancelled,1400.00,2026-08-23 16:20:22.999897+08,2026-08-23 16:20:22.999897+08
01M0MX49WM8FSJ202YQT9NEPRG,01KZRW48771S3VZMTY431CY71G,01KZRRGW14N9EVMX0Z1ZRJRRAH,2020-10-08,,,,delivered,5400.00,2026-08-23 16:20:22.999897+08,2026-08-23 16:20:22.999897+08
01M0MX49WM9KB9TA9TKNCXE8ER,01KZRW48771S3VZMTY431CY71G,01KZRRGW14N9EVMX0Z1ZRJRRAH,2020-11-08,,,,confirmed,12850.00,2026-08-23 16:20:22.999897+08,2026-08-23 16:20:22.999897+08
01M0MX49WMVTBPQ6HAHEKG66KE,01KZRW48771S3VZMTY431CY71G,01KZRRGW14N9EVMX0Z1ZRJRRAH,2020-08-16,,,,delivered,7595.00,2026-08-23 16:20:22.999897+08,2026-08-23 16:20:22.999897+08
01M0MX49WMDJA7KM28Q4NVAV3T,01KZRW48771S3VZMTY431CY71G,01KZRRGW14N9EVMX0Z1ZRJRRAH,2020-08-21,,,,pending,510.00,2026-08-23 16:20:22.999897+08,2026-08-23 16:20:22.999897+08
01M0MX49WMK1QAN6YDQ8XXD084,01KZRW48771S3VZMTY431CY71G,01KZRRGW14N9EVMX0Z1ZRJRRAH,2020-02-09,,,,pending,2170.00,2026-08-23 16:20:22.999897+08,2026-08-23 16:20:22.999897+08
01M0MX49WM9477JZS1MYD9QBW9,01KZRW48771S3VZMTY431CY71G,01KZRRGW14N9EVMX0Z1ZRJRRAH,2020-09-13,,,,pending,8975.00,2026-08-23 16:20:22.999897+08,2026-08-23 16:20:22.999897+08
01M0MX49WM6GYEJKRRBDGCFX70,01KZRW48771S3VZMTY431CY71G,01KZRRGW14N9EVMX0Z1ZRJRRAH,2020-09-20,,,,delivered,800.00,2026-08-23 16:20:22.999897+08,2026-08-23 16:20:22.999897+08
01M0MX49WM7Y8SNF7JMMB7GWAS,01KZRW48771S3VZMTY431CY71G,01KZRRGW14N9EVMX0Z1ZRJRRAH,2020-09-22,,,,cancelled,7000.00,2026-08-23 16:20:22.999897+08,2026-08-23 16:20:22.999897+08
01M0MX49WMTHJSFXGXZMMBKTKN,01KZRW48771S3VZMTY431CY71G,01KZRRGW14N9EVMX0Z1ZRJRRAH,2020-02-10,,,,pending,2370.00,2026-08-23 16:20:22.999897+08,2026-08-23 16:20:22.999897+08
01M0MX49WMFH9N4NQ8Y0ENX4EZ,01KZRW48771S3VZMTY431CY71G,01KZRRGW14N9EVMX0Z1ZRJRRAH,2020-10-10,,,,confirmed,6300.00,2026-08-23 16:20:22.999897+08,2026-08-23 16:20:22.999897+08
01M0MX49WMCF4GY3NHQHA6W0TN,01KZRW48771S3VZMTY431CY71G,01KZRRGW14N9EVMX0Z1ZRJRRAH,2020-10-13,,,,delivered,1400.00,2026-08-23 16:20:22.999897+08,2026-08-23 16:20:22.999897+08
01M0MX49WMRP1E7XDD014C0T22,01KZRW48771S3VZMTY431CY71G,01KZRRGW14N9EVMX0Z1ZRJRRAH,2020-10-20,,,,confirmed,8425.00,2026-08-23 16:20:22.999897+08,2026-08-23 16:20:22.999897+08
01M0MX49WMKMQQ7PQ5X1R6T4KA,01KZRW48771S3VZMTY431CY71G,01KZRRGW14N9EVMX0Z1ZRJRRAH,2020-10-21,,,,cancelled,8180.00,2026-08-23 16:20:22.999897+08,2026-08-23 16:20:22.999897+08
01M0MX49WMJMJP3MP0875VSNNT,01KZRW48771S3VZMTY431CY71G,01KZRRGW14N9EVMX0Z1ZRJRRAH,2020-06-11,,,,delivered,700.00,2026-08-23 16:20:22.999897+08,2026-08-23 16:20:22.999897+08
01M0MX49WMP38TBZS0JAYY41SB,01KZRW48771S3VZMTY431CY71G,01KZRRGW14N9EVMX0Z1ZRJRRAH,2020-12-11,,,,pending,7000.00,2026-08-23 16:20:22.999897+08,2026-08-23 16:20:22.999897+08
01M0MX49WMY7R8PD0JZ3N65X8Q,01KZRW48771S3VZMTY431CY71G,01KZRRGW14N9EVMX0Z1ZRJRRAH,2020-11-20,,,,confirmed,3318.00,2026-08-23 16:20:22.999897+08,2026-08-23 16:20:22.999897+08
01M0MX49WMS8V2CEPB4V4J2Z7C,01KZRW48771S3VZMTY431CY71G,01KZRRGW14N9EVMX0Z1ZRJRRAH,2020-01-12,,,,cancelled,3545.00,2026-08-23 16:20:22.999897+08,2026-08-23 16:20:22.999897+08
01M0MX49WMF0SE0TDYVTAXMVV4,01KZRW48771S3VZMTY431CY71G,01KZRRGW14N9EVMX0Z1ZRJRRAH,2020-07-12,,,,delivered,1247.00,2026-08-23 16:20:22.999897+08,2026-08-23 16:20:22.999897+08
01M0MX49WMRQFBHPH5J59AC98N,01KZRW48771S3VZMTY431CY71G,01KZRRGW14N9EVMX0Z1ZRJRRAH,2020-12-13,,,,cancelled,1141.00,2026-08-23 16:20:22.999897+08,2026-08-23 16:20:22.999897+08
01M0MX49WMQR2VN4PXV11KMRQH,01KZRW48771S3VZMTY431CY71G,01KZRRGW14N9EVMX0Z1ZRJRRAH,2020-12-16,,,,confirmed,6855.00,2026-08-23 16:20:22.999897+08,2026-08-23 16:20:22.999897+08
01M0MX49WMKPTF1MWPPN24N7V1,01KZRW48771S3VZMTY431CY71G,01KZRRGW14N9EVMX0Z1ZRJRRAH,2020-12-23,,,,delivered,3150.00,2026-08-23 16:20:22.999897+08,2026-08-23 16:20:22.999897+08
01M0MX49WMGZXNN0R0TF4W849R,01KZRW48774A2DK7QW4RW8GRQD,01KZRRGW14WH1V6PTWDSASC4XK,2020-01-01,,,,processing,980.00,2026-08-23 16:20:22.999897+08,2026-08-23 16:20:22.999897+08
01M0MX49WMWFK1F3P7P1PAARKA,01KZRW48774A2DK7QW4RW8GRQD,01KZRRGW14WH1V6PTWDSASC4XK,2020-06-01,,,,confirmed,8365.00,2026-08-23 16:20:22.999897+08,2026-08-23 16:20:22.999897+08
01M0MX49WMRQYKH1GS432DSFY0,01KZRW48774A2DK7QW4RW8GRQD,01KZRRGW14WH1V6PTWDSASC4XK,2020-01-15,,,,delivered,11550.00,2026-08-23 16:20:22.999897+08,2026-08-23 16:20:22.999897+08
01M0MX49WM29PR3MFF36RVZMZH,01KZRW48774A2DK7QW4RW8GRQD,01KZRRGW14WH1V6PTWDSASC4XK,2020-01-19,,,,confirmed,5070.00,2026-08-23 16:20:22.999897+08,2026-08-23 16:20:22.999897+08
01M0MX49WMX45TBJRS8ZBQVEVB,01KZRW48774A2DK7QW4RW8GRQD,01KZRRGW14WH1V6PTWDSASC4XK,2020-01-25,,,,pending,425.00,2026-08-23 16:20:22.999897+08,2026-08-23 16:20:22.999897+08
01M0MX49WMYKEJYQ2GQ2N7TZE7,01KZRW48774A2DK7QW4RW8GRQD,01KZRRGW14WH1V6PTWDSASC4XK,2020-02-02,,,,delivered,4655.00,2026-08-23 16:20:22.999897+08,2026-08-23 16:20:22.999897+08
01M0MX49WM5BQ42Q9TNQQT0W5N,01KZRW48774A2DK7QW4RW8GRQD,01KZRRGW14WH1V6PTWDSASC4XK,2020-08-02,,,,pending,4820.00,2026-08-23 16:20:22.999897+08,2026-08-23 16:20:22.999897+08
01M0MX49WMK886S7YRPR34B65Q,01KZRW48774A2DK7QW4RW8GRQD,01KZRRGW14WH1V6PTWDSASC4XK,2020-02-14,,,,delivered,360.00,2026-08-23 16:20:22.999897+08,2026-08-23 16:20:22.999897+08
01M0MX49WM0P7K3G9CDNZTA3EB,01KZRW48774A2DK7QW4RW8GRQD,01KZRRGW14WH1V6PTWDSASC4XK,2020-03-03,,,,delivered,8750.00,2026-08-23 16:20:22.999897+08,2026-08-23 16:20:22.999897+08
01M0MX49WMT82KRWP77T0Z95MK,01KZRW48774A2DK7QW4RW8GRQD,01KZRRGW14WH1V6PTWDSASC4XK,2020-06-03,,,,pending,5460.00,2026-08-23 16:20:22.999897+08,2026-08-23 16:20:22.999897+08
01M0MX49WMQH3AJS4B0FRB46XE,01KZRW48774A2DK7QW4RW8GRQD,01KZRRGW14WH1V6PTWDSASC4XK,2020-03-15,,,,cancelled,480.00,2026-08-23 16:20:22.999897+08,2026-08-23 16:20:22.999897+08
01M0MX49WM6GXF9PSJWVPT6XD2,01KZRW48774A2DK7QW4RW8GRQD,01KZRRGW14WH1V6PTWDSASC4XK,2020-03-20,,,,delivered,1169.00,2026-08-23 16:20:22.999897+08,2026-08-23 16:20:22.999897+08
01M0MX49WM7A19RQMP7JM7XMWQ,01KZRW48774A2DK7QW4RW8GRQD,01KZRRGW14WH1V6PTWDSASC4XK,2020-03-21,,,,delivered,6870.00,2026-08-23 16:20:22.999897+08,2026-08-23 16:20:22.999897+08
01M0MX49WMS5ZR9MD770RCMKB6,01KZRW48774A2DK7QW4RW8GRQD,01KZRRGW14WH1V6PTWDSASC4XK,2020-07-04,,,,confirmed,6230.00,2026-08-23 16:20:22.999897+08,2026-08-23 16:20:22.999897+08
01M0MX49WM2TZ0JBXHXENJZCG6,01KZRW48774A2DK7QW4RW8GRQD,01KZRRGW14WH1V6PTWDSASC4XK,2020-04-18,,,,delivered,140.00,2026-08-23 16:20:22.999897+08,2026-08-23 16:20:22.999897+08
01M0MX49WM7JAKGBVX4B0D5R1G,01KZRW48774A2DK7QW4RW8GRQD,01KZRRGW14WH1V6PTWDSASC4XK,2020-04-23,,,,confirmed,9100.00,2026-08-23 16:20:22.999897+08,2026-08-23 16:20:22.999897+08
01M0MX49WM6E493X37YZMW8MX1,01KZRW48774A2DK7QW4RW8GRQD,01KZRRGW14WH1V6PTWDSASC4XK,2020-04-05,,,,confirmed,11200.00,2026-08-23 16:20:22.999897+08,2026-08-23 16:20:22.999897+08
01M0MX49WMJ760XPRZACT0BPRE,01KZRW48774A2DK7QW4RW8GRQD,01KZRRGW14WH1V6PTWDSASC4XK,2020-10-05,,,,delivered,140.00,2026-08-23 16:20:22.999897+08,2026-08-23 16:20:22.999897+08
01M0MX49WMQNGD2QSD7KJENYEB,01KZRW48774A2DK7QW4RW8GRQD,01KZRRGW14WH1V6PTWDSASC4XK,2020-05-17,,,,processing,4900.00,2026-08-23 16:20:22.999897+08,2026-08-23 16:20:22.999897+08
01M0MX49WMAVWN6X2QA49KQ7YY,01KZRW48774A2DK7QW4RW8GRQD,01KZRRGW14WH1V6PTWDSASC4XK,2020-05-24,,,,confirmed,300.00,2026-08-23 16:20:22.999897+08,2026-08-23 16:20:22.999897+08
01M0MX49WMFPX165Q5EM9XKS9X,01KZRW48774A2DK7QW4RW8GRQD,01KZRRGW14WH1V6PTWDSASC4XK,2020-02-06,,,,delivered,8540.00,2026-08-23 16:20:22.999897+08,2026-08-23 16:20:22.999897+08
01M0MX49WMSE1MYN0TSEQ3C73X,01KZRW48774A2DK7QW4RW8GRQD,01KZRRGW14WH1V6PTWDSASC4XK,2020-08-06,,,,processing,315.00,2026-08-23 16:20:22.999897+08,2026-08-23 16:20:22.999897+08
01M0MX49WM86FPYNDKTW7HA62V,01KZRW48774A2DK7QW4RW8GRQD,01KZRRGW14WH1V6PTWDSASC4XK,2020-11-06,,,,cancelled,4410.00,2026-08-23 16:20:22.999897+08,2026-08-23 16:20:22.999897+08
01M0MX49WMQVTQR8X2AKKPKGV9,01KZRW48774A2DK7QW4RW8GRQD,01KZRRGW14WH1V6PTWDSASC4XK,2020-06-18,,,,delivered,8540.00,2026-08-23 16:20:22.999897+08,2026-08-23 16:20:22.999897+08
01M0MX49WM4AK3JZC0PBS231RM,01KZRW48774A2DK7QW4RW8GRQD,01KZRRGW14WH1V6PTWDSASC4XK,2020-06-24,,,,processing,2275.00,2026-08-23 16:20:22.999897+08,2026-08-23 16:20:22.999897+08
01M0MX49WM8XT0XC36N27TGTXG,01KZRW48774A2DK7QW4RW8GRQD,01KZRRGW14WH1V6PTWDSASC4XK,2020-04-07,,,,cancelled,5440.00,2026-08-23 16:20:22.999897+08,2026-08-23 16:20:22.999897+08
01M0MX49WMPWXT0DPNR4CEKAKY,01KZRW48774A2DK7QW4RW8GRQD,01KZRRGW14WH1V6PTWDSASC4XK,2020-09-07,,,,delivered,9240.00,2026-08-23 16:20:22.999897+08,2026-08-23 16:20:22.999897+08
01M0MX49WM8JJMNY4YM7X8C892,01KZRW48774A2DK7QW4RW8GRQD,01KZRRGW14WH1V6PTWDSASC4XK,2020-11-07,,,,cancelled,1750.00,2026-08-23 16:20:22.999897+08,2026-08-23 16:20:22.999897+08
01M0MX49WMHGM4BBFF0AF8DFRT,01KZRW48774A2DK7QW4RW8GRQD,01KZRRGW14WH1V6PTWDSASC4XK,2020-07-21,,,,processing,11540.00,2026-08-23 16:20:22.999897+08,2026-08-23 16:20:22.999897+08
01M0MX49WMN90F0MDSYV7KRCCT,01KZRW48774A2DK7QW4RW8GRQD,01KZRRGW14WH1V6PTWDSASC4XK,2020-07-08,,,,delivered,7820.00,2026-08-23 16:20:22.999897+08,2026-08-23 16:20:22.999897+08
01M0MX49WMBCSG83HYM48YG0BA,01KZRW48774A2DK7QW4RW8GRQD,01KZRRGW14WH1V6PTWDSASC4XK,2020-08-17,,,,pending,5575.00,2026-08-23 16:20:22.999897+08,2026-08-23 16:20:22.999897+08
01M0MX49WMAYZVJJ176F08K85S,01KZRW48774A2DK7QW4RW8GRQD,01KZRRGW14WH1V6PTWDSASC4XK,2020-08-24,,,,pending,700.00,2026-08-23 16:20:22.999897+08,2026-08-23 16:20:22.999897+08
01M0MX49WMMR0724DZ4W21HZ88,01KZRW48774A2DK7QW4RW8GRQD,01KZRRGW14WH1V6PTWDSASC4XK,2020-04-09,,,,processing,3970.00,2026-08-23 16:20:22.999897+08,2026-08-23 16:20:22.999897+08
01M0MX49WMVA46ATWMMG3VYWNK,01KZRW48774A2DK7QW4RW8GRQD,01KZRRGW14WH1V6PTWDSASC4XK,2020-09-13,,,,cancelled,1250.00,2026-08-23 16:20:22.999897+08,2026-08-23 16:20:22.999897+08
01M0MX49WMA11XXRJYVY5GA58Z,01KZRW48774A2DK7QW4RW8GRQD,01KZRRGW14WH1V6PTWDSASC4XK,2020-09-16,,,,pending,14725.00,2026-08-23 16:20:22.999897+08,2026-08-23 16:20:22.999897+08
01M0MX49WMG35XGHHY56MSWS9J,01KZRW48774A2DK7QW4RW8GRQD,01KZRRGW14WH1V6PTWDSASC4XK,2020-09-21,,,,processing,1910.00,2026-08-23 16:20:22.999897+08,2026-08-23 16:20:22.999897+08
01M0MX49WM04G2XXKBQB3JBMP6,01KZRW48774A2DK7QW4RW8GRQD,01KZRRGW14WH1V6PTWDSASC4XK,2020-01-10,,,,pending,450.00,2026-08-23 16:20:22.999897+08,2026-08-23 16:20:22.999897+08
01M0MX49WM2QW95TFBCHMR9HGN,01KZRW48774A2DK7QW4RW8GRQD,01KZRRGW14WH1V6PTWDSASC4XK,2020-07-10,,,,confirmed,4380.00,2026-08-23 16:20:22.999897+08,2026-08-23 16:20:22.999897+08
01M0MX49WMA9E87SPW483A5B9P,01KZRW48774A2DK7QW4RW8GRQD,01KZRRGW14WH1V6PTWDSASC4XK,2020-10-13,,,,confirmed,8400.00,2026-08-23 16:20:22.999897+08,2026-08-23 16:20:22.999897+08
01M0MX49WMTM5Q1ATNX1FGEAQQ,01KZRW48774A2DK7QW4RW8GRQD,01KZRRGW14WH1V6PTWDSASC4XK,2020-10-16,,,,pending,4670.00,2026-08-23 16:20:22.999897+08,2026-08-23 16:20:22.999897+08
01M0MX49WMG0XM6SGF29N03YXX,01KZRW48774A2DK7QW4RW8GRQD,01KZRRGW14WH1V6PTWDSASC4XK,2020-01-11,,,,pending,735.00,2026-08-23 16:20:22.999897+08,2026-08-23 16:20:22.999897+08
01M0MX49WMVZS9B30166AJAM39,01KZRW48774A2DK7QW4RW8GRQD,01KZRRGW14WH1V6PTWDSASC4XK,2020-08-11,,,,processing,11010.00,2026-08-23 16:20:22.999897+08,2026-08-23 16:20:22.999897+08
01M0MX49WMA7KYEZ0ZS45XA85X,01KZRW48774A2DK7QW4RW8GRQD,01KZRRGW14WH1V6PTWDSASC4XK,2020-11-15,,,,delivered,1008.00,2026-08-23 16:20:22.999897+08,2026-08-23 16:20:22.999897+08
01M0MX49WMX7BMF36CE4WA7JH0,01KZRW48774A2DK7QW4RW8GRQD,01KZRRGW14WH1V6PTWDSASC4XK,2020-11-17,,,,confirmed,6820.00,2026-08-23 16:20:22.999897+08,2026-08-23 16:20:22.999897+08
01M0MX49WM4G9Q4EXDTHXV99F0,01KZRW48774A2DK7QW4RW8GRQD,01KZRRGW14WH1V6PTWDSASC4XK,2020-11-25,,,,cancelled,510.00,2026-08-23 16:20:22.999897+08,2026-08-23 16:20:22.999897+08
01M0MX49WM4RKTSQZ1CGQ0CM4D,01KZRW48774A2DK7QW4RW8GRQD,01KZRRGW14WH1V6PTWDSASC4XK,2020-07-12,,,,pending,9680.00,2026-08-23 16:20:22.999897+08,2026-08-23 16:20:22.999897+08
01M0MX49WM33E2AQ8QGEGSWMA7,01KZRW48774A2DK7QW4RW8GRQD,01KZRRGW14WH1V6PTWDSASC4XK,2020-12-15,,,,delivered,7135.00,2026-08-23 16:20:22.999897+08,2026-08-23 16:20:22.999897+08
01M0MX49WMR2GC7A5WGFQ23Q34,01KZRW48774A2DK7QW4RW8GRQD,01KZRRGW14WH1V6PTWDSASC4XK,2020-12-20,,,,pending,6300.00,2026-08-23 16:20:22.999897+08,2026-08-23 16:20:22.999897+08
01M0MX49WM5AMYX5Y5Y0G0RHYF,01KZRW48774A2DK7QW4RW8GRQD,01KZRRGW14WH1V6PTWDSASC4XK,2020-12-22,,,,confirmed,9100.00,2026-08-23 16:20:22.999897+08,2026-08-23 16:20:22.999897+08
01M0MX49WMRK5G6EJM9JDD3MF8,01KZRW48774A2DK7QW4RW8GRQD,01KZRRGW14EVYGVAR1F5M4N714,2020-10-01,,,,cancelled,8050.00,2026-08-23 16:20:22.999897+08,2026-08-23 16:20:22.999897+08
01M0MX49WMKDW9BJ59YPPBXRVC,01KZRW48774A2DK7QW4RW8GRQD,01KZRRGW14EVYGVAR1F5M4N714,2020-01-14,,,,delivered,660.00,2026-08-23 16:20:22.999897+08,2026-08-23 16:20:22.999897+08
01M0MX49WMVN5WSNHK94VACY7F,01KZRW48774A2DK7QW4RW8GRQD,01KZRRGW14EVYGVAR1F5M4N714,2020-01-18,,,,confirmed,9450.00,2026-08-23 16:20:22.999897+08,2026-08-23 16:20:22.999897+08
01M0MX49WMZ1TQ9G9Z1NMYZXMX,01KZRW48774A2DK7QW4RW8GRQD,01KZRRGW14EVYGVAR1F5M4N714,2020-01-25,,,,pending,10345.00,2026-08-23 16:20:22.999897+08,2026-08-23 16:20:22.999897+08
01M0MX49WM8SP4CRNKM9E4JC46,01KZRW48774A2DK7QW4RW8GRQD,01KZRRGW14EVYGVAR1F5M4N714,2020-05-02,,,,confirmed,6300.00,2026-08-23 16:20:22.999897+08,2026-08-23 16:20:22.999897+08
01M0MX49WMXRWVR9968C0XT5NA,01KZRW48774A2DK7QW4RW8GRQD,01KZRRGW14EVYGVAR1F5M4N714,2020-02-13,,,,pending,10850.00,2026-08-23 16:20:22.999897+08,2026-08-23 16:20:22.999897+08
01M0MX49WMMC6RRWCH8NNQJ160,01KZRW48774A2DK7QW4RW8GRQD,01KZRRGW14EVYGVAR1F5M4N714,2020-02-17,,,,delivered,9215.00,2026-08-23 16:20:22.999897+08,2026-08-23 16:20:22.999897+08
01M0MX49WM6BPA9KBQWCYCZN5E,01KZRW48774A2DK7QW4RW8GRQD,01KZRRGW14EVYGVAR1F5M4N714,2020-02-24,,,,cancelled,3500.00,2026-08-23 16:20:22.999897+08,2026-08-23 16:20:22.999897+08
01M0MX49WMGFQ6GJJWBA5ADWNQ,01KZRW48774A2DK7QW4RW8GRQD,01KZRRGW14EVYGVAR1F5M4N714,2020-01-03,,,,confirmed,4900.00,2026-08-23 16:20:22.999897+08,2026-08-23 16:20:22.999897+08
01M0MX49WMR32NGX37FDMHRNA7,01KZRW48774A2DK7QW4RW8GRQD,01KZRRGW14EVYGVAR1F5M4N714,2020-07-03,,,,pending,240.00,2026-08-23 16:20:22.999897+08,2026-08-23 16:20:22.999897+08
01M0MX49WMX01C374PGMAH1DK8,01KZRW48774A2DK7QW4RW8GRQD,01KZRRGW14EVYGVAR1F5M4N714,2020-03-14,,,,delivered,6300.00,2026-08-23 16:20:22.999897+08,2026-08-23 16:20:22.999897+08
01M0MX49WM8WQ7M9F0X958EQTJ,01KZRW48774A2DK7QW4RW8GRQD,01KZRRGW14EVYGVAR1F5M4N714,2020-03-20,,,,pending,2100.00,2026-08-23 16:20:22.999897+08,2026-08-23 16:20:22.999897+08
01M0MX49WMJ9D3X9V58W4X3VR4,01KZRW48774A2DK7QW4RW8GRQD,01KZRRGW14EVYGVAR1F5M4N714,2020-03-22,,,,confirmed,1750.00,2026-08-23 16:20:22.999897+08,2026-08-23 16:20:22.999897+08
01M0MX49WMM6X9DBKKH506C0XG,01KZRW48774A2DK7QW4RW8GRQD,01KZRRGW14EVYGVAR1F5M4N714,2020-05-04,,,,pending,6300.00,2026-08-23 16:20:22.999897+08,2026-08-23 16:20:22.999897+08
01M0MX49WMZYCKQNZ30N80FFKT,01KZRW48774A2DK7QW4RW8GRQD,01KZRRGW14EVYGVAR1F5M4N714,2020-08-04,,,,delivered,2425.00,2026-08-23 16:20:22.999897+08,2026-08-23 16:20:22.999897+08
01M0MX49WMQJ5R75TMS11KGA1Y,01KZRW48774A2DK7QW4RW8GRQD,01KZRRGW14EVYGVAR1F5M4N714,2020-04-14,,,,delivered,5980.00,2026-08-23 16:20:22.999897+08,2026-08-23 16:20:22.999897+08
01M0MX49WM0272H3F5167C12GR,01KZRW48774A2DK7QW4RW8GRQD,01KZRRGW14EVYGVAR1F5M4N714,2020-04-17,,,,confirmed,6785.00,2026-08-23 16:20:22.999897+08,2026-08-23 16:20:22.999897+08
01M0MX49WM2P89HS7Y4Q20Q164,01KZRW48774A2DK7QW4RW8GRQD,01KZRRGW14EVYGVAR1F5M4N714,2020-04-21,,,,pending,6100.00,2026-08-23 16:20:22.999897+08,2026-08-23 16:20:22.999897+08
01M0MX49WMD5HFVGN2WP6MR42M,01KZRW48774A2DK7QW4RW8GRQD,01KZRRGW14EVYGVAR1F5M4N714,2020-01-05,,,,delivered,4900.00,2026-08-23 16:20:22.999897+08,2026-08-23 16:20:22.999897+08
01M0MX49WM06WBFECPSJXSXGZM,01KZRW48774A2DK7QW4RW8GRQD,01KZRRGW14EVYGVAR1F5M4N714,2020-09-05,,,,pending,3745.00,2026-08-23 16:20:22.999897+08,2026-08-23 16:20:22.999897+08
01M0MX49WMYYKQJCMS3RKJNNCT,01KZRW48774A2DK7QW4RW8GRQD,01KZRRGW14EVYGVAR1F5M4N714,2020-05-14,,,,confirmed,1400.00,2026-08-23 16:20:22.999897+08,2026-08-23 16:20:22.999897+08
01M0MX49WMV9D49ZEQ87M8M0VG,01KZRW48774A2DK7QW4RW8GRQD,01KZRRGW14EVYGVAR1F5M4N714,2020-05-18,,,,processing,8040.00,2026-08-23 16:20:22.999897+08,2026-08-23 16:20:22.999897+08
01M0MX49WM602T5BN2C1TGEXS4,01KZRW48774A2DK7QW4RW8GRQD,01KZRRGW14EVYGVAR1F5M4N714,2020-05-22,,,,confirmed,11500.00,2026-08-23 16:20:22.999897+08,2026-08-23 16:20:22.999897+08
01M0MX49WMVF6RM7ZHX3HV8DRZ,01KZRW48774A2DK7QW4RW8GRQD,01KZRRGW14EVYGVAR1F5M4N714,2020-05-06,,,,delivered,3510.00,2026-08-23 16:20:22.999897+08,2026-08-23 16:20:22.999897+08
01M0MX49WM5HJFJE6AA4WTZSTP,01KZRW48774A2DK7QW4RW8GRQD,01KZRRGW14EVYGVAR1F5M4N714,2020-08-06,,,,delivered,2875.00,2026-08-23 16:20:22.999897+08,2026-08-23 16:20:22.999897+08
01M0MX49WMXKEZB9HH5H3AMY47,01KZRW48774A2DK7QW4RW8GRQD,01KZRRGW14EVYGVAR1F5M4N714,2020-06-14,,,,processing,1890.00,2026-08-23 16:20:22.999897+08,2026-08-23 16:20:22.999897+08
01M0MX49WM8PZZ4GGFEX12QE5D,01KZRW48774A2DK7QW4RW8GRQD,01KZRRGW14EVYGVAR1F5M4N714,2020-06-18,,,,pending,5040.00,2026-08-23 16:20:22.999897+08,2026-08-23 16:20:22.999897+08
01M0MX49WMHM2BHYG5VEWT1189,01KZRW48774A2DK7QW4RW8GRQD,01KZRRGW14EVYGVAR1F5M4N714,2020-02-07,,,,delivered,5630.00,2026-08-23 16:20:22.999897+08,2026-08-23 16:20:22.999897+08
01M0MX49WM9AEJA46CB29A9NQ7,01KZRW48774A2DK7QW4RW8GRQD,01KZRRGW14EVYGVAR1F5M4N714,2020-07-16,,,,processing,5600.00,2026-08-23 16:20:22.999897+08,2026-08-23 16:20:22.999897+08
01M0MX49WM7A0DVQ4JQRK76CVM,01KZRW48774A2DK7QW4RW8GRQD,01KZRRGW14EVYGVAR1F5M4N714,2020-07-23,,,,delivered,6225.00,2026-08-23 16:20:22.999897+08,2026-08-23 16:20:22.999897+08
01M0MX49WMZQMEH6613CH8HTWV,01KZRW48774A2DK7QW4RW8GRQD,01KZRRGW14EVYGVAR1F5M4N714,2020-02-08,,,,delivered,5870.00,2026-08-23 16:20:22.999897+08,2026-08-23 16:20:22.999897+08
01M0MX49WM6QT6T289B2CG3Z1A,01KZRW48774A2DK7QW4RW8GRQD,01KZRRGW14EVYGVAR1F5M4N714,2020-06-08,,,,cancelled,9730.00,2026-08-23 16:20:22.999897+08,2026-08-23 16:20:22.999897+08
01M0MX49WMJ95WW8DCQM52DZEK,01KZRW48774A2DK7QW4RW8GRQD,01KZRRGW14EVYGVAR1F5M4N714,2020-11-08,,,,delivered,600.00,2026-08-23 16:20:22.999897+08,2026-08-23 16:20:22.999897+08
01M0MX49WMDRX4RN0BGXFDF8GX,01KZRW48774A2DK7QW4RW8GRQD,01KZRRGW14EVYGVAR1F5M4N714,2020-08-17,,,,pending,2100.00,2026-08-23 16:20:22.999897+08,2026-08-23 16:20:22.999897+08
01M0MX49WMKG2XCPW4JQF4581Q,01KZRW48774A2DK7QW4RW8GRQD,01KZRRGW14EVYGVAR1F5M4N714,2020-05-09,,,,delivered,2745.00,2026-08-23 16:20:22.999897+08,2026-08-23 16:20:22.999897+08
01M0MX49WMK85858E4V03HY26R,01KZRW48774A2DK7QW4RW8GRQD,01KZRRGW14EVYGVAR1F5M4N714,2020-06-09,,,,confirmed,700.00,2026-08-23 16:20:22.999897+08,2026-08-23 16:20:22.999897+08
01M0MX49WM13T4Z7F0VZ18D5YB,01KZRW48774A2DK7QW4RW8GRQD,01KZRRGW14EVYGVAR1F5M4N714,2020-09-15,,,,delivered,4155.00,2026-08-23 16:20:22.999897+08,2026-08-23 16:20:22.999897+08
01M0MX49WMFC1HP0Q0W73RN595,01KZRW48774A2DK7QW4RW8GRQD,01KZRRGW14EVYGVAR1F5M4N714,2020-09-20,,,,delivered,3915.00,2026-08-23 16:20:22.999897+08,2026-08-23 16:20:22.999897+08
01M0MX49WMEZ1BMCSNFW42S5PB,01KZRW48774A2DK7QW4RW8GRQD,01KZRRGW14EVYGVAR1F5M4N714,2020-09-24,,,,cancelled,7175.00,2026-08-23 16:20:22.999897+08,2026-08-23 16:20:22.999897+08
01M0MX49WM5FDYCT75Z24EFS24,01KZRW48774A2DK7QW4RW8GRQD,01KZRRGW14EVYGVAR1F5M4N714,2020-02-10,,,,processing,4550.00,2026-08-23 16:20:22.999897+08,2026-08-23 16:20:22.999897+08
01M0MX49WM7WTF2V37XETXT3QS,01KZRW48774A2DK7QW4RW8GRQD,01KZRRGW14EVYGVAR1F5M4N714,2020-07-10,,,,delivered,891.00,2026-08-23 16:20:22.999897+08,2026-08-23 16:20:22.999897+08
01M0MX49WMH9YKWP9F3VPJEZM5,01KZRW48774A2DK7QW4RW8GRQD,01KZRRGW14EVYGVAR1F5M4N714,2020-10-14,,,,delivered,4200.00,2026-08-23 16:20:22.999897+08,2026-08-23 16:20:22.999897+08
01M0MX49WMM31P5YFQA71M7V9R,01KZRW48774A2DK7QW4RW8GRQD,01KZRRGW14EVYGVAR1F5M4N714,2020-10-19,,,,confirmed,1050.00,2026-08-23 16:20:22.999897+08,2026-08-23 16:20:22.999897+08
01M0MX49WMQH269SSCEMWVA8JK,01KZRW48774A2DK7QW4RW8GRQD,01KZRRGW14EVYGVAR1F5M4N714,2020-05-11,,,,pending,112.00,2026-08-23 16:20:22.999897+08,2026-08-23 16:20:22.999897+08
01M0MX49WMYMZRAAT27EY3JFVG,01KZRW48774A2DK7QW4RW8GRQD,01KZRRGW14EVYGVAR1F5M4N714,2020-08-11,,,,confirmed,700.00,2026-08-23 16:20:22.999897+08,2026-08-23 16:20:22.999897+08
01M0MX49WMV8A8V36J40WPY12W,01KZRW48774A2DK7QW4RW8GRQD,01KZRRGW14EVYGVAR1F5M4N714,2020-12-11,,,,confirmed,1330.00,2026-08-23 16:20:22.999897+08,2026-08-23 16:20:22.999897+08
01M0MX49WMKN6CK5BJCFB1FRE0,01KZRW48774A2DK7QW4RW8GRQD,01KZRRGW14EVYGVAR1F5M4N714,2020-11-18,,,,pending,9595.00,2026-08-23 16:20:22.999897+08,2026-08-23 16:20:22.999897+08
01M0MX49WMED3DC374GC0MB3XC,01KZRW48774A2DK7QW4RW8GRQD,01KZRRGW14EVYGVAR1F5M4N714,2020-11-25,,,,confirmed,760.00,2026-08-23 16:20:22.999897+08,2026-08-23 16:20:22.999897+08
01M0MX49WMTXM8MAWVK2RKYP1R,01KZRW48774A2DK7QW4RW8GRQD,01KZRRGW14EVYGVAR1F5M4N714,2020-03-12,,,,processing,6920.00,2026-08-23 16:20:22.999897+08,2026-08-23 16:20:22.999897+08
01M0MX49WMFR4GZZ24MGX71XDF,01KZRW48774A2DK7QW4RW8GRQD,01KZRRGW14EVYGVAR1F5M4N714,2020-12-12,,,,delivered,1050.00,2026-08-23 16:20:22.999897+08,2026-08-23 16:20:22.999897+08
01M0MX49WMBSQ38GC8QHXJY4NG,01KZRW48774A2DK7QW4RW8GRQD,01KZRRGW14EVYGVAR1F5M4N714,2020-12-17,,,,delivered,2350.00,2026-08-23 16:20:22.999897+08,2026-08-23 16:20:22.999897+08
01M0MX49WMJ9VB2YQ6GEAT1MWW,01KZRW48774A2DK7QW4RW8GRQD,01KZRRGW14EVYGVAR1F5M4N714,2020-12-25,,,,delivered,1700.00,2026-08-23 16:20:22.999897+08,2026-08-23 16:20:22.999897+08
01M0MX49WM01A6J7YXTR6JNWV2,01KZRW48774A2DK7QW4RW8GRQD,01KZRRGW14200T0G4QVVJEZMW1,2020-11-01,,,,delivered,7470.00,2026-08-23 16:20:22.999897+08,2026-08-23 16:20:22.999897+08
01M0MX49WM3DXKYARBCEX9QN12,01KZRW48774A2DK7QW4RW8GRQD,01KZRRGW14200T0G4QVVJEZMW1,2020-01-21,,,,confirmed,2520.00,2026-08-23 16:20:22.999897+08,2026-08-23 16:20:22.999897+08
01M0MX49WM4PCX9N5WXTS6H83S,01KZRW48774A2DK7QW4RW8GRQD,01KZRRGW14200T0G4QVVJEZMW1,2020-04-02,,,,confirmed,7000.00,2026-08-23 16:20:22.999897+08,2026-08-23 16:20:22.999897+08
01M0MX49WM0SEV42YNTGXKNGG5,01KZRW48774A2DK7QW4RW8GRQD,01KZRRGW14200T0G4QVVJEZMW1,2020-06-02,,,,cancelled,9595.00,2026-08-23 16:20:22.999897+08,2026-08-23 16:20:22.999897+08
01M0MX49WMTM9W5DJPZ8Y6G1Z6,01KZRW48774A2DK7QW4RW8GRQD,01KZRRGW14200T0G4QVVJEZMW1,2020-02-14,,,,delivered,8862.00,2026-08-23 16:20:22.999897+08,2026-08-23 16:20:22.999897+08
01M0MX49WM3H5SXVZVQXW14YYD,01KZRW48774A2DK7QW4RW8GRQD,01KZRRGW14200T0G4QVVJEZMW1,2020-02-18,,,,pending,1150.00,2026-08-23 16:20:22.999897+08,2026-08-23 16:20:22.999897+08
01M0MX49WMHR78BMWEV1CRK3W8,01KZRW48774A2DK7QW4RW8GRQD,01KZRRGW14200T0G4QVVJEZMW1,2020-02-25,,,,cancelled,6300.00,2026-08-23 16:20:22.999897+08,2026-08-23 16:20:22.999897+08
01M0MX49WM2SREVEYS8YQG7VXJ,01KZRW48774A2DK7QW4RW8GRQD,01KZRRGW14200T0G4QVVJEZMW1,2020-01-03,,,,confirmed,5395.00,2026-08-23 16:20:22.999897+08,2026-08-23 16:20:22.999897+08
01M0MX49WMYMH67K62698T5P4H,01KZRW48774A2DK7QW4RW8GRQD,01KZRRGW14200T0G4QVVJEZMW1,2020-03-14,,,,delivered,6750.00,2026-08-23 16:20:22.999897+08,2026-08-23 16:20:22.999897+08
01M0MX49WMDSRK53FAR1GA8SPZ,01KZRW48774A2DK7QW4RW8GRQD,01KZRRGW14200T0G4QVVJEZMW1,2020-03-19,,,,pending,4550.00,2026-08-23 16:20:22.999897+08,2026-08-23 16:20:22.999897+08
01M0MX49WM1EEH4X9RR9GQ1H36,01KZRW48774A2DK7QW4RW8GRQD,01KZRRGW14200T0G4QVVJEZMW1,2020-03-24,,,,confirmed,6950.00,2026-08-23 16:20:22.999897+08,2026-08-23 16:20:22.999897+08
01M0MX49WMMRPD9BPBT5PQFGT6,01KZRW48774A2DK7QW4RW8GRQD,01KZRRGW14200T0G4QVVJEZMW1,2020-04-04,,,,confirmed,11670.00,2026-08-23 16:20:22.999897+08,2026-08-23 16:20:22.999897+08
01M0MX49WM6AJKYCKVS6SDEA4G,01KZRW48774A2DK7QW4RW8GRQD,01KZRRGW14200T0G4QVVJEZMW1,2020-07-04,,,,cancelled,2450.00,2026-08-23 16:20:22.999897+08,2026-08-23 16:20:22.999897+08
01M0MX49WMDVQDFBRWRP1V6D2R,01KZRW48774A2DK7QW4RW8GRQD,01KZRRGW14200T0G4QVVJEZMW1,2020-04-16,,,,confirmed,350.00,2026-08-23 16:20:22.999897+08,2026-08-23 16:20:22.999897+08
01M0MX49WM8W0G0T9GJR10CAFR,01KZRW48774A2DK7QW4RW8GRQD,01KZRRGW14200T0G4QVVJEZMW1,2020-04-23,,,,confirmed,1750.00,2026-08-23 16:20:22.999897+08,2026-08-23 16:20:22.999897+08
01M0MX49WMM7SM4KN68GCVNNJ0,01KZRW48774A2DK7QW4RW8GRQD,01KZRRGW14200T0G4QVVJEZMW1,2020-01-05,,,,confirmed,6225.00,2026-08-23 16:20:22.999897+08,2026-08-23 16:20:22.999897+08
01M0MX49WMQR7D1187G7PB16GZ,01KZRW48774A2DK7QW4RW8GRQD,01KZRRGW14200T0G4QVVJEZMW1,2020-05-13,,,,confirmed,1020.00,2026-08-23 16:20:22.999897+08,2026-08-23 16:20:22.999897+08
01M0MX49WMDVFAHQ2F6DAHW5Z5,01KZRW48774A2DK7QW4RW8GRQD,01KZRRGW14200T0G4QVVJEZMW1,2020-05-17,,,,cancelled,2905.00,2026-08-23 16:20:22.999897+08,2026-08-23 16:20:22.999897+08
01M0MX49WMH5VFJ16QKTM1J08G,01KZRW48774A2DK7QW4RW8GRQD,01KZRRGW14200T0G4QVVJEZMW1,2020-05-25,,,,delivered,2490.00,2026-08-23 16:20:22.999897+08,2026-08-23 16:20:22.999897+08
01M0MX49WMTJA8MNMEQGT1J67J,01KZRW48774A2DK7QW4RW8GRQD,01KZRRGW14200T0G4QVVJEZMW1,2020-03-06,,,,delivered,11005.00,2026-08-23 16:20:22.999897+08,2026-08-23 16:20:22.999897+08
01M0MX49WMFCYZBR5QMZKHWG7Z,01KZRW48774A2DK7QW4RW8GRQD,01KZRRGW14200T0G4QVVJEZMW1,2020-08-06,,,,pending,450.00,2026-08-23 16:20:22.999897+08,2026-08-23 16:20:22.999897+08
01M0MX49WM85TXE0S5273E6FDG,01KZRW48774A2DK7QW4RW8GRQD,01KZRRGW14200T0G4QVVJEZMW1,2020-06-22,,,,cancelled,8490.00,2026-08-23 16:20:22.999897+08,2026-08-23 16:20:22.999897+08
01M0MX49WMSKCGT81KJA15KH5J,01KZRW48774A2DK7QW4RW8GRQD,01KZRRGW14200T0G4QVVJEZMW1,2020-05-07,,,,delivered,240.00,2026-08-23 16:20:22.999897+08,2026-08-23 16:20:22.999897+08
01M0MX49WM5ZBTYA0K81J2VRAW,01KZRW48774A2DK7QW4RW8GRQD,01KZRRGW14200T0G4QVVJEZMW1,2020-09-07,,,,processing,3030.00,2026-08-23 16:20:22.999897+08,2026-08-23 16:20:22.999897+08
01M0MX49WMPF20J1Z913YYJH04,01KZRW48774A2DK7QW4RW8GRQD,01KZRRGW14200T0G4QVVJEZMW1,2020-07-13,,,,pending,420.00,2026-08-23 16:20:22.999897+08,2026-08-23 16:20:22.999897+08
01M0MX49WMGHGQEPDFQMV2SA7J,01KZRW48774A2DK7QW4RW8GRQD,01KZRRGW14200T0G4QVVJEZMW1,2020-07-18,,,,confirmed,12500.00,2026-08-23 16:20:22.999897+08,2026-08-23 16:20:22.999897+08
01M0MX49WMPBTNFT3JD5X4E9R4,01KZRW48774A2DK7QW4RW8GRQD,01KZRRGW14200T0G4QVVJEZMW1,2020-07-23,,,,delivered,1400.00,2026-08-23 16:20:22.999897+08,2026-08-23 16:20:22.999897+08
01M0MX49WMC2274D1DQHXP1F5P,01KZRW48774A2DK7QW4RW8GRQD,01KZRRGW14200T0G4QVVJEZMW1,2020-08-14,,,,confirmed,2905.00,2026-08-23 16:20:22.999897+08,2026-08-23 16:20:22.999897+08
01M0MX49WMHWRH48FTYCDHX9QH,01KZRW48774A2DK7QW4RW8GRQD,01KZRRGW14200T0G4QVVJEZMW1,2020-08-19,,,,cancelled,4970.00,2026-08-23 16:20:22.999897+08,2026-08-23 16:20:22.999897+08
01M0MX49WM0VSX2SA37K3F4XR7,01KZRW48774A2DK7QW4RW8GRQD,01KZRRGW14200T0G4QVVJEZMW1,2020-08-21,,,,cancelled,300.00,2026-08-23 16:20:22.999897+08,2026-08-23 16:20:22.999897+08
01M0MX49WM8Q94SZSCNEHMYEND,01KZRW48774A2DK7QW4RW8GRQD,01KZRRGW14200T0G4QVVJEZMW1,2020-03-09,,,,delivered,6010.00,2026-08-23 16:20:22.999897+08,2026-08-23 16:20:22.999897+08
01M0MX49WMVMV7CVAJ9ZMFY8F9,01KZRW48774A2DK7QW4RW8GRQD,01KZRRGW14200T0G4QVVJEZMW1,2020-06-09,,,,delivered,2100.00,2026-08-23 16:20:22.999897+08,2026-08-23 16:20:22.999897+08
01M0MX49WM87C8HETE6R4XZ5P6,01KZRW48774A2DK7QW4RW8GRQD,01KZRRGW14200T0G4QVVJEZMW1,2020-09-13,,,,delivered,2652.00,2026-08-23 16:20:22.999897+08,2026-08-23 16:20:22.999897+08
01M0MX49WMWG09F3DXFJZP4YRE,01KZRW48774A2DK7QW4RW8GRQD,01KZRRGW14200T0G4QVVJEZMW1,2020-09-21,,,,delivered,9250.00,2026-08-23 16:20:22.999897+08,2026-08-23 16:20:22.999897+08
01M0MX49WM5E4BEJSWE6MRBPXD,01KZRW48774A2DK7QW4RW8GRQD,01KZRRGW14200T0G4QVVJEZMW1,2020-10-10,,,,pending,3500.00,2026-08-23 16:20:22.999897+08,2026-08-23 16:20:22.999897+08
01M0MX49WM6FY4NXTHVTF4JD23,01KZRW48774A2DK7QW4RW8GRQD,01KZRRGW14200T0G4QVVJEZMW1,2020-11-10,,,,pending,7000.00,2026-08-23 16:20:22.999897+08,2026-08-23 16:20:22.999897+08
01M0MX49WMSAXZGX8AKGYNC63Q,01KZRW48774A2DK7QW4RW8GRQD,01KZRRGW14200T0G4QVVJEZMW1,2020-10-20,,,,delivered,455.00,2026-08-23 16:20:22.999897+08,2026-08-23 16:20:22.999897+08
01M0MX49WMKMCSC9NZT39FT3PX,01KZRW48774A2DK7QW4RW8GRQD,01KZRRGW14200T0G4QVVJEZMW1,2020-10-21,,,,delivered,360.00,2026-08-23 16:20:22.999897+08,2026-08-23 16:20:22.999897+08
01M0MX49WMSFKVA0FN2F6VDC3E,01KZRW48774A2DK7QW4RW8GRQD,01KZRRGW14200T0G4QVVJEZMW1,2020-02-11,,,,confirmed,2905.00,2026-08-23 16:20:22.999897+08,2026-08-23 16:20:22.999897+08
01M0MX49WMW90BQYPNES5A752Z,01KZRW48774A2DK7QW4RW8GRQD,01KZRRGW14200T0G4QVVJEZMW1,2020-10-11,,,,delivered,3305.00,2026-08-23 16:20:22.999897+08,2026-08-23 16:20:22.999897+08
01M0MX49WMDP27MKDT50WVMN84,01KZRW48774A2DK7QW4RW8GRQD,01KZRRGW14200T0G4QVVJEZMW1,2020-11-16,,,,pending,6650.00,2026-08-23 16:20:22.999897+08,2026-08-23 16:20:22.999897+08
01M0MX49WMWRE6X1B7PR1N85DK,01KZRW48774A2DK7QW4RW8GRQD,01KZRRGW14200T0G4QVVJEZMW1,2020-11-23,,,,delivered,980.00,2026-08-23 16:20:22.999897+08,2026-08-23 16:20:22.999897+08
01M0MX49WM8XHYKHA9VC4H613P,01KZRW48774A2DK7QW4RW8GRQD,01KZRRGW14200T0G4QVVJEZMW1,2020-04-12,,,,delivered,6650.00,2026-08-23 16:20:22.999897+08,2026-08-23 16:20:22.999897+08
01M0MX49WMMTCQ9ZEZYC9C0SHA,01KZRW48774A2DK7QW4RW8GRQD,01KZRRGW14200T0G4QVVJEZMW1,2020-07-12,,,,delivered,4425.00,2026-08-23 16:20:22.999897+08,2026-08-23 16:20:22.999897+08
01M0MX49WMERFHF01S35G3VQ89,01KZRW48774A2DK7QW4RW8GRQD,01KZRRGW14200T0G4QVVJEZMW1,2020-12-13,,,,pending,475.00,2026-08-23 16:20:22.999897+08,2026-08-23 16:20:22.999897+08
01M0MX49WMXHWPA8CZKYPKNNKK,01KZRW48774A2DK7QW4RW8GRQD,01KZRRGW14200T0G4QVVJEZMW1,2020-12-20,,,,delivered,1860.00,2026-08-23 16:20:22.999897+08,2026-08-23 16:20:22.999897+08
01M0MX49WMBD33QSAGDEASJ8Y8,01KZRW48774A2DK7QW4RW8GRQD,01KZRRGW14200T0G4QVVJEZMW1,2020-12-24,,,,cancelled,7385.00,2026-08-23 16:20:22.999897+08,2026-08-23 16:20:22.999897+08
01M0MX49WMM9PWSBYHD04QHQMQ,01KZRW4877F027DTG1RSTES089,01KZRRGW14PHE1YJB3BS55XR3K,2020-06-01,,,,delivered,775.00,2026-08-23 16:20:22.999897+08,2026-08-23 16:20:22.999897+08
01M0MX49WM3Z0S3P9QFABQ467C,01KZRW4877F027DTG1RSTES089,01KZRRGW14PHE1YJB3BS55XR3K,2020-12-01,,,,pending,10205.00,2026-08-23 16:20:22.999897+08,2026-08-23 16:20:22.999897+08
01M0MX49WM4F7XAZJYFAVZGZBV,01KZRW4877F027DTG1RSTES089,01KZRRGW14PHE1YJB3BS55XR3K,2020-01-18,,,,delivered,7035.00,2026-08-23 16:20:22.999897+08,2026-08-23 16:20:22.999897+08
01M0MX49WM68NZ9D7C4YNZ9Q2F,01KZRW4877F027DTG1RSTES089,01KZRRGW14PHE1YJB3BS55XR3K,2020-01-22,,,,confirmed,225.00,2026-08-23 16:20:22.999897+08,2026-08-23 16:20:22.999897+08
01M0MX49WMWH2X6Y2WNQPSNDSW,01KZRW4877F027DTG1RSTES089,01KZRRGW14PHE1YJB3BS55XR3K,2020-04-02,,,,pending,10700.00,2026-08-23 16:20:22.999897+08,2026-08-23 16:20:22.999897+08
01M0MX49WMEB0486S9D47GS6Q5,01KZRW4877F027DTG1RSTES089,01KZRRGW14PHE1YJB3BS55XR3K,2020-02-14,,,,processing,2910.00,2026-08-23 16:20:22.999897+08,2026-08-23 16:20:22.999897+08
01M0MX49WMKD7R9D2YA64FA4VC,01KZRW4877F027DTG1RSTES089,01KZRRGW14PHE1YJB3BS55XR3K,2020-02-16,,,,cancelled,8790.00,2026-08-23 16:20:22.999897+08,2026-08-23 16:20:22.999897+08
01M0MX49WMA5BNTW6VRG0T1761,01KZRW4877F027DTG1RSTES089,01KZRRGW14PHE1YJB3BS55XR3K,2020-02-25,,,,processing,2100.00,2026-08-23 16:20:22.999897+08,2026-08-23 16:20:22.999897+08
01M0MX49WM3MGRS7P7KMHAS7PN,01KZRW4877F027DTG1RSTES089,01KZRRGW14PHE1YJB3BS55XR3K,2020-03-03,,,,processing,1120.00,2026-08-23 16:20:22.999897+08,2026-08-23 16:20:22.999897+08
01M0MX49WMGJKPC3K2N79BJZHV,01KZRW4877F027DTG1RSTES089,01KZRRGW14PHE1YJB3BS55XR3K,2020-06-03,,,,confirmed,1320.00,2026-08-23 16:20:22.999897+08,2026-08-23 16:20:22.999897+08
01M0MX49WMSRJ148H5YDHFS36J,01KZRW4877F027DTG1RSTES089,01KZRRGW14PHE1YJB3BS55XR3K,2020-11-03,,,,confirmed,165.00,2026-08-23 16:20:22.999897+08,2026-08-23 16:20:22.999897+08
01M0MX49WM22KCGYEVCPKNF8VK,01KZRW4877F027DTG1RSTES089,01KZRRGW14PHE1YJB3BS55XR3K,2020-06-04,,,,delivered,3270.00,2026-08-23 16:20:22.999897+08,2026-08-23 16:20:22.999897+08
01M0MX49WMSCNG77F3092T22N0,01KZRW4877F027DTG1RSTES089,01KZRRGW14PHE1YJB3BS55XR3K,2020-04-18,,,,pending,7815.00,2026-08-23 16:20:22.999897+08,2026-08-23 16:20:22.999897+08
01M0MX49WMA9S4NF3NX4581E25,01KZRW4877F027DTG1RSTES089,01KZRRGW14PHE1YJB3BS55XR3K,2020-04-25,,,,delivered,155.00,2026-08-23 16:20:22.999897+08,2026-08-23 16:20:22.999897+08
01M0MX49WMYMRJF6NEZCHFHQJ6,01KZRW4877F027DTG1RSTES089,01KZRRGW14PHE1YJB3BS55XR3K,2020-09-05,,,,pending,5150.00,2026-08-23 16:20:22.999897+08,2026-08-23 16:20:22.999897+08
01M0MX49WM0RFV5FYEWZSQ8KB7,01KZRW4877F027DTG1RSTES089,01KZRRGW14PHE1YJB3BS55XR3K,2020-05-13,,,,delivered,2920.00,2026-08-23 16:20:22.999897+08,2026-08-23 16:20:22.999897+08
01M0MX49WM65XESSB5ZJ9GME7F,01KZRW4877F027DTG1RSTES089,01KZRRGW14PHE1YJB3BS55XR3K,2020-05-16,,,,pending,1750.00,2026-08-23 16:20:22.999897+08,2026-08-23 16:20:22.999897+08
01M0MX49WMPS4K0Z55ZA6GQEZR,01KZRW4877F027DTG1RSTES089,01KZRRGW14PHE1YJB3BS55XR3K,2020-05-21,,,,cancelled,7110.00,2026-08-23 16:20:22.999897+08,2026-08-23 16:20:22.999897+08
01M0MX49WMSZY5NK4S90412TCX,01KZRW4877F027DTG1RSTES089,01KZRRGW14PHE1YJB3BS55XR3K,2020-05-06,,,,cancelled,8050.00,2026-08-23 16:20:22.999897+08,2026-08-23 16:20:22.999897+08
01M0MX49WMYEE7R6A68C81RX16,01KZRW4877F027DTG1RSTES089,01KZRRGW14PHE1YJB3BS55XR3K,2020-06-06,,,,confirmed,10206.00,2026-08-23 16:20:22.999897+08,2026-08-23 16:20:22.999897+08
01M0MX49WMHNCK77SY2T160J5B,01KZRW4877F027DTG1RSTES089,01KZRRGW14PHE1YJB3BS55XR3K,2020-06-14,,,,pending,7100.00,2026-08-23 16:20:22.999897+08,2026-08-23 16:20:22.999897+08
01M0MX49WM9GHFSEY21748C4E4,01KZRW4877F027DTG1RSTES089,01KZRRGW14PHE1YJB3BS55XR3K,2020-06-24,,,,cancelled,3390.00,2026-08-23 16:20:22.999897+08,2026-08-23 16:20:22.999897+08
01M0MX49WM2QA77H81V097QS5T,01KZRW4877F027DTG1RSTES089,01KZRRGW14PHE1YJB3BS55XR3K,2020-03-07,,,,delivered,455.00,2026-08-23 16:20:22.999897+08,2026-08-23 16:20:22.999897+08
01M0MX49WM4M4V8KB378TC1G4J,01KZRW4877F027DTG1RSTES089,01KZRRGW14PHE1YJB3BS55XR3K,2020-06-07,,,,pending,4900.00,2026-08-23 16:20:22.999897+08,2026-08-23 16:20:22.999897+08
01M0MX49WMMP647SE7NZNNQYPG,01KZRW4877F027DTG1RSTES089,01KZRRGW14PHE1YJB3BS55XR3K,2020-07-14,,,,delivered,120.00,2026-08-23 16:20:22.999897+08,2026-08-23 16:20:22.999897+08
01M0MX49WMYN9JY7HV7WDSMNJ0,01KZRW4877F027DTG1RSTES089,01KZRRGW14PHE1YJB3BS55XR3K,2020-07-18,,,,confirmed,2285.00,2026-08-23 16:20:22.999897+08,2026-08-23 16:20:22.999897+08
01M0MX49WMEZ3VFE85MRGMNPGX,01KZRW4877F027DTG1RSTES089,01KZRRGW14PHE1YJB3BS55XR3K,2020-07-22,,,,delivered,2800.00,2026-08-23 16:20:22.999897+08,2026-08-23 16:20:22.999897+08
01M0MX49WMJYA2C2GCBCVE1YJZ,01KZRW4877F027DTG1RSTES089,01KZRRGW14PHE1YJB3BS55XR3K,2020-03-08,,,,processing,8209.00,2026-08-23 16:20:22.999897+08,2026-08-23 16:20:22.999897+08
01M0MX49WMVY0R7NMMAQXQ383B,01KZRW4877F027DTG1RSTES089,01KZRRGW14PHE1YJB3BS55XR3K,2020-07-08,,,,pending,3640.00,2026-08-23 16:20:22.999897+08,2026-08-23 16:20:22.999897+08
01M0MX49WMR9CR323TCF45G3TH,01KZRW4877F027DTG1RSTES089,01KZRRGW14PHE1YJB3BS55XR3K,2020-08-16,,,,delivered,350.00,2026-08-23 16:20:22.999897+08,2026-08-23 16:20:22.999897+08
01M0MX49WMV7WQ04R4SR7DB13V,01KZRW4877F027DTG1RSTES089,01KZRRGW14PHE1YJB3BS55XR3K,2020-08-24,,,,delivered,7560.00,2026-08-23 16:20:22.999897+08,2026-08-23 16:20:22.999897+08
01M0MX49WMADV6EXXNYZ5K6S8R,01KZRW4877F027DTG1RSTES089,01KZRRGW14PHE1YJB3BS55XR3K,2020-01-09,,,,processing,4550.00,2026-08-23 16:20:22.999897+08,2026-08-23 16:20:22.999897+08
01M0MX49WMH6KJVAGGMEMNTDJC,01KZRW4877F027DTG1RSTES089,01KZRRGW14PHE1YJB3BS55XR3K,2020-10-09,,,,processing,9450.00,2026-08-23 16:20:22.999897+08,2026-08-23 16:20:22.999897+08
01M0MX49WMN4CHPP49ZJCR33HT,01KZRW4877F027DTG1RSTES089,01KZRRGW14PHE1YJB3BS55XR3K,2020-11-09,,,,pending,3115.00,2026-08-23 16:20:22.999897+08,2026-08-23 16:20:22.999897+08
01M0MX49WMPPD5HBX7TW3V4C5B,01KZRW4877F027DTG1RSTES089,01KZRRGW14PHE1YJB3BS55XR3K,2020-09-19,,,,confirmed,1110.00,2026-08-23 16:20:22.999897+08,2026-08-23 16:20:22.999897+08
01M0MX49WMEB4FHWNJAN9CPKF2,01KZRW4877F027DTG1RSTES089,01KZRRGW14PHE1YJB3BS55XR3K,2020-09-24,,,,pending,2800.00,2026-08-23 16:20:22.999897+08,2026-08-23 16:20:22.999897+08
01M0MX49WMYRB906X81G2Z1X9H,01KZRW4877F027DTG1RSTES089,01KZRRGW14PHE1YJB3BS55XR3K,2020-01-10,,,,confirmed,6650.00,2026-08-23 16:20:22.999897+08,2026-08-23 16:20:22.999897+08
01M0MX49WMD2TKSFJ0XJ91PX84,01KZRW4877F027DTG1RSTES089,01KZRRGW14PHE1YJB3BS55XR3K,2020-08-10,,,,confirmed,10345.00,2026-08-23 16:20:22.999897+08,2026-08-23 16:20:22.999897+08
01M0MX49WMHJ41HJGRQ0ZP7XD3,01KZRW4877F027DTG1RSTES089,01KZRRGW14PHE1YJB3BS55XR3K,2020-10-14,,,,processing,135.00,2026-08-23 16:20:22.999897+08,2026-08-23 16:20:22.999897+08
01M0MX49WMRRXM9B0M705QDQRR,01KZRW4877F027DTG1RSTES089,01KZRRGW14PHE1YJB3BS55XR3K,2020-10-19,,,,confirmed,1400.00,2026-08-23 16:20:22.999897+08,2026-08-23 16:20:22.999897+08
01M0MX49WMBW56H3T4R5FT1GN5,01KZRW4877F027DTG1RSTES089,01KZRRGW14PHE1YJB3BS55XR3K,2020-10-25,,,,confirmed,2100.00,2026-08-23 16:20:22.999897+08,2026-08-23 16:20:22.999897+08
01M0MX49WMB1Z4FFJF09F2G6F8,01KZRW4877F027DTG1RSTES089,01KZRRGW14PHE1YJB3BS55XR3K,2020-05-11,,,,delivered,4270.00,2026-08-23 16:20:22.999897+08,2026-08-23 16:20:22.999897+08
01M0MX49WMPEH16T97HNST5QWM,01KZRW4877F027DTG1RSTES089,01KZRRGW14PHE1YJB3BS55XR3K,2020-06-11,,,,confirmed,5750.00,2026-08-23 16:20:22.999897+08,2026-08-23 16:20:22.999897+08
01M0MX49WMWNT4SETMKBZRCZCE,01KZRW4877F027DTG1RSTES089,01KZRRGW14PHE1YJB3BS55XR3K,2020-11-14,,,,confirmed,1050.00,2026-08-23 16:20:22.999897+08,2026-08-23 16:20:22.999897+08
01M0MX49WMHNWQH2N57F01AX6J,01KZRW4877F027DTG1RSTES089,01KZRRGW14PHE1YJB3BS55XR3K,2020-11-17,,,,delivered,1344.00,2026-08-23 16:20:22.999897+08,2026-08-23 16:20:22.999897+08
01M0MX49WM00TVA3AN2KSGJC7M,01KZRW4877F027DTG1RSTES089,01KZRRGW14PHE1YJB3BS55XR3K,2020-07-12,,,,delivered,4565.00,2026-08-23 16:20:22.999897+08,2026-08-23 16:20:22.999897+08
01M0MX49WMNP8GBD3MXZXQ20SJ,01KZRW4877F027DTG1RSTES089,01KZRRGW14PHE1YJB3BS55XR3K,2020-12-18,,,,processing,1400.00,2026-08-23 16:20:22.999897+08,2026-08-23 16:20:22.999897+08
01M0MX49WM623WSJMHHQZBMR7T,01KZRW4877F027DTG1RSTES089,01KZRRGW14PHE1YJB3BS55XR3K,2020-12-23,,,,delivered,5367.00,2026-08-23 16:20:22.999897+08,2026-08-23 16:20:22.999897+08
01M0MX49WMQQMJKGPWWBR3ZWBZ,01KZRW4877F027DTG1RSTES089,01KZRRGW14JQ7JEW5HBDS8P7VJ,2020-01-01,,,,pending,3990.00,2026-08-23 16:20:22.999897+08,2026-08-23 16:20:22.999897+08
01M0MX49WMYM847J1H4VJXKFQS,01KZRW4877F027DTG1RSTES089,01KZRRGW14JQ7JEW5HBDS8P7VJ,2020-06-01,,,,confirmed,3640.00,2026-08-23 16:20:22.999897+08,2026-08-23 16:20:22.999897+08
01M0MX49WMZMFCR0W4DNRTT608,01KZRW4877F027DTG1RSTES089,01KZRRGW14JQ7JEW5HBDS8P7VJ,2020-01-17,,,,confirmed,6465.00,2026-08-23 16:20:22.999897+08,2026-08-23 16:20:22.999897+08
01M0MX49WMNWCZNKA4PXBHRZFW,01KZRW4877F027DTG1RSTES089,01KZRRGW14JQ7JEW5HBDS8P7VJ,2020-01-23,,,,confirmed,1228.00,2026-08-23 16:20:22.999897+08,2026-08-23 16:20:22.999897+08
01M0MX49WMR90Q9FV2BX580A30,01KZRW4877F027DTG1RSTES089,01KZRRGW14JQ7JEW5HBDS8P7VJ,2020-05-02,,,,cancelled,7260.00,2026-08-23 16:20:22.999897+08,2026-08-23 16:20:22.999897+08
01M0MX49WMWX0246HKCNRWQF40,01KZRW4877F027DTG1RSTES089,01KZRRGW14JQ7JEW5HBDS8P7VJ,2020-02-18,,,,pending,7700.00,2026-08-23 16:20:22.999897+08,2026-08-23 16:20:22.999897+08
01M0MX49WMY4VQF1TYH1WJCDAN,01KZRW4877F027DTG1RSTES089,01KZRRGW14JQ7JEW5HBDS8P7VJ,2020-02-23,,,,delivered,5600.00,2026-08-23 16:20:22.999897+08,2026-08-23 16:20:22.999897+08
01M0MX49WMF79EAAVE9FE77CKJ,01KZRW4877F027DTG1RSTES089,01KZRRGW14JQ7JEW5HBDS8P7VJ,2020-03-03,,,,pending,3175.00,2026-08-23 16:20:22.999897+08,2026-08-23 16:20:22.999897+08
01M0MX49WM6THV3V64EMY4TZG2,01KZRW4877F027DTG1RSTES089,01KZRRGW14JQ7JEW5HBDS8P7VJ,2020-07-03,,,,processing,1590.00,2026-08-23 16:20:22.999897+08,2026-08-23 16:20:22.999897+08
01M0MX49WM8RBKPBH7CP7AEM8T,01KZRW4877F027DTG1RSTES089,01KZRRGW14JQ7JEW5HBDS8P7VJ,2020-03-13,,,,pending,10215.00,2026-08-23 16:20:22.999897+08,2026-08-23 16:20:22.999897+08
01M0MX49WMTVT2H4XB2Z6H52E3,01KZRW4877F027DTG1RSTES089,01KZRRGW14JQ7JEW5HBDS8P7VJ,2020-03-21,,,,delivered,7770.00,2026-08-23 16:20:22.999897+08,2026-08-23 16:20:22.999897+08
01M0MX49WMMZAXSZG6AP4P9KS7,01KZRW4877F027DTG1RSTES089,01KZRRGW14JQ7JEW5HBDS8P7VJ,2020-04-04,,,,delivered,350.00,2026-08-23 16:20:22.999897+08,2026-08-23 16:20:22.999897+08
01M0MX49WM0HX12DXYJ4E5RHYR,01KZRW4877F027DTG1RSTES089,01KZRRGW14JQ7JEW5HBDS8P7VJ,2020-08-04,,,,pending,13980.00,2026-08-23 16:20:22.999897+08,2026-08-23 16:20:22.999897+08
01M0MX49WMDWJYBZTAMVJD80SS,01KZRW4877F027DTG1RSTES089,01KZRRGW14JQ7JEW5HBDS8P7VJ,2020-04-19,,,,delivered,1110.00,2026-08-23 16:20:22.999897+08,2026-08-23 16:20:22.999897+08
01M0MX49WMSN69Y0Y5RPTB4Y5P,01KZRW4877F027DTG1RSTES089,01KZRRGW14JQ7JEW5HBDS8P7VJ,2020-04-24,,,,cancelled,11200.00,2026-08-23 16:20:22.999897+08,2026-08-23 16:20:22.999897+08
01M0MX49WMFA1YVNDTBMKWBNXX,01KZRW4877F027DTG1RSTES089,01KZRRGW14JQ7JEW5HBDS8P7VJ,2020-01-05,,,,delivered,4615.00,2026-08-23 16:20:22.999897+08,2026-08-23 16:20:22.999897+08
01M0MX49WMM6WWA1V179Y123Y9,01KZRW4877F027DTG1RSTES089,01KZRRGW14JQ7JEW5HBDS8P7VJ,2020-05-14,,,,delivered,2160.00,2026-08-23 16:20:22.999897+08,2026-08-23 16:20:22.999897+08
01M0MX49WMKD2AF167XZK83B04,01KZRW4877F027DTG1RSTES089,01KZRRGW14JQ7JEW5HBDS8P7VJ,2020-05-21,,,,pending,560.00,2026-08-23 16:20:22.999897+08,2026-08-23 16:20:22.999897+08
01M0MX49WM6C2SK3XR7JMY7667,01KZRW4877F027DTG1RSTES089,01KZRRGW14JQ7JEW5HBDS8P7VJ,2020-05-06,,,,pending,6050.00,2026-08-23 16:20:22.999897+08,2026-08-23 16:20:22.999897+08
01M0MX49WMD97B85ZWHHAHJFT2,01KZRW4877F027DTG1RSTES089,01KZRRGW14JQ7JEW5HBDS8P7VJ,2020-06-06,,,,delivered,2905.00,2026-08-23 16:20:22.999897+08,2026-08-23 16:20:22.999897+08
01M0MX49WNXWKCCDY633JSW2SA,01KZRW4877F027DTG1RSTES089,01KZRRGW14JQ7JEW5HBDS8P7VJ,2020-06-15,,,,delivered,4770.00,2026-08-23 16:20:22.999897+08,2026-08-23 16:20:22.999897+08
01M0MX49WNA7DS4NE9Y5NPGTN7,01KZRW4877F027DTG1RSTES089,01KZRRGW14JQ7JEW5HBDS8P7VJ,2020-06-20,,,,processing,3500.00,2026-08-23 16:20:22.999897+08,2026-08-23 16:20:22.999897+08
01M0MX49WNEY25ABC6KYZ9YV07,01KZRW4877F027DTG1RSTES089,01KZRRGW14JQ7JEW5HBDS8P7VJ,2020-03-07,,,,delivered,5850.00,2026-08-23 16:20:22.999897+08,2026-08-23 16:20:22.999897+08
01M0MX49WN78V3BCZN3M6264ZX,01KZRW4877F027DTG1RSTES089,01KZRRGW14JQ7JEW5HBDS8P7VJ,2020-07-07,,,,pending,6420.00,2026-08-23 16:20:22.999897+08,2026-08-23 16:20:22.999897+08
01M0MX49WNS8ZSSKP5HGTGAYV4,01KZRW4877F027DTG1RSTES089,01KZRRGW14JQ7JEW5HBDS8P7VJ,2020-07-18,,,,delivered,1400.00,2026-08-23 16:20:22.999897+08,2026-08-23 16:20:22.999897+08
01M0MX49WN6VMDQ7AX8T7PEKPX,01KZRW4877F027DTG1RSTES089,01KZRRGW14JQ7JEW5HBDS8P7VJ,2020-07-24,,,,pending,575.00,2026-08-23 16:20:22.999897+08,2026-08-23 16:20:22.999897+08
01M0MX49WNJQ2JNWDXWS5WJ3SJ,01KZRW4877F027DTG1RSTES089,01KZRRGW14JQ7JEW5HBDS8P7VJ,2020-09-08,,,,pending,5520.00,2026-08-23 16:20:22.999897+08,2026-08-23 16:20:22.999897+08
01M0MX49WNRQC21MWFYG39DKQR,01KZRW4877F027DTG1RSTES089,01KZRRGW14JQ7JEW5HBDS8P7VJ,2020-11-08,,,,cancelled,6330.00,2026-08-23 16:20:22.999897+08,2026-08-23 16:20:22.999897+08
01M0MX49WNQMRW74ATQZNTWXMR,01KZRW4877F027DTG1RSTES089,01KZRRGW14JQ7JEW5HBDS8P7VJ,2020-08-20,,,,processing,1750.00,2026-08-23 16:20:22.999897+08,2026-08-23 16:20:22.999897+08
01M0MX49WNVFDW3R5GNXSSAWEM,01KZRW4877F027DTG1RSTES089,01KZRRGW14JQ7JEW5HBDS8P7VJ,2020-08-23,,,,delivered,5900.00,2026-08-23 16:20:22.999897+08,2026-08-23 16:20:22.999897+08
01M0MX49WN0717943D6X27FVZ2,01KZRW4877F027DTG1RSTES089,01KZRRGW14JQ7JEW5HBDS8P7VJ,2020-04-09,,,,pending,1140.00,2026-08-23 16:20:22.999897+08,2026-08-23 16:20:22.999897+08
01M0MX49WN06SZNT4G4B8A10RW,01KZRW4877F027DTG1RSTES089,01KZRRGW14JQ7JEW5HBDS8P7VJ,2020-10-09,,,,delivered,2340.00,2026-08-23 16:20:22.999897+08,2026-08-23 16:20:22.999897+08
01M0MX49WNDP6CC3RP9P456PTY,01KZRW4877F027DTG1RSTES089,01KZRRGW14JQ7JEW5HBDS8P7VJ,2020-09-15,,,,cancelled,1435.00,2026-08-23 16:20:22.999897+08,2026-08-23 16:20:22.999897+08
01M0MX49WNZE1XJM85CJ5B24TQ,01KZRW4877F027DTG1RSTES089,01KZRRGW14JQ7JEW5HBDS8P7VJ,2020-09-16,,,,pending,4680.00,2026-08-23 16:20:22.999897+08,2026-08-23 16:20:22.999897+08
01M0MX49WN8GKHFM47VVTS78SN,01KZRW4877F027DTG1RSTES089,01KZRRGW14JQ7JEW5HBDS8P7VJ,2020-09-23,,,,delivered,6040.00,2026-08-23 16:20:22.999897+08,2026-08-23 16:20:22.999897+08
01M0MX49WNP2SFN1WGQA67WW17,01KZRW4877F027DTG1RSTES089,01KZRRGW14JQ7JEW5HBDS8P7VJ,2020-09-10,,,,delivered,9450.00,2026-08-23 16:20:22.999897+08,2026-08-23 16:20:22.999897+08
01M0MX49WNEKCCBT6SWHZ1SD45,01KZRW4877F027DTG1RSTES089,01KZRRGW14JQ7JEW5HBDS8P7VJ,2020-10-14,,,,pending,9625.00,2026-08-23 16:20:22.999897+08,2026-08-23 16:20:22.999897+08
01M0MX49WNH76VP0RE3GYK2FQ4,01KZRW4877F027DTG1RSTES089,01KZRRGW14JQ7JEW5HBDS8P7VJ,2020-10-19,,,,delivered,2910.00,2026-08-23 16:20:22.999897+08,2026-08-23 16:20:22.999897+08
01M0MX49WNT50TDVFNMG4604W4,01KZRW4877F027DTG1RSTES089,01KZRRGW14JQ7JEW5HBDS8P7VJ,2020-10-24,,,,delivered,6650.00,2026-08-23 16:20:22.999897+08,2026-08-23 16:20:22.999897+08
01M0MX49WN29RXM3PMXPZ1AB0B,01KZRW4877F027DTG1RSTES089,01KZRRGW14JQ7JEW5HBDS8P7VJ,2020-11-20,,,,processing,5815.00,2026-08-23 16:20:22.999897+08,2026-08-23 16:20:22.999897+08
01M0MX49WNTMDV7A33HQMBH3C3,01KZRW4877F027DTG1RSTES089,01KZRRGW14JQ7JEW5HBDS8P7VJ,2020-01-12,,,,pending,7000.00,2026-08-23 16:20:22.999897+08,2026-08-23 16:20:22.999897+08
01M0MX49WN5JM2CFPK98TW0T59,01KZRW4877F027DTG1RSTES089,01KZRRGW14JQ7JEW5HBDS8P7VJ,2020-10-12,,,,confirmed,3735.00,2026-08-23 16:20:22.999897+08,2026-08-23 16:20:22.999897+08
01M0MX49WN88K71ZZS7ZR8DMPA,01KZRW4877F027DTG1RSTES089,01KZRRGW14JQ7JEW5HBDS8P7VJ,2020-12-14,,,,delivered,3500.00,2026-08-23 16:20:22.999897+08,2026-08-23 16:20:22.999897+08
01M0MX49WNK5GDANHG7WT6TFDK,01KZRW4877F027DTG1RSTES089,01KZRRGW14JQ7JEW5HBDS8P7VJ,2020-12-25,,,,confirmed,6920.00,2026-08-23 16:20:22.999897+08,2026-08-23 16:20:22.999897+08
01M0MX49WNMJVK6TJ3EGF492V2,01KZRW4877F027DTG1RSTES089,01KZRRGW14FX4FRK4R4E3MKR5J,2020-03-01,,,,delivered,2170.00,2026-08-23 16:20:22.999897+08,2026-08-23 16:20:22.999897+08
01M0MX49WNJM3VWRNW3TVNMWGB,01KZRW4877F027DTG1RSTES089,01KZRRGW14FX4FRK4R4E3MKR5J,2020-08-01,,,,confirmed,2450.00,2026-08-23 16:20:22.999897+08,2026-08-23 16:20:22.999897+08
01M0MX49WN24M7FNP2NF2WHFQ9,01KZRW4877F027DTG1RSTES089,01KZRRGW14FX4FRK4R4E3MKR5J,2020-01-15,,,,delivered,5650.00,2026-08-23 16:20:22.999897+08,2026-08-23 16:20:22.999897+08
01M0MX49WNB55E21PDAF7JHAJ1,01KZRW4877F027DTG1RSTES089,01KZRRGW14FX4FRK4R4E3MKR5J,2020-01-16,,,,delivered,1244.00,2026-08-23 16:20:22.999897+08,2026-08-23 16:20:22.999897+08
01M0MX49WN017AMDE8Y3QYXXXV,01KZRW4877F027DTG1RSTES089,01KZRRGW14FX4FRK4R4E3MKR5J,2020-01-25,,,,delivered,1550.00,2026-08-23 16:20:22.999897+08,2026-08-23 16:20:22.999897+08
01M0MX49WNGV2K8V577JP7FXVN,01KZRW4877F027DTG1RSTES089,01KZRRGW14FX4FRK4R4E3MKR5J,2020-06-02,,,,pending,700.00,2026-08-23 16:20:22.999897+08,2026-08-23 16:20:22.999897+08
01M0MX49WNS662JHN6X5A8S9F6,01KZRW4877F027DTG1RSTES089,01KZRRGW14FX4FRK4R4E3MKR5J,2020-02-14,,,,delivered,9545.00,2026-08-23 16:20:22.999897+08,2026-08-23 16:20:22.999897+08
01M0MX49WNBXTVM9KWVFCFBCFK,01KZRW4877F027DTG1RSTES089,01KZRRGW14FX4FRK4R4E3MKR5J,2020-02-17,,,,processing,5425.00,2026-08-23 16:20:22.999897+08,2026-08-23 16:20:22.999897+08
01M0MX49WN8XRTVHK8J0VK1TBP,01KZRW4877F027DTG1RSTES089,01KZRRGW14FX4FRK4R4E3MKR5J,2020-02-21,,,,delivered,3150.00,2026-08-23 16:20:22.999897+08,2026-08-23 16:20:22.999897+08
01M0MX49WNK6MKS4HP4TKCGQQ5,01KZRW4877F027DTG1RSTES089,01KZRRGW14FX4FRK4R4E3MKR5J,2020-01-03,,,,confirmed,35.00,2026-08-23 16:20:22.999897+08,2026-08-23 16:20:22.999897+08
01M0MX49WN2AYM852FVS9QVWGH,01KZRW4877F027DTG1RSTES089,01KZRRGW14FX4FRK4R4E3MKR5J,2020-07-03,,,,processing,3920.00,2026-08-23 16:20:22.999897+08,2026-08-23 16:20:22.999897+08
01M0MX49WN99TMAYANT5RA3KM6,01KZRW4877F027DTG1RSTES089,01KZRRGW14FX4FRK4R4E3MKR5J,2020-11-03,,,,pending,830.00,2026-08-23 16:20:22.999897+08,2026-08-23 16:20:22.999897+08
01M0MX49WNZBZ5CHGEVQE8GCN8,01KZRW4877F027DTG1RSTES089,01KZRRGW14FX4FRK4R4E3MKR5J,2020-03-18,,,,confirmed,14420.00,2026-08-23 16:20:22.999897+08,2026-08-23 16:20:22.999897+08
01M0MX49WNWG0ZC8Y7424HRAE1,01KZRW4877F027DTG1RSTES089,01KZRRGW14FX4FRK4R4E3MKR5J,2020-03-21,,,,delivered,6300.00,2026-08-23 16:20:22.999897+08,2026-08-23 16:20:22.999897+08
01M0MX49WNSHGS5YRWAZ8RR60Q,01KZRW4877F027DTG1RSTES089,01KZRRGW14FX4FRK4R4E3MKR5J,2020-08-04,,,,delivered,270.00,2026-08-23 16:20:22.999897+08,2026-08-23 16:20:22.999897+08
01M0MX49WNE0DTXBCK3KAR94E9,01KZRW4877F027DTG1RSTES089,01KZRRGW14FX4FRK4R4E3MKR5J,2020-04-13,,,,delivered,2960.00,2026-08-23 16:20:22.999897+08,2026-08-23 16:20:22.999897+08
01M0MX49WNSK49JFBJDAF8EGH5,01KZRW4877F027DTG1RSTES089,01KZRRGW14FX4FRK4R4E3MKR5J,2020-04-19,,,,confirmed,5950.00,2026-08-23 16:20:22.999897+08,2026-08-23 16:20:22.999897+08
01M0MX49WNBVVJ0FV6SY3AJKYA,01KZRW4877F027DTG1RSTES089,01KZRRGW14FX4FRK4R4E3MKR5J,2020-04-22,,,,confirmed,5440.00,2026-08-23 16:20:22.999897+08,2026-08-23 16:20:22.999897+08
01M0MX49WNKN3WR97TPVTDBS2J,01KZRW4877F027DTG1RSTES089,01KZRRGW14FX4FRK4R4E3MKR5J,2020-08-05,,,,confirmed,4395.00,2026-08-23 16:20:22.999897+08,2026-08-23 16:20:22.999897+08
01M0MX49WN0W00D4TETS6PR9PK,01KZRW4877F027DTG1RSTES089,01KZRRGW14FX4FRK4R4E3MKR5J,2020-05-15,,,,processing,3185.00,2026-08-23 16:20:22.999897+08,2026-08-23 16:20:22.999897+08
01M0MX49WN7HJVTZPE18T5JSBK,01KZRW4877F027DTG1RSTES089,01KZRRGW14FX4FRK4R4E3MKR5J,2020-05-19,,,,pending,1470.00,2026-08-23 16:20:22.999897+08,2026-08-23 16:20:22.999897+08
01M0MX49WNS3PDG6B6MTHX1GGT,01KZRW4877F027DTG1RSTES089,01KZRRGW14FX4FRK4R4E3MKR5J,2020-03-06,,,,delivered,4095.00,2026-08-23 16:20:22.999897+08,2026-08-23 16:20:22.999897+08
01M0MX49WNCESBAJSBZ4VGZM7K,01KZRW4877F027DTG1RSTES089,01KZRRGW14FX4FRK4R4E3MKR5J,2020-10-06,,,,processing,1855.00,2026-08-23 16:20:22.999897+08,2026-08-23 16:20:22.999897+08
01M0MX49WNN5MNNYRV9J8508CW,01KZRW4877F027DTG1RSTES089,01KZRRGW14FX4FRK4R4E3MKR5J,2020-06-13,,,,delivered,1355.00,2026-08-23 16:20:22.999897+08,2026-08-23 16:20:22.999897+08
01M0MX49WN7YAS1DC3M09T1FV8,01KZRW4877F027DTG1RSTES089,01KZRRGW14FX4FRK4R4E3MKR5J,2020-06-17,,,,cancelled,4900.00,2026-08-23 16:20:22.999897+08,2026-08-23 16:20:22.999897+08
01M0MX49WN8VH5NHXGMBXSD2D3,01KZRW4877F027DTG1RSTES089,01KZRRGW14FX4FRK4R4E3MKR5J,2020-06-23,,,,pending,350.00,2026-08-23 16:20:22.999897+08,2026-08-23 16:20:22.999897+08
01M0MX49WN5WT2MSQRWG9JB4KW,01KZRW4877F027DTG1RSTES089,01KZRRGW14FX4FRK4R4E3MKR5J,2020-08-07,,,,confirmed,8400.00,2026-08-23 16:20:22.999897+08,2026-08-23 16:20:22.999897+08
01M0MX49WN9G4ZYW9ACVHPD1YT,01KZRW4877F027DTG1RSTES089,01KZRRGW14FX4FRK4R4E3MKR5J,2020-07-16,,,,processing,4740.00,2026-08-23 16:20:22.999897+08,2026-08-23 16:20:22.999897+08
01M0MX49WN86X8N85M721RWPHX,01KZRW4877F027DTG1RSTES089,01KZRRGW14FX4FRK4R4E3MKR5J,2020-07-22,,,,processing,5631.00,2026-08-23 16:20:22.999897+08,2026-08-23 16:20:22.999897+08
01M0MX49WNNXWB7F70675G0J1E,01KZRW4877F027DTG1RSTES089,01KZRRGW14FX4FRK4R4E3MKR5J,2020-04-08,,,,confirmed,8400.00,2026-08-23 16:20:22.999897+08,2026-08-23 16:20:22.999897+08
01M0MX49WNWPE7TSCC7BGXC8PA,01KZRW4877F027DTG1RSTES089,01KZRRGW14FX4FRK4R4E3MKR5J,2020-07-08,,,,pending,2800.00,2026-08-23 16:20:22.999897+08,2026-08-23 16:20:22.999897+08
01M0MX49WNYTY2B185NS2TH7HY,01KZRW4877F027DTG1RSTES089,01KZRRGW14FX4FRK4R4E3MKR5J,2020-12-08,,,,delivered,6685.00,2026-08-23 16:20:22.999897+08,2026-08-23 16:20:22.999897+08
01M0MX49WN3AZNXAPTZZMXT279,01KZRW4877F027DTG1RSTES089,01KZRRGW14FX4FRK4R4E3MKR5J,2020-08-17,,,,pending,7420.00,2026-08-23 16:20:22.999897+08,2026-08-23 16:20:22.999897+08
01M0MX49WNR52C7K08S1CADJR4,01KZRW4877F027DTG1RSTES089,01KZRRGW14FX4FRK4R4E3MKR5J,2020-08-25,,,,confirmed,5950.00,2026-08-23 16:20:22.999897+08,2026-08-23 16:20:22.999897+08
01M0MX49WNC499BZBNMYV8WVH3,01KZRW4877F027DTG1RSTES089,01KZRRGW14FX4FRK4R4E3MKR5J,2020-04-09,,,,pending,2450.00,2026-08-23 16:20:22.999897+08,2026-08-23 16:20:22.999897+08
01M0MX49WN90R8M9FB7T1TYRRK,01KZRW4877F027DTG1RSTES089,01KZRRGW14FX4FRK4R4E3MKR5J,2020-11-09,,,,confirmed,6370.00,2026-08-23 16:20:22.999897+08,2026-08-23 16:20:22.999897+08
01M0MX49WNPTPE61KF2N9ZDBGA,01KZRW4877F027DTG1RSTES089,01KZRRGW14FX4FRK4R4E3MKR5J,2020-09-19,,,,cancelled,4312.00,2026-08-23 16:20:22.999897+08,2026-08-23 16:20:22.999897+08
01M0MX49WNT3MXPF1WSKKGWDWZ,01KZRW4877F027DTG1RSTES089,01KZRRGW14FX4FRK4R4E3MKR5J,2020-09-21,,,,confirmed,35.00,2026-08-23 16:20:22.999897+08,2026-08-23 16:20:22.999897+08
01M0MX49WNRMAK5YR1RPYPE0TH,01KZRW4877F027DTG1RSTES089,01KZRRGW14FX4FRK4R4E3MKR5J,2020-07-10,,,,processing,5285.00,2026-08-23 16:20:22.999897+08,2026-08-23 16:20:22.999897+08
01M0MX49WN7N4028055Q3A7YT0,01KZRW4877F027DTG1RSTES089,01KZRRGW14FX4FRK4R4E3MKR5J,2020-10-25,,,,confirmed,1240.00,2026-08-23 16:20:22.999897+08,2026-08-23 16:20:22.999897+08
01M0MX49WN48WZ2R9D38XBVWT6,01KZRW4877F027DTG1RSTES089,01KZRRGW14FX4FRK4R4E3MKR5J,2020-03-11,,,,confirmed,3220.00,2026-08-23 16:20:22.999897+08,2026-08-23 16:20:22.999897+08
01M0MX49WN5HTPATYMC6FCBK4P,01KZRW4877F027DTG1RSTES089,01KZRRGW14FX4FRK4R4E3MKR5J,2020-08-11,,,,pending,3226.00,2026-08-23 16:20:22.999897+08,2026-08-23 16:20:22.999897+08
01M0MX49WNMX1RX4QEXJWB5YAJ,01KZRW4877F027DTG1RSTES089,01KZRRGW14FX4FRK4R4E3MKR5J,2020-11-14,,,,delivered,175.00,2026-08-23 16:20:22.999897+08,2026-08-23 16:20:22.999897+08
01M0MX49WNJVNASN7AFP5A35C7,01KZRW4877F027DTG1RSTES089,01KZRRGW14FX4FRK4R4E3MKR5J,2020-11-20,,,,confirmed,600.00,2026-08-23 16:20:22.999897+08,2026-08-23 16:20:22.999897+08
01M0MX49WNG51N1MBGD1ZWP81C,01KZRW4877F027DTG1RSTES089,01KZRRGW14FX4FRK4R4E3MKR5J,2020-11-25,,,,confirmed,2755.00,2026-08-23 16:20:22.999897+08,2026-08-23 16:20:22.999897+08
01M0MX49WNSPBZQ3VVFNW8YX9C,01KZRW4877F027DTG1RSTES089,01KZRRGW14FX4FRK4R4E3MKR5J,2020-04-12,,,,processing,560.00,2026-08-23 16:20:22.999897+08,2026-08-23 16:20:22.999897+08
01M0MX49WNEBFW849H9AEE9YG0,01KZRW4877F027DTG1RSTES089,01KZRRGW14FX4FRK4R4E3MKR5J,2020-07-12,,,,delivered,7000.00,2026-08-23 16:20:22.999897+08,2026-08-23 16:20:22.999897+08
01M0MX49WNRXYYB21SS9TV5FED,01KZRW4877F027DTG1RSTES089,01KZRRGW14FX4FRK4R4E3MKR5J,2020-12-13,,,,delivered,850.00,2026-08-23 16:20:22.999897+08,2026-08-23 16:20:22.999897+08
01M0MX49WNS1JJTJS3QZTRSCE0,01KZRW4877F027DTG1RSTES089,01KZRRGW14FX4FRK4R4E3MKR5J,2020-12-17,,,,cancelled,510.00,2026-08-23 16:20:22.999897+08,2026-08-23 16:20:22.999897+08
01M0MX49WNMMRKZQWF3285867J,01KZRW4877F027DTG1RSTES089,01KZRRGW14FX4FRK4R4E3MKR5J,2020-12-24,,,,delivered,4820.00,2026-08-23 16:20:22.999897+08,2026-08-23 16:20:22.999897+08
01M0MX49WN70GW3Y1WGN34Z1SE,01KZRW4877GVVZRA6JKSTGEVNK,01KZRRGW14KVWBG89MRPJPJBXC,2020-02-01,,,,delivered,1705.00,2026-08-23 16:20:22.999897+08,2026-08-23 16:20:22.999897+08
01M0MX49WNCAMAC1QKKDTB2PK3,01KZRW4877GVVZRA6JKSTGEVNK,01KZRRGW14KVWBG89MRPJPJBXC,2020-01-13,,,,cancelled,5550.00,2026-08-23 16:20:22.999897+08,2026-08-23 16:20:22.999897+08
01M0MX49WNJF8FHQ297QJ0ZEJ0,01KZRW4877GVVZRA6JKSTGEVNK,01KZRRGW14KVWBG89MRPJPJBXC,2020-01-19,,,,delivered,7090.00,2026-08-23 16:20:22.999897+08,2026-08-23 16:20:22.999897+08
01M0MX49WNWSEF9T1Y971N6V8K,01KZRW4877GVVZRA6JKSTGEVNK,01KZRRGW14KVWBG89MRPJPJBXC,2020-05-02,,,,delivered,9440.00,2026-08-23 16:20:22.999897+08,2026-08-23 16:20:22.999897+08
01M0MX49WNFS7K9KJJVA8TWGZZ,01KZRW4877GVVZRA6JKSTGEVNK,01KZRRGW14KVWBG89MRPJPJBXC,2020-08-02,,,,pending,5555.00,2026-08-23 16:20:22.999897+08,2026-08-23 16:20:22.999897+08
01M0MX49WNW0MN5N2V95CWYJFY,01KZRW4877GVVZRA6JKSTGEVNK,01KZRRGW14KVWBG89MRPJPJBXC,2020-02-14,,,,confirmed,700.00,2026-08-23 16:20:22.999897+08,2026-08-23 16:20:22.999897+08
01M0MX49WN5GTTQNQ7WJ3P63YW,01KZRW4877GVVZRA6JKSTGEVNK,01KZRRGW14KVWBG89MRPJPJBXC,2020-02-17,,,,processing,1320.00,2026-08-23 16:20:22.999897+08,2026-08-23 16:20:22.999897+08
01M0MX49WNCVJQP7RWNE2AGMRE,01KZRW4877GVVZRA6JKSTGEVNK,01KZRRGW14KVWBG89MRPJPJBXC,2020-02-23,,,,confirmed,3735.00,2026-08-23 16:20:22.999897+08,2026-08-23 16:20:22.999897+08
01M0MX49WNSTDYT2RK1HSBH893,01KZRW4877GVVZRA6JKSTGEVNK,01KZRRGW14KVWBG89MRPJPJBXC,2020-04-03,,,,processing,3735.00,2026-08-23 16:20:22.999897+08,2026-08-23 16:20:22.999897+08
01M0MX49WNHXYPE9SZ8PAM0WF2,01KZRW4877GVVZRA6JKSTGEVNK,01KZRRGW14KVWBG89MRPJPJBXC,2020-10-03,,,,delivered,225.00,2026-08-23 16:20:22.999897+08,2026-08-23 16:20:22.999897+08
01M0MX49WN81HN95M2Z098XHVH,01KZRW4877GVVZRA6JKSTGEVNK,01KZRRGW14KVWBG89MRPJPJBXC,2020-12-03,,,,pending,13480.00,2026-08-23 16:20:22.999897+08,2026-08-23 16:20:22.999897+08
01M0MX49WN931C7482QEAS9TF3,01KZRW4877GVVZRA6JKSTGEVNK,01KZRRGW14KVWBG89MRPJPJBXC,2020-03-20,,,,delivered,30.00,2026-08-23 16:20:22.999897+08,2026-08-23 16:20:22.999897+08
01M0MX49WN2J6M5HBBPMF5X6EA,01KZRW4877GVVZRA6JKSTGEVNK,01KZRRGW14KVWBG89MRPJPJBXC,2020-03-23,,,,confirmed,900.00,2026-08-23 16:20:22.999897+08,2026-08-23 16:20:22.999897+08
01M0MX49WN8TTRY37E303VYJMQ,01KZRW4877GVVZRA6JKSTGEVNK,01KZRRGW14KVWBG89MRPJPJBXC,2020-01-04,,,,delivered,420.00,2026-08-23 16:20:22.999897+08,2026-08-23 16:20:22.999897+08
01M0MX49WN44YEY6CAKPNAYRV1,01KZRW4877GVVZRA6JKSTGEVNK,01KZRRGW14KVWBG89MRPJPJBXC,2020-09-04,,,,confirmed,1400.00,2026-08-23 16:20:22.999897+08,2026-08-23 16:20:22.999897+08
01M0MX49WN4SM6K5BBX845FK3A,01KZRW4877GVVZRA6JKSTGEVNK,01KZRRGW14KVWBG89MRPJPJBXC,2020-04-13,,,,delivered,2310.00,2026-08-23 16:20:22.999897+08,2026-08-23 16:20:22.999897+08
01M0MX49WN70J37KENK5624DM9,01KZRW4877GVVZRA6JKSTGEVNK,01KZRRGW14KVWBG89MRPJPJBXC,2020-04-21,,,,cancelled,1505.00,2026-08-23 16:20:22.999897+08,2026-08-23 16:20:22.999897+08
01M0MX49WNEWG3QN8S5XRGF8YP,01KZRW4877GVVZRA6JKSTGEVNK,01KZRRGW14KVWBG89MRPJPJBXC,2020-02-05,,,,pending,8050.00,2026-08-23 16:20:22.999897+08,2026-08-23 16:20:22.999897+08
01M0MX49WNGAS4M8RV5J0HTBSF,01KZRW4877GVVZRA6JKSTGEVNK,01KZRRGW14KVWBG89MRPJPJBXC,2020-12-05,,,,confirmed,210.00,2026-08-23 16:20:22.999897+08,2026-08-23 16:20:22.999897+08
01M0MX49WNPYAW7V76EEQ367CW,01KZRW4877GVVZRA6JKSTGEVNK,01KZRRGW14KVWBG89MRPJPJBXC,2020-05-16,,,,processing,3610.00,2026-08-23 16:20:22.999897+08,2026-08-23 16:20:22.999897+08
01M0MX49WNGR9DMBB88EZRDB3K,01KZRW4877GVVZRA6JKSTGEVNK,01KZRRGW14KVWBG89MRPJPJBXC,2020-05-21,,,,processing,8106.00,2026-08-23 16:20:22.999897+08,2026-08-23 16:20:22.999897+08
01M0MX49WNW9ZHEFT3R3TC55MW,01KZRW4877GVVZRA6JKSTGEVNK,01KZRRGW14KVWBG89MRPJPJBXC,2020-08-06,,,,delivered,5894.00,2026-08-23 16:20:22.999897+08,2026-08-23 16:20:22.999897+08
01M0MX49WNQXKVZJAM12P4VVX6,01KZRW4877GVVZRA6JKSTGEVNK,01KZRRGW14KVWBG89MRPJPJBXC,2020-06-18,,,,processing,1590.00,2026-08-23 16:20:22.999897+08,2026-08-23 16:20:22.999897+08
01M0MX49WNQD3WXV9GD3WP2D3F,01KZRW4877GVVZRA6JKSTGEVNK,01KZRRGW14KVWBG89MRPJPJBXC,2020-06-21,,,,confirmed,1920.00,2026-08-23 16:20:22.999897+08,2026-08-23 16:20:22.999897+08
01M0MX49WNFZMEWKRNGPBPKT6D,01KZRW4877GVVZRA6JKSTGEVNK,01KZRRGW14KVWBG89MRPJPJBXC,2020-02-07,,,,delivered,840.00,2026-08-23 16:20:22.999897+08,2026-08-23 16:20:22.999897+08
01M0MX49WN4QMYA5KRYVYFW331,01KZRW4877GVVZRA6JKSTGEVNK,01KZRRGW14KVWBG89MRPJPJBXC,2020-06-07,,,,confirmed,14485.00,2026-08-23 16:20:22.999897+08,2026-08-23 16:20:22.999897+08
01M0MX49WNDQZEFGFMTVF4PP86,01KZRW4877GVVZRA6JKSTGEVNK,01KZRRGW14KVWBG89MRPJPJBXC,2020-07-13,,,,processing,1090.00,2026-08-23 16:20:22.999897+08,2026-08-23 16:20:22.999897+08
01M0MX49WNG8ZCD5C8N6GZ3V8B,01KZRW4877GVVZRA6JKSTGEVNK,01KZRRGW14KVWBG89MRPJPJBXC,2020-07-23,,,,processing,210.00,2026-08-23 16:20:22.999897+08,2026-08-23 16:20:22.999897+08
01M0MX49WND7T82KP3JMKHNM37,01KZRW4877GVVZRA6JKSTGEVNK,01KZRRGW14KVWBG89MRPJPJBXC,2020-05-08,,,,confirmed,15232.00,2026-08-23 16:20:22.999897+08,2026-08-23 16:20:22.999897+08
01M0MX49WNZZN0Y5DCQA9QJ875,01KZRW4877GVVZRA6JKSTGEVNK,01KZRRGW14KVWBG89MRPJPJBXC,2020-10-08,,,,pending,10920.00,2026-08-23 16:20:22.999897+08,2026-08-23 16:20:22.999897+08
01M0MX49WNWMQ3AT8N1E7HGBNS,01KZRW4877GVVZRA6JKSTGEVNK,01KZRRGW14KVWBG89MRPJPJBXC,2020-11-08,,,,delivered,12365.00,2026-08-23 16:20:22.999897+08,2026-08-23 16:20:22.999897+08
01M0MX49WN0CR7F2GYPSKY4NAR,01KZRW4877GVVZRA6JKSTGEVNK,01KZRRGW14KVWBG89MRPJPJBXC,2020-08-19,,,,delivered,2490.00,2026-08-23 16:20:22.999897+08,2026-08-23 16:20:22.999897+08
01M0MX49WNJ8WT3XV9TGP18HEY,01KZRW4877GVVZRA6JKSTGEVNK,01KZRRGW14KVWBG89MRPJPJBXC,2020-08-23,,,,confirmed,280.00,2026-08-23 16:20:22.999897+08,2026-08-23 16:20:22.999897+08
01M0MX49WN07DSF4TWQE14ZAY5,01KZRW4877GVVZRA6JKSTGEVNK,01KZRRGW14KVWBG89MRPJPJBXC,2020-01-09,,,,pending,120.00,2026-08-23 16:20:22.999897+08,2026-08-23 16:20:22.999897+08
01M0MX49WN9RNAECG0J4H1AKBH,01KZRW4877GVVZRA6JKSTGEVNK,01KZRRGW14KVWBG89MRPJPJBXC,2020-10-09,,,,processing,6250.00,2026-08-23 16:20:22.999897+08,2026-08-23 16:20:22.999897+08
01M0MX49WNS87GCKC3C5WX70S2,01KZRW4877GVVZRA6JKSTGEVNK,01KZRRGW14KVWBG89MRPJPJBXC,2020-11-09,,,,confirmed,5285.00,2026-08-23 16:20:22.999897+08,2026-08-23 16:20:22.999897+08
01M0MX49WN6FF0KQBCMMVPQHBK,01KZRW4877GVVZRA6JKSTGEVNK,01KZRRGW14KVWBG89MRPJPJBXC,2020-09-17,,,,delivered,7000.00,2026-08-23 16:20:22.999897+08,2026-08-23 16:20:22.999897+08
01M0MX49WN4TJ0WNY7HTTFK8JW,01KZRW4877GVVZRA6JKSTGEVNK,01KZRRGW14KVWBG89MRPJPJBXC,2020-09-24,,,,pending,2555.00,2026-08-23 16:20:22.999897+08,2026-08-23 16:20:22.999897+08
01M0MX49WN4B843TD6DZKZTQ3D,01KZRW4877GVVZRA6JKSTGEVNK,01KZRRGW14KVWBG89MRPJPJBXC,2020-02-10,,,,delivered,2200.00,2026-08-23 16:20:22.999897+08,2026-08-23 16:20:22.999897+08
01M0MX49WNJSNM38RKHTY9YM0E,01KZRW4877GVVZRA6JKSTGEVNK,01KZRRGW14KVWBG89MRPJPJBXC,2020-08-10,,,,confirmed,3150.00,2026-08-23 16:20:22.999897+08,2026-08-23 16:20:22.999897+08
01M0MX49WNA7VJMR4WG442JKGK,01KZRW4877GVVZRA6JKSTGEVNK,01KZRRGW14KVWBG89MRPJPJBXC,2020-10-20,,,,confirmed,510.00,2026-08-23 16:20:22.999897+08,2026-08-23 16:20:22.999897+08
01M0MX49WN4DZ7H8JWR1TYKCSQ,01KZRW4877GVVZRA6JKSTGEVNK,01KZRRGW14KVWBG89MRPJPJBXC,2020-10-24,,,,pending,3080.00,2026-08-23 16:20:22.999897+08,2026-08-23 16:20:22.999897+08
01M0MX49WNSS80M1Q8YCND1DGA,01KZRW4877GVVZRA6JKSTGEVNK,01KZRRGW14KVWBG89MRPJPJBXC,2020-04-11,,,,confirmed,1960.00,2026-08-23 16:20:22.999897+08,2026-08-23 16:20:22.999897+08
01M0MX49WNE2HPSCW5VBVBJ3XT,01KZRW4877GVVZRA6JKSTGEVNK,01KZRRGW14KVWBG89MRPJPJBXC,2020-09-11,,,,processing,5325.00,2026-08-23 16:20:22.999897+08,2026-08-23 16:20:22.999897+08
01M0MX49WN4Y4TCDY5GFT99Q0Q,01KZRW4877GVVZRA6JKSTGEVNK,01KZRRGW14KVWBG89MRPJPJBXC,2020-11-17,,,,pending,2362.00,2026-08-23 16:20:22.999897+08,2026-08-23 16:20:22.999897+08
01M0MX49WN06SJQSAS8M5B28TP,01KZRW4877GVVZRA6JKSTGEVNK,01KZRRGW14KVWBG89MRPJPJBXC,2020-11-22,,,,pending,9465.00,2026-08-23 16:20:22.999897+08,2026-08-23 16:20:22.999897+08
01M0MX49WNAYRS2WSPKA59EG80,01KZRW4877GVVZRA6JKSTGEVNK,01KZRRGW14KVWBG89MRPJPJBXC,2020-02-12,,,,pending,3180.00,2026-08-23 16:20:22.999897+08,2026-08-23 16:20:22.999897+08
01M0MX49WNJEST9JJZBNCRB6FX,01KZRW4877GVVZRA6JKSTGEVNK,01KZRRGW14KVWBG89MRPJPJBXC,2020-10-12,,,,delivered,5455.00,2026-08-23 16:20:22.999897+08,2026-08-23 16:20:22.999897+08
01M0MX49WNE9ZFV5YSJDXHHPJ6,01KZRW4877GVVZRA6JKSTGEVNK,01KZRRGW14KVWBG89MRPJPJBXC,2020-12-16,,,,confirmed,10075.00,2026-08-23 16:20:22.999897+08,2026-08-23 16:20:22.999897+08
01M0MX49WN8YBNPPG8E9WH5EKA,01KZRW4877GVVZRA6JKSTGEVNK,01KZRRGW143XAZME28X8CPEY8S,2020-01-01,,,,confirmed,4065.00,2026-08-23 16:20:22.999897+08,2026-08-23 16:20:22.999897+08
01M0MX49WNAGF1HA6B9XVYBNJ3,01KZRW4877GVVZRA6JKSTGEVNK,01KZRRGW143XAZME28X8CPEY8S,2020-10-01,,,,delivered,5810.00,2026-08-23 16:20:22.999897+08,2026-08-23 16:20:22.999897+08
01M0MX49WN0MNDSDVMTWJ2CTT9,01KZRW4877GVVZRA6JKSTGEVNK,01KZRRGW143XAZME28X8CPEY8S,2020-01-15,,,,cancelled,6200.00,2026-08-23 16:20:22.999897+08,2026-08-23 16:20:22.999897+08
01M0MX49WNKDE476ZW8YM3CGWQ,01KZRW4877GVVZRA6JKSTGEVNK,01KZRRGW143XAZME28X8CPEY8S,2020-01-19,,,,confirmed,2580.00,2026-08-23 16:20:22.999897+08,2026-08-23 16:20:22.999897+08
01M0MX49WNF6FAG2A4JCG61X89,01KZRW4877GVVZRA6JKSTGEVNK,01KZRRGW143XAZME28X8CPEY8S,2020-01-21,,,,confirmed,5600.00,2026-08-23 16:20:22.999897+08,2026-08-23 16:20:22.999897+08
01M0MX49WN9ZGHCRPE0ZMAZ9K0,01KZRW4877GVVZRA6JKSTGEVNK,01KZRRGW143XAZME28X8CPEY8S,2020-01-02,,,,cancelled,2905.00,2026-08-23 16:20:22.999897+08,2026-08-23 16:20:22.999897+08
01M0MX49WNC6SV188GPQT1DANK,01KZRW4877GVVZRA6JKSTGEVNK,01KZRRGW143XAZME28X8CPEY8S,2020-07-02,,,,delivered,2710.00,2026-08-23 16:20:22.999897+08,2026-08-23 16:20:22.999897+08
01M0MX49WNAQSSH7NQG6P1GPG7,01KZRW4877GVVZRA6JKSTGEVNK,01KZRRGW143XAZME28X8CPEY8S,2020-02-15,,,,confirmed,10500.00,2026-08-23 16:20:22.999897+08,2026-08-23 16:20:22.999897+08
01M0MX49WNXRS44ZRHPVN57MTY,01KZRW4877GVVZRA6JKSTGEVNK,01KZRRGW143XAZME28X8CPEY8S,2020-02-16,,,,delivered,6160.00,2026-08-23 16:20:22.999897+08,2026-08-23 16:20:22.999897+08
01M0MX49WN96HK2JMD9W08JJ4S,01KZRW4877GVVZRA6JKSTGEVNK,01KZRRGW143XAZME28X8CPEY8S,2020-07-03,,,,confirmed,5950.00,2026-08-23 16:20:22.999897+08,2026-08-23 16:20:22.999897+08
01M0MX49WNQQ00KAXG25N8BP3X,01KZRW4877GVVZRA6JKSTGEVNK,01KZRRGW143XAZME28X8CPEY8S,2020-03-18,,,,cancelled,7502.00,2026-08-23 16:20:22.999897+08,2026-08-23 16:20:22.999897+08
01M0MX49WN3QEY23AZA5WBNH15,01KZRW4877GVVZRA6JKSTGEVNK,01KZRRGW143XAZME28X8CPEY8S,2020-03-22,,,,pending,11200.00,2026-08-23 16:20:22.999897+08,2026-08-23 16:20:22.999897+08
01M0MX49WNGBQMK8Y5WM9J06BC,01KZRW4877GVVZRA6JKSTGEVNK,01KZRRGW143XAZME28X8CPEY8S,2020-01-04,,,,delivered,5950.00,2026-08-23 16:20:22.999897+08,2026-08-23 16:20:22.999897+08
01M0MX49WNCC7ZN7MJCVT4DMCY,01KZRW4877GVVZRA6JKSTGEVNK,01KZRRGW143XAZME28X8CPEY8S,2020-09-04,,,,processing,1670.00,2026-08-23 16:20:22.999897+08,2026-08-23 16:20:22.999897+08
01M0MX49WNPQY50Q65Q09CYDQJ,01KZRW4877GVVZRA6JKSTGEVNK,01KZRRGW143XAZME28X8CPEY8S,2020-04-20,,,,confirmed,784.00,2026-08-23 16:20:22.999897+08,2026-08-23 16:20:22.999897+08
01M0MX49WNY5JRZ9PWPB97DKAW,01KZRW4877GVVZRA6JKSTGEVNK,01KZRRGW143XAZME28X8CPEY8S,2020-04-22,,,,cancelled,615.00,2026-08-23 16:20:22.999897+08,2026-08-23 16:20:22.999897+08
01M0MX49WNA0H4BX8KHA9YNH4S,01KZRW4877GVVZRA6JKSTGEVNK,01KZRRGW143XAZME28X8CPEY8S,2020-08-05,,,,confirmed,570.00,2026-08-23 16:20:22.999897+08,2026-08-23 16:20:22.999897+08
01M0MX49WNKC6VEW89FH1MKYFY,01KZRW4877GVVZRA6JKSTGEVNK,01KZRRGW143XAZME28X8CPEY8S,2020-05-17,,,,cancelled,7275.00,2026-08-23 16:20:22.999897+08,2026-08-23 16:20:22.999897+08
01M0MX49WNJBZ9FG7E58WSJVN5,01KZRW4877GVVZRA6JKSTGEVNK,01KZRRGW143XAZME28X8CPEY8S,2020-03-06,,,,pending,12950.00,2026-08-23 16:20:22.999897+08,2026-08-23 16:20:22.999897+08
01M0MX49WN4JP9KQ3JMXM6R68P,01KZRW4877GVVZRA6JKSTGEVNK,01KZRRGW143XAZME28X8CPEY8S,2020-08-06,,,,pending,6090.00,2026-08-23 16:20:22.999897+08,2026-08-23 16:20:22.999897+08
01M0MX49WN8ZAAD94E01P3T00C,01KZRW4877GVVZRA6JKSTGEVNK,01KZRRGW143XAZME28X8CPEY8S,2020-06-13,,,,confirmed,35.00,2026-08-23 16:20:22.999897+08,2026-08-23 16:20:22.999897+08
01M0MX49WNTKZQ7FWTNA6H34N9,01KZRW4877GVVZRA6JKSTGEVNK,01KZRRGW143XAZME28X8CPEY8S,2020-06-19,,,,cancelled,12380.00,2026-08-23 16:20:22.999897+08,2026-08-23 16:20:22.999897+08
01M0MX49WN1TCBJQEAZR44Z8WC,01KZRW4877GVVZRA6JKSTGEVNK,01KZRRGW143XAZME28X8CPEY8S,2020-06-21,,,,pending,560.00,2026-08-23 16:20:22.999897+08,2026-08-23 16:20:22.999897+08
01M0MX49WNB8SQCFT6YMEJWP21,01KZRW4877GVVZRA6JKSTGEVNK,01KZRRGW143XAZME28X8CPEY8S,2020-02-07,,,,delivered,4900.00,2026-08-23 16:20:22.999897+08,2026-08-23 16:20:22.999897+08
01M0MX49WNRF267Z9DB0NGVX7P,01KZRW4877GVVZRA6JKSTGEVNK,01KZRRGW143XAZME28X8CPEY8S,2020-06-07,,,,pending,965.00,2026-08-23 16:20:22.999897+08,2026-08-23 16:20:22.999897+08
01M0MX49WNDG08X5HMXES38QME,01KZRW4877GVVZRA6JKSTGEVNK,01KZRRGW143XAZME28X8CPEY8S,2020-12-07,,,,delivered,4215.00,2026-08-23 16:20:22.999897+08,2026-08-23 16:20:22.999897+08
01M0MX49WN87ZQB5YGJRNJAYYF,01KZRW4877GVVZRA6JKSTGEVNK,01KZRRGW143XAZME28X8CPEY8S,2020-07-20,,,,delivered,355.00,2026-08-23 16:20:22.999897+08,2026-08-23 16:20:22.999897+08
01M0MX49WNN7H42D0ZMWBTCWFZ,01KZRW4877GVVZRA6JKSTGEVNK,01KZRRGW143XAZME28X8CPEY8S,2020-07-24,,,,delivered,12445.00,2026-08-23 16:20:22.999897+08,2026-08-23 16:20:22.999897+08
01M0MX49WN584Q5WVJ66RNTBP0,01KZRW4877GVVZRA6JKSTGEVNK,01KZRRGW143XAZME28X8CPEY8S,2020-01-08,,,,confirmed,7000.00,2026-08-23 16:20:22.999897+08,2026-08-23 16:20:22.999897+08
01M0MX49WN626P1N2QAVJZF1F1,01KZRW4877GVVZRA6JKSTGEVNK,01KZRRGW143XAZME28X8CPEY8S,2020-07-08,,,,delivered,4085.00,2026-08-23 16:20:22.999897+08,2026-08-23 16:20:22.999897+08
01M0MX49WN71KEYS4M41P234G0,01KZRW4877GVVZRA6JKSTGEVNK,01KZRRGW143XAZME28X8CPEY8S,2020-08-15,,,,processing,615.00,2026-08-23 16:20:22.999897+08,2026-08-23 16:20:22.999897+08
01M0MX49WN9PTQRPQ3VAYFZYC6,01KZRW4877GVVZRA6JKSTGEVNK,01KZRRGW143XAZME28X8CPEY8S,2020-08-20,,,,cancelled,1050.00,2026-08-23 16:20:22.999897+08,2026-08-23 16:20:22.999897+08
01M0MX49WN9D58JM2EGX1SZ1GW,01KZRW4877GVVZRA6JKSTGEVNK,01KZRRGW143XAZME28X8CPEY8S,2020-08-22,,,,delivered,2945.00,2026-08-23 16:20:22.999897+08,2026-08-23 16:20:22.999897+08
01M0MX49WNDWVS74TAR7T905CQ,01KZRW4877GVVZRA6JKSTGEVNK,01KZRRGW143XAZME28X8CPEY8S,2020-01-09,,,,delivered,5820.00,2026-08-23 16:20:22.999897+08,2026-08-23 16:20:22.999897+08
01M0MX49WN29FN63TDBFWB4MPK,01KZRW4877GVVZRA6JKSTGEVNK,01KZRRGW143XAZME28X8CPEY8S,2020-09-09,,,,pending,7175.00,2026-08-23 16:20:22.999897+08,2026-08-23 16:20:22.999897+08
01M0MX49WNC6ZG6B7032EQZYFH,01KZRW4877GVVZRA6JKSTGEVNK,01KZRRGW143XAZME28X8CPEY8S,2020-11-09,,,,processing,9800.00,2026-08-23 16:20:22.999897+08,2026-08-23 16:20:22.999897+08
01M0MX49WNYJG44J77WMPZ41SH,01KZRW4877GVVZRA6JKSTGEVNK,01KZRRGW143XAZME28X8CPEY8S,2020-09-18,,,,processing,2450.00,2026-08-23 16:20:22.999897+08,2026-08-23 16:20:22.999897+08
01M0MX49WNDBK885T5R55SB9YC,01KZRW4877GVVZRA6JKSTGEVNK,01KZRRGW143XAZME28X8CPEY8S,2020-09-22,,,,cancelled,1275.00,2026-08-23 16:20:22.999897+08,2026-08-23 16:20:22.999897+08
01M0MX49WNM2DWAZNNFDXC4GN4,01KZRW4877GVVZRA6JKSTGEVNK,01KZRRGW143XAZME28X8CPEY8S,2020-04-10,,,,processing,2560.00,2026-08-23 16:20:22.999897+08,2026-08-23 16:20:22.999897+08
01M0MX49WNEHGKM3XH4GJJVZXZ,01KZRW4877GVVZRA6JKSTGEVNK,01KZRRGW143XAZME28X8CPEY8S,2020-06-10,,,,cancelled,8680.00,2026-08-23 16:20:22.999897+08,2026-08-23 16:20:22.999897+08
01M0MX49WN2JHYMNA682EJZK6J,01KZRW4877GVVZRA6JKSTGEVNK,01KZRRGW143XAZME28X8CPEY8S,2020-10-24,,,,confirmed,180.00,2026-08-23 16:20:22.999897+08,2026-08-23 16:20:22.999897+08
01M0MX49WNTTA4F3VVMKGG15VN,01KZRW4877GVVZRA6JKSTGEVNK,01KZRRGW143XAZME28X8CPEY8S,2020-04-11,,,,pending,2790.00,2026-08-23 16:20:22.999897+08,2026-08-23 16:20:22.999897+08
01M0MX49WNHE3FQFAXW58WT6DW,01KZRW4877GVVZRA6JKSTGEVNK,01KZRRGW143XAZME28X8CPEY8S,2020-06-11,,,,confirmed,4200.00,2026-08-23 16:20:22.999897+08,2026-08-23 16:20:22.999897+08
01M0MX49WNK30X1ZNJ2D09V3N5,01KZRW4877GVVZRA6JKSTGEVNK,01KZRRGW143XAZME28X8CPEY8S,2020-11-11,,,,confirmed,3105.00,2026-08-23 16:20:22.999897+08,2026-08-23 16:20:22.999897+08
01M0MX49WNFDA9584KJ8FG6RCH,01KZRW4877GVVZRA6JKSTGEVNK,01KZRRGW143XAZME28X8CPEY8S,2020-11-17,,,,delivered,5460.00,2026-08-23 16:20:22.999897+08,2026-08-23 16:20:22.999897+08
01M0MX49WNTWW4A7GGDHEE6J0G,01KZRW4877GVVZRA6JKSTGEVNK,01KZRRGW143XAZME28X8CPEY8S,2020-11-21,,,,processing,4980.00,2026-08-23 16:20:22.999897+08,2026-08-23 16:20:22.999897+08
01M0MX49WNX9W0F0TAHBGMHQPP,01KZRW4877GVVZRA6JKSTGEVNK,01KZRRGW143XAZME28X8CPEY8S,2020-02-12,,,,confirmed,1622.00,2026-08-23 16:20:22.999897+08,2026-08-23 16:20:22.999897+08
01M0MX49WN5Z48RXJDFP5VTD3N,01KZRW4877GVVZRA6JKSTGEVNK,01KZRRGW143XAZME28X8CPEY8S,2020-08-12,,,,pending,120.00,2026-08-23 16:20:22.999897+08,2026-08-23 16:20:22.999897+08
01M0MX49WNRBE7PS86EZS0B53R,01KZRW4877GVVZRA6JKSTGEVNK,01KZRRGW143XAZME28X8CPEY8S,2020-12-14,,,,processing,490.00,2026-08-23 16:20:22.999897+08,2026-08-23 16:20:22.999897+08
01M0MX49WND5VVE3MAKZV4Y5JC,01KZRW4877GVVZRA6JKSTGEVNK,01KZRRGW143XAZME28X8CPEY8S,2020-12-22,,,,pending,3125.00,2026-08-23 16:20:22.999897+08,2026-08-23 16:20:22.999897+08
01M0MX49WN0X50QT262G086RWA,01KZRW4877GVVZRA6JKSTGEVNK,01KZRRGW14RBSVD8GEY7WA5YWC,2020-07-01,,,,confirmed,4150.00,2026-08-23 16:20:22.999897+08,2026-08-23 16:20:22.999897+08
01M0MX49WNPE93C8ZC21NQ77H0,01KZRW4877GVVZRA6JKSTGEVNK,01KZRRGW14RBSVD8GEY7WA5YWC,2020-11-01,,,,confirmed,90.00,2026-08-23 16:20:22.999897+08,2026-08-23 16:20:22.999897+08
01M0MX49WNJYC3HRYYC8VEVEZW,01KZRW4877GVVZRA6JKSTGEVNK,01KZRRGW14RBSVD8GEY7WA5YWC,2020-01-17,,,,confirmed,880.00,2026-08-23 16:20:22.999897+08,2026-08-23 16:20:22.999897+08
01M0MX49WNGS7Q25SDETB18XMB,01KZRW4877GVVZRA6JKSTGEVNK,01KZRRGW14RBSVD8GEY7WA5YWC,2020-04-02,,,,delivered,1225.00,2026-08-23 16:20:22.999897+08,2026-08-23 16:20:22.999897+08
01M0MX49WNA7F5FT1Y1FYFTGN4,01KZRW4877GVVZRA6JKSTGEVNK,01KZRRGW14RBSVD8GEY7WA5YWC,2020-08-02,,,,delivered,2695.00,2026-08-23 16:20:22.999897+08,2026-08-23 16:20:22.999897+08
01M0MX49WN65HPHT2CZ979ZW2A,01KZRW4877GVVZRA6JKSTGEVNK,01KZRRGW14RBSVD8GEY7WA5YWC,2020-02-13,,,,delivered,9210.00,2026-08-23 16:20:22.999897+08,2026-08-23 16:20:22.999897+08
01M0MX49WND9KHBBZT81XAAY0P,01KZRW4877GVVZRA6JKSTGEVNK,01KZRRGW14RBSVD8GEY7WA5YWC,2020-02-19,,,,delivered,7672.00,2026-08-23 16:20:22.999897+08,2026-08-23 16:20:22.999897+08
01M0MX49WN2YZMEDV81P3BM71Q,01KZRW4877GVVZRA6JKSTGEVNK,01KZRRGW14RBSVD8GEY7WA5YWC,2020-02-23,,,,confirmed,2240.00,2026-08-23 16:20:22.999897+08,2026-08-23 16:20:22.999897+08
01M0MX49WNN7CWBTV3J0RB81FB,01KZRW4877GVVZRA6JKSTGEVNK,01KZRRGW14RBSVD8GEY7WA5YWC,2020-04-03,,,,delivered,4410.00,2026-08-23 16:20:22.999897+08,2026-08-23 16:20:22.999897+08
01M0MX49WNCAHDWV4GBS9Q8BBR,01KZRW4877GVVZRA6JKSTGEVNK,01KZRRGW14RBSVD8GEY7WA5YWC,2020-08-03,,,,processing,1620.00,2026-08-23 16:20:22.999897+08,2026-08-23 16:20:22.999897+08
01M0MX49WNP1D19F83HGZFSFEJ,01KZRW4877GVVZRA6JKSTGEVNK,01KZRRGW14RBSVD8GEY7WA5YWC,2020-03-13,,,,confirmed,7060.00,2026-08-23 16:20:22.999897+08,2026-08-23 16:20:22.999897+08
01M0MX49WN3Q55CX4MCSQRNX7P,01KZRW4877GVVZRA6JKSTGEVNK,01KZRRGW14RBSVD8GEY7WA5YWC,2020-03-19,,,,delivered,90.00,2026-08-23 16:20:22.999897+08,2026-08-23 16:20:22.999897+08
01M0MX49WNTJHHWHAMRWD7P3Z5,01KZRW4877GVVZRA6JKSTGEVNK,01KZRRGW14RBSVD8GEY7WA5YWC,2020-03-23,,,,delivered,4550.00,2026-08-23 16:20:22.999897+08,2026-08-23 16:20:22.999897+08
01M0MX49WNT46YCAG7CJKKNVSD,01KZRW4877GVVZRA6JKSTGEVNK,01KZRRGW14RBSVD8GEY7WA5YWC,2020-01-04,,,,confirmed,595.00,2026-08-23 16:20:22.999897+08,2026-08-23 16:20:22.999897+08
01M0MX49WNKKFKERYWWQF6HESB,01KZRW4877GVVZRA6JKSTGEVNK,01KZRRGW14RBSVD8GEY7WA5YWC,2020-09-04,,,,delivered,390.00,2026-08-23 16:20:22.999897+08,2026-08-23 16:20:22.999897+08
01M0MX49WNDCC5NYWY4249AJWZ,01KZRW4877GVVZRA6JKSTGEVNK,01KZRRGW14RBSVD8GEY7WA5YWC,2020-04-14,,,,delivered,1670.00,2026-08-23 16:20:22.999897+08,2026-08-23 16:20:22.999897+08
01M0MX49WN5TQEH6D0BASCCJ3W,01KZRW4877GVVZRA6JKSTGEVNK,01KZRRGW14RBSVD8GEY7WA5YWC,2020-04-20,,,,delivered,690.00,2026-08-23 16:20:22.999897+08,2026-08-23 16:20:22.999897+08
01M0MX49WN22TFCC9KQ6RAF64Z,01KZRW4877GVVZRA6JKSTGEVNK,01KZRRGW14RBSVD8GEY7WA5YWC,2020-04-25,,,,cancelled,4900.00,2026-08-23 16:20:22.999897+08,2026-08-23 16:20:22.999897+08
01M0MX49WN8WYG8CYEMM0VGGV9,01KZRW4877GVVZRA6JKSTGEVNK,01KZRRGW14RBSVD8GEY7WA5YWC,2020-05-05,,,,delivered,5885.00,2026-08-23 16:20:22.999897+08,2026-08-23 16:20:22.999897+08
01M0MX49WNRD2YBZ7FTQ885T3X,01KZRW4877GVVZRA6JKSTGEVNK,01KZRRGW14RBSVD8GEY7WA5YWC,2020-08-05,,,,confirmed,6500.00,2026-08-23 16:20:22.999897+08,2026-08-23 16:20:22.999897+08
01M0MX49WNR3Y90W5TNN70TB6H,01KZRW4877GVVZRA6JKSTGEVNK,01KZRRGW14RBSVD8GEY7WA5YWC,2020-11-05,,,,delivered,1624.00,2026-08-23 16:20:22.999897+08,2026-08-23 16:20:22.999897+08
01M0MX49WNZ0E1HCPCXE4CG2HT,01KZRW4877GVVZRA6JKSTGEVNK,01KZRRGW14RBSVD8GEY7WA5YWC,2020-05-18,,,,processing,4230.00,2026-08-23 16:20:22.999897+08,2026-08-23 16:20:22.999897+08
01M0MX49WNSDA9FVJ6EQBKA0E3,01KZRW4877GVVZRA6JKSTGEVNK,01KZRRGW14RBSVD8GEY7WA5YWC,2020-05-23,,,,processing,2250.00,2026-08-23 16:20:22.999897+08,2026-08-23 16:20:22.999897+08
01M0MX49WNCQP4K3PAB00TBBKW,01KZRW4877GVVZRA6JKSTGEVNK,01KZRRGW14RBSVD8GEY7WA5YWC,2020-05-06,,,,pending,9310.00,2026-08-23 16:20:22.999897+08,2026-08-23 16:20:22.999897+08
01M0MX49WNZRTW1ZAQERJAY67D,01KZRW4877GVVZRA6JKSTGEVNK,01KZRRGW14RBSVD8GEY7WA5YWC,2020-10-06,,,,pending,7970.00,2026-08-23 16:20:22.999897+08,2026-08-23 16:20:22.999897+08
01M0MX49WNWFQJ710AEMVYC406,01KZRW4877GVVZRA6JKSTGEVNK,01KZRRGW14RBSVD8GEY7WA5YWC,2020-06-15,,,,confirmed,4480.00,2026-08-23 16:20:22.999897+08,2026-08-23 16:20:22.999897+08
01M0MX49WNZW6ZCHP1J8VRFN6T,01KZRW4877GVVZRA6JKSTGEVNK,01KZRRGW14RBSVD8GEY7WA5YWC,2020-06-18,,,,pending,9415.00,2026-08-23 16:20:22.999897+08,2026-08-23 16:20:22.999897+08
01M0MX49WNXPFYDDRM5ZY4GQRV,01KZRW4877GVVZRA6JKSTGEVNK,01KZRRGW14RBSVD8GEY7WA5YWC,2020-06-23,,,,processing,3150.00,2026-08-23 16:20:22.999897+08,2026-08-23 16:20:22.999897+08
01M0MX49WN8S0HQCE60QX46VZR,01KZRW4877GVVZRA6JKSTGEVNK,01KZRRGW14RBSVD8GEY7WA5YWC,2020-01-07,,,,delivered,2765.00,2026-08-23 16:20:22.999897+08,2026-08-23 16:20:22.999897+08
01M0MX49WNWF868SYCT1RM0Q8F,01KZRW4877GVVZRA6JKSTGEVNK,01KZRRGW14RBSVD8GEY7WA5YWC,2020-07-14,,,,confirmed,4666.00,2026-08-23 16:20:22.999897+08,2026-08-23 16:20:22.999897+08
01M0MX49WN468M0CVZZBVNTDRZ,01KZRW4877GVVZRA6JKSTGEVNK,01KZRRGW14RBSVD8GEY7WA5YWC,2020-07-17,,,,delivered,5385.00,2026-08-23 16:20:22.999897+08,2026-08-23 16:20:22.999897+08
01M0MX49WNPRDTS0R8ETVGXPZ9,01KZRW4877GVVZRA6JKSTGEVNK,01KZRRGW14RBSVD8GEY7WA5YWC,2020-07-24,,,,delivered,6482.00,2026-08-23 16:20:22.999897+08,2026-08-23 16:20:22.999897+08
01M0MX49WN9JF5FSYS1G69E6AP,01KZRW4877GVVZRA6JKSTGEVNK,01KZRRGW14RBSVD8GEY7WA5YWC,2020-01-08,,,,confirmed,165.00,2026-08-23 16:20:22.999897+08,2026-08-23 16:20:22.999897+08
01M0MX49WN62MD7BR1Z2F714Y4,01KZRW4877GVVZRA6JKSTGEVNK,01KZRRGW14RBSVD8GEY7WA5YWC,2020-07-08,,,,pending,870.00,2026-08-23 16:20:22.999897+08,2026-08-23 16:20:22.999897+08
01M0MX49WNKPZ89PJ0NY42P7G3,01KZRW4877GVVZRA6JKSTGEVNK,01KZRRGW14RBSVD8GEY7WA5YWC,2020-08-16,,,,confirmed,7350.00,2026-08-23 16:20:22.999897+08,2026-08-23 16:20:22.999897+08
01M0MX49WNAEX4WNB28B0VYXTW,01KZRW4877GVVZRA6JKSTGEVNK,01KZRRGW14RBSVD8GEY7WA5YWC,2020-08-24,,,,confirmed,15750.00,2026-08-23 16:20:22.999897+08,2026-08-23 16:20:22.999897+08
01M0MX49WNF4XWXBHQGZXT0FCH,01KZRW4877GVVZRA6JKSTGEVNK,01KZRRGW14RBSVD8GEY7WA5YWC,2020-08-09,,,,delivered,2125.00,2026-08-23 16:20:22.999897+08,2026-08-23 16:20:22.999897+08
01M0MX49WNCN4V8RJ6N9M9E2N4,01KZRW4877GVVZRA6JKSTGEVNK,01KZRRGW14RBSVD8GEY7WA5YWC,2020-09-20,,,,delivered,4410.00,2026-08-23 16:20:22.999897+08,2026-08-23 16:20:22.999897+08
01M0MX49WNY3XTQNJ3YZ2JADMW,01KZRW4877GVVZRA6JKSTGEVNK,01KZRRGW14RBSVD8GEY7WA5YWC,2020-09-22,,,,processing,4550.00,2026-08-23 16:20:22.999897+08,2026-08-23 16:20:22.999897+08
01M0MX49WNR41328D0T5C117B0,01KZRW4877GVVZRA6JKSTGEVNK,01KZRRGW14RBSVD8GEY7WA5YWC,2020-02-10,,,,confirmed,350.00,2026-08-23 16:20:22.999897+08,2026-08-23 16:20:22.999897+08
01M0MX49WN1EGRWD9J9SANCSW2,01KZRW4877GVVZRA6JKSTGEVNK,01KZRRGW14RBSVD8GEY7WA5YWC,2020-07-10,,,,delivered,11560.00,2026-08-23 16:20:22.999897+08,2026-08-23 16:20:22.999897+08
01M0MX49WNCTHB50RETBFQB9W4,01KZRW4877GVVZRA6JKSTGEVNK,01KZRRGW14RBSVD8GEY7WA5YWC,2020-10-15,,,,confirmed,1675.00,2026-08-23 16:20:22.999897+08,2026-08-23 16:20:22.999897+08
01M0MX49WNY53RGWVKX41N007W,01KZRW4877GVVZRA6JKSTGEVNK,01KZRRGW14RBSVD8GEY7WA5YWC,2020-10-23,,,,delivered,4550.00,2026-08-23 16:20:22.999897+08,2026-08-23 16:20:22.999897+08
01M0MX49WN49D91MDTW56CFJHR,01KZRW4877GVVZRA6JKSTGEVNK,01KZRRGW14RBSVD8GEY7WA5YWC,2020-11-15,,,,confirmed,9394.00,2026-08-23 16:20:22.999897+08,2026-08-23 16:20:22.999897+08
01M0MX49WNW92RSH8979Q0DM5Z,01KZRW4877GVVZRA6JKSTGEVNK,01KZRRGW14RBSVD8GEY7WA5YWC,2020-11-16,,,,confirmed,6650.00,2026-08-23 16:20:22.999897+08,2026-08-23 16:20:22.999897+08
01M0MX49WNW1AGSZX7832ZT7F7,01KZRW4877GVVZRA6JKSTGEVNK,01KZRRGW14RBSVD8GEY7WA5YWC,2020-11-24,,,,delivered,11550.00,2026-08-23 16:20:22.999897+08,2026-08-23 16:20:22.999897+08
01M0MX49WNBD7T5CNT6T6A3R9Y,01KZRW4877GVVZRA6JKSTGEVNK,01KZRRGW14RBSVD8GEY7WA5YWC,2020-08-12,,,,delivered,5600.00,2026-08-23 16:20:22.999897+08,2026-08-23 16:20:22.999897+08
01M0MX49WNBC6AQ72NK376SHJE,01KZRW4877GVVZRA6JKSTGEVNK,01KZRRGW14RBSVD8GEY7WA5YWC,2020-12-12,,,,confirmed,9565.00,2026-08-23 16:20:22.999897+08,2026-08-23 16:20:22.999897+08
01M0MX49WNXQWXM0ZX4JQ7MGTZ,01KZRW4877GVVZRA6JKSTGEVNK,01KZRRGW14RBSVD8GEY7WA5YWC,2020-12-21,,,,delivered,2890.00,2026-08-23 16:20:22.999897+08,2026-08-23 16:20:22.999897+08
01M0MX49WN5TAP02K05B8C18MG,01KZRW4877D5ZY6TAERNGTV34K,01KZRRGW1448AZYH3Y9E70DS21,2020-01-01,,,,delivered,1565.00,2026-08-23 16:20:22.999897+08,2026-08-23 16:20:22.999897+08
01M0MX49WN2GRJVR2R8HMJ6RR1,01KZRW4877D5ZY6TAERNGTV34K,01KZRRGW1448AZYH3Y9E70DS21,2020-09-01,,,,cancelled,6740.00,2026-08-23 16:20:22.999897+08,2026-08-23 16:20:22.999897+08
01M0MX49WN0ESMTRNTJCZP8DS2,01KZRW4877D5ZY6TAERNGTV34K,01KZRRGW1448AZYH3Y9E70DS21,2020-11-01,,,,processing,5810.00,2026-08-23 16:20:22.999897+08,2026-08-23 16:20:22.999897+08
01M0MX49WNQAY0W27FFR64B4T9,01KZRW4877D5ZY6TAERNGTV34K,01KZRRGW1448AZYH3Y9E70DS21,2020-01-23,,,,delivered,4335.00,2026-08-23 16:20:22.999897+08,2026-08-23 16:20:22.999897+08
01M0MX49WN1KM1179DN5J8V6MV,01KZRW4877D5ZY6TAERNGTV34K,01KZRRGW1448AZYH3Y9E70DS21,2020-02-02,,,,delivered,8215.00,2026-08-23 16:20:22.999897+08,2026-08-23 16:20:22.999897+08
01M0MX49WN61N2W8M1QZY6H3WA,01KZRW4877D5ZY6TAERNGTV34K,01KZRRGW1448AZYH3Y9E70DS21,2020-02-13,,,,delivered,15400.00,2026-08-23 16:20:22.999897+08,2026-08-23 16:20:22.999897+08
01M0MX49WN6DF5T336J68CTN6A,01KZRW4877D5ZY6TAERNGTV34K,01KZRRGW1448AZYH3Y9E70DS21,2020-02-25,,,,processing,2840.00,2026-08-23 16:20:22.999897+08,2026-08-23 16:20:22.999897+08
01M0MX49WNMY3NJBHM2M7JRWQT,01KZRW4877D5ZY6TAERNGTV34K,01KZRRGW1448AZYH3Y9E70DS21,2020-04-03,,,,delivered,9150.00,2026-08-23 16:20:22.999897+08,2026-08-23 16:20:22.999897+08
01M0MX49WNB2Z1CWD5HQ7WXEJ3,01KZRW4877D5ZY6TAERNGTV34K,01KZRRGW1448AZYH3Y9E70DS21,2020-08-03,,,,delivered,5250.00,2026-08-23 16:20:22.999897+08,2026-08-23 16:20:22.999897+08
01M0MX49WNB0XJDYEDH4EZW4J4,01KZRW4877D5ZY6TAERNGTV34K,01KZRRGW1448AZYH3Y9E70DS21,2020-03-15,,,,confirmed,5920.00,2026-08-23 16:20:22.999897+08,2026-08-23 16:20:22.999897+08
01M0MX49WNJ0W6TE6AQ5BS07ST,01KZRW4877D5ZY6TAERNGTV34K,01KZRRGW1448AZYH3Y9E70DS21,2020-03-25,,,,delivered,4280.00,2026-08-23 16:20:22.999897+08,2026-08-23 16:20:22.999897+08
01M0MX49WN1BK1JNATM8HVX77H,01KZRW4877D5ZY6TAERNGTV34K,01KZRRGW1448AZYH3Y9E70DS21,2020-02-04,,,,delivered,5845.00,2026-08-23 16:20:22.999897+08,2026-08-23 16:20:22.999897+08
01M0MX49WNVBR32QZSEMH96NYD,01KZRW4877D5ZY6TAERNGTV34K,01KZRRGW1448AZYH3Y9E70DS21,2020-06-04,,,,confirmed,7030.00,2026-08-23 16:20:22.999897+08,2026-08-23 16:20:22.999897+08
01M0MX49WNG7G20QNXC97AXPNG,01KZRW4877D5ZY6TAERNGTV34K,01KZRRGW1448AZYH3Y9E70DS21,2020-04-15,,,,delivered,2450.00,2026-08-23 16:20:22.999897+08,2026-08-23 16:20:22.999897+08
01M0MX49WN24WRKEG2VNMWQGNV,01KZRW4877D5ZY6TAERNGTV34K,01KZRRGW1448AZYH3Y9E70DS21,2020-04-21,,,,processing,2635.00,2026-08-23 16:20:22.999897+08,2026-08-23 16:20:22.999897+08
01M0MX49WNGFHHN5QE5ADA9B1M,01KZRW4877D5ZY6TAERNGTV34K,01KZRRGW1448AZYH3Y9E70DS21,2020-01-05,,,,confirmed,5950.00,2026-08-23 16:20:22.999897+08,2026-08-23 16:20:22.999897+08
01M0MX49WNJVDPNFN6ZG2YX8CQ,01KZRW4877D5ZY6TAERNGTV34K,01KZRRGW1448AZYH3Y9E70DS21,2020-07-05,,,,confirmed,8750.00,2026-08-23 16:20:22.999897+08,2026-08-23 16:20:22.999897+08
01M0MX49WNWTCHJTT9QH6X0FHK,01KZRW4877D5ZY6TAERNGTV34K,01KZRRGW1448AZYH3Y9E70DS21,2020-05-15,,,,confirmed,4200.00,2026-08-23 16:20:22.999897+08,2026-08-23 16:20:22.999897+08
01M0MX49WNQAT2CQ7W3NXVX6RS,01KZRW4877D5ZY6TAERNGTV34K,01KZRRGW1448AZYH3Y9E70DS21,2020-05-20,,,,confirmed,2800.00,2026-08-23 16:20:22.999897+08,2026-08-23 16:20:22.999897+08
01M0MX49WNECC0TV79Y1074JB2,01KZRW4877D5ZY6TAERNGTV34K,01KZRRGW1448AZYH3Y9E70DS21,2020-05-25,,,,delivered,190.00,2026-08-23 16:20:22.999897+08,2026-08-23 16:20:22.999897+08
01M0MX49WNZK4G940NV95TX32Q,01KZRW4877D5ZY6TAERNGTV34K,01KZRRGW1448AZYH3Y9E70DS21,2020-03-06,,,,delivered,7760.00,2026-08-23 16:20:22.999897+08,2026-08-23 16:20:22.999897+08
01M0MX49WNSQEEV4WHK1NEHGJR,01KZRW4877D5ZY6TAERNGTV34K,01KZRRGW1448AZYH3Y9E70DS21,2020-06-06,,,,processing,2605.00,2026-08-23 16:20:22.999897+08,2026-08-23 16:20:22.999897+08
01M0MX49WN3GPB5QBKQHNK352W,01KZRW4877D5ZY6TAERNGTV34K,01KZRRGW1448AZYH3Y9E70DS21,2020-06-16,,,,delivered,3150.00,2026-08-23 16:20:22.999897+08,2026-08-23 16:20:22.999897+08
01M0MX49WNHJQ9Y2TRJT4EFSKA,01KZRW4877D5ZY6TAERNGTV34K,01KZRRGW1448AZYH3Y9E70DS21,2020-06-24,,,,cancelled,6200.00,2026-08-23 16:20:22.999897+08,2026-08-23 16:20:22.999897+08
01M0MX49WN2J58M6CV04XN7WCP,01KZRW4877D5ZY6TAERNGTV34K,01KZRRGW1448AZYH3Y9E70DS21,2020-02-07,,,,confirmed,3800.00,2026-08-23 16:20:22.999897+08,2026-08-23 16:20:22.999897+08
01M0MX49WNZ7XYQ29BZ2VMG8VJ,01KZRW4877D5ZY6TAERNGTV34K,01KZRRGW1448AZYH3Y9E70DS21,2020-08-07,,,,delivered,1395.00,2026-08-23 16:20:22.999897+08,2026-08-23 16:20:22.999897+08
01M0MX49WNT4G5K2EJHQE12RG6,01KZRW4877D5ZY6TAERNGTV34K,01KZRRGW1448AZYH3Y9E70DS21,2020-07-24,,,,delivered,330.00,2026-08-23 16:20:22.999897+08,2026-08-23 16:20:22.999897+08
01M0MX49WPDAWE736Y9DMDJCJF,01KZRW4877D5ZY6TAERNGTV34K,01KZRRGW1448AZYH3Y9E70DS21,2020-05-08,,,,delivered,2800.00,2026-08-23 16:20:22.999897+08,2026-08-23 16:20:22.999897+08
01M0MX49WPEH8WCTVP7647P35T,01KZRW4877D5ZY6TAERNGTV34K,01KZRRGW1448AZYH3Y9E70DS21,2020-07-08,,,,confirmed,2755.00,2026-08-23 16:20:22.999897+08,2026-08-23 16:20:22.999897+08
01M0MX49WP739QM7NWFQYB5Q7B,01KZRW4877D5ZY6TAERNGTV34K,01KZRRGW1448AZYH3Y9E70DS21,2020-08-13,,,,delivered,175.00,2026-08-23 16:20:22.999897+08,2026-08-23 16:20:22.999897+08
01M0MX49WP7HFYTPM5CMPFY60N,01KZRW4877D5ZY6TAERNGTV34K,01KZRRGW1448AZYH3Y9E70DS21,2020-08-18,,,,confirmed,2772.00,2026-08-23 16:20:22.999897+08,2026-08-23 16:20:22.999897+08
01M0MX49WPRFPR6EQB4SBJ7D40,01KZRW4877D5ZY6TAERNGTV34K,01KZRRGW1448AZYH3Y9E70DS21,2020-08-23,,,,cancelled,7270.00,2026-08-23 16:20:22.999897+08,2026-08-23 16:20:22.999897+08
01M0MX49WP0Z5HJG0AW20HSTTN,01KZRW4877D5ZY6TAERNGTV34K,01KZRRGW1448AZYH3Y9E70DS21,2020-02-09,,,,cancelled,8480.00,2026-08-23 16:20:22.999897+08,2026-08-23 16:20:22.999897+08
01M0MX49WP5NAJ0HMXJ904V2AM,01KZRW4877D5ZY6TAERNGTV34K,01KZRRGW1448AZYH3Y9E70DS21,2020-08-09,,,,delivered,8590.00,2026-08-23 16:20:22.999897+08,2026-08-23 16:20:22.999897+08
01M0MX49WPW3ECFENARB4C8TEH,01KZRW4877D5ZY6TAERNGTV34K,01KZRRGW1448AZYH3Y9E70DS21,2020-09-14,,,,pending,5600.00,2026-08-23 16:20:22.999897+08,2026-08-23 16:20:22.999897+08
01M0MX49WP55HGWJZWPQCG5BY3,01KZRW4877D5ZY6TAERNGTV34K,01KZRRGW1448AZYH3Y9E70DS21,2020-09-19,,,,delivered,105.00,2026-08-23 16:20:22.999897+08,2026-08-23 16:20:22.999897+08
01M0MX49WPPK9N5RCAT3WBX2YV,01KZRW4877D5ZY6TAERNGTV34K,01KZRRGW1448AZYH3Y9E70DS21,2020-09-22,,,,delivered,8830.00,2026-08-23 16:20:22.999897+08,2026-08-23 16:20:22.999897+08
01M0MX49WPKGDG9BKED5C9W29B,01KZRW4877D5ZY6TAERNGTV34K,01KZRRGW1448AZYH3Y9E70DS21,2020-04-10,,,,delivered,4025.00,2026-08-23 16:20:22.999897+08,2026-08-23 16:20:22.999897+08
01M0MX49WPFC4DPWWGHRMR5JWS,01KZRW4877D5ZY6TAERNGTV34K,01KZRRGW1448AZYH3Y9E70DS21,2020-10-13,,,,delivered,5350.00,2026-08-23 16:20:22.999897+08,2026-08-23 16:20:22.999897+08
01M0MX49WP6MG12ZFTTF0GRNPS,01KZRW4877D5ZY6TAERNGTV34K,01KZRRGW1448AZYH3Y9E70DS21,2020-10-17,,,,confirmed,5705.00,2026-08-23 16:20:22.999897+08,2026-08-23 16:20:22.999897+08
01M0MX49WP258PCV9FC1JCZJVG,01KZRW4877D5ZY6TAERNGTV34K,01KZRRGW1448AZYH3Y9E70DS21,2020-01-11,,,,confirmed,14685.00,2026-08-23 16:20:22.999897+08,2026-08-23 16:20:22.999897+08
01M0MX49WPQRT0ANHET6DGD46H,01KZRW4877D5ZY6TAERNGTV34K,01KZRRGW1448AZYH3Y9E70DS21,2020-11-18,,,,cancelled,4060.00,2026-08-23 16:20:22.999897+08,2026-08-23 16:20:22.999897+08
01M0MX49WPRFMY8GPRS8VD5HKE,01KZRW4877D5ZY6TAERNGTV34K,01KZRRGW1448AZYH3Y9E70DS21,2020-11-24,,,,confirmed,1310.00,2026-08-23 16:20:22.999897+08,2026-08-23 16:20:22.999897+08
01M0MX49WPNBVW3NPP0XRFR5FH,01KZRW4877D5ZY6TAERNGTV34K,01KZRRGW1448AZYH3Y9E70DS21,2020-09-12,,,,processing,11900.00,2026-08-23 16:20:22.999897+08,2026-08-23 16:20:22.999897+08
01M0MX49WPWMHXQBB9NF69N4RX,01KZRW4877D5ZY6TAERNGTV34K,01KZRRGW1448AZYH3Y9E70DS21,2020-12-13,,,,pending,8740.00,2026-08-23 16:20:22.999897+08,2026-08-23 16:20:22.999897+08
01M0MX49WPR79723GYYV8D04X3,01KZRW4877D5ZY6TAERNGTV34K,01KZRRGW1448AZYH3Y9E70DS21,2020-12-19,,,,confirmed,7700.00,2026-08-23 16:20:22.999897+08,2026-08-23 16:20:22.999897+08
01M0MX49WPFJSPXMTFWNM5ZR98,01KZRW4877D5ZY6TAERNGTV34K,01KZRRGW1448AZYH3Y9E70DS21,2020-12-21,,,,cancelled,210.00,2026-08-23 16:20:22.999897+08,2026-08-23 16:20:22.999897+08
01M0MX49WP94HNFBX117ZQF6CW,01KZRW4877D5ZY6TAERNGTV34K,01KZRRGW14G35YB41SN7AN85CV,2020-05-01,,,,delivered,525.00,2026-08-23 16:20:22.999897+08,2026-08-23 16:20:22.999897+08
01M0MX49WPWVCX6R8K18RRKTCH,01KZRW4877D5ZY6TAERNGTV34K,01KZRRGW14G35YB41SN7AN85CV,2020-10-01,,,,delivered,4900.00,2026-08-23 16:20:22.999897+08,2026-08-23 16:20:22.999897+08
01M0MX49WPA7TQW2AAJVW9CQBE,01KZRW4877D5ZY6TAERNGTV34K,01KZRRGW14G35YB41SN7AN85CV,2020-01-25,,,,delivered,2800.00,2026-08-23 16:20:22.999897+08,2026-08-23 16:20:22.999897+08
01M0MX49WPWNEYE4M7PQQ0M8Y0,01KZRW4877D5ZY6TAERNGTV34K,01KZRRGW14G35YB41SN7AN85CV,2020-03-02,,,,processing,6925.00,2026-08-23 16:20:22.999897+08,2026-08-23 16:20:22.999897+08
01M0MX49WP08D28H5RQ8WP723S,01KZRW4877D5ZY6TAERNGTV34K,01KZRRGW14G35YB41SN7AN85CV,2020-12-02,,,,confirmed,350.00,2026-08-23 16:20:22.999897+08,2026-08-23 16:20:22.999897+08
01M0MX49WP6PVBFYNQVW5TA4PC,01KZRW4877D5ZY6TAERNGTV34K,01KZRRGW14G35YB41SN7AN85CV,2020-02-23,,,,cancelled,1415.00,2026-08-23 16:20:22.999897+08,2026-08-23 16:20:22.999897+08
01M0MX49WPSGECXPWENHR35769,01KZRW4877D5ZY6TAERNGTV34K,01KZRRGW14G35YB41SN7AN85CV,2020-02-03,,,,confirmed,8620.00,2026-08-23 16:20:22.999897+08,2026-08-23 16:20:22.999897+08
01M0MX49WPTRXCS89SCV5TWQJG,01KZRW4877D5ZY6TAERNGTV34K,01KZRRGW14G35YB41SN7AN85CV,2020-06-03,,,,pending,9800.00,2026-08-23 16:20:22.999897+08,2026-08-23 16:20:22.999897+08
01M0MX49WPC597HC49D67N331M,01KZRW4877D5ZY6TAERNGTV34K,01KZRRGW14G35YB41SN7AN85CV,2020-12-03,,,,processing,3785.00,2026-08-23 16:20:22.999897+08,2026-08-23 16:20:22.999897+08
01M0MX49WPPQBT0A1MSYHJATWA,01KZRW4877D5ZY6TAERNGTV34K,01KZRRGW14G35YB41SN7AN85CV,2020-03-25,,,,delivered,8170.00,2026-08-23 16:20:22.999897+08,2026-08-23 16:20:22.999897+08
01M0MX49WPAFCNGBNMYZ05H7CE,01KZRW4877D5ZY6TAERNGTV34K,01KZRRGW14G35YB41SN7AN85CV,2020-05-04,,,,processing,1665.00,2026-08-23 16:20:22.999897+08,2026-08-23 16:20:22.999897+08
01M0MX49WPZ4CA2JQBDSC5MTAR,01KZRW4877D5ZY6TAERNGTV34K,01KZRRGW14G35YB41SN7AN85CV,2020-10-04,,,,processing,150.00,2026-08-23 16:20:22.999897+08,2026-08-23 16:20:22.999897+08
01M0MX49WPRG2PESCNBYSQ0E62,01KZRW4877D5ZY6TAERNGTV34K,01KZRRGW14G35YB41SN7AN85CV,2020-11-04,,,,processing,2660.00,2026-08-23 16:20:22.999897+08,2026-08-23 16:20:22.999897+08
01M0MX49WPE8BEE0HJWXED5HBS,01KZRW4877D5ZY6TAERNGTV34K,01KZRRGW14G35YB41SN7AN85CV,2020-04-18,,,,delivered,4550.00,2026-08-23 16:20:22.999897+08,2026-08-23 16:20:22.999897+08
01M0MX49WPM3CZGMZ60FR3KCW9,01KZRW4877D5ZY6TAERNGTV34K,01KZRRGW14G35YB41SN7AN85CV,2020-04-24,,,,delivered,3850.00,2026-08-23 16:20:22.999897+08,2026-08-23 16:20:22.999897+08
01M0MX49WPDYDAS4TH4JFBR52S,01KZRW4877D5ZY6TAERNGTV34K,01KZRRGW14G35YB41SN7AN85CV,2020-01-05,,,,pending,6650.00,2026-08-23 16:20:22.999897+08,2026-08-23 16:20:22.999897+08
01M0MX49WPG4YR94T5SK19M5Q6,01KZRW4877D5ZY6TAERNGTV34K,01KZRRGW14G35YB41SN7AN85CV,2020-06-05,,,,pending,5600.00,2026-08-23 16:20:22.999897+08,2026-08-23 16:20:22.999897+08
01M0MX49WPWP7XCX3RQYJPJWQK,01KZRW4877D5ZY6TAERNGTV34K,01KZRRGW14G35YB41SN7AN85CV,2020-11-05,,,,pending,250.00,2026-08-23 16:20:22.999897+08,2026-08-23 16:20:22.999897+08
01M0MX49WPQ94M5C8KH1KVN3KJ,01KZRW4877D5ZY6TAERNGTV34K,01KZRRGW14G35YB41SN7AN85CV,2020-05-22,,,,cancelled,150.00,2026-08-23 16:20:22.999897+08,2026-08-23 16:20:22.999897+08
01M0MX49WPEB57HHQK5ZVJZCM5,01KZRW4877D5ZY6TAERNGTV34K,01KZRRGW14G35YB41SN7AN85CV,2020-03-06,,,,delivered,350.00,2026-08-23 16:20:22.999897+08,2026-08-23 16:20:22.999897+08
01M0MX49WPKKQSK6YVT7TN7QY1,01KZRW4877D5ZY6TAERNGTV34K,01KZRRGW14G35YB41SN7AN85CV,2020-09-06,,,,confirmed,11200.00,2026-08-23 16:20:22.999897+08,2026-08-23 16:20:22.999897+08
01M0MX49WPY9FEA3R9ENQV9C1S,01KZRW4877D5ZY6TAERNGTV34K,01KZRRGW14G35YB41SN7AN85CV,2020-06-13,,,,pending,155.00,2026-08-23 16:20:22.999897+08,2026-08-23 16:20:22.999897+08
01M0MX49WPTKBFDK982T8B6Z4V,01KZRW4877D5ZY6TAERNGTV34K,01KZRRGW14G35YB41SN7AN85CV,2020-06-19,,,,pending,60.00,2026-08-23 16:20:22.999897+08,2026-08-23 16:20:22.999897+08
01M0MX49WPXME4A9EZ1K50CEZA,01KZRW4877D5ZY6TAERNGTV34K,01KZRRGW14G35YB41SN7AN85CV,2020-06-25,,,,processing,5780.00,2026-08-23 16:20:22.999897+08,2026-08-23 16:20:22.999897+08
01M0MX49WPQMB0YM8DASCJC4EN,01KZRW4877D5ZY6TAERNGTV34K,01KZRRGW14G35YB41SN7AN85CV,2020-02-07,,,,pending,5600.00,2026-08-23 16:20:22.999897+08,2026-08-23 16:20:22.999897+08
01M0MX49WPQ5D18WGWD9YKFM87,01KZRW4877D5ZY6TAERNGTV34K,01KZRRGW14G35YB41SN7AN85CV,2020-09-07,,,,cancelled,6902.00,2026-08-23 16:20:22.999897+08,2026-08-23 16:20:22.999897+08
01M0MX49WPX60RZ67DQJXZ764B,01KZRW4877D5ZY6TAERNGTV34K,01KZRRGW14G35YB41SN7AN85CV,2020-07-14,,,,delivered,4300.00,2026-08-23 16:20:22.999897+08,2026-08-23 16:20:22.999897+08
01M0MX49WP1NE0EN9G3NVXT0BG,01KZRW4877D5ZY6TAERNGTV34K,01KZRRGW14G35YB41SN7AN85CV,2020-07-18,,,,cancelled,785.00,2026-08-23 16:20:22.999897+08,2026-08-23 16:20:22.999897+08
01M0MX49WPDDTGQH7Y6HPT6J79,01KZRW4877D5ZY6TAERNGTV34K,01KZRRGW14G35YB41SN7AN85CV,2020-07-22,,,,confirmed,2800.00,2026-08-23 16:20:22.999897+08,2026-08-23 16:20:22.999897+08
01M0MX49WPYEY0E1YB1RN3ADJJ,01KZRW4877D5ZY6TAERNGTV34K,01KZRRGW14G35YB41SN7AN85CV,2020-01-08,,,,delivered,5698.00,2026-08-23 16:20:22.999897+08,2026-08-23 16:20:22.999897+08
01M0MX49WPCQHHFMTFD7KFTPQS,01KZRW4877D5ZY6TAERNGTV34K,01KZRRGW14G35YB41SN7AN85CV,2020-08-08,,,,confirmed,5265.00,2026-08-23 16:20:22.999897+08,2026-08-23 16:20:22.999897+08
01M0MX49WP4JA04H6Q708TPK7C,01KZRW4877D5ZY6TAERNGTV34K,01KZRRGW14G35YB41SN7AN85CV,2020-08-22,,,,cancelled,700.00,2026-08-23 16:20:22.999897+08,2026-08-23 16:20:22.999897+08
01M0MX49WP6SDCAV2PGMN7VY00,01KZRW4877D5ZY6TAERNGTV34K,01KZRRGW14G35YB41SN7AN85CV,2020-02-09,,,,confirmed,7130.00,2026-08-23 16:20:22.999897+08,2026-08-23 16:20:22.999897+08
01M0MX49WPHGMP53TN29J3B9F0,01KZRW4877D5ZY6TAERNGTV34K,01KZRRGW14G35YB41SN7AN85CV,2020-08-09,,,,confirmed,11958.00,2026-08-23 16:20:22.999897+08,2026-08-23 16:20:22.999897+08
01M0MX49WPAJBVQS2NTKCVF8G7,01KZRW4877D5ZY6TAERNGTV34K,01KZRRGW14G35YB41SN7AN85CV,2020-09-15,,,,processing,10805.00,2026-08-23 16:20:22.999897+08,2026-08-23 16:20:22.999897+08
01M0MX49WPYCQ8EME28Z3BRKSM,01KZRW4877D5ZY6TAERNGTV34K,01KZRRGW14G35YB41SN7AN85CV,2020-09-18,,,,delivered,625.00,2026-08-23 16:20:22.999897+08,2026-08-23 16:20:22.999897+08
01M0MX49WPJ494KXWJ5JREB3Q0,01KZRW4877D5ZY6TAERNGTV34K,01KZRRGW14G35YB41SN7AN85CV,2020-09-23,,,,delivered,4230.00,2026-08-23 16:20:22.999897+08,2026-08-23 16:20:22.999897+08
01M0MX49WPG5D28QW05A9HHM7J,01KZRW4877D5ZY6TAERNGTV34K,01KZRRGW14G35YB41SN7AN85CV,2020-05-10,,,,pending,120.00,2026-08-23 16:20:22.999897+08,2026-08-23 16:20:22.999897+08
01M0MX49WPGQFB47J1ZTR02PHC,01KZRW4877D5ZY6TAERNGTV34K,01KZRRGW14G35YB41SN7AN85CV,2020-10-19,,,,delivered,5075.00,2026-08-23 16:20:22.999897+08,2026-08-23 16:20:22.999897+08
01M0MX49WPE1913T8SWN8ADYYF,01KZRW4877D5ZY6TAERNGTV34K,01KZRRGW14G35YB41SN7AN85CV,2020-05-11,,,,pending,12670.00,2026-08-23 16:20:22.999897+08,2026-08-23 16:20:22.999897+08
01M0MX49WP5RJBZFZES5D2B9Q6,01KZRW4877D5ZY6TAERNGTV34K,01KZRRGW14G35YB41SN7AN85CV,2020-07-11,,,,pending,7000.00,2026-08-23 16:20:22.999897+08,2026-08-23 16:20:22.999897+08
01M0MX49WPYXVXE0KTFBVP5469,01KZRW4877D5ZY6TAERNGTV34K,01KZRRGW14G35YB41SN7AN85CV,2020-12-11,,,,delivered,12233.00,2026-08-23 16:20:22.999897+08,2026-08-23 16:20:22.999897+08
01M0MX49WPPPAVE8B6G9ZSDNNZ,01KZRW4877D5ZY6TAERNGTV34K,01KZRRGW14G35YB41SN7AN85CV,2020-11-16,,,,cancelled,5815.00,2026-08-23 16:20:22.999897+08,2026-08-23 16:20:22.999897+08
01M0MX49WP3AXW6KJ9DYP754DQ,01KZRW4877D5ZY6TAERNGTV34K,01KZRRGW14G35YB41SN7AN85CV,2020-01-12,,,,confirmed,10286.00,2026-08-23 16:20:22.999897+08,2026-08-23 16:20:22.999897+08
01M0MX49WPJCS2YFMJB8032RVF,01KZRW4877D5ZY6TAERNGTV34K,01KZRRGW14G35YB41SN7AN85CV,2020-06-12,,,,delivered,5600.00,2026-08-23 16:20:22.999897+08,2026-08-23 16:20:22.999897+08
01M0MX49WP5PN4E244DKK5Q3RE,01KZRW4877D5ZY6TAERNGTV34K,01KZRRGW14G35YB41SN7AN85CV,2020-12-12,,,,delivered,1470.00,2026-08-23 16:20:22.999897+08,2026-08-23 16:20:22.999897+08
01M0MX49WPY1MMMSFC6FACZQFS,01KZRW4877D5ZY6TAERNGTV34K,01KZRRGW14G35YB41SN7AN85CV,2020-12-19,,,,processing,4200.00,2026-08-23 16:20:22.999897+08,2026-08-23 16:20:22.999897+08
01M0MX49WPXJBVS0B6FF3C9ZWF,01KZRW4877D5ZY6TAERNGTV34K,01KZRRGW14G35YB41SN7AN85CV,2020-12-21,,,,confirmed,11200.00,2026-08-23 16:20:22.999897+08,2026-08-23 16:20:22.999897+08
01M0MX49WPXWRZ1TVM66PBH33M,01KZRW4877D5ZY6TAERNGTV34K,01KZRRGW142XAJ3EN2YJAF1HJB,2020-02-01,,,,confirmed,225.00,2026-08-23 16:20:22.999897+08,2026-08-23 16:20:22.999897+08
01M0MX49WPRZZFDE5SQY8AEVC4,01KZRW4877D5ZY6TAERNGTV34K,01KZRRGW142XAJ3EN2YJAF1HJB,2020-08-01,,,,pending,300.00,2026-08-23 16:20:22.999897+08,2026-08-23 16:20:22.999897+08
01M0MX49WP9KQWTAPM6C30BTRQ,01KZRW4877D5ZY6TAERNGTV34K,01KZRRGW142XAJ3EN2YJAF1HJB,2020-01-15,,,,pending,8702.00,2026-08-23 16:20:22.999897+08,2026-08-23 16:20:22.999897+08
01M0MX49WPRRKP29907N27WFBJ,01KZRW4877D5ZY6TAERNGTV34K,01KZRRGW142XAJ3EN2YJAF1HJB,2020-01-20,,,,delivered,2445.00,2026-08-23 16:20:22.999897+08,2026-08-23 16:20:22.999897+08
01M0MX49WPJZ9P89XF6X6N24VC,01KZRW4877D5ZY6TAERNGTV34K,01KZRRGW142XAJ3EN2YJAF1HJB,2020-01-21,,,,processing,5820.00,2026-08-23 16:20:22.999897+08,2026-08-23 16:20:22.999897+08
01M0MX49WP1D2QWT2SY1C1GYD2,01KZRW4877D5ZY6TAERNGTV34K,01KZRRGW142XAJ3EN2YJAF1HJB,2020-02-02,,,,delivered,7300.00,2026-08-23 16:20:22.999897+08,2026-08-23 16:20:22.999897+08
01M0MX49WPY7K4X118T4JX4MJ4,01KZRW4877D5ZY6TAERNGTV34K,01KZRRGW142XAJ3EN2YJAF1HJB,2020-10-02,,,,cancelled,5810.00,2026-08-23 16:20:22.999897+08,2026-08-23 16:20:22.999897+08
01M0MX49WPR86GT3R57ESQSHW0,01KZRW4877D5ZY6TAERNGTV34K,01KZRRGW142XAJ3EN2YJAF1HJB,2020-02-14,,,,pending,3150.00,2026-08-23 16:20:22.999897+08,2026-08-23 16:20:22.999897+08
01M0MX49WP51XQH7G3Z8C9H3KC,01KZRW4877D5ZY6TAERNGTV34K,01KZRRGW142XAJ3EN2YJAF1HJB,2020-02-21,,,,pending,6890.00,2026-08-23 16:20:22.999897+08,2026-08-23 16:20:22.999897+08
01M0MX49WP422BXC4JF2H3TEBB,01KZRW4877D5ZY6TAERNGTV34K,01KZRRGW142XAJ3EN2YJAF1HJB,2020-05-03,,,,processing,6300.00,2026-08-23 16:20:22.999897+08,2026-08-23 16:20:22.999897+08
01M0MX49WPENP63PAJSVMZ1A29,01KZRW4877D5ZY6TAERNGTV34K,01KZRRGW142XAJ3EN2YJAF1HJB,2020-10-03,,,,processing,13975.00,2026-08-23 16:20:22.999897+08,2026-08-23 16:20:22.999897+08
01M0MX49WPJJY1V10J4SGBJAAD,01KZRW4877D5ZY6TAERNGTV34K,01KZRRGW142XAJ3EN2YJAF1HJB,2020-03-20,,,,delivered,2520.00,2026-08-23 16:20:22.999897+08,2026-08-23 16:20:22.999897+08
01M0MX49WP2ZTJ0BT5PZV4HBNC,01KZRW4877D5ZY6TAERNGTV34K,01KZRRGW142XAJ3EN2YJAF1HJB,2020-06-04,,,,confirmed,9450.00,2026-08-23 16:20:22.999897+08,2026-08-23 16:20:22.999897+08
01M0MX49WP39ECDEWQBN9BBJ3G,01KZRW4877D5ZY6TAERNGTV34K,01KZRRGW142XAJ3EN2YJAF1HJB,2020-04-13,,,,processing,5250.00,2026-08-23 16:20:22.999897+08,2026-08-23 16:20:22.999897+08
01M0MX49WPFZZAJT5JCZP1WJMX,01KZRW4877D5ZY6TAERNGTV34K,01KZRRGW142XAJ3EN2YJAF1HJB,2020-04-16,,,,confirmed,6230.00,2026-08-23 16:20:22.999897+08,2026-08-23 16:20:22.999897+08
01M0MX49WPNPV1FRD9BBW3DT25,01KZRW4877D5ZY6TAERNGTV34K,01KZRRGW142XAJ3EN2YJAF1HJB,2020-04-23,,,,delivered,9450.00,2026-08-23 16:20:22.999897+08,2026-08-23 16:20:22.999897+08
01M0MX49WPJYGWGP3E2J0MDD6P,01KZRW4877D5ZY6TAERNGTV34K,01KZRRGW142XAJ3EN2YJAF1HJB,2020-05-13,,,,confirmed,4690.00,2026-08-23 16:20:22.999897+08,2026-08-23 16:20:22.999897+08
01M0MX49WPTZEZX84ED3H2PG0Q,01KZRW4877D5ZY6TAERNGTV34K,01KZRRGW142XAJ3EN2YJAF1HJB,2020-05-16,,,,pending,14795.00,2026-08-23 16:20:22.999897+08,2026-08-23 16:20:22.999897+08
01M0MX49WP38B3VTWZKVBMENYJ,01KZRW4877D5ZY6TAERNGTV34K,01KZRRGW142XAJ3EN2YJAF1HJB,2020-05-25,,,,confirmed,8500.00,2026-08-23 16:20:22.999897+08,2026-08-23 16:20:22.999897+08
01M0MX49WPSZJ2BFQ2V9SY4R2T,01KZRW4877D5ZY6TAERNGTV34K,01KZRRGW142XAJ3EN2YJAF1HJB,2020-04-06,,,,delivered,165.00,2026-08-23 16:20:22.999897+08,2026-08-23 16:20:22.999897+08
01M0MX49WPYRABW5QTZ4EQPHV3,01KZRW4877D5ZY6TAERNGTV34K,01KZRRGW142XAJ3EN2YJAF1HJB,2020-10-06,,,,processing,980.00,2026-08-23 16:20:22.999897+08,2026-08-23 16:20:22.999897+08
01M0MX49WPYEFYFEGTN9N1GPCQ,01KZRW4877D5ZY6TAERNGTV34K,01KZRRGW142XAJ3EN2YJAF1HJB,2020-06-19,,,,delivered,175.00,2026-08-23 16:20:22.999897+08,2026-08-23 16:20:22.999897+08
01M0MX49WP0DZ8A0TYN1QDJKS0,01KZRW4877D5ZY6TAERNGTV34K,01KZRRGW142XAJ3EN2YJAF1HJB,2020-06-23,,,,pending,120.00,2026-08-23 16:20:22.999897+08,2026-08-23 16:20:22.999897+08
01M0MX49WP5CE74MCNX5ZXQBJR,01KZRW4877D5ZY6TAERNGTV34K,01KZRRGW142XAJ3EN2YJAF1HJB,2020-02-07,,,,delivered,2800.00,2026-08-23 16:20:22.999897+08,2026-08-23 16:20:22.999897+08
01M0MX49WP81M84FHVFVFSCS0X,01KZRW4877D5ZY6TAERNGTV34K,01KZRRGW142XAJ3EN2YJAF1HJB,2020-08-07,,,,confirmed,1792.00,2026-08-23 16:20:22.999897+08,2026-08-23 16:20:22.999897+08
01M0MX49WPPDEGAP93DRV3TXXD,01KZRW4877D5ZY6TAERNGTV34K,01KZRRGW142XAJ3EN2YJAF1HJB,2020-07-14,,,,processing,995.00,2026-08-23 16:20:22.999897+08,2026-08-23 16:20:22.999897+08
01M0MX49WPCMYSRQCJH49MNCNN,01KZRW4877D5ZY6TAERNGTV34K,01KZRRGW142XAJ3EN2YJAF1HJB,2020-07-23,,,,processing,2790.00,2026-08-23 16:20:22.999897+08,2026-08-23 16:20:22.999897+08
01M0MX49WPZDGJWE9D1H7E1YD0,01KZRW4877D5ZY6TAERNGTV34K,01KZRRGW142XAJ3EN2YJAF1HJB,2020-03-08,,,,pending,4635.00,2026-08-23 16:20:22.999897+08,2026-08-23 16:20:22.999897+08
01M0MX49WPAMS285691BEQ2Z36,01KZRW4877D5ZY6TAERNGTV34K,01KZRRGW142XAJ3EN2YJAF1HJB,2020-07-08,,,,pending,7625.00,2026-08-23 16:20:22.999897+08,2026-08-23 16:20:22.999897+08
01M0MX49WPDBAY06MCSZ5ABZH5,01KZRW4877D5ZY6TAERNGTV34K,01KZRRGW142XAJ3EN2YJAF1HJB,2020-12-08,,,,delivered,12170.00,2026-08-23 16:20:22.999897+08,2026-08-23 16:20:22.999897+08
01M0MX49WP9JRF55PW0KBM36Q0,01KZRW4877D5ZY6TAERNGTV34K,01KZRRGW142XAJ3EN2YJAF1HJB,2020-08-22,,,,pending,2310.00,2026-08-23 16:20:22.999897+08,2026-08-23 16:20:22.999897+08
01M0MX49WP0HWTVAZVQ3GDZH1F,01KZRW4877D5ZY6TAERNGTV34K,01KZRRGW142XAJ3EN2YJAF1HJB,2020-02-09,,,,pending,3465.00,2026-08-23 16:20:22.999897+08,2026-08-23 16:20:22.999897+08
01M0MX49WPYEJN4EHDPBJCNZEP,01KZRW4877D5ZY6TAERNGTV34K,01KZRRGW142XAJ3EN2YJAF1HJB,2020-06-09,,,,delivered,1865.00,2026-08-23 16:20:22.999897+08,2026-08-23 16:20:22.999897+08
01M0MX49WPTBNAY89E961X1JT5,01KZRW4877D5ZY6TAERNGTV34K,01KZRRGW142XAJ3EN2YJAF1HJB,2020-09-14,,,,confirmed,2085.00,2026-08-23 16:20:22.999897+08,2026-08-23 16:20:22.999897+08
01M0MX49WPD89F6RX6RN0CDVZA,01KZRW4877D5ZY6TAERNGTV34K,01KZRRGW142XAJ3EN2YJAF1HJB,2020-09-19,,,,pending,854.00,2026-08-23 16:20:22.999897+08,2026-08-23 16:20:22.999897+08
01M0MX49WPYD647D9CN6X8E6AZ,01KZRW4877D5ZY6TAERNGTV34K,01KZRRGW142XAJ3EN2YJAF1HJB,2020-05-10,,,,processing,3880.00,2026-08-23 16:20:22.999897+08,2026-08-23 16:20:22.999897+08
01M0MX49WP6FC5KM8AE3EF7QN9,01KZRW4877D5ZY6TAERNGTV34K,01KZRRGW142XAJ3EN2YJAF1HJB,2020-10-10,,,,delivered,350.00,2026-08-23 16:20:22.999897+08,2026-08-23 16:20:22.999897+08
01M0MX49WPRT3ZETVA0T30VQY0,01KZRW4877D5ZY6TAERNGTV34K,01KZRRGW142XAJ3EN2YJAF1HJB,2020-10-14,,,,delivered,6055.00,2026-08-23 16:20:22.999897+08,2026-08-23 16:20:22.999897+08
01M0MX49WP5SEVAWFXPMAZ97N7,01KZRW4877D5ZY6TAERNGTV34K,01KZRRGW142XAJ3EN2YJAF1HJB,2020-10-19,,,,delivered,4090.00,2026-08-23 16:20:22.999897+08,2026-08-23 16:20:22.999897+08
01M0MX49WP6JDSJMJHVTGXVN5N,01KZRW4877D5ZY6TAERNGTV34K,01KZRRGW142XAJ3EN2YJAF1HJB,2020-10-22,,,,pending,10500.00,2026-08-23 16:20:22.999897+08,2026-08-23 16:20:22.999897+08
01M0MX49WPZJXJ0S56D9MG6V4Z,01KZRW4877D5ZY6TAERNGTV34K,01KZRRGW142XAJ3EN2YJAF1HJB,2020-01-11,,,,confirmed,4300.00,2026-08-23 16:20:22.999897+08,2026-08-23 16:20:22.999897+08
01M0MX49WPTQKWBCEQNM1YS055,01KZRW4877D5ZY6TAERNGTV34K,01KZRRGW142XAJ3EN2YJAF1HJB,2020-11-11,,,,delivered,70.00,2026-08-23 16:20:22.999897+08,2026-08-23 16:20:22.999897+08
01M0MX49WP0D1MFYMYMNQ3Y2A4,01KZRW4877D5ZY6TAERNGTV34K,01KZRRGW142XAJ3EN2YJAF1HJB,2020-11-18,,,,pending,30.00,2026-08-23 16:20:22.999897+08,2026-08-23 16:20:22.999897+08
01M0MX49WPJD3REJTDZAVPJV78,01KZRW4877D5ZY6TAERNGTV34K,01KZRRGW142XAJ3EN2YJAF1HJB,2020-11-21,,,,confirmed,7070.00,2026-08-23 16:20:22.999897+08,2026-08-23 16:20:22.999897+08
01M0MX49WP67W0Q2NH1HEHM0ZA,01KZRW4877D5ZY6TAERNGTV34K,01KZRRGW142XAJ3EN2YJAF1HJB,2020-01-12,,,,cancelled,7000.00,2026-08-23 16:20:22.999897+08,2026-08-23 16:20:22.999897+08
01M0MX49WP7WJWJ6AK7PV8A702,01KZRW4877D5ZY6TAERNGTV34K,01KZRRGW142XAJ3EN2YJAF1HJB,2020-09-12,,,,confirmed,560.00,2026-08-23 16:20:22.999897+08,2026-08-23 16:20:22.999897+08
01M0MX49WPRP1E4AMWXFC650Y9,01KZRW4877D5ZY6TAERNGTV34K,01KZRRGW142XAJ3EN2YJAF1HJB,2020-12-19,,,,pending,140.00,2026-08-23 16:20:22.999897+08,2026-08-23 16:20:22.999897+08
01M0MX49WP9HSGHZ14QP8HQW8A,01KZRW4877D5ZY6TAERNGTV34K,01KZRRGW142XAJ3EN2YJAF1HJB,2020-12-23,,,,cancelled,840.00,2026-08-23 16:20:22.999897+08,2026-08-23 16:20:22.999897+08
01M0MX49WGWSFKGNZF15XEYKA5,01KZRW48771BV67J8RNDGKP3AK,01KZRRGW14KMGR1H2QPNVXB420,2020-05-01,,,,delivered,2060.00,2026-08-23 16:20:22.999897+08,2026-08-23 16:20:22.999897+08
01M0MX49WG004SBCYTBYJH705R,01KZRW48771BV67J8RNDGKP3AK,01KZRRGW14KMGR1H2QPNVXB420,2020-10-01,,,,delivered,2444.00,2026-08-23 16:20:22.999897+08,2026-08-23 16:20:22.999897+08
01M0MX49WGMY6DHVRP45WDQZ6H,01KZRW48771BV67J8RNDGKP3AK,01KZRRGW14KMGR1H2QPNVXB420,2020-01-20,,,,delivered,5250.00,2026-08-23 16:20:22.999897+08,2026-08-23 16:20:22.999897+08
01M0MX49WGH0D3RCEBTBRXTDD4,01KZRW48771BV67J8RNDGKP3AK,01KZRRGW14KMGR1H2QPNVXB420,2020-03-19,,,,delivered,11200.00,2026-08-23 16:20:22.999897+08,2026-08-23 16:20:22.999897+08
01M0MX49WGDNVXP0NK8Y3ENK5B,01KZRW48771BV67J8RNDGKP3AK,01KZRRGW14KMGR1H2QPNVXB420,2020-08-05,,,,delivered,8365.00,2026-08-23 16:20:22.999897+08,2026-08-23 16:20:22.999897+08
01M0MX49WGC9GDS8XV7XBE4DG3,01KZRW48771BV67J8RNDGKP3AK,01KZRRGW14KMGR1H2QPNVXB420,2020-06-22,,,,delivered,10850.00,2026-08-23 16:20:22.999897+08,2026-08-23 16:20:22.999897+08
01M0MX49WGXQMD67E82YWBV9A6,01KZRW48771BV67J8RNDGKP3AK,01KZRRGW14KMGR1H2QPNVXB420,2020-03-07,,,,delivered,6895.00,2026-08-23 16:20:22.999897+08,2026-08-23 16:20:22.999897+08
01M0MX49WGYD1YF88F6QNM3YET,01KZRW48771BV67J8RNDGKP3AK,01KZRRGW14KMGR1H2QPNVXB420,2020-07-18,,,,delivered,4445.00,2026-08-23 16:20:22.999897+08,2026-08-23 16:20:22.999897+08
01M0MX49WGJHBW8YNE1ZSP57NW,01KZRW48771BV67J8RNDGKP3AK,01KZRRGW14KMGR1H2QPNVXB420,2020-08-22,,,,delivered,700.00,2026-08-23 16:20:22.999897+08,2026-08-23 16:20:22.999897+08
01M0MX49WGRCJD3Y4TMDVMKAMM,01KZRW48771BV67J8RNDGKP3AK,01KZRRGW14KMGR1H2QPNVXB420,2020-04-09,,,,delivered,6300.00,2026-08-23 16:20:22.999897+08,2026-08-23 16:20:22.999897+08
01M0MX49WG9H8QETP1BVK1THR4,01KZRW48771BV67J8RNDGKP3AK,01KZRRGW14KMGR1H2QPNVXB420,2020-09-20,,,,delivered,9925.00,2026-08-23 16:20:22.999897+08,2026-08-23 16:20:22.999897+08
01M0MX49WGA9SEAX50N0ZVB0WJ,01KZRW48771BV67J8RNDGKP3AK,01KZRRGW14KMGR1H2QPNVXB420,2020-10-20,,,,delivered,3500.00,2026-08-23 16:20:22.999897+08,2026-08-23 16:20:22.999897+08
01M0MX49WGREXZ6NJYZYTVZP4Q,01KZRW48771BV67J8RNDGKP3AK,01KZRRGW143DR9TSRKKQDPRDKM,2020-01-18,,,,delivered,1610.00,2026-08-23 16:20:22.999897+08,2026-08-23 16:20:22.999897+08
01M0MX49WGJ400FMXNGNC52VYE,01KZRW48771BV67J8RNDGKP3AK,01KZRRGW143DR9TSRKKQDPRDKM,2020-01-22,,,,delivered,7670.00,2026-08-23 16:20:22.999897+08,2026-08-23 16:20:22.999897+08
01M0MX49WG4DNT9NVSVA0KH6QS,01KZRW48771BV67J8RNDGKP3AK,01KZRRGW143DR9TSRKKQDPRDKM,2020-03-19,,,,delivered,3145.00,2026-08-23 16:20:22.999897+08,2026-08-23 16:20:22.999897+08
01M0MX49WGS0B084H9FVN04BJ0,01KZRW48771BV67J8RNDGKP3AK,01KZRRGW143DR9TSRKKQDPRDKM,2020-02-04,,,,delivered,1170.00,2026-08-23 16:20:22.999897+08,2026-08-23 16:20:22.999897+08
01M0MX49WGMR8F23VDTQ3AXMCB,01KZRW48771BV67J8RNDGKP3AK,01KZRRGW143DR9TSRKKQDPRDKM,2020-04-19,,,,delivered,2100.00,2026-08-23 16:20:22.999897+08,2026-08-23 16:20:22.999897+08
01M0MX49WG52GYDJCVHPWWMT9T,01KZRW48771BV67J8RNDGKP3AK,01KZRRGW143DR9TSRKKQDPRDKM,2020-04-21,,,,delivered,1466.00,2026-08-23 16:20:22.999897+08,2026-08-23 16:20:22.999897+08
01M0MX49WG6NQ4TT9391X6B0SY,01KZRW48771BV67J8RNDGKP3AK,01KZRRGW143DR9TSRKKQDPRDKM,2020-05-13,,,,delivered,6425.00,2026-08-23 16:20:22.999897+08,2026-08-23 16:20:22.999897+08
01M0MX49WG94YG90DV8KYQB38S,01KZRW48771BV67J8RNDGKP3AK,01KZRRGW143DR9TSRKKQDPRDKM,2020-07-06,,,,delivered,2225.00,2026-08-23 16:20:22.999897+08,2026-08-23 16:20:22.999897+08
01M0MX49WGBSMXJ7AQZE1SF4RM,01KZRW48771BV67J8RNDGKP3AK,01KZRRGW143DR9TSRKKQDPRDKM,2020-08-08,,,,delivered,700.00,2026-08-23 16:20:22.999897+08,2026-08-23 16:20:22.999897+08
01M0MX49WG3VN6466DQWFHYC7B,01KZRW48771BV67J8RNDGKP3AK,01KZRRGW143DR9TSRKKQDPRDKM,2020-03-11,,,,delivered,510.00,2026-08-23 16:20:22.999897+08,2026-08-23 16:20:22.999897+08
01M0MX49WGWREM4YEJ3BF0549V,01KZRW48771BV67J8RNDGKP3AK,01KZRRGW143DR9TSRKKQDPRDKM,2020-11-13,,,,delivered,5600.00,2026-08-23 16:20:22.999897+08,2026-08-23 16:20:22.999897+08
01M0MX49WG98YJSPJECPT94ADA,01KZRW48771BV67J8RNDGKP3AK,01KZRRGW143DR9TSRKKQDPRDKM,2020-03-12,,,,delivered,5585.00,2026-08-23 16:20:22.999897+08,2026-08-23 16:20:22.999897+08
01M0MX49WGP1W1PG1N4QYCS2MD,01KZRW48771BV67J8RNDGKP3AK,01KZRRGW143DR9TSRKKQDPRDKM,2020-09-12,,,,delivered,7700.00,2026-08-23 16:20:22.999897+08,2026-08-23 16:20:22.999897+08
01M0MX49WGVXQCQE3Q8RXQYXBC,01KZRW48771BV67J8RNDGKP3AK,01KZRRGW14MXEWF9HMYNXVS5ER,2020-10-01,,,,delivered,10360.00,2026-08-23 16:20:22.999897+08,2026-08-23 16:20:22.999897+08
01M0MX49WGQ1GF74CR8QCBT3BE,01KZRW48771BV67J8RNDGKP3AK,01KZRRGW14MXEWF9HMYNXVS5ER,2020-05-02,,,,delivered,3143.00,2026-08-23 16:20:22.999897+08,2026-08-23 16:20:22.999897+08
01M0MX49WGHM8SJF6A7GGRKXN3,01KZRW48771BV67J8RNDGKP3AK,01KZRRGW14MXEWF9HMYNXVS5ER,2020-12-02,,,,delivered,2100.00,2026-08-23 16:20:22.999897+08,2026-08-23 16:20:22.999897+08
01M0MX49WG80W50B138SXHBW3F,01KZRW48771BV67J8RNDGKP3AK,01KZRRGW14MXEWF9HMYNXVS5ER,2020-04-16,,,,delivered,2945.00,2026-08-23 16:20:22.999897+08,2026-08-23 16:20:22.999897+08
01M0MX49WGVNYFKC4X8XN8FH6S,01KZRW48771BV67J8RNDGKP3AK,01KZRRGW14MXEWF9HMYNXVS5ER,2020-04-24,,,,delivered,6805.00,2026-08-23 16:20:22.999897+08,2026-08-23 16:20:22.999897+08
01M0MX49WG21RBK7ST2VH8P7SG,01KZRW48771BV67J8RNDGKP3AK,01KZRRGW14MXEWF9HMYNXVS5ER,2020-09-05,,,,delivered,12965.00,2026-08-23 16:20:22.999897+08,2026-08-23 16:20:22.999897+08
01M0MX49WG1H44DNBD5KMKXHPX,01KZRW48771BV67J8RNDGKP3AK,01KZRRGW14MXEWF9HMYNXVS5ER,2020-05-22,,,,delivered,8270.00,2026-08-23 16:20:22.999897+08,2026-08-23 16:20:22.999897+08
01M0MX49WG8EM6ZCKFEZ8HF4QK,01KZRW48771BV67J8RNDGKP3AK,01KZRRGW14MXEWF9HMYNXVS5ER,2020-06-06,,,,delivered,6185.00,2026-08-23 16:20:22.999897+08,2026-08-23 16:20:22.999897+08
01M0MX49WGETXHY9Q3XJZ4T7AS,01KZRW48771BV67J8RNDGKP3AK,01KZRRGW14MXEWF9HMYNXVS5ER,2020-06-16,,,,delivered,2240.00,2026-08-23 16:20:22.999897+08,2026-08-23 16:20:22.999897+08
01M0MX49WGYGHZDHJTENKDFFFP,01KZRW48771BV67J8RNDGKP3AK,01KZRRGW14MXEWF9HMYNXVS5ER,2020-03-07,,,,delivered,1285.00,2026-08-23 16:20:22.999897+08,2026-08-23 16:20:22.999897+08
01M0MX49WGTGT0RN5W6EPDPANS,01KZRW48771BV67J8RNDGKP3AK,01KZRRGW14MXEWF9HMYNXVS5ER,2020-10-07,,,,delivered,5250.00,2026-08-23 16:20:22.999897+08,2026-08-23 16:20:22.999897+08
01M0MX49WGXMDCRXGJJNMYREG4,01KZRW48771BV67J8RNDGKP3AK,01KZRRGW14MXEWF9HMYNXVS5ER,2020-07-14,,,,delivered,9030.00,2026-08-23 16:20:22.999897+08,2026-08-23 16:20:22.999897+08
01M0MX49WG2SS6V97TFMTDBRF7,01KZRW48771BV67J8RNDGKP3AK,01KZRRGW14MXEWF9HMYNXVS5ER,2020-07-08,,,,delivered,7470.00,2026-08-23 16:20:22.999897+08,2026-08-23 16:20:22.999897+08
01M0MX49WGA7WH80042NC4PQ0G,01KZRW48771BV67J8RNDGKP3AK,01KZRRGW14MXEWF9HMYNXVS5ER,2020-08-14,,,,delivered,10850.00,2026-08-23 16:20:22.999897+08,2026-08-23 16:20:22.999897+08
01M0MX49WGZQ0GCT5ZAR3CXZ9G,01KZRW48771BV67J8RNDGKP3AK,01KZRRGW14MXEWF9HMYNXVS5ER,2020-04-10,,,,delivered,4585.00,2026-08-23 16:20:22.999897+08,2026-08-23 16:20:22.999897+08
01M0MX49WGADXAVKGFWJRW1MDT,01KZRW48771BV67J8RNDGKP3AK,01KZRRGW14MXEWF9HMYNXVS5ER,2020-11-19,,,,delivered,3150.00,2026-08-23 16:20:22.999897+08,2026-08-23 16:20:22.999897+08
01M0MX49WG6A0DYGZZV8FG4HN4,01KZRW48771BV67J8RNDGKP3AK,01KZRRGW14MXEWF9HMYNXVS5ER,2020-12-16,,,,delivered,490.00,2026-08-23 16:20:22.999897+08,2026-08-23 16:20:22.999897+08
01M0MX49WGZ5BMFA9DEAQR4YF3,01KZRW4877NAVZSR88Z0ZHKRW9,01KZRRGW14DC1V4DFEXXX74JBW,2020-06-01,,,,delivered,770.00,2026-08-23 16:20:22.999897+08,2026-08-23 16:20:22.999897+08
01M0MX49WGK3VT3BP5Z76RKX0H,01KZRW4877NAVZSR88Z0ZHKRW9,01KZRRGW14DC1V4DFEXXX74JBW,2020-01-18,,,,delivered,7590.00,2026-08-23 16:20:22.999897+08,2026-08-23 16:20:22.999897+08
01M0MX49WG4PF56ECMBJ580233,01KZRW4877NAVZSR88Z0ZHKRW9,01KZRRGW14DC1V4DFEXXX74JBW,2020-06-05,,,,delivered,2580.00,2026-08-23 16:20:22.999897+08,2026-08-23 16:20:22.999897+08
01M0MX49WGKB9WBNR487HNB0YA,01KZRW4877NAVZSR88Z0ZHKRW9,01KZRRGW14DC1V4DFEXXX74JBW,2020-05-13,,,,delivered,2425.00,2026-08-23 16:20:22.999897+08,2026-08-23 16:20:22.999897+08
01M0MX49WGBQ71SM2Q89BQYEES,01KZRW4877NAVZSR88Z0ZHKRW9,01KZRRGW14DC1V4DFEXXX74JBW,2020-04-06,,,,delivered,3955.00,2026-08-23 16:20:22.999897+08,2026-08-23 16:20:22.999897+08
01M0MX49WGP1CDVYKGQK3G9RHQ,01KZRW4877NAVZSR88Z0ZHKRW9,01KZRRGW14DC1V4DFEXXX74JBW,2020-07-07,,,,delivered,3832.00,2026-08-23 16:20:22.999897+08,2026-08-23 16:20:22.999897+08
01M0MX49WG7SVTW1WBGME5XFYB,01KZRW4877NAVZSR88Z0ZHKRW9,01KZRRGW14DC1V4DFEXXX74JBW,2020-07-25,,,,delivered,10450.00,2026-08-23 16:20:22.999897+08,2026-08-23 16:20:22.999897+08
01M0MX49WG5TXSGJ7V3D45NXKF,01KZRW4877NAVZSR88Z0ZHKRW9,01KZRRGW14DC1V4DFEXXX74JBW,2020-10-15,,,,delivered,9250.00,2026-08-23 16:20:22.999897+08,2026-08-23 16:20:22.999897+08
01M0MX49WGY94APPV4FZHM5264,01KZRW4877NAVZSR88Z0ZHKRW9,01KZRRGW14DC1V4DFEXXX74JBW,2020-10-25,,,,delivered,2615.00,2026-08-23 16:20:22.999897+08,2026-08-23 16:20:22.999897+08
01M0MX49WG4FBTJGSPSB6FD3TT,01KZRW4877NAVZSR88Z0ZHKRW9,01KZRRGW14DC1V4DFEXXX74JBW,2020-04-11,,,,delivered,1904.00,2026-08-23 16:20:22.999897+08,2026-08-23 16:20:22.999897+08
01M0MX49WGWHEB6MYGPG23D05E,01KZRW4877NAVZSR88Z0ZHKRW9,01KZRRGW14DC1V4DFEXXX74JBW,2020-11-13,,,,delivered,7485.00,2026-08-23 16:20:22.999897+08,2026-08-23 16:20:22.999897+08
01M0MX49WGZAD6GFEDKKJX47JD,01KZRW4877NAVZSR88Z0ZHKRW9,01KZRRGW14DC1V4DFEXXX74JBW,2020-11-25,,,,delivered,1925.00,2026-08-23 16:20:22.999897+08,2026-08-23 16:20:22.999897+08
01M0MX49WGYQDJVEV99QJT4JS8,01KZRW4877NAVZSR88Z0ZHKRW9,01KZRRGW14DC1V4DFEXXX74JBW,2020-02-12,,,,delivered,10906.00,2026-08-23 16:20:22.999897+08,2026-08-23 16:20:22.999897+08
01M0MX49WGDKC6YP1E32SM8V24,01KZRW4877NAVZSR88Z0ZHKRW9,01KZRRGW14KBMMYGKVHMX9RQD8,2020-02-23,,,,delivered,6650.00,2026-08-23 16:20:22.999897+08,2026-08-23 16:20:22.999897+08
01M0MX49WGGVJXMNC0HT7XFZR3,01KZRW4877NAVZSR88Z0ZHKRW9,01KZRRGW14KBMMYGKVHMX9RQD8,2020-02-03,,,,delivered,6830.00,2026-08-23 16:20:22.999897+08,2026-08-23 16:20:22.999897+08
01M0MX49WGPC3J2G9Z047721KV,01KZRW4877NAVZSR88Z0ZHKRW9,01KZRRGW14KBMMYGKVHMX9RQD8,2020-03-20,,,,delivered,450.00,2026-08-23 16:20:22.999897+08,2026-08-23 16:20:22.999897+08
01M0MX49WGQMGXGQAJ1S8QJTZM,01KZRW4877NAVZSR88Z0ZHKRW9,01KZRRGW14KBMMYGKVHMX9RQD8,2020-04-04,,,,delivered,2145.00,2026-08-23 16:20:22.999897+08,2026-08-23 16:20:22.999897+08
01M0MX49WGASYXZCQM93HPM55K,01KZRW4877NAVZSR88Z0ZHKRW9,01KZRRGW14KBMMYGKVHMX9RQD8,2020-07-04,,,,delivered,8310.00,2026-08-23 16:20:22.999897+08,2026-08-23 16:20:22.999897+08
01M0MX49WGRJQ2SS17Y1ZY49VG,01KZRW4877NAVZSR88Z0ZHKRW9,01KZRRGW14KBMMYGKVHMX9RQD8,2020-04-23,,,,delivered,7470.00,2026-08-23 16:20:22.999897+08,2026-08-23 16:20:22.999897+08
01M0MX49WGTBWG5C3D3RF8ZBD6,01KZRW4877NAVZSR88Z0ZHKRW9,01KZRRGW14KBMMYGKVHMX9RQD8,2020-06-22,,,,delivered,360.00,2026-08-23 16:20:22.999897+08,2026-08-23 16:20:22.999897+08
01M0MX49WG5X816QCVQXES3D4E,01KZRW4877NAVZSR88Z0ZHKRW9,01KZRRGW14KBMMYGKVHMX9RQD8,2020-01-07,,,,delivered,5600.00,2026-08-23 16:20:22.999897+08,2026-08-23 16:20:22.999897+08
01M0MX49WGFSZDK4TF559DVCHK,01KZRW4877NAVZSR88Z0ZHKRW9,01KZRRGW14KBMMYGKVHMX9RQD8,2020-03-08,,,,delivered,3745.00,2026-08-23 16:20:22.999897+08,2026-08-23 16:20:22.999897+08
01M0MX49WGJB4CQKTYDDM1QZ7A,01KZRW4877NAVZSR88Z0ZHKRW9,01KZRRGW14KBMMYGKVHMX9RQD8,2020-02-09,,,,delivered,5950.00,2026-08-23 16:20:22.999897+08,2026-08-23 16:20:22.999897+08
01M0MX49WG0V6AHZKNTR5FPZE8,01KZRW4877NAVZSR88Z0ZHKRW9,01KZRRGW14KBMMYGKVHMX9RQD8,2020-09-24,,,,delivered,1820.00,2026-08-23 16:20:22.999897+08,2026-08-23 16:20:22.999897+08
01M0MX49WGXV27WA2KPMQFZAY4,01KZRW4877NAVZSR88Z0ZHKRW9,01KZRRGW14KBMMYGKVHMX9RQD8,2020-10-21,,,,delivered,3150.00,2026-08-23 16:20:22.999897+08,2026-08-23 16:20:22.999897+08
01M0MX49WGQ1KAYZNN8Y9EV6T3,01KZRW4877NAVZSR88Z0ZHKRW9,01KZRRGW14KBMMYGKVHMX9RQD8,2020-07-11,,,,delivered,3810.00,2026-08-23 16:20:22.999897+08,2026-08-23 16:20:22.999897+08
01M0MX49WG1WEM26E65614E0CD,01KZRW4877NAVZSR88Z0ZHKRW9,01KZRRGW14KBMMYGKVHMX9RQD8,2020-12-19,,,,delivered,7320.00,2026-08-23 16:20:22.999897+08,2026-08-23 16:20:22.999897+08
01M0MX49WGSXKZA1CWBJ4Y8ZY2,01KZRW4877NAVZSR88Z0ZHKRW9,01KZRRGW149RPSGBHQY8MZC6NF,2020-01-20,,,,delivered,5950.00,2026-08-23 16:20:22.999897+08,2026-08-23 16:20:22.999897+08
01M0MX49WGSY7HYMZSYQKM7NTC,01KZRW4877NAVZSR88Z0ZHKRW9,01KZRRGW149RPSGBHQY8MZC6NF,2020-01-23,,,,delivered,6160.00,2026-08-23 16:20:22.999897+08,2026-08-23 16:20:22.999897+08
01M0MX49WG59S9HVD4RPVMYVAR,01KZRW4877NAVZSR88Z0ZHKRW9,01KZRRGW149RPSGBHQY8MZC6NF,2020-02-14,,,,delivered,120.00,2026-08-23 16:20:22.999897+08,2026-08-23 16:20:22.999897+08
01M0MX49WGV63PKVM3GKMH06ND,01KZRW4877NAVZSR88Z0ZHKRW9,01KZRRGW149RPSGBHQY8MZC6NF,2020-03-20,,,,delivered,3850.00,2026-08-23 16:20:22.999897+08,2026-08-23 16:20:22.999897+08
01M0MX49WGYGXQAMC629Z7BG52,01KZRW4877NAVZSR88Z0ZHKRW9,01KZRRGW149RPSGBHQY8MZC6NF,2020-02-04,,,,delivered,2465.00,2026-08-23 16:20:22.999897+08,2026-08-23 16:20:22.999897+08
01M0MX49WG3AKC87PSZYM05A00,01KZRW4877NAVZSR88Z0ZHKRW9,01KZRRGW149RPSGBHQY8MZC6NF,2020-10-22,,,,delivered,4580.00,2026-08-23 16:20:22.999897+08,2026-08-23 16:20:22.999897+08
01M0MX49WG8329D7DG765H9ESX,01KZRW4877NAVZSR88Z0ZHKRW9,01KZRRGW149RPSGBHQY8MZC6NF,2020-04-11,,,,delivered,4900.00,2026-08-23 16:20:22.999897+08,2026-08-23 16:20:22.999897+08
01M0MX49WGYGFH6KKJDZFX0F33,01KZRW4877NAVZSR88Z0ZHKRW9,01KZRRGW149RPSGBHQY8MZC6NF,2020-10-12,,,,delivered,8310.00,2026-08-23 16:20:22.999897+08,2026-08-23 16:20:22.999897+08
01M0MX49WGSFR5BABX53DWZ84Z,01KZRW4877NAVZSR88Z0ZHKRW9,01KZRRGW149RPSGBHQY8MZC6NF,2020-12-19,,,,delivered,15330.00,2026-08-23 16:20:22.999897+08,2026-08-23 16:20:22.999897+08
01M0MX49WGJBCK0J3CXN4VS3SV,01KZRW4877NAVZSR88Z0ZHKRW9,01KZRRGW149RPSGBHQY8MZC6NF,2020-12-22,,,,delivered,5925.00,2026-08-23 16:20:22.999897+08,2026-08-23 16:20:22.999897+08
01M0MX49WGVHX8MYGQ5VMZ0TD1,01KZRW4877ASYYCMJDQ4ZM72CY,01KZRRGW14K9GDB2KGW0SVFJBM,2020-04-01,,,,delivered,8050.00,2026-08-23 16:20:22.999897+08,2026-08-23 16:20:22.999897+08
01M0MX49WGQ1MGH7YVP4QSC351,01KZRW4877ASYYCMJDQ4ZM72CY,01KZRRGW14K9GDB2KGW0SVFJBM,2020-01-21,,,,delivered,490.00,2026-08-23 16:20:22.999897+08,2026-08-23 16:20:22.999897+08
01M0MX49WGB1SF24ZG0EQF3JEE,01KZRW4877ASYYCMJDQ4ZM72CY,01KZRRGW14K9GDB2KGW0SVFJBM,2020-04-02,,,,delivered,3630.00,2026-08-23 16:20:22.999897+08,2026-08-23 16:20:22.999897+08
01M0MX49WG9ZSVD7VQ6G8EYQ2R,01KZRW4877ASYYCMJDQ4ZM72CY,01KZRRGW14K9GDB2KGW0SVFJBM,2020-02-17,,,,delivered,970.00,2026-08-23 16:20:22.999897+08,2026-08-23 16:20:22.999897+08
01M0MX49WGHMEFEXPCBPEDV7RW,01KZRW4877ASYYCMJDQ4ZM72CY,01KZRRGW14K9GDB2KGW0SVFJBM,2020-03-24,,,,delivered,660.00,2026-08-23 16:20:22.999897+08,2026-08-23 16:20:22.999897+08
01M0MX49WGY9VP8VTRTAZT2729,01KZRW4877ASYYCMJDQ4ZM72CY,01KZRRGW14K9GDB2KGW0SVFJBM,2020-03-04,,,,delivered,15750.00,2026-08-23 16:20:22.999897+08,2026-08-23 16:20:22.999897+08
01M0MX49WGWY8P72HKH6F8VFTA,01KZRW4877ASYYCMJDQ4ZM72CY,01KZRRGW14K9GDB2KGW0SVFJBM,2020-05-22,,,,delivered,735.00,2026-08-23 16:20:22.999897+08,2026-08-23 16:20:22.999897+08
01M0MX49WGYJXZBT2FZCCSWD8W,01KZRW4877ASYYCMJDQ4ZM72CY,01KZRRGW14K9GDB2KGW0SVFJBM,2020-12-06,,,,delivered,600.00,2026-08-23 16:20:22.999897+08,2026-08-23 16:20:22.999897+08
01M0MX49WGEJMYDQENB7683PBF,01KZRW4877ASYYCMJDQ4ZM72CY,01KZRRGW14K9GDB2KGW0SVFJBM,2020-06-21,,,,delivered,2735.00,2026-08-23 16:20:22.999897+08,2026-08-23 16:20:22.999897+08
01M0MX49WGYY6SR74T80DH0BDX,01KZRW4877ASYYCMJDQ4ZM72CY,01KZRRGW14K9GDB2KGW0SVFJBM,2020-10-07,,,,delivered,8910.00,2026-08-23 16:20:22.999897+08,2026-08-23 16:20:22.999897+08
01M0MX49WGB1J7YFJF9D0T4XF0,01KZRW4877ASYYCMJDQ4ZM72CY,01KZRRGW14K9GDB2KGW0SVFJBM,2020-07-15,,,,delivered,8750.00,2026-08-23 16:20:22.999897+08,2026-08-23 16:20:22.999897+08
01M0MX49WG8HJ6FYFVCXZX0ZEX,01KZRW4877ASYYCMJDQ4ZM72CY,01KZRRGW14K9GDB2KGW0SVFJBM,2020-03-08,,,,delivered,90.00,2026-08-23 16:20:22.999897+08,2026-08-23 16:20:22.999897+08
01M0MX49WG9W23ZN2C5EQ133PJ,01KZRW4877ASYYCMJDQ4ZM72CY,01KZRRGW14K9GDB2KGW0SVFJBM,2020-06-08,,,,delivered,2450.00,2026-08-23 16:20:22.999897+08,2026-08-23 16:20:22.999897+08
01M0MX49WGG15HDH87YQQWB00Y,01KZRW4877ASYYCMJDQ4ZM72CY,01KZRRGW14K9GDB2KGW0SVFJBM,2020-03-10,,,,delivered,1335.00,2026-08-23 16:20:22.999897+08,2026-08-23 16:20:22.999897+08
01M0MX49WGRJWN1VXVQB2YDYGX,01KZRW4877ASYYCMJDQ4ZM72CY,01KZRRGW14K9GDB2KGW0SVFJBM,2020-09-10,,,,delivered,5810.00,2026-08-23 16:20:22.999897+08,2026-08-23 16:20:22.999897+08
01M0MX49WGGKC52WMZY6R4BMZE,01KZRW4877ASYYCMJDQ4ZM72CY,01KZRRGW14K9GDB2KGW0SVFJBM,2020-11-11,,,,delivered,2800.00,2026-08-23 16:20:22.999897+08,2026-08-23 16:20:22.999897+08
01M0MX49WGNDC1XP58RDFK3TEK,01KZRW4877ASYYCMJDQ4ZM72CY,01KZRRGW14K9GDB2KGW0SVFJBM,2020-12-17,,,,delivered,480.00,2026-08-23 16:20:22.999897+08,2026-08-23 16:20:22.999897+08
01M0MX49WGY7SAPBC0WGWYTPTG,01KZRW4877ASYYCMJDQ4ZM72CY,01KZRRGW14J5MRZ241JHXYMPE5,2020-08-01,,,,delivered,17150.00,2026-08-23 16:20:22.999897+08,2026-08-23 16:20:22.999897+08
01M0MX49WG7531P4B2J6ZGYT13,01KZRW4877ASYYCMJDQ4ZM72CY,01KZRRGW14J5MRZ241JHXYMPE5,2020-11-01,,,,delivered,150.00,2026-08-23 16:20:22.999897+08,2026-08-23 16:20:22.999897+08
01M0MX49WGNANBMFN0GY8WY9TJ,01KZRW4877ASYYCMJDQ4ZM72CY,01KZRRGW14J5MRZ241JHXYMPE5,2020-04-03,,,,delivered,2920.00,2026-08-23 16:20:22.999897+08,2026-08-23 16:20:22.999897+08
01M0MX49WGTRQ1SKC4B6RSJ7S5,01KZRW4877ASYYCMJDQ4ZM72CY,01KZRRGW14J5MRZ241JHXYMPE5,2020-04-20,,,,delivered,7240.00,2026-08-23 16:20:22.999897+08,2026-08-23 16:20:22.999897+08
01M0MX49WG4C532DCJ122AFZRQ,01KZRW4877ASYYCMJDQ4ZM72CY,01KZRRGW14J5MRZ241JHXYMPE5,2020-05-13,,,,delivered,700.00,2026-08-23 16:20:22.999897+08,2026-08-23 16:20:22.999897+08
01M0MX49WGWM7NZPXZ6THZ4HMS,01KZRW4877ASYYCMJDQ4ZM72CY,01KZRRGW14J5MRZ241JHXYMPE5,2020-05-19,,,,delivered,5100.00,2026-08-23 16:20:22.999897+08,2026-08-23 16:20:22.999897+08
01M0MX49WGA5P790KGT34YXKXR,01KZRW4877ASYYCMJDQ4ZM72CY,01KZRRGW14J5MRZ241JHXYMPE5,2020-05-23,,,,delivered,4095.00,2026-08-23 16:20:22.999897+08,2026-08-23 16:20:22.999897+08
01M0MX49WGF5CVTQ5J3X9HSQAQ,01KZRW4877ASYYCMJDQ4ZM72CY,01KZRRGW14J5MRZ241JHXYMPE5,2020-12-06,,,,delivered,2800.00,2026-08-23 16:20:22.999897+08,2026-08-23 16:20:22.999897+08
01M0MX49WGS8XVVK6HMD635KKV,01KZRW4877ASYYCMJDQ4ZM72CY,01KZRRGW14J5MRZ241JHXYMPE5,2020-07-14,,,,delivered,270.00,2026-08-23 16:20:22.999897+08,2026-08-23 16:20:22.999897+08
01M0MX49WGY9XNS6YKXT4KDJWX,01KZRW4877ASYYCMJDQ4ZM72CY,01KZRRGW14J5MRZ241JHXYMPE5,2020-08-09,,,,delivered,570.00,2026-08-23 16:20:22.999897+08,2026-08-23 16:20:22.999897+08
01M0MX49WGY81K0V7P5CGRXNBF,01KZRW4877ASYYCMJDQ4ZM72CY,01KZRRGW14J5MRZ241JHXYMPE5,2020-10-19,,,,delivered,840.00,2026-08-23 16:20:22.999897+08,2026-08-23 16:20:22.999897+08
01M0MX49WGV1G0PCZZAFY5PHSS,01KZRW4877ASYYCMJDQ4ZM72CY,01KZRRGW14J5MRZ241JHXYMPE5,2020-09-11,,,,delivered,8820.00,2026-08-23 16:20:22.999897+08,2026-08-23 16:20:22.999897+08
01M0MX49WGC0W46F3NA9P26EV1,01KZRW4877ASYYCMJDQ4ZM72CY,01KZRRGW14J5MRZ241JHXYMPE5,2020-11-19,,,,delivered,6650.00,2026-08-23 16:20:22.999897+08,2026-08-23 16:20:22.999897+08
01M0MX49WHPBV42EETH0W30112,01KZRW4877ASYYCMJDQ4ZM72CY,01KZRRGW14Z2V2BPKDSQ6DKV67,2020-09-01,,,,delivered,8845.00,2026-08-23 16:20:22.999897+08,2026-08-23 16:20:22.999897+08
01M0MX49WH7PTAXTFP029EC8YD,01KZRW4877ASYYCMJDQ4ZM72CY,01KZRRGW14Z2V2BPKDSQ6DKV67,2020-01-15,,,,delivered,6650.00,2026-08-23 16:20:22.999897+08,2026-08-23 16:20:22.999897+08
01M0MX49WHR5TSB1R72G5DC18C,01KZRW4877ASYYCMJDQ4ZM72CY,01KZRRGW14Z2V2BPKDSQ6DKV67,2020-01-20,,,,delivered,6650.00,2026-08-23 16:20:22.999897+08,2026-08-23 16:20:22.999897+08
01M0MX49WHBXEQA903MJDZ67A5,01KZRW4877ASYYCMJDQ4ZM72CY,01KZRRGW14Z2V2BPKDSQ6DKV67,2020-05-02,,,,delivered,3150.00,2026-08-23 16:20:22.999897+08,2026-08-23 16:20:22.999897+08
01M0MX49WH6X48955Z988D49ZX,01KZRW4877ASYYCMJDQ4ZM72CY,01KZRRGW14Z2V2BPKDSQ6DKV67,2020-03-21,,,,delivered,4305.00,2026-08-23 16:20:22.999897+08,2026-08-23 16:20:22.999897+08
01M0MX49WHMWDT24RARAAM2WP9,01KZRW4877ASYYCMJDQ4ZM72CY,01KZRRGW14Z2V2BPKDSQ6DKV67,2020-04-04,,,,delivered,5150.00,2026-08-23 16:20:22.999897+08,2026-08-23 16:20:22.999897+08
01M0MX49WH0JAQ7VG9Y009XXZG,01KZRW4877ASYYCMJDQ4ZM72CY,01KZRRGW14Z2V2BPKDSQ6DKV67,2020-07-21,,,,delivered,120.00,2026-08-23 16:20:22.999897+08,2026-08-23 16:20:22.999897+08
01M0MX49WHXWHRWJC6GZ3C86PZ,01KZRW4877ASYYCMJDQ4ZM72CY,01KZRRGW14Z2V2BPKDSQ6DKV67,2020-04-08,,,,delivered,4200.00,2026-08-23 16:20:22.999897+08,2026-08-23 16:20:22.999897+08
01M0MX49WHQ5TBGD19608XAEVG,01KZRW4877ASYYCMJDQ4ZM72CY,01KZRRGW14Z2V2BPKDSQ6DKV67,2020-08-13,,,,delivered,310.00,2026-08-23 16:20:22.999897+08,2026-08-23 16:20:22.999897+08
01M0MX49WHBAC3DWCG8ZFBRBBW,01KZRW4877ASYYCMJDQ4ZM72CY,01KZRRGW14Z2V2BPKDSQ6DKV67,2020-08-16,,,,delivered,6650.00,2026-08-23 16:20:22.999897+08,2026-08-23 16:20:22.999897+08
01M0MX49WHH8S8FEGE6WBM1G8B,01KZRW4877ASYYCMJDQ4ZM72CY,01KZRRGW14Z2V2BPKDSQ6DKV67,2020-08-22,,,,delivered,7000.00,2026-08-23 16:20:22.999897+08,2026-08-23 16:20:22.999897+08
01M0MX49WHDH0443HXPZCZ8A33,01KZRW4877ASYYCMJDQ4ZM72CY,01KZRRGW14Z2V2BPKDSQ6DKV67,2020-04-09,,,,delivered,725.00,2026-08-23 16:20:22.999897+08,2026-08-23 16:20:22.999897+08
01M0MX49WHX6YK20QF2QEVMFJK,01KZRW4877ASYYCMJDQ4ZM72CY,01KZRRGW14Z2V2BPKDSQ6DKV67,2020-06-09,,,,delivered,3260.00,2026-08-23 16:20:22.999897+08,2026-08-23 16:20:22.999897+08
01M0MX49WHP6EMGF3H94P85V0N,01KZRW4877ASYYCMJDQ4ZM72CY,01KZRRGW14Z2V2BPKDSQ6DKV67,2020-11-09,,,,delivered,4200.00,2026-08-23 16:20:22.999897+08,2026-08-23 16:20:22.999897+08
01M0MX49WHHPHYFVW5B7DKDY1M,01KZRW4877ASYYCMJDQ4ZM72CY,01KZRRGW14Z2V2BPKDSQ6DKV67,2020-11-10,,,,delivered,4200.00,2026-08-23 16:20:22.999897+08,2026-08-23 16:20:22.999897+08
01M0MX49WHVBN18X85EAWE4AHP,01KZRW4877ASYYCMJDQ4ZM72CY,01KZRRGW14Z2V2BPKDSQ6DKV67,2020-11-18,,,,delivered,11298.00,2026-08-23 16:20:22.999897+08,2026-08-23 16:20:22.999897+08
01M0MX49WH1GRJ4EXT14AP6VK7,01KZRW4877DZMG7S8EQEYF7D89,01KZRRGW142RC6MARTSS19R7GK,2020-04-02,,,,delivered,1750.00,2026-08-23 16:20:22.999897+08,2026-08-23 16:20:22.999897+08
01M0MX49WH0QE416MSPQ291R07,01KZRW4877DZMG7S8EQEYF7D89,01KZRRGW142RC6MARTSS19R7GK,2020-02-15,,,,delivered,10315.00,2026-08-23 16:20:22.999897+08,2026-08-23 16:20:22.999897+08
01M0MX49WHZR4JNA0G3T5TG79A,01KZRW4877DZMG7S8EQEYF7D89,01KZRRGW142RC6MARTSS19R7GK,2020-07-03,,,,delivered,6849.00,2026-08-23 16:20:22.999897+08,2026-08-23 16:20:22.999897+08
01M0MX49WHYQ62TV1MHFKN576A,01KZRW4877DZMG7S8EQEYF7D89,01KZRRGW142RC6MARTSS19R7GK,2020-11-03,,,,delivered,480.00,2026-08-23 16:20:22.999897+08,2026-08-23 16:20:22.999897+08
01M0MX49WH6ECK5JDJR88W15QR,01KZRW4877DZMG7S8EQEYF7D89,01KZRRGW142RC6MARTSS19R7GK,2020-04-20,,,,delivered,2240.00,2026-08-23 16:20:22.999897+08,2026-08-23 16:20:22.999897+08
01M0MX49WHEQ78W14KR9B1NC56,01KZRW4877DZMG7S8EQEYF7D89,01KZRRGW142RC6MARTSS19R7GK,2020-05-15,,,,delivered,11200.00,2026-08-23 16:20:22.999897+08,2026-08-23 16:20:22.999897+08
01M0MX49WH27R867S3S7GV2WYR,01KZRW4877DZMG7S8EQEYF7D89,01KZRRGW142RC6MARTSS19R7GK,2020-09-07,,,,delivered,3360.00,2026-08-23 16:20:22.999897+08,2026-08-23 16:20:22.999897+08
01M0MX49WHYF1F087EGTJP66A7,01KZRW4877DZMG7S8EQEYF7D89,01KZRRGW142RC6MARTSS19R7GK,2020-07-17,,,,delivered,6430.00,2026-08-23 16:20:22.999897+08,2026-08-23 16:20:22.999897+08
01M0MX49WHB64PMA666HTM5MSH,01KZRW4877DZMG7S8EQEYF7D89,01KZRRGW142RC6MARTSS19R7GK,2020-07-24,,,,delivered,6470.00,2026-08-23 16:20:22.999897+08,2026-08-23 16:20:22.999897+08
01M0MX49WHAW6SM3WAX331AS5R,01KZRW4877DZMG7S8EQEYF7D89,01KZRRGW142RC6MARTSS19R7GK,2020-01-08,,,,delivered,1225.00,2026-08-23 16:20:22.999897+08,2026-08-23 16:20:22.999897+08
01M0MX49WH3BJF308SB2V8EWH9,01KZRW4877DZMG7S8EQEYF7D89,01KZRRGW142RC6MARTSS19R7GK,2020-08-21,,,,delivered,8540.00,2026-08-23 16:20:22.999897+08,2026-08-23 16:20:22.999897+08
01M0MX49WH131TEE43H0FGGFR9,01KZRW4877DZMG7S8EQEYF7D89,01KZRRGW142RC6MARTSS19R7GK,2020-09-15,,,,delivered,10670.00,2026-08-23 16:20:22.999897+08,2026-08-23 16:20:22.999897+08
01M0MX49WHHVHRHS3MGQ56ECXP,01KZRW4877DZMG7S8EQEYF7D89,01KZRRGW142RC6MARTSS19R7GK,2020-08-12,,,,delivered,6300.00,2026-08-23 16:20:22.999897+08,2026-08-23 16:20:22.999897+08
01M0MX49WHQZHVCE84KPBZ84G6,01KZRW4877DZMG7S8EQEYF7D89,01KZRRGW14X9Y2N7Y1J43BS87F,2020-08-01,,,,delivered,3930.00,2026-08-23 16:20:22.999897+08,2026-08-23 16:20:22.999897+08
01M0MX49WHZ2HFEJXHWTW51A6K,01KZRW4877DZMG7S8EQEYF7D89,01KZRRGW14X9Y2N7Y1J43BS87F,2020-11-02,,,,delivered,2450.00,2026-08-23 16:20:22.999897+08,2026-08-23 16:20:22.999897+08
01M0MX49WHDYEQ4H1YDP27XGAG,01KZRW4877DZMG7S8EQEYF7D89,01KZRRGW14X9Y2N7Y1J43BS87F,2020-02-19,,,,delivered,2905.00,2026-08-23 16:20:22.999897+08,2026-08-23 16:20:22.999897+08
01M0MX49WH6BN42FDTX1AWVDTN,01KZRW4877DZMG7S8EQEYF7D89,01KZRRGW14X9Y2N7Y1J43BS87F,2020-03-24,,,,delivered,7185.00,2026-08-23 16:20:22.999897+08,2026-08-23 16:20:22.999897+08
01M0MX49WHK6CA9YE78B3MQSJK,01KZRW4877DZMG7S8EQEYF7D89,01KZRRGW14X9Y2N7Y1J43BS87F,2020-04-14,,,,delivered,6780.00,2026-08-23 16:20:22.999897+08,2026-08-23 16:20:22.999897+08
01M0MX49WHVPR5KMJQ20NQ14Y6,01KZRW4877DZMG7S8EQEYF7D89,01KZRRGW14X9Y2N7Y1J43BS87F,2020-04-17,,,,delivered,1750.00,2026-08-23 16:20:22.999897+08,2026-08-23 16:20:22.999897+08
01M0MX49WH0CV5ASJHQA23AZDF,01KZRW4877DZMG7S8EQEYF7D89,01KZRRGW14X9Y2N7Y1J43BS87F,2020-05-05,,,,delivered,1915.00,2026-08-23 16:20:22.999897+08,2026-08-23 16:20:22.999897+08
01M0MX49WHE9GD5P7AECXCA92R,01KZRW4877DZMG7S8EQEYF7D89,01KZRRGW14X9Y2N7Y1J43BS87F,2020-06-23,,,,delivered,11760.00,2026-08-23 16:20:22.999897+08,2026-08-23 16:20:22.999897+08
01M0MX49WHR8RVR2VQWED7918E,01KZRW4877DZMG7S8EQEYF7D89,01KZRRGW14X9Y2N7Y1J43BS87F,2020-01-07,,,,delivered,8890.00,2026-08-23 16:20:22.999897+08,2026-08-23 16:20:22.999897+08
01M0MX49WHKRMTZZGRCZWPZMVJ,01KZRW4877DZMG7S8EQEYF7D89,01KZRRGW14X9Y2N7Y1J43BS87F,2020-08-07,,,,delivered,262.00,2026-08-23 16:20:22.999897+08,2026-08-23 16:20:22.999897+08
01M0MX49WHVB7Y52K0PT8BPVVJ,01KZRW4877DZMG7S8EQEYF7D89,01KZRRGW14X9Y2N7Y1J43BS87F,2020-08-17,,,,delivered,2478.00,2026-08-23 16:20:22.999897+08,2026-08-23 16:20:22.999897+08
01M0MX49WHYKZ7TH6KK6GZEPHJ,01KZRW4877DZMG7S8EQEYF7D89,01KZRRGW14X9Y2N7Y1J43BS87F,2020-10-25,,,,delivered,7165.00,2026-08-23 16:20:22.999897+08,2026-08-23 16:20:22.999897+08
01M0MX49WHX53X4TQYMHGFDMZM,01KZRW4877DZMG7S8EQEYF7D89,01KZRRGW146F8C4946XJM2S6EC,2020-02-01,,,,delivered,5600.00,2026-08-23 16:20:22.999897+08,2026-08-23 16:20:22.999897+08
01M0MX49WHJD4GV4T45PYM2BEC,01KZRW4877DZMG7S8EQEYF7D89,01KZRRGW146F8C4946XJM2S6EC,2020-12-01,,,,delivered,13815.00,2026-08-23 16:20:22.999897+08,2026-08-23 16:20:22.999897+08
01M0MX49WH6H5CPWGR212Y575H,01KZRW4877DZMG7S8EQEYF7D89,01KZRRGW146F8C4946XJM2S6EC,2020-01-24,,,,delivered,5020.00,2026-08-23 16:20:22.999897+08,2026-08-23 16:20:22.999897+08
01M0MX49WHKJF0SCKRC0QX70G0,01KZRW4877DZMG7S8EQEYF7D89,01KZRRGW146F8C4946XJM2S6EC,2020-06-03,,,,delivered,330.00,2026-08-23 16:20:22.999897+08,2026-08-23 16:20:22.999897+08
01M0MX49WHNXP21VZ7QDH89F9A,01KZRW4877DZMG7S8EQEYF7D89,01KZRRGW146F8C4946XJM2S6EC,2020-04-04,,,,delivered,10880.00,2026-08-23 16:20:22.999897+08,2026-08-23 16:20:22.999897+08
01M0MX49WHHYRCCAC7XHNCY8VH,01KZRW4877DZMG7S8EQEYF7D89,01KZRRGW146F8C4946XJM2S6EC,2020-04-19,,,,delivered,7920.00,2026-08-23 16:20:22.999897+08,2026-08-23 16:20:22.999897+08
01M0MX49WHN1961VCQNBF0K8Q1,01KZRW4877DZMG7S8EQEYF7D89,01KZRRGW146F8C4946XJM2S6EC,2020-04-05,,,,delivered,4900.00,2026-08-23 16:20:22.999897+08,2026-08-23 16:20:22.999897+08
01M0MX49WH4MR1QJYP6Y7FB50F,01KZRW4877DZMG7S8EQEYF7D89,01KZRRGW146F8C4946XJM2S6EC,2020-12-05,,,,delivered,360.00,2026-08-23 16:20:22.999897+08,2026-08-23 16:20:22.999897+08
01M0MX49WHMP3DDGAEBWBESG7B,01KZRW4877DZMG7S8EQEYF7D89,01KZRRGW146F8C4946XJM2S6EC,2020-07-14,,,,delivered,3850.00,2026-08-23 16:20:22.999897+08,2026-08-23 16:20:22.999897+08
01M0MX49WH1TFSN1PV7QTBADH8,01KZRW4877DZMG7S8EQEYF7D89,01KZRRGW146F8C4946XJM2S6EC,2020-07-19,,,,delivered,4075.00,2026-08-23 16:20:22.999897+08,2026-08-23 16:20:22.999897+08
01M0MX49WH25WG26T9P1Y34PK1,01KZRW4877DZMG7S8EQEYF7D89,01KZRRGW146F8C4946XJM2S6EC,2020-09-24,,,,delivered,2870.00,2026-08-23 16:20:22.999897+08,2026-08-23 16:20:22.999897+08
01M0MX49WHA614N9432ZGSFDXR,01KZRW4877DZMG7S8EQEYF7D89,01KZRRGW146F8C4946XJM2S6EC,2020-10-14,,,,delivered,1195.00,2026-08-23 16:20:22.999897+08,2026-08-23 16:20:22.999897+08
01M0MX49WH7B4XJT4JTZKKQJSY,01KZRW4877DZMG7S8EQEYF7D89,01KZRRGW146F8C4946XJM2S6EC,2020-11-16,,,,delivered,780.00,2026-08-23 16:20:22.999897+08,2026-08-23 16:20:22.999897+08
01M0MX49WHSJ10WD4NBZZ6FMHH,01KZRW4877R9Q45MFW4A93MM51,01KZRRGW14XPKB44H9B6WS515H,2020-01-20,,,,delivered,6120.00,2026-08-23 16:20:22.999897+08,2026-08-23 16:20:22.999897+08
01M0MX49WHMSGZ5RVK47CGHYEY,01KZRW4877R9Q45MFW4A93MM51,01KZRRGW14XPKB44H9B6WS515H,2020-04-24,,,,delivered,5950.00,2026-08-23 16:20:22.999897+08,2026-08-23 16:20:22.999897+08
01M0MX49WHY8FDW25MRY3ZFK19,01KZRW4877R9Q45MFW4A93MM51,01KZRRGW14XPKB44H9B6WS515H,2020-05-15,,,,delivered,1000.00,2026-08-23 16:20:22.999897+08,2026-08-23 16:20:22.999897+08
01M0MX49WHHX1AR3EPC95X5JMW,01KZRW4877R9Q45MFW4A93MM51,01KZRRGW14XPKB44H9B6WS515H,2020-01-06,,,,delivered,4970.00,2026-08-23 16:20:22.999897+08,2026-08-23 16:20:22.999897+08
01M0MX49WH31FJJMX9G2480SAQ,01KZRW4877R9Q45MFW4A93MM51,01KZRRGW14XPKB44H9B6WS515H,2020-06-17,,,,delivered,210.00,2026-08-23 16:20:22.999897+08,2026-08-23 16:20:22.999897+08
01M0MX49WH7H1DSV1KAQZN46AY,01KZRW4877R9Q45MFW4A93MM51,01KZRRGW14XPKB44H9B6WS515H,2020-09-07,,,,delivered,9520.00,2026-08-23 16:20:22.999897+08,2026-08-23 16:20:22.999897+08
01M0MX49WH82ZVJ26DHDBET644,01KZRW4877R9Q45MFW4A93MM51,01KZRRGW14XPKB44H9B6WS515H,2020-07-18,,,,delivered,8855.00,2026-08-23 16:20:22.999897+08,2026-08-23 16:20:22.999897+08
01M0MX49WHGY39N4CMTWSK9N58,01KZRW4877R9Q45MFW4A93MM51,01KZRRGW14XPKB44H9B6WS515H,2020-01-08,,,,delivered,5950.00,2026-08-23 16:20:22.999897+08,2026-08-23 16:20:22.999897+08
01M0MX49WH6RVF6ZQ73D7C1JJB,01KZRW4877R9Q45MFW4A93MM51,01KZRRGW14XPKB44H9B6WS515H,2020-09-16,,,,delivered,11395.00,2026-08-23 16:20:22.999897+08,2026-08-23 16:20:22.999897+08
01M0MX49WHWWKY6F5504CR8MM3,01KZRW4877R9Q45MFW4A93MM51,01KZRRGW14XPKB44H9B6WS515H,2020-09-25,,,,delivered,940.00,2026-08-23 16:20:22.999897+08,2026-08-23 16:20:22.999897+08
01M0MX49WH61DKD66YZ6NFCMRM,01KZRW4877R9Q45MFW4A93MM51,01KZRRGW14XPKB44H9B6WS515H,2020-11-13,,,,delivered,2490.00,2026-08-23 16:20:22.999897+08,2026-08-23 16:20:22.999897+08
01M0MX49WHB8DAYFWCYG73TXZ3,01KZRW4877R9Q45MFW4A93MM51,01KZRRGW14XPKB44H9B6WS515H,2020-11-18,,,,delivered,620.00,2026-08-23 16:20:22.999897+08,2026-08-23 16:20:22.999897+08
01M0MX49WH8E0GP4T3YRQVYKRF,01KZRW4877R9Q45MFW4A93MM51,01KZRRGW14XPKB44H9B6WS515H,2020-12-17,,,,delivered,1120.00,2026-08-23 16:20:22.999897+08,2026-08-23 16:20:22.999897+08
01M0MX49WHXTJ39RWG7EYMBG8V,01KZRW4877R9Q45MFW4A93MM51,01KZRRGW14A7VW9HY70W2ZKDCX,2020-05-03,,,,delivered,3500.00,2026-08-23 16:20:22.999897+08,2026-08-23 16:20:22.999897+08
01M0MX49WH4YKMC1YA2PWC2BNR,01KZRW4877R9Q45MFW4A93MM51,01KZRRGW14A7VW9HY70W2ZKDCX,2020-11-03,,,,delivered,6725.00,2026-08-23 16:20:22.999897+08,2026-08-23 16:20:22.999897+08
01M0MX49WHC5JQ4RWE5V9V30KJ,01KZRW4877R9Q45MFW4A93MM51,01KZRRGW14A7VW9HY70W2ZKDCX,2020-03-04,,,,delivered,9825.00,2026-08-23 16:20:22.999897+08,2026-08-23 16:20:22.999897+08
01M0MX49WHNYZ6HT4Z3JBYS566,01KZRW4877R9Q45MFW4A93MM51,01KZRRGW14A7VW9HY70W2ZKDCX,2020-05-05,,,,delivered,630.00,2026-08-23 16:20:22.999897+08,2026-08-23 16:20:22.999897+08
01M0MX49WHPE8XZC1W6PP7DAX4,01KZRW4877R9Q45MFW4A93MM51,01KZRRGW14A7VW9HY70W2ZKDCX,2020-06-05,,,,delivered,4143.00,2026-08-23 16:20:22.999897+08,2026-08-23 16:20:22.999897+08
01M0MX49WHJT7JVHRY1AEC8BWB,01KZRW4877R9Q45MFW4A93MM51,01KZRRGW14A7VW9HY70W2ZKDCX,2020-05-15,,,,delivered,600.00,2026-08-23 16:20:22.999897+08,2026-08-23 16:20:22.999897+08
01M0MX49WHWQPB3WRK7ZS1CM5W,01KZRW4877R9Q45MFW4A93MM51,01KZRRGW14A7VW9HY70W2ZKDCX,2020-06-13,,,,delivered,255.00,2026-08-23 16:20:22.999897+08,2026-08-23 16:20:22.999897+08
01M0MX49WH9QYRSVA59QPP76T4,01KZRW4877R9Q45MFW4A93MM51,01KZRRGW14A7VW9HY70W2ZKDCX,2020-06-17,,,,delivered,6860.00,2026-08-23 16:20:22.999897+08,2026-08-23 16:20:22.999897+08
01M0MX49WH3453XS4CQ5GYQ4WZ,01KZRW4877R9Q45MFW4A93MM51,01KZRRGW14A7VW9HY70W2ZKDCX,2020-04-07,,,,delivered,11355.00,2026-08-23 16:20:22.999897+08,2026-08-23 16:20:22.999897+08
01M0MX49WHSDSWSHPTM3Y90DB6,01KZRW4877R9Q45MFW4A93MM51,01KZRRGW14A7VW9HY70W2ZKDCX,2020-07-15,,,,delivered,4410.00,2026-08-23 16:20:22.999897+08,2026-08-23 16:20:22.999897+08
01M0MX49WJR246CYEDPQ0540TM,01KZRW4877R9Q45MFW4A93MM51,01KZRRGW14A7VW9HY70W2ZKDCX,2020-10-13,,,,delivered,10269.00,2026-08-23 16:20:22.999897+08,2026-08-23 16:20:22.999897+08
01M0MX49WJENXBHMEGNNPNFDV0,01KZRW4877R9Q45MFW4A93MM51,01KZRRGW14A7VW9HY70W2ZKDCX,2020-10-24,,,,delivered,6650.00,2026-08-23 16:20:22.999897+08,2026-08-23 16:20:22.999897+08
01M0MX49WJ4AN5AFJKE9WB2J2D,01KZRW4877R9Q45MFW4A93MM51,01KZRRGW14A7VW9HY70W2ZKDCX,2020-11-14,,,,delivered,9700.00,2026-08-23 16:20:22.999897+08,2026-08-23 16:20:22.999897+08
01M0MX49WJF3206SV88KCA7SZK,01KZRW4877R9Q45MFW4A93MM51,01KZRRGW14A7VW9HY70W2ZKDCX,2020-11-21,,,,delivered,14290.00,2026-08-23 16:20:22.999897+08,2026-08-23 16:20:22.999897+08
01M0MX49WJYQATR32XC7QGXJYH,01KZRW4877R9Q45MFW4A93MM51,01KZRRGW14WSB3JJJKQDEREKF3,2020-01-22,,,,delivered,4200.00,2026-08-23 16:20:22.999897+08,2026-08-23 16:20:22.999897+08
01M0MX49WJ47XMKN6K2EYD2HK1,01KZRW4877R9Q45MFW4A93MM51,01KZRRGW14WSB3JJJKQDEREKF3,2020-08-05,,,,delivered,5600.00,2026-08-23 16:20:22.999897+08,2026-08-23 16:20:22.999897+08
01M0MX49WJB5D9X1A2ZR65SHQZ,01KZRW4877R9Q45MFW4A93MM51,01KZRRGW14WSB3JJJKQDEREKF3,2020-05-23,,,,delivered,7470.00,2026-08-23 16:20:22.999897+08,2026-08-23 16:20:22.999897+08
01M0MX49WJA1G8CSC411A4QZHR,01KZRW4877R9Q45MFW4A93MM51,01KZRRGW14WSB3JJJKQDEREKF3,2020-03-08,,,,delivered,12640.00,2026-08-23 16:20:22.999897+08,2026-08-23 16:20:22.999897+08
01M0MX49WJ6A2JWDKG9PFJ9K6G,01KZRW4877R9Q45MFW4A93MM51,01KZRRGW14WSB3JJJKQDEREKF3,2020-06-08,,,,delivered,4575.00,2026-08-23 16:20:22.999897+08,2026-08-23 16:20:22.999897+08
01M0MX49WJXG2C1J4VP6HH1MPR,01KZRW4877R9Q45MFW4A93MM51,01KZRRGW14WSB3JJJKQDEREKF3,2020-08-24,,,,delivered,8505.00,2026-08-23 16:20:22.999897+08,2026-08-23 16:20:22.999897+08
01M0MX49WJCS016TF4CPGNR33Z,01KZRW4877R9Q45MFW4A93MM51,01KZRRGW14WSB3JJJKQDEREKF3,2020-12-09,,,,delivered,1200.00,2026-08-23 16:20:22.999897+08,2026-08-23 16:20:22.999897+08
01M0MX49WJRKM0CQSXK188F34E,01KZRW4877R9Q45MFW4A93MM51,01KZRRGW14WSB3JJJKQDEREKF3,2020-09-17,,,,delivered,3465.00,2026-08-23 16:20:22.999897+08,2026-08-23 16:20:22.999897+08
01M0MX49WJ0S7FCFQZHN61F37D,01KZRW4877R9Q45MFW4A93MM51,01KZRRGW14WSB3JJJKQDEREKF3,2020-10-13,,,,delivered,600.00,2026-08-23 16:20:22.999897+08,2026-08-23 16:20:22.999897+08
01M0MX49WJ7H9ZS6BXPDHV5B13,01KZRW4877R9Q45MFW4A93MM51,01KZRRGW14WSB3JJJKQDEREKF3,2020-12-22,,,,delivered,6920.00,2026-08-23 16:20:22.999897+08,2026-08-23 16:20:22.999897+08
01M0MX49WJ7AW8MJQJMB2MPTPT,01KZRW4877Z8TPYQZSPSR7KQ3R,01KZRRGW147SW8PDR6Z12DT4B9,2020-06-02,,,,delivered,6310.00,2026-08-23 16:20:22.999897+08,2026-08-23 16:20:22.999897+08
01M0MX49WJQ0YBH0DC00VTJV2W,01KZRW4877Z8TPYQZSPSR7KQ3R,01KZRRGW147SW8PDR6Z12DT4B9,2020-04-19,,,,delivered,6650.00,2026-08-23 16:20:22.999897+08,2026-08-23 16:20:22.999897+08
01M0MX49WJH9ZXHHAM5PJGE33X,01KZRW4877Z8TPYQZSPSR7KQ3R,01KZRRGW147SW8PDR6Z12DT4B9,2020-04-06,,,,delivered,1010.00,2026-08-23 16:20:22.999897+08,2026-08-23 16:20:22.999897+08
01M0MX49WJAMV6G0TP3NSAQPTY,01KZRW4877Z8TPYQZSPSR7KQ3R,01KZRRGW147SW8PDR6Z12DT4B9,2020-06-21,,,,delivered,4975.00,2026-08-23 16:20:22.999897+08,2026-08-23 16:20:22.999897+08
01M0MX49WJQPSJX1VHFV6F5306,01KZRW4877Z8TPYQZSPSR7KQ3R,01KZRRGW147SW8PDR6Z12DT4B9,2020-07-14,,,,delivered,9855.00,2026-08-23 16:20:22.999897+08,2026-08-23 16:20:22.999897+08
01M0MX49WJ7T1MVY1N7ET3K34G,01KZRW4877Z8TPYQZSPSR7KQ3R,01KZRRGW147SW8PDR6Z12DT4B9,2020-03-09,,,,delivered,2324.00,2026-08-23 16:20:22.999897+08,2026-08-23 16:20:22.999897+08
01M0MX49WJNZXS2J9C38WACP7N,01KZRW4877Z8TPYQZSPSR7KQ3R,01KZRRGW147SW8PDR6Z12DT4B9,2020-10-19,,,,delivered,485.00,2026-08-23 16:20:22.999897+08,2026-08-23 16:20:22.999897+08
01M0MX49WJPEZEPFNEC55PQ3QC,01KZRW4877Z8TPYQZSPSR7KQ3R,01KZRRGW147SW8PDR6Z12DT4B9,2020-10-11,,,,delivered,4130.00,2026-08-23 16:20:22.999897+08,2026-08-23 16:20:22.999897+08
01M0MX49WJMHQ7MN7ZTV7ATV3R,01KZRW4877Z8TPYQZSPSR7KQ3R,01KZRRGW147SW8PDR6Z12DT4B9,2020-08-12,,,,delivered,2352.00,2026-08-23 16:20:22.999897+08,2026-08-23 16:20:22.999897+08
01M0MX49WJEEZTFT9XHNPN2PA8,01KZRW4877Z8TPYQZSPSR7KQ3R,01KZRRGW14W9JF1K1J0X6X34N8,2020-09-01,,,,delivered,35.00,2026-08-23 16:20:22.999897+08,2026-08-23 16:20:22.999897+08
01M0MX49WJW9MVT1MX6T13EK60,01KZRW4877Z8TPYQZSPSR7KQ3R,01KZRRGW14W9JF1K1J0X6X34N8,2020-01-17,,,,delivered,5600.00,2026-08-23 16:20:22.999897+08,2026-08-23 16:20:22.999897+08
01M0MX49WJ3BHR6PTJ86KDEKTS,01KZRW4877Z8TPYQZSPSR7KQ3R,01KZRRGW14W9JF1K1J0X6X34N8,2020-02-15,,,,delivered,75.00,2026-08-23 16:20:22.999897+08,2026-08-23 16:20:22.999897+08
01M0MX49WJ2TTGG2HCD0YXS1WP,01KZRW4877Z8TPYQZSPSR7KQ3R,01KZRRGW14W9JF1K1J0X6X34N8,2020-01-03,,,,delivered,3850.00,2026-08-23 16:20:22.999897+08,2026-08-23 16:20:22.999897+08
01M0MX49WJS5CT1MK9T12AGQSN,01KZRW4877Z8TPYQZSPSR7KQ3R,01KZRRGW14W9JF1K1J0X6X34N8,2020-07-03,,,,delivered,4525.00,2026-08-23 16:20:22.999897+08,2026-08-23 16:20:22.999897+08
01M0MX49WJG5NX1C2GKHA5GZAN,01KZRW4877Z8TPYQZSPSR7KQ3R,01KZRRGW14W9JF1K1J0X6X34N8,2020-03-18,,,,delivered,1110.00,2026-08-23 16:20:22.999897+08,2026-08-23 16:20:22.999897+08
01M0MX49WJZVARXBWVYR120K0T,01KZRW4877Z8TPYQZSPSR7KQ3R,01KZRRGW14W9JF1K1J0X6X34N8,2020-03-23,,,,delivered,7350.00,2026-08-23 16:20:22.999897+08,2026-08-23 16:20:22.999897+08
01M0MX49WJ6V4HPRJBE6C2KV4M,01KZRW4877Z8TPYQZSPSR7KQ3R,01KZRRGW14W9JF1K1J0X6X34N8,2020-05-05,,,,delivered,4235.00,2026-08-23 16:20:22.999897+08,2026-08-23 16:20:22.999897+08
01M0MX49WJ7P3B9KFK5X9AGDDC,01KZRW4877Z8TPYQZSPSR7KQ3R,01KZRRGW14W9JF1K1J0X6X34N8,2020-09-05,,,,delivered,8875.00,2026-08-23 16:20:22.999897+08,2026-08-23 16:20:22.999897+08
01M0MX49WJ1XZ5REH0RF2GE9CM,01KZRW4877Z8TPYQZSPSR7KQ3R,01KZRRGW14W9JF1K1J0X6X34N8,2020-05-23,,,,delivered,672.00,2026-08-23 16:20:22.999897+08,2026-08-23 16:20:22.999897+08
01M0MX49WJ57ZRXH7E00VAT7BB,01KZRW4877Z8TPYQZSPSR7KQ3R,01KZRRGW14W9JF1K1J0X6X34N8,2020-07-24,,,,delivered,360.00,2026-08-23 16:20:22.999897+08,2026-08-23 16:20:22.999897+08
01M0MX49WJRJAY781Z8MCKDPCW,01KZRW4877Z8TPYQZSPSR7KQ3R,01KZRRGW14W9JF1K1J0X6X34N8,2020-08-13,,,,delivered,5635.00,2026-08-23 16:20:22.999897+08,2026-08-23 16:20:22.999897+08
01M0MX49WJ7K6042VTB5B79QAY,01KZRW4877Z8TPYQZSPSR7KQ3R,01KZRRGW14W9JF1K1J0X6X34N8,2020-10-09,,,,delivered,4850.00,2026-08-23 16:20:22.999897+08,2026-08-23 16:20:22.999897+08
01M0MX49WJSCQJKGSZQJZR3DX0,01KZRW4877Z8TPYQZSPSR7KQ3R,01KZRRGW14W9JF1K1J0X6X34N8,2020-09-19,,,,delivered,705.00,2026-08-23 16:20:22.999897+08,2026-08-23 16:20:22.999897+08
01M0MX49WJWF1SNYTGAS2NTBH0,01KZRW4877Z8TPYQZSPSR7KQ3R,01KZRRGW14W9JF1K1J0X6X34N8,2020-09-10,,,,delivered,2100.00,2026-08-23 16:20:22.999897+08,2026-08-23 16:20:22.999897+08
01M0MX49WJPWV8CCBF5QRF7H3A,01KZRW4877Z8TPYQZSPSR7KQ3R,01KZRRGW14W9JF1K1J0X6X34N8,2020-11-14,,,,delivered,10555.00,2026-08-23 16:20:22.999897+08,2026-08-23 16:20:22.999897+08
01M0MX49WJTHAB8YV3DGX650DV,01KZRW4877Z8TPYQZSPSR7KQ3R,01KZRRGW14W9JF1K1J0X6X34N8,2020-11-16,,,,delivered,2457.00,2026-08-23 16:20:22.999897+08,2026-08-23 16:20:22.999897+08
01M0MX49WJS5SKBX11J9VHZJ2Q,01KZRW4877Z8TPYQZSPSR7KQ3R,01KZRRGW14SVP3PKMRRXC2J621,2020-03-22,,,,delivered,220.00,2026-08-23 16:20:22.999897+08,2026-08-23 16:20:22.999897+08
01M0MX49WJMYDP3D1XJJZPZ2V3,01KZRW4877Z8TPYQZSPSR7KQ3R,01KZRRGW14SVP3PKMRRXC2J621,2020-09-04,,,,delivered,6675.00,2026-08-23 16:20:22.999897+08,2026-08-23 16:20:22.999897+08
01M0MX49WJFB8YE724S6YVERQD,01KZRW4877Z8TPYQZSPSR7KQ3R,01KZRRGW14SVP3PKMRRXC2J621,2020-06-15,,,,delivered,425.00,2026-08-23 16:20:22.999897+08,2026-08-23 16:20:22.999897+08
01M0MX49WJTB8SWV6H54FZC27W,01KZRW4877Z8TPYQZSPSR7KQ3R,01KZRRGW14SVP3PKMRRXC2J621,2020-06-24,,,,delivered,7725.00,2026-08-23 16:20:22.999897+08,2026-08-23 16:20:22.999897+08
01M0MX49WJGX62AMRT03XBXPE2,01KZRW4877Z8TPYQZSPSR7KQ3R,01KZRRGW14SVP3PKMRRXC2J621,2020-07-14,,,,delivered,560.00,2026-08-23 16:20:22.999897+08,2026-08-23 16:20:22.999897+08
01M0MX49WJ1M11X0B3F57T3YDS,01KZRW4877Z8TPYQZSPSR7KQ3R,01KZRRGW14SVP3PKMRRXC2J621,2020-09-09,,,,delivered,7350.00,2026-08-23 16:20:22.999897+08,2026-08-23 16:20:22.999897+08
01M0MX49WJAY00TC6AEFP4C5QN,01KZRW4877Z8TPYQZSPSR7KQ3R,01KZRRGW14SVP3PKMRRXC2J621,2020-09-22,,,,delivered,245.00,2026-08-23 16:20:22.999897+08,2026-08-23 16:20:22.999897+08
01M0MX49WJV8DBHAGW2ZNCT6EH,01KZRW4877Z8TPYQZSPSR7KQ3R,01KZRRGW14SVP3PKMRRXC2J621,2020-10-15,,,,delivered,420.00,2026-08-23 16:20:22.999897+08,2026-08-23 16:20:22.999897+08
01M0MX49WJ3BZYTJD95SAM7SAD,01KZRW4877Z8TPYQZSPSR7KQ3R,01KZRRGW14SVP3PKMRRXC2J621,2020-10-18,,,,delivered,1625.00,2026-08-23 16:20:22.999897+08,2026-08-23 16:20:22.999897+08
01M0MX49WJ1B9MX61K0NWN3TD5,01KZRW4877Z8TPYQZSPSR7KQ3R,01KZRRGW14SVP3PKMRRXC2J621,2020-11-13,,,,delivered,3500.00,2026-08-23 16:20:22.999897+08,2026-08-23 16:20:22.999897+08
01M0MX49WJXR9418G0NNQPPCV0,01KZRW4877Z8TPYQZSPSR7KQ3R,01KZRRGW14SVP3PKMRRXC2J621,2020-12-14,,,,delivered,2910.00,2026-08-23 16:20:22.999897+08,2026-08-23 16:20:22.999897+08
01M0MX49WJQM5CQMNNYH68Y4R9,01KZRW48773C4ZFCJ993MWDQBY,01KZRRGW14X04WHWJ78QR6J8H3,2020-02-14,,,,delivered,1750.00,2026-08-23 16:20:22.999897+08,2026-08-23 16:20:22.999897+08
01M0MX49WJA7R09TXS8G0HGWZ1,01KZRW48773C4ZFCJ993MWDQBY,01KZRRGW14X04WHWJ78QR6J8H3,2020-02-18,,,,delivered,7415.00,2026-08-23 16:20:22.999897+08,2026-08-23 16:20:22.999897+08
01M0MX49WKVE2EGVHA3AHNW0YM,01KZRW48773C4ZFCJ993MWDQBY,01KZRRGW14X04WHWJ78QR6J8H3,2020-04-17,,,,delivered,9675.00,2026-08-23 16:20:22.999897+08,2026-08-23 16:20:22.999897+08
01M0MX49WKXGHDX0WXZWNYJ3ZP,01KZRW48773C4ZFCJ993MWDQBY,01KZRRGW14X04WHWJ78QR6J8H3,2020-05-15,,,,delivered,3360.00,2026-08-23 16:20:22.999897+08,2026-08-23 16:20:22.999897+08
01M0MX49WKQT5G4JXMC1XWJ6FV,01KZRW48773C4ZFCJ993MWDQBY,01KZRRGW14X04WHWJ78QR6J8H3,2020-06-22,,,,delivered,2660.00,2026-08-23 16:20:22.999897+08,2026-08-23 16:20:22.999897+08
01M0MX49WK2AKC6KQQ6DPFVNTV,01KZRW48773C4ZFCJ993MWDQBY,01KZRRGW14X04WHWJ78QR6J8H3,2020-01-08,,,,delivered,6280.00,2026-08-23 16:20:22.999897+08,2026-08-23 16:20:22.999897+08
01M0MX49WKQXKZ42XMPVAT5YAW,01KZRW48773C4ZFCJ993MWDQBY,01KZRRGW14X04WHWJ78QR6J8H3,2020-02-09,,,,delivered,8400.00,2026-08-23 16:20:22.999897+08,2026-08-23 16:20:22.999897+08
01M0MX49WK4ZNF23Q2GWGMS2BG,01KZRW48773C4ZFCJ993MWDQBY,01KZRRGW14X04WHWJ78QR6J8H3,2020-09-19,,,,delivered,1400.00,2026-08-23 16:20:22.999897+08,2026-08-23 16:20:22.999897+08
01M0MX49WKN762M694WVXWYAH8,01KZRW48773C4ZFCJ993MWDQBY,01KZRRGW14X04WHWJ78QR6J8H3,2020-10-24,,,,delivered,422.00,2026-08-23 16:20:22.999897+08,2026-08-23 16:20:22.999897+08
01M0MX49WKMT8P0SPG9W146D1C,01KZRW48773C4ZFCJ993MWDQBY,01KZRRGW14X04WHWJ78QR6J8H3,2020-09-12,,,,delivered,9268.00,2026-08-23 16:20:22.999897+08,2026-08-23 16:20:22.999897+08
01M0MX49WKJCW75ESNKM5EQSYH,01KZRW48773C4ZFCJ993MWDQBY,01KZRRGW14THZB9B34PPHZSFE2,2020-11-01,,,,delivered,5725.00,2026-08-23 16:20:22.999897+08,2026-08-23 16:20:22.999897+08
01M0MX49WKY31AS6G3A91ERB2D,01KZRW48773C4ZFCJ993MWDQBY,01KZRRGW14THZB9B34PPHZSFE2,2020-03-02,,,,delivered,1383.00,2026-08-23 16:20:22.999897+08,2026-08-23 16:20:22.999897+08
01M0MX49WKKTDBQBZ6STYB8XHA,01KZRW48773C4ZFCJ993MWDQBY,01KZRRGW14THZB9B34PPHZSFE2,2020-04-04,,,,delivered,5130.00,2026-08-23 16:20:22.999897+08,2026-08-23 16:20:22.999897+08
01M0MX49WKEYXDHZ0X28Z6HVMM,01KZRW48773C4ZFCJ993MWDQBY,01KZRRGW14THZB9B34PPHZSFE2,2020-04-16,,,,delivered,2362.00,2026-08-23 16:20:22.999897+08,2026-08-23 16:20:22.999897+08
01M0MX49WKBXKRWPD6VZ92SSNJ,01KZRW48773C4ZFCJ993MWDQBY,01KZRRGW14THZB9B34PPHZSFE2,2020-07-22,,,,delivered,840.00,2026-08-23 16:20:22.999897+08,2026-08-23 16:20:22.999897+08
01M0MX49WKXC0Q5X6S4KCM7E85,01KZRW48773C4ZFCJ993MWDQBY,01KZRRGW14THZB9B34PPHZSFE2,2020-10-20,,,,delivered,1945.00,2026-08-23 16:20:22.999897+08,2026-08-23 16:20:22.999897+08
01M0MX49WKB7KMNJ8SA0E6WQF0,01KZRW48773C4ZFCJ993MWDQBY,01KZRRGW14THZB9B34PPHZSFE2,2020-12-14,,,,delivered,7665.00,2026-08-23 16:20:22.999897+08,2026-08-23 16:20:22.999897+08
01M0MX49WKZVHYAJ9VSDWP8PNT,01KZRW48773C4ZFCJ993MWDQBY,01KZRRGW14THZB9B34PPHZSFE2,2020-12-22,,,,delivered,6070.00,2026-08-23 16:20:22.999897+08,2026-08-23 16:20:22.999897+08
01M0MX49WKYJCW9CSY70KWD08B,01KZRW48773C4ZFCJ993MWDQBY,01KZRRGW140MQ9ZE887EQDG87Z,2020-02-01,,,,delivered,6300.00,2026-08-23 16:20:22.999897+08,2026-08-23 16:20:22.999897+08
01M0MX49WKK541EQDKP49265V1,01KZRW48773C4ZFCJ993MWDQBY,01KZRRGW140MQ9ZE887EQDG87Z,2020-02-20,,,,delivered,4225.00,2026-08-23 16:20:22.999897+08,2026-08-23 16:20:22.999897+08
01M0MX49WKHDHRS3GHRH1B5Y7D,01KZRW48773C4ZFCJ993MWDQBY,01KZRRGW140MQ9ZE887EQDG87Z,2020-10-03,,,,delivered,15170.00,2026-08-23 16:20:22.999897+08,2026-08-23 16:20:22.999897+08
01M0MX49WKH8NK53A5J8CWKZTM,01KZRW48773C4ZFCJ993MWDQBY,01KZRRGW140MQ9ZE887EQDG87Z,2020-03-19,,,,delivered,6300.00,2026-08-23 16:20:22.999897+08,2026-08-23 16:20:22.999897+08
01M0MX49WKFBSRZDDCQ01X8YKN,01KZRW48773C4ZFCJ993MWDQBY,01KZRRGW140MQ9ZE887EQDG87Z,2020-12-06,,,,delivered,875.00,2026-08-23 16:20:22.999897+08,2026-08-23 16:20:22.999897+08
01M0MX49WK6MQZGWFWAJ2STW9W,01KZRW48773C4ZFCJ993MWDQBY,01KZRRGW140MQ9ZE887EQDG87Z,2020-12-09,,,,delivered,7560.00,2026-08-23 16:20:22.999897+08,2026-08-23 16:20:22.999897+08
01M0MX49WKE9DK2P02D3M8C6XB,01KZRW48773C4ZFCJ993MWDQBY,01KZRRGW140MQ9ZE887EQDG87Z,2020-08-12,,,,delivered,1450.00,2026-08-23 16:20:22.999897+08,2026-08-23 16:20:22.999897+08
01M0MX49WKM0Z8ZR5YQT5VD2A5,01KZRW48773C4ZFCJ993MWDQBY,01KZRRGW140MQ9ZE887EQDG87Z,2020-12-25,,,,delivered,860.00,2026-08-23 16:20:22.999897+08,2026-08-23 16:20:22.999897+08
01M0MX49WKCAYAWXZZ5B13XD4Z,01KZRW48771S3VZMTY431CY71G,01KZRRGW14VWS3587600FPGYJJ,2020-03-01,,,,delivered,350.00,2026-08-23 16:20:22.999897+08,2026-08-23 16:20:22.999897+08
01M0MX49WKVHZ2PXMM1G5XXHVW,01KZRW48771S3VZMTY431CY71G,01KZRRGW14VWS3587600FPGYJJ,2020-01-14,,,,delivered,2630.00,2026-08-23 16:20:22.999897+08,2026-08-23 16:20:22.999897+08
01M0MX49WKV6RJ63AYC626ZKMY,01KZRW48771S3VZMTY431CY71G,01KZRRGW14VWS3587600FPGYJJ,2020-02-18,,,,delivered,6180.00,2026-08-23 16:20:22.999897+08,2026-08-23 16:20:22.999897+08
01M0MX49WKNA43B8XBQF5JVSK2,01KZRW48771S3VZMTY431CY71G,01KZRRGW14VWS3587600FPGYJJ,2020-02-21,,,,delivered,2800.00,2026-08-23 16:20:22.999897+08,2026-08-23 16:20:22.999897+08
01M0MX49WKFVM6NZ4QSA6NM24J,01KZRW48771S3VZMTY431CY71G,01KZRRGW14VWS3587600FPGYJJ,2020-02-03,,,,delivered,5600.00,2026-08-23 16:20:22.999897+08,2026-08-23 16:20:22.999897+08
01M0MX49WK1AKS0CTS7TMA431J,01KZRW48771S3VZMTY431CY71G,01KZRRGW14VWS3587600FPGYJJ,2020-04-22,,,,delivered,5908.00,2026-08-23 16:20:22.999897+08,2026-08-23 16:20:22.999897+08
01M0MX49WKWKFGMDWGRQ73DZ08,01KZRW48771S3VZMTY431CY71G,01KZRRGW14VWS3587600FPGYJJ,2020-06-05,,,,delivered,6510.00,2026-08-23 16:20:22.999897+08,2026-08-23 16:20:22.999897+08
01M0MX49WK7G3HSAKDPVA823N7,01KZRW48771S3VZMTY431CY71G,01KZRRGW14VWS3587600FPGYJJ,2020-06-25,,,,delivered,870.00,2026-08-23 16:20:22.999897+08,2026-08-23 16:20:22.999897+08
01M0MX49WKXA01ZJEB5S38HSWV,01KZRW48771S3VZMTY431CY71G,01KZRRGW14VWS3587600FPGYJJ,2020-07-15,,,,delivered,2450.00,2026-08-23 16:20:22.999897+08,2026-08-23 16:20:22.999897+08
01M0MX49WKF4DKJ70C8X33S74Q,01KZRW48771S3VZMTY431CY71G,01KZRRGW14VWS3587600FPGYJJ,2020-09-10,,,,delivered,8400.00,2026-08-23 16:20:22.999897+08,2026-08-23 16:20:22.999897+08
01M0MX49WK7BB55FGNRP4R5P3Q,01KZRW48771S3VZMTY431CY71G,01KZRRGW14VWS3587600FPGYJJ,2020-10-21,,,,delivered,3880.00,2026-08-23 16:20:22.999897+08,2026-08-23 16:20:22.999897+08
01M0MX49WKKD5GP8V7TC3W0T63,01KZRW48771S3VZMTY431CY71G,01KZRRGW14VWS3587600FPGYJJ,2020-09-11,,,,delivered,1715.00,2026-08-23 16:20:22.999897+08,2026-08-23 16:20:22.999897+08
01M0MX49WKP4J51ZAFDGSEEJWF,01KZRW48771S3VZMTY431CY71G,01KZRRGW14VWS3587600FPGYJJ,2020-08-12,,,,delivered,6300.00,2026-08-23 16:20:22.999897+08,2026-08-23 16:20:22.999897+08
01M0MX49WKH86N16K67PSHM6J9,01KZRW48771S3VZMTY431CY71G,01KZRRGW14Y65J9N71RS7C99PT,2020-01-14,,,,delivered,13495.00,2026-08-23 16:20:22.999897+08,2026-08-23 16:20:22.999897+08
01M0MX49WKN5TX8W2QMF6HHWE4,01KZRW48771S3VZMTY431CY71G,01KZRRGW14Y65J9N71RS7C99PT,2020-04-02,,,,delivered,280.00,2026-08-23 16:20:22.999897+08,2026-08-23 16:20:22.999897+08
01M0MX49WKXCCSPSB9PJRK6C7Q,01KZRW48771S3VZMTY431CY71G,01KZRRGW14Y65J9N71RS7C99PT,2020-09-07,,,,delivered,90.00,2026-08-23 16:20:22.999897+08,2026-08-23 16:20:22.999897+08
01M0MX49WKH7RDEQMNQ16PF51F,01KZRW48771S3VZMTY431CY71G,01KZRRGW14Y65J9N71RS7C99PT,2020-02-08,,,,delivered,8095.00,2026-08-23 16:20:22.999897+08,2026-08-23 16:20:22.999897+08
01M0MX49WKC0SBXJ2SZ2QQWAYN,01KZRW48771S3VZMTY431CY71G,01KZRRGW14Y65J9N71RS7C99PT,2020-12-08,,,,delivered,750.00,2026-08-23 16:20:22.999897+08,2026-08-23 16:20:22.999897+08
01M0MX49WKMCSC0A5ZSS89X5VZ,01KZRW48771S3VZMTY431CY71G,01KZRRGW14Y65J9N71RS7C99PT,2020-10-13,,,,delivered,8900.00,2026-08-23 16:20:22.999897+08,2026-08-23 16:20:22.999897+08
01M0MX49WKPBD0RGED026G5DSW,01KZRW48771S3VZMTY431CY71G,01KZRRGW14Y65J9N71RS7C99PT,2020-09-11,,,,delivered,7440.00,2026-08-23 16:20:22.999897+08,2026-08-23 16:20:22.999897+08
01M0MX49WK63FWC2SQY8Q02M8N,01KZRW48771S3VZMTY431CY71G,01KZRRGW14Y65J9N71RS7C99PT,2020-04-12,,,,delivered,2450.00,2026-08-23 16:20:22.999897+08,2026-08-23 16:20:22.999897+08
01M0MX49WKFPNXVQ2JSJ5V03G0,01KZRW48771S3VZMTY431CY71G,01KZRRGW14Y65J9N71RS7C99PT,2020-12-14,,,,delivered,10150.00,2026-08-23 16:20:22.999897+08,2026-08-23 16:20:22.999897+08
01M0MX49WMZQKVDRCY8SA9P5MM,01KZRW48771S3VZMTY431CY71G,01KZRRGW14N9EVMX0Z1ZRJRRAH,2020-10-05,,,,delivered,1030.00,2026-08-23 16:20:22.999897+08,2026-08-23 16:20:22.999897+08
01M0MX49WMTDXZNG8FEGEHZT2X,01KZRW48771S3VZMTY431CY71G,01KZRRGW14N9EVMX0Z1ZRJRRAH,2020-05-22,,,,delivered,50.00,2026-08-23 16:20:22.999897+08,2026-08-23 16:20:22.999897+08
01M0MX49WM42M8K8R91NYTNJXS,01KZRW48771S3VZMTY431CY71G,01KZRRGW14N9EVMX0Z1ZRJRRAH,2020-09-09,,,,delivered,9495.00,2026-08-23 16:20:22.999897+08,2026-08-23 16:20:22.999897+08
01M0MX49WMT42MGK376WSJKKX7,01KZRW48771S3VZMTY431CY71G,01KZRRGW14N9EVMX0Z1ZRJRRAH,2020-03-11,,,,delivered,2226.00,2026-08-23 16:20:22.999897+08,2026-08-23 16:20:22.999897+08
01M0MX49WMAVZM023EVZT70R12,01KZRW48771S3VZMTY431CY71G,01KZRRGW14N9EVMX0Z1ZRJRRAH,2020-11-21,,,,delivered,5145.00,2026-08-23 16:20:22.999897+08,2026-08-23 16:20:22.999897+08
01M0MX49WMB81VA2M574Z30XVA,01KZRW48774A2DK7QW4RW8GRQD,01KZRRGW14WH1V6PTWDSASC4XK,2020-02-19,,,,delivered,630.00,2026-08-23 16:20:22.999897+08,2026-08-23 16:20:22.999897+08
01M0MX49WMAQMBQZCSKFGB3H2H,01KZRW48774A2DK7QW4RW8GRQD,01KZRRGW14WH1V6PTWDSASC4XK,2020-02-23,,,,delivered,5810.00,2026-08-23 16:20:22.999897+08,2026-08-23 16:20:22.999897+08
01M0MX49WMDERHK7XSETA5NFVB,01KZRW48774A2DK7QW4RW8GRQD,01KZRRGW14WH1V6PTWDSASC4XK,2020-01-04,,,,delivered,425.00,2026-08-23 16:20:22.999897+08,2026-08-23 16:20:22.999897+08
01M0MX49WMKWKPE0J4WABYV3TR,01KZRW48774A2DK7QW4RW8GRQD,01KZRRGW14WH1V6PTWDSASC4XK,2020-04-14,,,,delivered,560.00,2026-08-23 16:20:22.999897+08,2026-08-23 16:20:22.999897+08
01M0MX49WMJVTP1JBPYT2PJT19,01KZRW48774A2DK7QW4RW8GRQD,01KZRRGW14WH1V6PTWDSASC4XK,2020-05-15,,,,delivered,4760.00,2026-08-23 16:20:22.999897+08,2026-08-23 16:20:22.999897+08
01M0MX49WMHK59JTMD7RJJ7NX4,01KZRW48774A2DK7QW4RW8GRQD,01KZRRGW14WH1V6PTWDSASC4XK,2020-07-18,,,,delivered,1575.00,2026-08-23 16:20:22.999897+08,2026-08-23 16:20:22.999897+08
01M0MX49WMJDAT08HC809FNPQ9,01KZRW48774A2DK7QW4RW8GRQD,01KZRRGW14WH1V6PTWDSASC4XK,2020-02-08,,,,delivered,6480.00,2026-08-23 16:20:22.999897+08,2026-08-23 16:20:22.999897+08
01M0MX49WM4PCJGM5VMPXHCG7E,01KZRW48774A2DK7QW4RW8GRQD,01KZRRGW14WH1V6PTWDSASC4XK,2020-08-15,,,,delivered,175.00,2026-08-23 16:20:22.999897+08,2026-08-23 16:20:22.999897+08
01M0MX49WM4R3G76P46PWG99TP,01KZRW48774A2DK7QW4RW8GRQD,01KZRRGW14WH1V6PTWDSASC4XK,2020-09-09,,,,delivered,5920.00,2026-08-23 16:20:22.999897+08,2026-08-23 16:20:22.999897+08
01M0MX49WM7VGTCH5ZCQ51Z46E,01KZRW48774A2DK7QW4RW8GRQD,01KZRRGW14WH1V6PTWDSASC4XK,2020-10-25,,,,delivered,385.00,2026-08-23 16:20:22.999897+08,2026-08-23 16:20:22.999897+08
01M0MX49WMFR1F6FN7ASNRQ3GE,01KZRW48774A2DK7QW4RW8GRQD,01KZRRGW14WH1V6PTWDSASC4XK,2020-04-12,,,,delivered,7350.00,2026-08-23 16:20:22.999897+08,2026-08-23 16:20:22.999897+08
01M0MX49WM5T1FFBFS3DKTRGY0,01KZRW48774A2DK7QW4RW8GRQD,01KZRRGW14EVYGVAR1F5M4N714,2020-02-01,,,,delivered,4200.00,2026-08-23 16:20:22.999897+08,2026-08-23 16:20:22.999897+08
01M0MX49WMY0FZQHM0K16KP63P,01KZRW48774A2DK7QW4RW8GRQD,01KZRRGW14EVYGVAR1F5M4N714,2020-10-02,,,,delivered,10150.00,2026-08-23 16:20:22.999897+08,2026-08-23 16:20:22.999897+08
01M0MX49WMDMKYK49HVMFYQRWP,01KZRW48774A2DK7QW4RW8GRQD,01KZRRGW14EVYGVAR1F5M4N714,2020-06-23,,,,delivered,1442.00,2026-08-23 16:20:22.999897+08,2026-08-23 16:20:22.999897+08
01M0MX49WMHP1QQPBM02GG416N,01KZRW48774A2DK7QW4RW8GRQD,01KZRRGW14EVYGVAR1F5M4N714,2020-10-07,,,,delivered,11410.00,2026-08-23 16:20:22.999897+08,2026-08-23 16:20:22.999897+08
01M0MX49WMVTQTYW149C7W3R7B,01KZRW48774A2DK7QW4RW8GRQD,01KZRRGW14EVYGVAR1F5M4N714,2020-07-15,,,,delivered,7700.00,2026-08-23 16:20:22.999897+08,2026-08-23 16:20:22.999897+08
01M0MX49WM5W44XNGD0SYXXT6D,01KZRW48774A2DK7QW4RW8GRQD,01KZRRGW14EVYGVAR1F5M4N714,2020-08-21,,,,delivered,2250.00,2026-08-23 16:20:22.999897+08,2026-08-23 16:20:22.999897+08
01M0MX49WM82HA4GFY68T7PANM,01KZRW48774A2DK7QW4RW8GRQD,01KZRRGW14EVYGVAR1F5M4N714,2020-10-23,,,,delivered,5290.00,2026-08-23 16:20:22.999897+08,2026-08-23 16:20:22.999897+08
01M0MX49WMPHB7ZKNWDS0B5A13,01KZRW48774A2DK7QW4RW8GRQD,01KZRRGW14EVYGVAR1F5M4N714,2020-09-12,,,,delivered,2490.00,2026-08-23 16:20:22.999897+08,2026-08-23 16:20:22.999897+08
01M0MX49WMMRJQKB2CT2SRVQHF,01KZRW48774A2DK7QW4RW8GRQD,01KZRRGW14200T0G4QVVJEZMW1,2020-03-01,,,,delivered,7000.00,2026-08-23 16:20:22.999897+08,2026-08-23 16:20:22.999897+08
01M0MX49WMY255JRAK3YP9VZK7,01KZRW48774A2DK7QW4RW8GRQD,01KZRRGW14200T0G4QVVJEZMW1,2020-10-01,,,,delivered,560.00,2026-08-23 16:20:22.999897+08,2026-08-23 16:20:22.999897+08
01M0MX49WMEFJG45K8KNMF5CRE,01KZRW48774A2DK7QW4RW8GRQD,01KZRRGW14200T0G4QVVJEZMW1,2020-01-16,,,,delivered,3420.00,2026-08-23 16:20:22.999897+08,2026-08-23 16:20:22.999897+08
01M0MX49WMCRNJD17EWYPS7T40,01KZRW48774A2DK7QW4RW8GRQD,01KZRRGW14200T0G4QVVJEZMW1,2020-07-03,,,,delivered,4550.00,2026-08-23 16:20:22.999897+08,2026-08-23 16:20:22.999897+08
01M0MX49WMQ2VH43C1Z5KEVAKM,01KZRW48774A2DK7QW4RW8GRQD,01KZRRGW14200T0G4QVVJEZMW1,2020-04-13,,,,delivered,2660.00,2026-08-23 16:20:22.999897+08,2026-08-23 16:20:22.999897+08
01M0MX49WMNXR1J6ZXJ1NE8WZR,01KZRW48774A2DK7QW4RW8GRQD,01KZRRGW14200T0G4QVVJEZMW1,2020-09-05,,,,delivered,3480.00,2026-08-23 16:20:22.999897+08,2026-08-23 16:20:22.999897+08
01M0MX49WMHT2NGFYJ3RCCVMA8,01KZRW48774A2DK7QW4RW8GRQD,01KZRRGW14200T0G4QVVJEZMW1,2020-06-14,,,,delivered,4635.00,2026-08-23 16:20:22.999897+08,2026-08-23 16:20:22.999897+08
01M0MX49WMF8BMS2VNWG3C093J,01KZRW48774A2DK7QW4RW8GRQD,01KZRRGW14200T0G4QVVJEZMW1,2020-06-17,,,,delivered,980.00,2026-08-23 16:20:22.999897+08,2026-08-23 16:20:22.999897+08
01M0MX49WM2CW1K5APNVG99YVW,01KZRW48774A2DK7QW4RW8GRQD,01KZRRGW14200T0G4QVVJEZMW1,2020-01-08,,,,delivered,860.00,2026-08-23 16:20:22.999897+08,2026-08-23 16:20:22.999897+08
01M0MX49WMAPRTAM1C1Q90PNFJ,01KZRW48774A2DK7QW4RW8GRQD,01KZRRGW14200T0G4QVVJEZMW1,2020-09-08,,,,delivered,250.00,2026-08-23 16:20:22.999897+08,2026-08-23 16:20:22.999897+08
01M0MX49WM93JH1FN0P2F2C7N7,01KZRW48774A2DK7QW4RW8GRQD,01KZRRGW14200T0G4QVVJEZMW1,2020-09-17,,,,delivered,14250.00,2026-08-23 16:20:22.999897+08,2026-08-23 16:20:22.999897+08
01M0MX49WMNX7ANAFY6BMBT19S,01KZRW48774A2DK7QW4RW8GRQD,01KZRRGW14200T0G4QVVJEZMW1,2020-03-10,,,,delivered,1475.00,2026-08-23 16:20:22.999897+08,2026-08-23 16:20:22.999897+08
01M0MX49WMFCP5K5NTF32YRK4F,01KZRW48774A2DK7QW4RW8GRQD,01KZRRGW14200T0G4QVVJEZMW1,2020-12-11,,,,delivered,5838.00,2026-08-23 16:20:22.999897+08,2026-08-23 16:20:22.999897+08
01M0MX49WM5J8P3GTMJPN3D159,01KZRW4877F027DTG1RSTES089,01KZRRGW14PHE1YJB3BS55XR3K,2020-02-01,,,,delivered,11920.00,2026-08-23 16:20:22.999897+08,2026-08-23 16:20:22.999897+08
01M0MX49WM61A53G30V5GTKJAA,01KZRW4877F027DTG1RSTES089,01KZRRGW14PHE1YJB3BS55XR3K,2020-09-02,,,,delivered,10100.00,2026-08-23 16:20:22.999897+08,2026-08-23 16:20:22.999897+08
01M0MX49WM7RKENPXH83JQV6XE,01KZRW4877F027DTG1RSTES089,01KZRRGW14PHE1YJB3BS55XR3K,2020-03-17,,,,delivered,10850.00,2026-08-23 16:20:22.999897+08,2026-08-23 16:20:22.999897+08
01M0MX49WME507JP940WRPC4JS,01KZRW4877F027DTG1RSTES089,01KZRRGW14PHE1YJB3BS55XR3K,2020-03-23,,,,delivered,2555.00,2026-08-23 16:20:22.999897+08,2026-08-23 16:20:22.999897+08
01M0MX49WM8931KR3YEK33VPXY,01KZRW4877F027DTG1RSTES089,01KZRRGW14PHE1YJB3BS55XR3K,2020-01-04,,,,delivered,5520.00,2026-08-23 16:20:22.999897+08,2026-08-23 16:20:22.999897+08
01M0MX49WM0EKX8JNDFA7HS32J,01KZRW4877F027DTG1RSTES089,01KZRRGW14PHE1YJB3BS55XR3K,2020-11-04,,,,delivered,4940.00,2026-08-23 16:20:22.999897+08,2026-08-23 16:20:22.999897+08
01M0MX49WMKG8FJXD1J9JH9AAM,01KZRW4877F027DTG1RSTES089,01KZRRGW14PHE1YJB3BS55XR3K,2020-01-05,,,,delivered,5595.00,2026-08-23 16:20:22.999897+08,2026-08-23 16:20:22.999897+08
01M0MX49WMR28TW04NXB7TQFM8,01KZRW4877F027DTG1RSTES089,01KZRRGW14PHE1YJB3BS55XR3K,2020-06-16,,,,delivered,560.00,2026-08-23 16:20:22.999897+08,2026-08-23 16:20:22.999897+08
01M0MX49WMGJ35D0PB9XAMJ1TG,01KZRW4877F027DTG1RSTES089,01KZRRGW14PHE1YJB3BS55XR3K,2020-12-08,,,,delivered,2800.00,2026-08-23 16:20:22.999897+08,2026-08-23 16:20:22.999897+08
01M0MX49WM6KR054B29ND94V7H,01KZRW4877F027DTG1RSTES089,01KZRRGW14PHE1YJB3BS55XR3K,2020-11-24,,,,delivered,6300.00,2026-08-23 16:20:22.999897+08,2026-08-23 16:20:22.999897+08
01M0MX49WM1H57DRH3PHZXXWY5,01KZRW4877F027DTG1RSTES089,01KZRRGW14PHE1YJB3BS55XR3K,2020-01-12,,,,delivered,6130.00,2026-08-23 16:20:22.999897+08,2026-08-23 16:20:22.999897+08
01M0MX49WMNS0CNP80FT2NC6G4,01KZRW4877F027DTG1RSTES089,01KZRRGW14PHE1YJB3BS55XR3K,2020-12-14,,,,delivered,715.00,2026-08-23 16:20:22.999897+08,2026-08-23 16:20:22.999897+08
01M0MX49WMFKQ4Q7CVE2QGF77M,01KZRW4877F027DTG1RSTES089,01KZRRGW14JQ7JEW5HBDS8P7VJ,2020-01-14,,,,delivered,6810.00,2026-08-23 16:20:22.999897+08,2026-08-23 16:20:22.999897+08
01M0MX49WMKRK9YRWJ2S51VT80,01KZRW4877F027DTG1RSTES089,01KZRRGW14JQ7JEW5HBDS8P7VJ,2020-07-02,,,,delivered,300.00,2026-08-23 16:20:22.999897+08,2026-08-23 16:20:22.999897+08
01M0MX49WM623H4CSS8KJZ48C7,01KZRW4877F027DTG1RSTES089,01KZRRGW14JQ7JEW5HBDS8P7VJ,2020-02-15,,,,delivered,6640.00,2026-08-23 16:20:22.999897+08,2026-08-23 16:20:22.999897+08
01M0MX49WMQQM0NQJ0440NK1ZY,01KZRW4877F027DTG1RSTES089,01KZRRGW14JQ7JEW5HBDS8P7VJ,2020-03-16,,,,delivered,4940.00,2026-08-23 16:20:22.999897+08,2026-08-23 16:20:22.999897+08
01M0MX49WMYXPXYB5S5TCCF9SX,01KZRW4877F027DTG1RSTES089,01KZRRGW14JQ7JEW5HBDS8P7VJ,2020-04-14,,,,delivered,6070.00,2026-08-23 16:20:22.999897+08,2026-08-23 16:20:22.999897+08
01M0MX49WM2FNGG5F8XFPQT2FN,01KZRW4877F027DTG1RSTES089,01KZRRGW14JQ7JEW5HBDS8P7VJ,2020-10-05,,,,delivered,2300.00,2026-08-23 16:20:22.999897+08,2026-08-23 16:20:22.999897+08
01M0MX49WM0X16NQMBEVBVYRD2,01KZRW4877F027DTG1RSTES089,01KZRRGW14JQ7JEW5HBDS8P7VJ,2020-05-18,,,,delivered,725.00,2026-08-23 16:20:22.999897+08,2026-08-23 16:20:22.999897+08
01M0MX49WNMF13JYS0E03QMRG9,01KZRW4877F027DTG1RSTES089,01KZRRGW14JQ7JEW5HBDS8P7VJ,2020-06-24,,,,delivered,6300.00,2026-08-23 16:20:22.999897+08,2026-08-23 16:20:22.999897+08
01M0MX49WNM43VBP54BK4JPYFD,01KZRW4877F027DTG1RSTES089,01KZRRGW14JQ7JEW5HBDS8P7VJ,2020-12-07,,,,delivered,2220.00,2026-08-23 16:20:22.999897+08,2026-08-23 16:20:22.999897+08
01M0MX49WNQ00WJWZV40JX84GJ,01KZRW4877F027DTG1RSTES089,01KZRRGW14JQ7JEW5HBDS8P7VJ,2020-01-08,,,,delivered,7000.00,2026-08-23 16:20:22.999897+08,2026-08-23 16:20:22.999897+08
01M0MX49WNWMH33KBH1XEE2DXJ,01KZRW4877F027DTG1RSTES089,01KZRRGW14JQ7JEW5HBDS8P7VJ,2020-01-10,,,,delivered,1050.00,2026-08-23 16:20:22.999897+08,2026-08-23 16:20:22.999897+08
01M0MX49WNQ603B36P58VXSZ78,01KZRW4877F027DTG1RSTES089,01KZRRGW14JQ7JEW5HBDS8P7VJ,2020-01-11,,,,delivered,8400.00,2026-08-23 16:20:22.999897+08,2026-08-23 16:20:22.999897+08
01M0MX49WNRK3RB48MY9GNJR9C,01KZRW4877F027DTG1RSTES089,01KZRRGW14JQ7JEW5HBDS8P7VJ,2020-09-11,,,,delivered,930.00,2026-08-23 16:20:22.999897+08,2026-08-23 16:20:22.999897+08
01M0MX49WNWYE3EH8HYZG8PHR8,01KZRW4877F027DTG1RSTES089,01KZRRGW14JQ7JEW5HBDS8P7VJ,2020-11-15,,,,delivered,560.00,2026-08-23 16:20:22.999897+08,2026-08-23 16:20:22.999897+08
01M0MX49WN54SPE5GZ6E6CA45C,01KZRW4877F027DTG1RSTES089,01KZRRGW14JQ7JEW5HBDS8P7VJ,2020-11-21,,,,delivered,300.00,2026-08-23 16:20:22.999897+08,2026-08-23 16:20:22.999897+08
01M0MX49WNDCWXF6PF8VDJ2249,01KZRW4877F027DTG1RSTES089,01KZRRGW14JQ7JEW5HBDS8P7VJ,2020-12-16,,,,delivered,600.00,2026-08-23 16:20:22.999897+08,2026-08-23 16:20:22.999897+08
01M0MX49WN01MSYQ4XYHDRK36F,01KZRW4877F027DTG1RSTES089,01KZRRGW14FX4FRK4R4E3MKR5J,2020-04-02,,,,delivered,2610.00,2026-08-23 16:20:22.999897+08,2026-08-23 16:20:22.999897+08
01M0MX49WNPQ6CR3A71TFQCVG8,01KZRW4877F027DTG1RSTES089,01KZRRGW14FX4FRK4R4E3MKR5J,2020-02-04,,,,delivered,3940.00,2026-08-23 16:20:22.999897+08,2026-08-23 16:20:22.999897+08
01M0MX49WN5KBQBMYAX9VD1QJ9,01KZRW4877F027DTG1RSTES089,01KZRRGW14FX4FRK4R4E3MKR5J,2020-04-05,,,,delivered,410.00,2026-08-23 16:20:22.999897+08,2026-08-23 16:20:22.999897+08
01M0MX49WNJ1JNWWPZ8MWJACY5,01KZRW4877F027DTG1RSTES089,01KZRRGW14FX4FRK4R4E3MKR5J,2020-05-24,,,,delivered,8250.00,2026-08-23 16:20:22.999897+08,2026-08-23 16:20:22.999897+08
01M0MX49WN479K94GWTKAHQA0J,01KZRW4877F027DTG1RSTES089,01KZRRGW14FX4FRK4R4E3MKR5J,2020-03-07,,,,delivered,1008.00,2026-08-23 16:20:22.999897+08,2026-08-23 16:20:22.999897+08
01M0MX49WNM4TCX14D93SKWVP0,01KZRW4877F027DTG1RSTES089,01KZRRGW14FX4FRK4R4E3MKR5J,2020-07-13,,,,delivered,2550.00,2026-08-23 16:20:22.999897+08,2026-08-23 16:20:22.999897+08
01M0MX49WNDA46DRSXY5510CCZ,01KZRW4877F027DTG1RSTES089,01KZRRGW14FX4FRK4R4E3MKR5J,2020-08-09,,,,delivered,7065.00,2026-08-23 16:20:22.999897+08,2026-08-23 16:20:22.999897+08
01M0MX49WNG3WWC0X959Q8Q6H8,01KZRW4877F027DTG1RSTES089,01KZRRGW14FX4FRK4R4E3MKR5J,2020-01-10,,,,delivered,930.00,2026-08-23 16:20:22.999897+08,2026-08-23 16:20:22.999897+08
01M0MX49WNQA0FKH18FBAJVSKY,01KZRW4877F027DTG1RSTES089,01KZRRGW14FX4FRK4R4E3MKR5J,2020-10-15,,,,delivered,12790.00,2026-08-23 16:20:22.999897+08,2026-08-23 16:20:22.999897+08
01M0MX49WNMKS6293MT4R8HPMB,01KZRW4877F027DTG1RSTES089,01KZRRGW14FX4FRK4R4E3MKR5J,2020-10-16,,,,delivered,3290.00,2026-08-23 16:20:22.999897+08,2026-08-23 16:20:22.999897+08
01M0MX49WNWV3XPCEZSW1BF4Q7,01KZRW4877GVVZRA6JKSTGEVNK,01KZRRGW14KVWBG89MRPJPJBXC,2020-10-01,,,,delivered,1050.00,2026-08-23 16:20:22.999897+08,2026-08-23 16:20:22.999897+08
01M0MX49WN01K5AY838SMFCNJQ,01KZRW4877GVVZRA6JKSTGEVNK,01KZRRGW14KVWBG89MRPJPJBXC,2020-01-25,,,,delivered,8125.00,2026-08-23 16:20:22.999897+08,2026-08-23 16:20:22.999897+08
01M0MX49WN82EHN3HX83DMJJFH,01KZRW4877GVVZRA6JKSTGEVNK,01KZRRGW14KVWBG89MRPJPJBXC,2020-04-18,,,,delivered,5155.00,2026-08-23 16:20:22.999897+08,2026-08-23 16:20:22.999897+08
01M0MX49WNQP4JWD9Q3VTPC4KP,01KZRW4877GVVZRA6JKSTGEVNK,01KZRRGW14KVWBG89MRPJPJBXC,2020-07-05,,,,delivered,300.00,2026-08-23 16:20:22.999897+08,2026-08-23 16:20:22.999897+08
01M0MX49WNAE8J3QDKEWPMWCVV,01KZRW4877GVVZRA6JKSTGEVNK,01KZRRGW14KVWBG89MRPJPJBXC,2020-02-06,,,,delivered,3500.00,2026-08-23 16:20:22.999897+08,2026-08-23 16:20:22.999897+08
01M0MX49WNMGMWK6TECWTESPSM,01KZRW4877GVVZRA6JKSTGEVNK,01KZRRGW14KVWBG89MRPJPJBXC,2020-06-15,,,,delivered,1400.00,2026-08-23 16:20:22.999897+08,2026-08-23 16:20:22.999897+08
01M0MX49WNRX95K4KQA6ZFF9DT,01KZRW4877GVVZRA6JKSTGEVNK,01KZRRGW14KVWBG89MRPJPJBXC,2020-07-18,,,,delivered,310.00,2026-08-23 16:20:22.999897+08,2026-08-23 16:20:22.999897+08
01M0MX49WNNTXW1QHN09CR0E4E,01KZRW4877GVVZRA6JKSTGEVNK,01KZRRGW14KVWBG89MRPJPJBXC,2020-10-15,,,,delivered,4990.00,2026-08-23 16:20:22.999897+08,2026-08-23 16:20:22.999897+08
01M0MX49WN4FFZC2WRSPDJTJH2,01KZRW4877GVVZRA6JKSTGEVNK,01KZRRGW14KVWBG89MRPJPJBXC,2020-11-11,,,,delivered,570.00,2026-08-23 16:20:22.999897+08,2026-08-23 16:20:22.999897+08
01M0MX49WNJN1BEV4XZ5QCG779,01KZRW4877GVVZRA6JKSTGEVNK,01KZRRGW14KVWBG89MRPJPJBXC,2020-12-14,,,,delivered,2715.00,2026-08-23 16:20:22.999897+08,2026-08-23 16:20:22.999897+08
01M0MX49WN4R3GQ7MX3DK5646M,01KZRW4877GVVZRA6JKSTGEVNK,01KZRRGW14KVWBG89MRPJPJBXC,2020-12-24,,,,delivered,7170.00,2026-08-23 16:20:22.999897+08,2026-08-23 16:20:22.999897+08
01M0MX49WN1R3ST86G6GB7BK3C,01KZRW4877GVVZRA6JKSTGEVNK,01KZRRGW143XAZME28X8CPEY8S,2020-02-23,,,,delivered,6545.00,2026-08-23 16:20:22.999897+08,2026-08-23 16:20:22.999897+08
01M0MX49WNKKHBNDCBSHZPPZWD,01KZRW4877GVVZRA6JKSTGEVNK,01KZRRGW143XAZME28X8CPEY8S,2020-01-03,,,,delivered,4365.00,2026-08-23 16:20:22.999897+08,2026-08-23 16:20:22.999897+08
01M0MX49WNRVFTQJ7RH71TT1Z9,01KZRW4877GVVZRA6JKSTGEVNK,01KZRRGW143XAZME28X8CPEY8S,2020-03-15,,,,delivered,3645.00,2026-08-23 16:20:22.999897+08,2026-08-23 16:20:22.999897+08
01M0MX49WNET30D06X317CV9FH,01KZRW4877GVVZRA6JKSTGEVNK,01KZRRGW143XAZME28X8CPEY8S,2020-12-04,,,,delivered,5320.00,2026-08-23 16:20:22.999897+08,2026-08-23 16:20:22.999897+08
01M0MX49WNS9NTQDVNHQV5JKNB,01KZRW4877GVVZRA6JKSTGEVNK,01KZRRGW143XAZME28X8CPEY8S,2020-04-05,,,,delivered,590.00,2026-08-23 16:20:22.999897+08,2026-08-23 16:20:22.999897+08
01M0MX49WNJ0GVKHE0B17YJ0YH,01KZRW4877GVVZRA6JKSTGEVNK,01KZRRGW143XAZME28X8CPEY8S,2020-05-15,,,,delivered,2940.00,2026-08-23 16:20:22.999897+08,2026-08-23 16:20:22.999897+08
01M0MX49WNJR84WEXX3ZYAM96D,01KZRW4877GVVZRA6JKSTGEVNK,01KZRRGW143XAZME28X8CPEY8S,2020-05-23,,,,delivered,350.00,2026-08-23 16:20:22.999897+08,2026-08-23 16:20:22.999897+08
01M0MX49WN1HMX5VAHTW3BV96B,01KZRW4877GVVZRA6JKSTGEVNK,01KZRRGW143XAZME28X8CPEY8S,2020-10-13,,,,delivered,5855.00,2026-08-23 16:20:22.999897+08,2026-08-23 16:20:22.999897+08
01M0MX49WN9SM53A97WFBKQ717,01KZRW4877GVVZRA6JKSTGEVNK,01KZRRGW143XAZME28X8CPEY8S,2020-10-16,,,,delivered,2450.00,2026-08-23 16:20:22.999897+08,2026-08-23 16:20:22.999897+08
01M0MX49WN7QF8KTVS50N1NNC5,01KZRW4877GVVZRA6JKSTGEVNK,01KZRRGW143XAZME28X8CPEY8S,2020-12-17,,,,delivered,11119.00,2026-08-23 16:20:22.999897+08,2026-08-23 16:20:22.999897+08
01M0MX49WNSZQCSJWGT2WF6ETZ,01KZRW4877GVVZRA6JKSTGEVNK,01KZRRGW14RBSVD8GEY7WA5YWC,2020-03-01,,,,delivered,30.00,2026-08-23 16:20:22.999897+08,2026-08-23 16:20:22.999897+08
01M0MX49WN3F0TBMQEMQ1CSN0F,01KZRW4877GVVZRA6JKSTGEVNK,01KZRRGW14RBSVD8GEY7WA5YWC,2020-01-24,,,,delivered,495.00,2026-08-23 16:20:22.999897+08,2026-08-23 16:20:22.999897+08
01M0MX49WNCFNV4Y5QT7AQ97DV,01KZRW4877GVVZRA6JKSTGEVNK,01KZRRGW14RBSVD8GEY7WA5YWC,2020-08-07,,,,delivered,3570.00,2026-08-23 16:20:22.999897+08,2026-08-23 16:20:22.999897+08
01M0MX49WNRE6BGF81KWJ153TE,01KZRW4877GVVZRA6JKSTGEVNK,01KZRRGW14RBSVD8GEY7WA5YWC,2020-08-14,,,,delivered,995.00,2026-08-23 16:20:22.999897+08,2026-08-23 16:20:22.999897+08
01M0MX49WNQ93BK97PJMZ0AAYF,01KZRW4877GVVZRA6JKSTGEVNK,01KZRRGW14RBSVD8GEY7WA5YWC,2020-01-09,,,,delivered,10065.00,2026-08-23 16:20:22.999897+08,2026-08-23 16:20:22.999897+08
01M0MX49WN8C317ER6KRWMCVNN,01KZRW4877GVVZRA6JKSTGEVNK,01KZRRGW14RBSVD8GEY7WA5YWC,2020-09-15,,,,delivered,6580.00,2026-08-23 16:20:22.999897+08,2026-08-23 16:20:22.999897+08
01M0MX49WNNDNY0XJ3ZEN3W0R3,01KZRW4877GVVZRA6JKSTGEVNK,01KZRRGW14RBSVD8GEY7WA5YWC,2020-10-20,,,,delivered,5000.00,2026-08-23 16:20:22.999897+08,2026-08-23 16:20:22.999897+08
01M0MX49WNRTHN84CZ9GSQ6PX0,01KZRW4877GVVZRA6JKSTGEVNK,01KZRRGW14RBSVD8GEY7WA5YWC,2020-01-11,,,,delivered,280.00,2026-08-23 16:20:22.999897+08,2026-08-23 16:20:22.999897+08
01M0MX49WNQQCGMX2XV9P9NYD9,01KZRW4877GVVZRA6JKSTGEVNK,01KZRRGW14RBSVD8GEY7WA5YWC,2020-09-11,,,,delivered,905.00,2026-08-23 16:20:22.999897+08,2026-08-23 16:20:22.999897+08
01M0MX49WNKZYAV5BA40G7Z7NS,01KZRW4877GVVZRA6JKSTGEVNK,01KZRRGW14RBSVD8GEY7WA5YWC,2020-05-12,,,,delivered,5250.00,2026-08-23 16:20:22.999897+08,2026-08-23 16:20:22.999897+08
01M0MX49WNYVDDK2GYZG81H1WG,01KZRW4877GVVZRA6JKSTGEVNK,01KZRRGW14RBSVD8GEY7WA5YWC,2020-12-19,,,,delivered,4290.00,2026-08-23 16:20:22.999897+08,2026-08-23 16:20:22.999897+08
01M0MX49WNR6B5TZ6G441J47GK,01KZRW4877D5ZY6TAERNGTV34K,01KZRRGW1448AZYH3Y9E70DS21,2020-01-20,,,,delivered,1870.00,2026-08-23 16:20:22.999897+08,2026-08-23 16:20:22.999897+08
01M0MX49WNY6WCYMPFSCQ9J22R,01KZRW4877D5ZY6TAERNGTV34K,01KZRRGW1448AZYH3Y9E70DS21,2020-06-02,,,,delivered,10315.00,2026-08-23 16:20:22.999897+08,2026-08-23 16:20:22.999897+08
01M0MX49WN4M7EGZT98DDV3R37,01KZRW4877D5ZY6TAERNGTV34K,01KZRRGW1448AZYH3Y9E70DS21,2020-02-17,,,,delivered,4200.00,2026-08-23 16:20:22.999897+08,2026-08-23 16:20:22.999897+08
01M0MX49WNCNJ3RNW1K0F21HG8,01KZRW4877D5ZY6TAERNGTV34K,01KZRRGW1448AZYH3Y9E70DS21,2020-03-19,,,,delivered,700.00,2026-08-23 16:20:22.999897+08,2026-08-23 16:20:22.999897+08
01M0MX49WND62M07XYAYQ4NHHY,01KZRW4877D5ZY6TAERNGTV34K,01KZRRGW1448AZYH3Y9E70DS21,2020-04-18,,,,delivered,6410.00,2026-08-23 16:20:22.999897+08,2026-08-23 16:20:22.999897+08
01M0MX49WN3RXEAA603XFQC6VG,01KZRW4877D5ZY6TAERNGTV34K,01KZRRGW1448AZYH3Y9E70DS21,2020-12-06,,,,delivered,525.00,2026-08-23 16:20:22.999897+08,2026-08-23 16:20:22.999897+08
01M0MX49WNMF81BCCN15DTRRRT,01KZRW4877D5ZY6TAERNGTV34K,01KZRRGW1448AZYH3Y9E70DS21,2020-07-15,,,,delivered,9570.00,2026-08-23 16:20:22.999897+08,2026-08-23 16:20:22.999897+08
01M0MX49WNJ6G5G191BAPKX21W,01KZRW4877D5ZY6TAERNGTV34K,01KZRRGW1448AZYH3Y9E70DS21,2020-07-20,,,,delivered,1050.00,2026-08-23 16:20:22.999897+08,2026-08-23 16:20:22.999897+08
01M0MX49WPSC7N1Q0Q71BY6KHG,01KZRW4877D5ZY6TAERNGTV34K,01KZRRGW1448AZYH3Y9E70DS21,2020-10-10,,,,delivered,3150.00,2026-08-23 16:20:22.999897+08,2026-08-23 16:20:22.999897+08
01M0MX49WPJ3HP7TB8N89JD71C,01KZRW4877D5ZY6TAERNGTV34K,01KZRRGW1448AZYH3Y9E70DS21,2020-10-23,,,,delivered,1810.00,2026-08-23 16:20:22.999897+08,2026-08-23 16:20:22.999897+08
01M0MX49WPNCZYARZ5EX3DPW0E,01KZRW4877D5ZY6TAERNGTV34K,01KZRRGW1448AZYH3Y9E70DS21,2020-07-11,,,,delivered,4480.00,2026-08-23 16:20:22.999897+08,2026-08-23 16:20:22.999897+08
01M0MX49WPK8YNCKFFW5V9K4F1,01KZRW4877D5ZY6TAERNGTV34K,01KZRRGW1448AZYH3Y9E70DS21,2020-11-13,,,,delivered,1065.00,2026-08-23 16:20:22.999897+08,2026-08-23 16:20:22.999897+08
01M0MX49WPRRMQB6MCK72Z1SEH,01KZRW4877D5ZY6TAERNGTV34K,01KZRRGW1448AZYH3Y9E70DS21,2020-03-12,,,,delivered,1400.00,2026-08-23 16:20:22.999897+08,2026-08-23 16:20:22.999897+08
01M0MX49WPSZ7K3Z4SPMP5X95C,01KZRW4877D5ZY6TAERNGTV34K,01KZRRGW14G35YB41SN7AN85CV,2020-01-13,,,,delivered,12600.00,2026-08-23 16:20:22.999897+08,2026-08-23 16:20:22.999897+08
01M0MX49WP0137W9BRN0BFN7BH,01KZRW4877D5ZY6TAERNGTV34K,01KZRRGW14G35YB41SN7AN85CV,2020-01-18,,,,delivered,5100.00,2026-08-23 16:20:22.999897+08,2026-08-23 16:20:22.999897+08
01M0MX49WPP7C3GADKSGRNK2E4,01KZRW4877D5ZY6TAERNGTV34K,01KZRRGW14G35YB41SN7AN85CV,2020-10-02,,,,delivered,14325.00,2026-08-23 16:20:22.999897+08,2026-08-23 16:20:22.999897+08
01M0MX49WPE5DDM4R5YTMER4J6,01KZRW4877D5ZY6TAERNGTV34K,01KZRRGW14G35YB41SN7AN85CV,2020-02-20,,,,delivered,6300.00,2026-08-23 16:20:22.999897+08,2026-08-23 16:20:22.999897+08
01M0MX49WPFZNFBJ9MMJ5BDF8E,01KZRW4877D5ZY6TAERNGTV34K,01KZRRGW14G35YB41SN7AN85CV,2020-03-19,,,,delivered,2100.00,2026-08-23 16:20:22.999897+08,2026-08-23 16:20:22.999897+08
01M0MX49WP40WTXQCX52XSQ4NJ,01KZRW4877D5ZY6TAERNGTV34K,01KZRRGW14G35YB41SN7AN85CV,2020-05-18,,,,delivered,180.00,2026-08-23 16:20:22.999897+08,2026-08-23 16:20:22.999897+08
01M0MX49WPMBE82HQ8N0FJSCVQ,01KZRW4877D5ZY6TAERNGTV34K,01KZRRGW14G35YB41SN7AN85CV,2020-08-15,,,,delivered,4210.00,2026-08-23 16:20:22.999897+08,2026-08-23 16:20:22.999897+08
01M0MX49WPBZP5PKWGEYG6AWTN,01KZRW4877D5ZY6TAERNGTV34K,01KZRRGW14G35YB41SN7AN85CV,2020-08-17,,,,delivered,490.00,2026-08-23 16:20:22.999897+08,2026-08-23 16:20:22.999897+08
01M0MX49WPWZ6BB6N87VKAK9GB,01KZRW4877D5ZY6TAERNGTV34K,01KZRRGW14G35YB41SN7AN85CV,2020-06-10,,,,delivered,10425.00,2026-08-23 16:20:22.999897+08,2026-08-23 16:20:22.999897+08
01M0MX49WP94FVC4DSQKCRMM2R,01KZRW4877D5ZY6TAERNGTV34K,01KZRRGW14G35YB41SN7AN85CV,2020-10-14,,,,delivered,180.00,2026-08-23 16:20:22.999897+08,2026-08-23 16:20:22.999897+08
01M0MX49WPYH2NGR8B62E89NES,01KZRW4877D5ZY6TAERNGTV34K,01KZRRGW14G35YB41SN7AN85CV,2020-10-23,,,,delivered,595.00,2026-08-23 16:20:22.999897+08,2026-08-23 16:20:22.999897+08
01M0MX49WP49TS55BBHXQN8TWK,01KZRW4877D5ZY6TAERNGTV34K,01KZRRGW14G35YB41SN7AN85CV,2020-11-24,,,,delivered,415.00,2026-08-23 16:20:22.999897+08,2026-08-23 16:20:22.999897+08
01M0MX49WPEPQN98F593QKG7E7,01KZRW4877D5ZY6TAERNGTV34K,01KZRRGW142XAJ3EN2YJAF1HJB,2020-02-18,,,,delivered,690.00,2026-08-23 16:20:22.999897+08,2026-08-23 16:20:22.999897+08
01M0MX49WP8PE4V59VE96V9MM3,01KZRW4877D5ZY6TAERNGTV34K,01KZRRGW142XAJ3EN2YJAF1HJB,2020-11-03,,,,delivered,4200.00,2026-08-23 16:20:22.999897+08,2026-08-23 16:20:22.999897+08
01M0MX49WP7B2D0TRBGN522VR0,01KZRW4877D5ZY6TAERNGTV34K,01KZRRGW142XAJ3EN2YJAF1HJB,2020-03-24,,,,delivered,9475.00,2026-08-23 16:20:22.999897+08,2026-08-23 16:20:22.999897+08
01M0MX49WPFGMF9DM242GHEFQF,01KZRW4877D5ZY6TAERNGTV34K,01KZRRGW142XAJ3EN2YJAF1HJB,2020-02-04,,,,delivered,3850.00,2026-08-23 16:20:22.999897+08,2026-08-23 16:20:22.999897+08
01M0MX49WPQC4WK1AQ6E80X9H0,01KZRW4877D5ZY6TAERNGTV34K,01KZRRGW142XAJ3EN2YJAF1HJB,2020-03-05,,,,delivered,10060.00,2026-08-23 16:20:22.999897+08,2026-08-23 16:20:22.999897+08
01M0MX49WPP9SM6EMVQYWDT3AD,01KZRW4877D5ZY6TAERNGTV34K,01KZRRGW142XAJ3EN2YJAF1HJB,2020-08-05,,,,delivered,9155.00,2026-08-23 16:20:22.999897+08,2026-08-23 16:20:22.999897+08
01M0MX49WPZER174420RH2WK86,01KZRW4877D5ZY6TAERNGTV34K,01KZRRGW142XAJ3EN2YJAF1HJB,2020-06-13,,,,delivered,1240.00,2026-08-23 16:20:22.999897+08,2026-08-23 16:20:22.999897+08
01M0MX49WPQ8JX04JM0K7BBFS1,01KZRW4877D5ZY6TAERNGTV34K,01KZRRGW142XAJ3EN2YJAF1HJB,2020-07-19,,,,delivered,9100.00,2026-08-23 16:20:22.999897+08,2026-08-23 16:20:22.999897+08
01M0MX49WPJBXCWMWEE93ZK35T,01KZRW4877D5ZY6TAERNGTV34K,01KZRRGW142XAJ3EN2YJAF1HJB,2020-08-16,,,,delivered,660.00,2026-08-23 16:20:22.999897+08,2026-08-23 16:20:22.999897+08
01M0MX49WPZJMGKTF8B1K5HJA1,01KZRW4877D5ZY6TAERNGTV34K,01KZRRGW142XAJ3EN2YJAF1HJB,2020-09-23,,,,delivered,336.00,2026-08-23 16:20:22.999897+08,2026-08-23 16:20:22.999897+08
01M0MX49WP97ZYYRBGAEAN5SGH,01KZRW4877D5ZY6TAERNGTV34K,01KZRRGW142XAJ3EN2YJAF1HJB,2020-08-11,,,,delivered,270.00,2026-08-23 16:20:22.999897+08,2026-08-23 16:20:22.999897+08
01M0MX49WP3AHAYFTTJS42PYXK,01KZRW4877D5ZY6TAERNGTV34K,01KZRRGW142XAJ3EN2YJAF1HJB,2020-12-12,,,,delivered,5490.00,2026-08-23 16:20:22.999897+08,2026-08-23 16:20:22.999897+08
