id,order_id,product_id,quantity,unit_price,total_price,status,created_at,updated_at
6,01M0MX49WGBE4AAW4JZQ6Y9GHX,411921G8X1MT1A4Z5EPH3YP4,15,30.00,450.00,delivered,2026-08-23 16:39:18.391945+08,2026-08-23 16:39:18.391945+08
7,01M0MX49WGBE4AAW4JZQ6Y9GHX,414773WE720HJ0P121AG8FHQ,8,350.00,2800.00,delivered,2026-08-23 16:39:18.391945+08,2026-08-23 16:39:18.391945+08
8,01M0MX49WGBE4AAW4JZQ6Y9GHX,413005KN3WGNAPH6NCQ5JCT9,9,350.00,3150.00,delivered,2026-08-23 16:39:18.391945+08,2026-08-23 16:39:18.391945+08
10,01M0MX49WGNCYCAKEX9Q49Y0XY,414773WE720HJ0P121AG8FHQ,11,350.00,3850.00,delivered,2026-08-23 16:39:18.391945+08,2026-08-23 16:39:18.391945+08
11,01M0MX49WGQR1ST0YKH9QF3SQ2,41511344QHQDJBZ4FRV45NKC,5,350.00,1750.00,delivered,2026-08-23 16:39:18.391945+08,2026-08-23 16:39:18.391945+08
12,01M0MX49WGR4E3TY4EA5XPXNFC,41085841ZKREWJPCC4PWVWR7,7,15.00,105.00,processing,2026-08-23 16:39:18.391945+08,2026-08-23 16:39:18.391945+08
13,01M0MX49WGKMV3A8G3C311H2TF,410258ZSW0QAXSVS8S3VV7TE,15,35.00,525.00,processing,2026-08-23 16:39:18.391945+08,2026-08-23 16:39:18.391945+08
14,01M0MX49WGKMV3A8G3C311H2TF,41150684MEXX0KJ3HG4B279E,2,30.00,60.00,processing,2026-08-23 16:39:18.391945+08,2026-08-23 16:39:18.391945+08
15,01M0MX49WGKNTKR8HV4M9706RB,412596TV7NC82RBGNTA0W8JZ,1,35.00,35.00,delivered,2026-08-23 16:39:18.391945+08,2026-08-23 16:39:18.391945+08
16,01M0MX49WGKNTKR8HV4M9706RB,412596TV7NC82RBGNTA0W8JZ,13,35.00,455.00,delivered,2026-08-23 16:39:18.391945+08,2026-08-23 16:39:18.391945+08
17,01M0MX49WGGS2RDE6Y0FRFDMF8,416951J7FD3NBDV1MM1QS36H,13,415.00,5395.00,pending,2026-08-23 16:39:18.391945+08,2026-08-23 16:39:18.391945+08
18,01M0MX49WGGS2RDE6Y0FRFDMF8,41150684MEXX0KJ3HG4B279E,18,30.00,540.00,pending,2026-08-23 16:39:18.391945+08,2026-08-23 16:39:18.391945+08
19,01M0MX49WG7YM46STT4MPAR2KV,411921G8X1MT1A4Z5EPH3YP4,8,30.00,240.00,delivered,2026-08-23 16:39:18.391945+08,2026-08-23 16:39:18.391945+08
20,01M0MX49WG0TTWES9FV1VM45D7,4162975Y25KN73W7KKDJGX6P,11,245.00,2695.00,processing,2026-08-23 16:39:18.391945+08,2026-08-23 16:39:18.391945+08
21,01M0MX49WGK5X1KDY4MXSZPJE8,41511344QHQDJBZ4FRV45NKC,20,350.00,7000.00,delivered,2026-08-23 16:39:18.391945+08,2026-08-23 16:39:18.391945+08
22,01M0MX49WGK5X1KDY4MXSZPJE8,410258ZSW0QAXSVS8S3VV7TE,1,35.00,35.00,delivered,2026-08-23 16:39:18.391945+08,2026-08-23 16:39:18.391945+08
26,01M0MX49WGMSK1XMG2E4MK7MAA,409892D87XEVH1ZTZXV5F6C1,7,155.00,1085.00,pending,2026-08-23 16:39:18.391945+08,2026-08-23 16:39:18.391945+08
27,01M0MX49WGMSK1XMG2E4MK7MAA,416496PKZM0T9NY433H8KP6M,11,30.00,330.00,pending,2026-08-23 16:39:18.391945+08,2026-08-23 16:39:18.391945+08
28,01M0MX49WGPMJ4FTANZ7MT6XAZ,414773WE720HJ0P121AG8FHQ,14,350.00,4900.00,delivered,2026-08-23 16:39:18.391945+08,2026-08-23 16:39:18.391945+08
29,01M0MX49WGPMJ4FTANZ7MT6XAZ,414773WE720HJ0P121AG8FHQ,3,350.00,1050.00,delivered,2026-08-23 16:39:18.391945+08,2026-08-23 16:39:18.391945+08
30,01M0MX49WG814XNMC018CHYX46,407702R5D86R3CBB81E3X29M,12,350.00,4200.00,pending,2026-08-23 16:39:18.391945+08,2026-08-23 16:39:18.391945+08
31,01M0MX49WG814XNMC018CHYX46,4088862F2RR4FH8VD6HQ69ZM,3,350.00,1050.00,pending,2026-08-23 16:39:18.391945+08,2026-08-23 16:39:18.391945+08
32,01M0MX49WG814XNMC018CHYX46,413005KN3WGNAPH6NCQ5JCT9,2,350.00,700.00,pending,2026-08-23 16:39:18.391945+08,2026-08-23 16:39:18.391945+08
33,01M0MX49WGWYR86CRZMDF1XGPE,409420087QNW2D06G06MH7JS,20,350.00,7000.00,cancelled,2026-08-23 16:39:18.391945+08,2026-08-23 16:39:18.391945+08
34,01M0MX49WG969VBK4H1RNPS5BY,411039DJMEE6FWS52GMATRN7,4,25.00,100.00,confirmed,2026-08-23 16:39:18.391945+08,2026-08-23 16:39:18.391945+08
35,01M0MX49WG969VBK4H1RNPS5BY,412596TV7NC82RBGNTA0W8JZ,7,35.00,245.00,confirmed,2026-08-23 16:39:18.391945+08,2026-08-23 16:39:18.391945+08
36,01M0MX49WGNSC4GCTGFG32FQTD,417359ZGZV0QNH8M3DEYW8G5,20,350.00,7000.00,delivered,2026-08-23 16:39:18.391945+08,2026-08-23 16:39:18.391945+08
37,01M0MX49WGNSC4GCTGFG32FQTD,4082223DQAKGCJ8P0XHQQNB2,4,112.00,448.00,delivered,2026-08-23 16:39:18.391945+08,2026-08-23 16:39:18.391945+08
38,01M0MX49WG1QAG6VY0CSD3PZF7,412596TV7NC82RBGNTA0W8JZ,1,35.00,35.00,cancelled,2026-08-23 16:39:18.391945+08,2026-08-23 16:39:18.391945+08
41,01M0MX49WGZ6NNVQY5R9VQVPNJ,411039DJMEE6FWS52GMATRN7,20,25.00,500.00,pending,2026-08-23 16:39:18.391945+08,2026-08-23 16:39:18.391945+08
42,01M0MX49WGZ6NNVQY5R9VQVPNJ,4116065CZMHNTR71A86YWAMC,19,350.00,6650.00,pending,2026-08-23 16:39:18.391945+08,2026-08-23 16:39:18.391945+08
43,01M0MX49WG096YYCDHR8FQ8AZ7,411039DJMEE6FWS52GMATRN7,12,25.00,300.00,confirmed,2026-08-23 16:39:18.391945+08,2026-08-23 16:39:18.391945+08
44,01M0MX49WG096YYCDHR8FQ8AZ7,413521JP1792738MBB68XMK5,17,350.00,5950.00,confirmed,2026-08-23 16:39:18.391945+08,2026-08-23 16:39:18.391945+08
45,01M0MX49WG98STFAYJK4DG1FHA,411921G8X1MT1A4Z5EPH3YP4,4,30.00,120.00,pending,2026-08-23 16:39:18.391945+08,2026-08-23 16:39:18.391945+08
46,01M0MX49WG98STFAYJK4DG1FHA,41150684MEXX0KJ3HG4B279E,12,30.00,360.00,pending,2026-08-23 16:39:18.391945+08,2026-08-23 16:39:18.391945+08
47,01M0MX49WGAJFSTHKRX70PDMQM,417359ZGZV0QNH8M3DEYW8G5,17,350.00,5950.00,delivered,2026-08-23 16:39:18.391945+08,2026-08-23 16:39:18.391945+08
48,01M0MX49WGAJFSTHKRX70PDMQM,413005KN3WGNAPH6NCQ5JCT9,9,350.00,3150.00,delivered,2026-08-23 16:39:18.391945+08,2026-08-23 16:39:18.391945+08
49,01M0MX49WG0X4BC5YKWPCHZ0DD,411921G8X1MT1A4Z5EPH3YP4,15,30.00,450.00,delivered,2026-08-23 16:39:18.391945+08,2026-08-23 16:39:18.391945+08
50,01M0MX49WG0X4BC5YKWPCHZ0DD,41150684MEXX0KJ3HG4B279E,19,30.00,570.00,delivered,2026-08-23 16:39:18.391945+08,2026-08-23 16:39:18.391945+08
51,01M0MX49WG0X4BC5YKWPCHZ0DD,414773WE720HJ0P121AG8FHQ,11,350.00,3850.00,delivered,2026-08-23 16:39:18.391945+08,2026-08-23 16:39:18.391945+08
52,01M0MX49WGPV9KSDY5HAR11JXM,414773WE720HJ0P121AG8FHQ,15,350.00,5250.00,delivered,2026-08-23 16:39:18.391945+08,2026-08-23 16:39:18.391945+08
53,01M0MX49WG8ZSQZ5BKAQ1V7DA2,4082223DQAKGCJ8P0XHQQNB2,13,112.00,1456.00,delivered,2026-08-23 16:39:18.391945+08,2026-08-23 16:39:18.391945+08
54,01M0MX49WG8ZSQZ5BKAQ1V7DA2,409892D87XEVH1ZTZXV5F6C1,1,155.00,155.00,delivered,2026-08-23 16:39:18.391945+08,2026-08-23 16:39:18.391945+08
55,01M0MX49WG8ZSQZ5BKAQ1V7DA2,411921G8X1MT1A4Z5EPH3YP4,11,30.00,330.00,delivered,2026-08-23 16:39:18.391945+08,2026-08-23 16:39:18.391945+08
61,01M0MX49WGQZSW7VBEW5RCJ63V,41085841ZKREWJPCC4PWVWR7,16,15.00,240.00,delivered,2026-08-23 16:39:18.391945+08,2026-08-23 16:39:18.391945+08
62,01M0MX49WGQZSW7VBEW5RCJ63V,416496PKZM0T9NY433H8KP6M,1,30.00,30.00,delivered,2026-08-23 16:39:18.391945+08,2026-08-23 16:39:18.391945+08
63,01M0MX49WGQZSW7VBEW5RCJ63V,413521JP1792738MBB68XMK5,10,350.00,3500.00,delivered,2026-08-23 16:39:18.391945+08,2026-08-23 16:39:18.391945+08
64,01M0MX49WG072P2MSNE2RE86XE,416951J7FD3NBDV1MM1QS36H,19,415.00,7885.00,processing,2026-08-23 16:39:18.391945+08,2026-08-23 16:39:18.391945+08
68,01M0MX49WGXK1XTRWCF0JQM87E,4116065CZMHNTR71A86YWAMC,7,350.00,2450.00,confirmed,2026-08-23 16:39:18.391945+08,2026-08-23 16:39:18.391945+08
69,01M0MX49WGWSR9QFS1RHNNGGAC,41085841ZKREWJPCC4PWVWR7,6,15.00,90.00,pending,2026-08-23 16:39:18.391945+08,2026-08-23 16:39:18.391945+08
70,01M0MX49WGWSR9QFS1RHNNGGAC,409339V9MK4RHRG0A0XWT91W,7,485.00,3395.00,pending,2026-08-23 16:39:18.391945+08,2026-08-23 16:39:18.391945+08
71,01M0MX49WGWSR9QFS1RHNNGGAC,411921G8X1MT1A4Z5EPH3YP4,9,30.00,270.00,pending,2026-08-23 16:39:18.391945+08,2026-08-23 16:39:18.391945+08
72,01M0MX49WG48YD363J10SVCE5P,4082223DQAKGCJ8P0XHQQNB2,10,112.00,1120.00,cancelled,2026-08-23 16:39:18.391945+08,2026-08-23 16:39:18.391945+08
73,01M0MX49WG48YD363J10SVCE5P,4116065CZMHNTR71A86YWAMC,7,350.00,2450.00,cancelled,2026-08-23 16:39:18.391945+08,2026-08-23 16:39:18.391945+08
74,01M0MX49WG48YD363J10SVCE5P,416951J7FD3NBDV1MM1QS36H,8,415.00,3320.00,cancelled,2026-08-23 16:39:18.391945+08,2026-08-23 16:39:18.391945+08
75,01M0MX49WGH6J8W1SY226FFEZK,41085841ZKREWJPCC4PWVWR7,18,15.00,270.00,confirmed,2026-08-23 16:39:18.391945+08,2026-08-23 16:39:18.391945+08
76,01M0MX49WG5MTPAQY6XHA4D8KT,410258ZSW0QAXSVS8S3VV7TE,10,35.00,350.00,confirmed,2026-08-23 16:39:18.391945+08,2026-08-23 16:39:18.391945+08
81,01M0MX49WG90CSK3XEVVX6KP5C,411921G8X1MT1A4Z5EPH3YP4,3,30.00,90.00,delivered,2026-08-23 16:39:18.391945+08,2026-08-23 16:39:18.391945+08
82,01M0MX49WG90CSK3XEVVX6KP5C,412596TV7NC82RBGNTA0W8JZ,2,35.00,70.00,delivered,2026-08-23 16:39:18.391945+08,2026-08-23 16:39:18.391945+08
83,01M0MX49WGWB0XR5F6GQN8V25J,416951J7FD3NBDV1MM1QS36H,3,415.00,1245.00,pending,2026-08-23 16:39:18.391945+08,2026-08-23 16:39:18.391945+08
84,01M0MX49WGWB0XR5F6GQN8V25J,4088862F2RR4FH8VD6HQ69ZM,4,350.00,1400.00,pending,2026-08-23 16:39:18.391945+08,2026-08-23 16:39:18.391945+08
85,01M0MX49WGWB0XR5F6GQN8V25J,410258ZSW0QAXSVS8S3VV7TE,14,35.00,490.00,pending,2026-08-23 16:39:18.391945+08,2026-08-23 16:39:18.391945+08
89,01M0MX49WG6GSNAGWBY8CH84SD,412596TV7NC82RBGNTA0W8JZ,20,35.00,700.00,cancelled,2026-08-23 16:39:18.391945+08,2026-08-23 16:39:18.391945+08
90,01M0MX49WG6GSNAGWBY8CH84SD,407702R5D86R3CBB81E3X29M,20,350.00,7000.00,cancelled,2026-08-23 16:39:18.391945+08,2026-08-23 16:39:18.391945+08
91,01M0MX49WGRFEZS2AH2S98HNRN,413005KN3WGNAPH6NCQ5JCT9,7,350.00,2450.00,cancelled,2026-08-23 16:39:18.391945+08,2026-08-23 16:39:18.391945+08
92,01M0MX49WGARNRH43TXZCAF1NT,4088862F2RR4FH8VD6HQ69ZM,6,350.00,2100.00,delivered,2026-08-23 16:39:18.391945+08,2026-08-23 16:39:18.391945+08
93,01M0MX49WGWENBEG6F23SR0S68,41150684MEXX0KJ3HG4B279E,15,30.00,450.00,pending,2026-08-23 16:39:18.391945+08,2026-08-23 16:39:18.391945+08
95,01M0MX49WG52P5Q87XPBFPHWBJ,413521JP1792738MBB68XMK5,8,350.00,2800.00,delivered,2026-08-23 16:39:18.391945+08,2026-08-23 16:39:18.391945+08
96,01M0MX49WG52P5Q87XPBFPHWBJ,414773WE720HJ0P121AG8FHQ,19,350.00,6650.00,delivered,2026-08-23 16:39:18.391945+08,2026-08-23 16:39:18.391945+08
97,01M0MX49WGBCF37W3Y4XEHEWSK,4088862F2RR4FH8VD6HQ69ZM,5,350.00,1750.00,processing,2026-08-23 16:39:18.391945+08,2026-08-23 16:39:18.391945+08
98,01M0MX49WGBCF37W3Y4XEHEWSK,414773WE720HJ0P121AG8FHQ,5,350.00,1750.00,processing,2026-08-23 16:39:18.391945+08,2026-08-23 16:39:18.391945+08
99,01M0MX49WGBCF37W3Y4XEHEWSK,413521JP1792738MBB68XMK5,2,350.00,700.00,processing,2026-08-23 16:39:18.391945+08,2026-08-23 16:39:18.391945+08
100,01M0MX49WGK2XVWY34Q6MAMRHZ,412596TV7NC82RBGNTA0W8JZ,10,35.00,350.00,delivered,2026-08-23 16:39:18.391945+08,2026-08-23 16:39:18.391945+08
101,01M0MX49WGK2XVWY34Q6MAMRHZ,416496PKZM0T9NY433H8KP6M,4,30.00,120.00,delivered,2026-08-23 16:39:18.391945+08,2026-08-23 16:39:18.391945+08
102,01M0MX49WGK2XVWY34Q6MAMRHZ,416496PKZM0T9NY433H8KP6M,10,30.00,300.00,delivered,2026-08-23 16:39:18.391945+08,2026-08-23 16:39:18.391945+08
103,01M0MX49WGPJR6XCMP96QYWQEA,410258ZSW0QAXSVS8S3VV7TE,16,35.00,560.00,cancelled,2026-08-23 16:39:18.391945+08,2026-08-23 16:39:18.391945+08
104,01M0MX49WGPJR6XCMP96QYWQEA,416496PKZM0T9NY433H8KP6M,3,30.00,90.00,cancelled,2026-08-23 16:39:18.391945+08,2026-08-23 16:39:18.391945+08
105,01M0MX49WGPJR6XCMP96QYWQEA,4082223DQAKGCJ8P0XHQQNB2,2,112.00,224.00,cancelled,2026-08-23 16:39:18.391945+08,2026-08-23 16:39:18.391945+08
106,01M0MX49WGP04G7D1E7PFF9CPV,414773WE720HJ0P121AG8FHQ,1,350.00,350.00,delivered,2026-08-23 16:39:18.391945+08,2026-08-23 16:39:18.391945+08
107,01M0MX49WGP04G7D1E7PFF9CPV,413521JP1792738MBB68XMK5,8,350.00,2800.00,delivered,2026-08-23 16:39:18.391945+08,2026-08-23 16:39:18.391945+08
108,01M0MX49WGP04G7D1E7PFF9CPV,411039DJMEE6FWS52GMATRN7,19,25.00,475.00,delivered,2026-08-23 16:39:18.391945+08,2026-08-23 16:39:18.391945+08
109,01M0MX49WGKPT3DHG9C6P02MP4,414773WE720HJ0P121AG8FHQ,19,350.00,6650.00,cancelled,2026-08-23 16:39:18.391945+08,2026-08-23 16:39:18.391945+08
110,01M0MX49WGKPT3DHG9C6P02MP4,407702R5D86R3CBB81E3X29M,6,350.00,2100.00,cancelled,2026-08-23 16:39:18.391945+08,2026-08-23 16:39:18.391945+08
111,01M0MX49WGKPT3DHG9C6P02MP4,411921G8X1MT1A4Z5EPH3YP4,17,30.00,510.00,cancelled,2026-08-23 16:39:18.391945+08,2026-08-23 16:39:18.391945+08
112,01M0MX49WGAXMMHGF41PQJ80Q3,412596TV7NC82RBGNTA0W8JZ,14,35.00,490.00,delivered,2026-08-23 16:39:18.391945+08,2026-08-23 16:39:18.391945+08
113,01M0MX49WGT6S76RX79FEY4Y21,4138050CXS9PQSNF661Q1A1F,14,140.00,1960.00,cancelled,2026-08-23 16:39:18.391945+08,2026-08-23 16:39:18.391945+08
114,01M0MX49WGT6S76RX79FEY4Y21,409892D87XEVH1ZTZXV5F6C1,11,155.00,1705.00,cancelled,2026-08-23 16:39:18.391945+08,2026-08-23 16:39:18.391945+08
115,01M0MX49WGY85ZGH8Y24V84Z73,41150684MEXX0KJ3HG4B279E,16,30.00,480.00,delivered,2026-08-23 16:39:18.391945+08,2026-08-23 16:39:18.391945+08
116,01M0MX49WGY85ZGH8Y24V84Z73,416951J7FD3NBDV1MM1QS36H,13,415.00,5395.00,delivered,2026-08-23 16:39:18.391945+08,2026-08-23 16:39:18.391945+08
117,01M0MX49WGDX0JB4TZKZ9W0YHS,409892D87XEVH1ZTZXV5F6C1,9,155.00,1395.00,pending,2026-08-23 16:39:18.391945+08,2026-08-23 16:39:18.391945+08
118,01M0MX49WGEZAPGATCXWV6CCQH,408186TJ449WSVW673RWDK4X,1,30.00,30.00,pending,2026-08-23 16:39:18.391945+08,2026-08-23 16:39:18.391945+08
119,01M0MX49WGEZAPGATCXWV6CCQH,411039DJMEE6FWS52GMATRN7,18,25.00,450.00,pending,2026-08-23 16:39:18.391945+08,2026-08-23 16:39:18.391945+08
120,01M0MX49WG9VVMEZT8R5M2YC3G,408186TJ449WSVW673RWDK4X,12,30.00,360.00,processing,2026-08-23 16:39:18.391945+08,2026-08-23 16:39:18.391945+08
121,01M0MX49WGB0SG0TX4W7SXNY8Z,416496PKZM0T9NY433H8KP6M,2,30.00,60.00,delivered,2026-08-23 16:39:18.391945+08,2026-08-23 16:39:18.391945+08
122,01M0MX49WGB0SG0TX4W7SXNY8Z,409339V9MK4RHRG0A0XWT91W,9,485.00,4365.00,delivered,2026-08-23 16:39:18.391945+08,2026-08-23 16:39:18.391945+08
123,01M0MX49WGB0SG0TX4W7SXNY8Z,410258ZSW0QAXSVS8S3VV7TE,5,35.00,175.00,delivered,2026-08-23 16:39:18.391945+08,2026-08-23 16:39:18.391945+08
124,01M0MX49WGR8JDZFVGN9X5PRR8,411921G8X1MT1A4Z5EPH3YP4,4,30.00,120.00,processing,2026-08-23 16:39:18.391945+08,2026-08-23 16:39:18.391945+08
125,01M0MX49WGR8JDZFVGN9X5PRR8,409420087QNW2D06G06MH7JS,20,350.00,7000.00,processing,2026-08-23 16:39:18.391945+08,2026-08-23 16:39:18.391945+08
126,01M0MX49WGR8JDZFVGN9X5PRR8,4088862F2RR4FH8VD6HQ69ZM,6,350.00,2100.00,processing,2026-08-23 16:39:18.391945+08,2026-08-23 16:39:18.391945+08
133,01M0MX49WGDM8MGA4P9BJM61PC,41511344QHQDJBZ4FRV45NKC,13,350.00,4550.00,confirmed,2026-08-23 16:39:18.391945+08,2026-08-23 16:39:18.391945+08
134,01M0MX49WGDM8MGA4P9BJM61PC,409339V9MK4RHRG0A0XWT91W,20,485.00,9700.00,confirmed,2026-08-23 16:39:18.391945+08,2026-08-23 16:39:18.391945+08
135,01M0MX49WGDM8MGA4P9BJM61PC,408186TJ449WSVW673RWDK4X,5,30.00,150.00,confirmed,2026-08-23 16:39:18.391945+08,2026-08-23 16:39:18.391945+08
136,01M0MX49WG5Q0MMRDZ0KMF4JVJ,409892D87XEVH1ZTZXV5F6C1,17,155.00,2635.00,confirmed,2026-08-23 16:39:18.391945+08,2026-08-23 16:39:18.391945+08
137,01M0MX49WG5Q0MMRDZ0KMF4JVJ,414773WE720HJ0P121AG8FHQ,1,350.00,350.00,confirmed,2026-08-23 16:39:18.391945+08,2026-08-23 16:39:18.391945+08
138,01M0MX49WG4K1NVWDKJ2DRDR6V,412596TV7NC82RBGNTA0W8JZ,16,35.00,560.00,delivered,2026-08-23 16:39:18.391945+08,2026-08-23 16:39:18.391945+08
139,01M0MX49WG4K1NVWDKJ2DRDR6V,41511344QHQDJBZ4FRV45NKC,15,350.00,5250.00,delivered,2026-08-23 16:39:18.391945+08,2026-08-23 16:39:18.391945+08
140,01M0MX49WG4K1NVWDKJ2DRDR6V,410258ZSW0QAXSVS8S3VV7TE,16,35.00,560.00,delivered,2026-08-23 16:39:18.391945+08,2026-08-23 16:39:18.391945+08
141,01M0MX49WGAKX9N0JD58TMG4VQ,4162975Y25KN73W7KKDJGX6P,15,245.00,3675.00,confirmed,2026-08-23 16:39:18.391945+08,2026-08-23 16:39:18.391945+08
142,01M0MX49WGAKX9N0JD58TMG4VQ,409892D87XEVH1ZTZXV5F6C1,7,155.00,1085.00,confirmed,2026-08-23 16:39:18.391945+08,2026-08-23 16:39:18.391945+08
143,01M0MX49WGAKX9N0JD58TMG4VQ,41085841ZKREWJPCC4PWVWR7,8,15.00,120.00,confirmed,2026-08-23 16:39:18.391945+08,2026-08-23 16:39:18.391945+08
144,01M0MX49WGY1TBG799FV8JFTPH,407702R5D86R3CBB81E3X29M,11,350.00,3850.00,processing,2026-08-23 16:39:18.391945+08,2026-08-23 16:39:18.391945+08
145,01M0MX49WGY1TBG799FV8JFTPH,411921G8X1MT1A4Z5EPH3YP4,13,30.00,390.00,processing,2026-08-23 16:39:18.391945+08,2026-08-23 16:39:18.391945+08
146,01M0MX49WGN0DWDX68MV289GZS,41511344QHQDJBZ4FRV45NKC,16,350.00,5600.00,cancelled,2026-08-23 16:39:18.391945+08,2026-08-23 16:39:18.391945+08
147,01M0MX49WGN0DWDX68MV289GZS,407702R5D86R3CBB81E3X29M,5,350.00,1750.00,cancelled,2026-08-23 16:39:18.391945+08,2026-08-23 16:39:18.391945+08
148,01M0MX49WGN0DWDX68MV289GZS,408186TJ449WSVW673RWDK4X,19,30.00,570.00,cancelled,2026-08-23 16:39:18.391945+08,2026-08-23 16:39:18.391945+08
149,01M0MX49WGKXD43V1AMW676NYJ,4116065CZMHNTR71A86YWAMC,17,350.00,5950.00,delivered,2026-08-23 16:39:18.391945+08,2026-08-23 16:39:18.391945+08
150,01M0MX49WGKXD43V1AMW676NYJ,416496PKZM0T9NY433H8KP6M,1,30.00,30.00,delivered,2026-08-23 16:39:18.391945+08,2026-08-23 16:39:18.391945+08
151,01M0MX49WGG6ANY4020E59E15J,41511344QHQDJBZ4FRV45NKC,3,350.00,1050.00,processing,2026-08-23 16:39:18.391945+08,2026-08-23 16:39:18.391945+08
152,01M0MX49WGG6ANY4020E59E15J,411921G8X1MT1A4Z5EPH3YP4,9,30.00,270.00,processing,2026-08-23 16:39:18.391945+08,2026-08-23 16:39:18.391945+08
153,01M0MX49WGG6ANY4020E59E15J,409892D87XEVH1ZTZXV5F6C1,20,155.00,3100.00,processing,2026-08-23 16:39:18.391945+08,2026-08-23 16:39:18.391945+08
156,01M0MX49WGW308AB4DTFW48JT9,4082223DQAKGCJ8P0XHQQNB2,3,112.00,336.00,delivered,2026-08-23 16:39:18.391945+08,2026-08-23 16:39:18.391945+08
159,01M0MX49WGPTDR8CVFSQXRD5C9,416951J7FD3NBDV1MM1QS36H,1,415.00,415.00,processing,2026-08-23 16:39:18.391945+08,2026-08-23 16:39:18.391945+08
160,01M0MX49WGPTDR8CVFSQXRD5C9,407702R5D86R3CBB81E3X29M,11,350.00,3850.00,processing,2026-08-23 16:39:18.391945+08,2026-08-23 16:39:18.391945+08
161,01M0MX49WGPTDR8CVFSQXRD5C9,407702R5D86R3CBB81E3X29M,10,350.00,3500.00,processing,2026-08-23 16:39:18.391945+08,2026-08-23 16:39:18.391945+08
162,01M0MX49WGD9DX6KBTAY2NMXK1,4088862F2RR4FH8VD6HQ69ZM,17,350.00,5950.00,processing,2026-08-23 16:39:18.391945+08,2026-08-23 16:39:18.391945+08
166,01M0MX49WGE8DKQN4Z039KC0PT,414773WE720HJ0P121AG8FHQ,15,350.00,5250.00,confirmed,2026-08-23 16:39:18.391945+08,2026-08-23 16:39:18.391945+08
167,01M0MX49WGE8DKQN4Z039KC0PT,414773WE720HJ0P121AG8FHQ,1,350.00,350.00,confirmed,2026-08-23 16:39:18.391945+08,2026-08-23 16:39:18.391945+08
168,01M0MX49WGE8DKQN4Z039KC0PT,416496PKZM0T9NY433H8KP6M,10,30.00,300.00,confirmed,2026-08-23 16:39:18.391945+08,2026-08-23 16:39:18.391945+08
169,01M0MX49WG4QKEHMZ9433HPFAK,4138050CXS9PQSNF661Q1A1F,19,140.00,2660.00,confirmed,2026-08-23 16:39:18.391945+08,2026-08-23 16:39:18.391945+08
170,01M0MX49WG4QKEHMZ9433HPFAK,416951J7FD3NBDV1MM1QS36H,14,415.00,5810.00,confirmed,2026-08-23 16:39:18.391945+08,2026-08-23 16:39:18.391945+08
173,01M0MX49WG5EWZDGB1186CBBGZ,412596TV7NC82RBGNTA0W8JZ,10,35.00,350.00,processing,2026-08-23 16:39:18.391945+08,2026-08-23 16:39:18.391945+08
174,01M0MX49WG5EWZDGB1186CBBGZ,41085841ZKREWJPCC4PWVWR7,10,15.00,150.00,processing,2026-08-23 16:39:18.391945+08,2026-08-23 16:39:18.391945+08
175,01M0MX49WGYC4HSB1Z01XJP91K,4162975Y25KN73W7KKDJGX6P,9,245.00,2205.00,cancelled,2026-08-23 16:39:18.391945+08,2026-08-23 16:39:18.391945+08
176,01M0MX49WGYC4HSB1Z01XJP91K,409420087QNW2D06G06MH7JS,19,350.00,6650.00,cancelled,2026-08-23 16:39:18.391945+08,2026-08-23 16:39:18.391945+08
177,01M0MX49WGYC4HSB1Z01XJP91K,411039DJMEE6FWS52GMATRN7,2,25.00,50.00,cancelled,2026-08-23 16:39:18.391945+08,2026-08-23 16:39:18.391945+08
178,01M0MX49WGVYJSX598Q0KYKD7B,4088862F2RR4FH8VD6HQ69ZM,20,350.00,7000.00,delivered,2026-08-23 16:39:18.391945+08,2026-08-23 16:39:18.391945+08
179,01M0MX49WGVYJSX598Q0KYKD7B,4138050CXS9PQSNF661Q1A1F,8,140.00,1120.00,delivered,2026-08-23 16:39:18.391945+08,2026-08-23 16:39:18.391945+08
183,01M0MX49WGGMS3ZP9RJ2N3QS5S,412596TV7NC82RBGNTA0W8JZ,12,35.00,420.00,delivered,2026-08-23 16:39:18.391945+08,2026-08-23 16:39:18.391945+08
184,01M0MX49WGCFTB8CMRTDW11V7C,409892D87XEVH1ZTZXV5F6C1,14,155.00,2170.00,pending,2026-08-23 16:39:18.391945+08,2026-08-23 16:39:18.391945+08
185,01M0MX49WGCFTB8CMRTDW11V7C,417359ZGZV0QNH8M3DEYW8G5,7,350.00,2450.00,pending,2026-08-23 16:39:18.391945+08,2026-08-23 16:39:18.391945+08
186,01M0MX49WGCMWE9D9WSN7X4FGW,408186TJ449WSVW673RWDK4X,17,30.00,510.00,delivered,2026-08-23 16:39:18.391945+08,2026-08-23 16:39:18.391945+08
187,01M0MX49WGCMWE9D9WSN7X4FGW,414773WE720HJ0P121AG8FHQ,6,350.00,2100.00,delivered,2026-08-23 16:39:18.391945+08,2026-08-23 16:39:18.391945+08
188,01M0MX49WGK3AEFVHW52BX2W2Z,416951J7FD3NBDV1MM1QS36H,11,415.00,4565.00,delivered,2026-08-23 16:39:18.391945+08,2026-08-23 16:39:18.391945+08
189,01M0MX49WGK3AEFVHW52BX2W2Z,4116065CZMHNTR71A86YWAMC,15,350.00,5250.00,delivered,2026-08-23 16:39:18.391945+08,2026-08-23 16:39:18.391945+08
190,01M0MX49WG2VEM844BH9YSMAWE,411039DJMEE6FWS52GMATRN7,13,25.00,325.00,pending,2026-08-23 16:39:18.391945+08,2026-08-23 16:39:18.391945+08
191,01M0MX49WGSSZ2W091FM76JZE6,409420087QNW2D06G06MH7JS,9,350.00,3150.00,processing,2026-08-23 16:39:18.391945+08,2026-08-23 16:39:18.391945+08
192,01M0MX49WGSSZ2W091FM76JZE6,410258ZSW0QAXSVS8S3VV7TE,4,35.00,140.00,processing,2026-08-23 16:39:18.391945+08,2026-08-23 16:39:18.391945+08
193,01M0MX49WGJ9QGX5T85XAKV115,411039DJMEE6FWS52GMATRN7,9,25.00,225.00,processing,2026-08-23 16:39:18.391945+08,2026-08-23 16:39:18.391945+08
194,01M0MX49WGJ9QGX5T85XAKV115,412596TV7NC82RBGNTA0W8JZ,13,35.00,455.00,processing,2026-08-23 16:39:18.391945+08,2026-08-23 16:39:18.391945+08
195,01M0MX49WGJ9QGX5T85XAKV115,413005KN3WGNAPH6NCQ5JCT9,12,350.00,4200.00,processing,2026-08-23 16:39:18.391945+08,2026-08-23 16:39:18.391945+08
196,01M0MX49WGACSBHF2VXE66J891,409420087QNW2D06G06MH7JS,20,350.00,7000.00,delivered,2026-08-23 16:39:18.391945+08,2026-08-23 16:39:18.391945+08
197,01M0MX49WGACSBHF2VXE66J891,410258ZSW0QAXSVS8S3VV7TE,11,35.00,385.00,delivered,2026-08-23 16:39:18.391945+08,2026-08-23 16:39:18.391945+08
198,01M0MX49WG23ND8A517DSTQNPF,413005KN3WGNAPH6NCQ5JCT9,15,350.00,5250.00,confirmed,2026-08-23 16:39:18.391945+08,2026-08-23 16:39:18.391945+08
200,01M0MX49WG6FPPPVS0GCB7BXCZ,4116065CZMHNTR71A86YWAMC,4,350.00,1400.00,confirmed,2026-08-23 16:39:18.391945+08,2026-08-23 16:39:18.391945+08
201,01M0MX49WG6FPPPVS0GCB7BXCZ,4088862F2RR4FH8VD6HQ69ZM,18,350.00,6300.00,confirmed,2026-08-23 16:39:18.391945+08,2026-08-23 16:39:18.391945+08
202,01M0MX49WGM74AVSW5DBFW52V1,411039DJMEE6FWS52GMATRN7,18,25.00,450.00,processing,2026-08-23 16:39:18.391945+08,2026-08-23 16:39:18.391945+08
203,01M0MX49WGM74AVSW5DBFW52V1,41150684MEXX0KJ3HG4B279E,19,30.00,570.00,processing,2026-08-23 16:39:18.391945+08,2026-08-23 16:39:18.391945+08
204,01M0MX49WGY2GJ95N8QCDTAMGP,4116065CZMHNTR71A86YWAMC,16,350.00,5600.00,delivered,2026-08-23 16:39:18.391945+08,2026-08-23 16:39:18.391945+08
205,01M0MX49WGY2GJ95N8QCDTAMGP,4082223DQAKGCJ8P0XHQQNB2,14,112.00,1568.00,delivered,2026-08-23 16:39:18.391945+08,2026-08-23 16:39:18.391945+08
206,01M0MX49WGY2GJ95N8QCDTAMGP,414773WE720HJ0P121AG8FHQ,2,350.00,700.00,delivered,2026-08-23 16:39:18.391945+08,2026-08-23 16:39:18.391945+08
207,01M0MX49WGQAJZPYV6SZMV47SY,4088862F2RR4FH8VD6HQ69ZM,12,350.00,4200.00,confirmed,2026-08-23 16:39:18.391945+08,2026-08-23 16:39:18.391945+08
208,01M0MX49WGQAJZPYV6SZMV47SY,4116065CZMHNTR71A86YWAMC,12,350.00,4200.00,confirmed,2026-08-23 16:39:18.391945+08,2026-08-23 16:39:18.391945+08
209,01M0MX49WGY1ZQWB8AK195NFVT,4138050CXS9PQSNF661Q1A1F,2,140.00,280.00,delivered,2026-08-23 16:39:18.391945+08,2026-08-23 16:39:18.391945+08
210,01M0MX49WGY1ZQWB8AK195NFVT,4162975Y25KN73W7KKDJGX6P,9,245.00,2205.00,delivered,2026-08-23 16:39:18.391945+08,2026-08-23 16:39:18.391945+08
211,01M0MX49WGY1ZQWB8AK195NFVT,409339V9MK4RHRG0A0XWT91W,4,485.00,1940.00,delivered,2026-08-23 16:39:18.391945+08,2026-08-23 16:39:18.391945+08
212,01M0MX49WGXKB3C4T9JSE63CMK,413005KN3WGNAPH6NCQ5JCT9,20,350.00,7000.00,pending,2026-08-23 16:39:18.391945+08,2026-08-23 16:39:18.391945+08
213,01M0MX49WGC6266VSJCB0G1AWB,4088862F2RR4FH8VD6HQ69ZM,5,350.00,1750.00,pending,2026-08-23 16:39:18.391945+08,2026-08-23 16:39:18.391945+08
214,01M0MX49WGC6266VSJCB0G1AWB,412596TV7NC82RBGNTA0W8JZ,7,35.00,245.00,pending,2026-08-23 16:39:18.391945+08,2026-08-23 16:39:18.391945+08
215,01M0MX49WGWQ6BDMEBZBHKHQKZ,409339V9MK4RHRG0A0XWT91W,19,485.00,9215.00,delivered,2026-08-23 16:39:18.391945+08,2026-08-23 16:39:18.391945+08
216,01M0MX49WGWQ6BDMEBZBHKHQKZ,409339V9MK4RHRG0A0XWT91W,8,485.00,3880.00,delivered,2026-08-23 16:39:18.391945+08,2026-08-23 16:39:18.391945+08
217,01M0MX49WGWQ6BDMEBZBHKHQKZ,409892D87XEVH1ZTZXV5F6C1,5,155.00,775.00,delivered,2026-08-23 16:39:18.391945+08,2026-08-23 16:39:18.391945+08
218,01M0MX49WGCBEY9QRPXQ4QYSEG,41511344QHQDJBZ4FRV45NKC,18,350.00,6300.00,pending,2026-08-23 16:39:18.391945+08,2026-08-23 16:39:18.391945+08
219,01M0MX49WG61EFKXDDJ3QCNFRP,411039DJMEE6FWS52GMATRN7,1,25.00,25.00,delivered,2026-08-23 16:39:18.391945+08,2026-08-23 16:39:18.391945+08
220,01M0MX49WGM38C4WMQ5JQE9CD1,412596TV7NC82RBGNTA0W8JZ,11,35.00,385.00,pending,2026-08-23 16:39:18.391945+08,2026-08-23 16:39:18.391945+08
221,01M0MX49WG38NFG93S4ZNVJDC2,41511344QHQDJBZ4FRV45NKC,14,350.00,4900.00,confirmed,2026-08-23 16:39:18.391945+08,2026-08-23 16:39:18.391945+08
222,01M0MX49WG2MV8XQ4FMD82GHVK,411921G8X1MT1A4Z5EPH3YP4,15,30.00,450.00,pending,2026-08-23 16:39:18.391945+08,2026-08-23 16:39:18.391945+08
224,01M0MX49WG7QDXJZKJJH6Z6S49,411039DJMEE6FWS52GMATRN7,17,25.00,425.00,cancelled,2026-08-23 16:39:18.391945+08,2026-08-23 16:39:18.391945+08
226,01M0MX49WG65BRX0CC0QHN9A7V,411921G8X1MT1A4Z5EPH3YP4,15,30.00,450.00,processing,2026-08-23 16:39:18.391945+08,2026-08-23 16:39:18.391945+08
227,01M0MX49WGDSA5YWSS7ZRNT4SD,4082223DQAKGCJ8P0XHQQNB2,5,112.00,560.00,delivered,2026-08-23 16:39:18.391945+08,2026-08-23 16:39:18.391945+08
228,01M0MX49WGDSA5YWSS7ZRNT4SD,413521JP1792738MBB68XMK5,5,350.00,1750.00,delivered,2026-08-23 16:39:18.391945+08,2026-08-23 16:39:18.391945+08
234,01M0MX49WGAK3M7ZJJX07KA476,41150684MEXX0KJ3HG4B279E,11,30.00,330.00,processing,2026-08-23 16:39:18.391945+08,2026-08-23 16:39:18.391945+08
235,01M0MX49WGGBZABQ5SY31H6VSW,4116065CZMHNTR71A86YWAMC,11,350.00,3850.00,processing,2026-08-23 16:39:18.391945+08,2026-08-23 16:39:18.391945+08
236,01M0MX49WGGBZABQ5SY31H6VSW,41150684MEXX0KJ3HG4B279E,11,30.00,330.00,processing,2026-08-23 16:39:18.391945+08,2026-08-23 16:39:18.391945+08
237,01M0MX49WGGBZABQ5SY31H6VSW,411039DJMEE6FWS52GMATRN7,9,25.00,225.00,processing,2026-08-23 16:39:18.391945+08,2026-08-23 16:39:18.391945+08
238,01M0MX49WG6GBQAF7BGH9XTYMD,411921G8X1MT1A4Z5EPH3YP4,3,30.00,90.00,cancelled,2026-08-23 16:39:18.391945+08,2026-08-23 16:39:18.391945+08
239,01M0MX49WG6GBQAF7BGH9XTYMD,413521JP1792738MBB68XMK5,3,350.00,1050.00,cancelled,2026-08-23 16:39:18.391945+08,2026-08-23 16:39:18.391945+08
240,01M0MX49WG6GBQAF7BGH9XTYMD,413521JP1792738MBB68XMK5,14,350.00,4900.00,cancelled,2026-08-23 16:39:18.391945+08,2026-08-23 16:39:18.391945+08
241,01M0MX49WGEVBNN8GR7QSTQ2TH,41511344QHQDJBZ4FRV45NKC,18,350.00,6300.00,delivered,2026-08-23 16:39:18.391945+08,2026-08-23 16:39:18.391945+08
242,01M0MX49WGEVBNN8GR7QSTQ2TH,407702R5D86R3CBB81E3X29M,19,350.00,6650.00,delivered,2026-08-23 16:39:18.391945+08,2026-08-23 16:39:18.391945+08
246,01M0MX49WGM84BF1SMZX9A508M,412596TV7NC82RBGNTA0W8JZ,17,35.00,595.00,confirmed,2026-08-23 16:39:18.391945+08,2026-08-23 16:39:18.391945+08
247,01M0MX49WG4252M0EQ8QBY6C5T,4088862F2RR4FH8VD6HQ69ZM,4,350.00,1400.00,confirmed,2026-08-23 16:39:18.391945+08,2026-08-23 16:39:18.391945+08
248,01M0MX49WG4252M0EQ8QBY6C5T,4138050CXS9PQSNF661Q1A1F,18,140.00,2520.00,confirmed,2026-08-23 16:39:18.391945+08,2026-08-23 16:39:18.391945+08
249,01M0MX49WGXZGSE6CJ5W6X8KH2,412596TV7NC82RBGNTA0W8JZ,8,35.00,280.00,pending,2026-08-23 16:39:18.391945+08,2026-08-23 16:39:18.391945+08
250,01M0MX49WGXZGSE6CJ5W6X8KH2,41150684MEXX0KJ3HG4B279E,18,30.00,540.00,pending,2026-08-23 16:39:18.391945+08,2026-08-23 16:39:18.391945+08
254,01M0MX49WGVZXA01N0CB9JJXRE,409892D87XEVH1ZTZXV5F6C1,12,155.00,1860.00,delivered,2026-08-23 16:39:18.391945+08,2026-08-23 16:39:18.391945+08
255,01M0MX49WGVZXA01N0CB9JJXRE,409420087QNW2D06G06MH7JS,6,350.00,2100.00,delivered,2026-08-23 16:39:18.391945+08,2026-08-23 16:39:18.391945+08
258,01M0MX49WGN8MPE73ZYT2HWRDX,4162975Y25KN73W7KKDJGX6P,14,245.00,3430.00,delivered,2026-08-23 16:39:18.391945+08,2026-08-23 16:39:18.391945+08
259,01M0MX49WG5YB59TWGVXDSWZHQ,416951J7FD3NBDV1MM1QS36H,11,415.00,4565.00,confirmed,2026-08-23 16:39:18.391945+08,2026-08-23 16:39:18.391945+08
260,01M0MX49WG5YB59TWGVXDSWZHQ,412596TV7NC82RBGNTA0W8JZ,20,35.00,700.00,confirmed,2026-08-23 16:39:18.391945+08,2026-08-23 16:39:18.391945+08
261,01M0MX49WGGD30RGZBZE48RNC3,417359ZGZV0QNH8M3DEYW8G5,20,350.00,7000.00,delivered,2026-08-23 16:39:18.391945+08,2026-08-23 16:39:18.391945+08
262,01M0MX49WG899B59DPMKAS3Q80,416496PKZM0T9NY433H8KP6M,14,30.00,420.00,delivered,2026-08-23 16:39:18.391945+08,2026-08-23 16:39:18.391945+08
263,01M0MX49WG899B59DPMKAS3Q80,411921G8X1MT1A4Z5EPH3YP4,20,30.00,600.00,delivered,2026-08-23 16:39:18.391945+08,2026-08-23 16:39:18.391945+08
264,01M0MX49WGCP5G7E6SA4CSYT7F,408186TJ449WSVW673RWDK4X,4,30.00,120.00,processing,2026-08-23 16:39:18.391945+08,2026-08-23 16:39:18.391945+08
265,01M0MX49WGE1RGPWEHV08AM5SA,411039DJMEE6FWS52GMATRN7,19,25.00,475.00,processing,2026-08-23 16:39:18.391945+08,2026-08-23 16:39:18.391945+08
266,01M0MX49WGE1RGPWEHV08AM5SA,411921G8X1MT1A4Z5EPH3YP4,17,30.00,510.00,processing,2026-08-23 16:39:18.391945+08,2026-08-23 16:39:18.391945+08
267,01M0MX49WG7XKZ335GVP0F0BPP,4082223DQAKGCJ8P0XHQQNB2,2,112.00,224.00,pending,2026-08-23 16:39:18.391945+08,2026-08-23 16:39:18.391945+08
268,01M0MX49WG7XKZ335GVP0F0BPP,409420087QNW2D06G06MH7JS,7,350.00,2450.00,pending,2026-08-23 16:39:18.391945+08,2026-08-23 16:39:18.391945+08
269,01M0MX49WG70DRF21ET81FBM0J,414773WE720HJ0P121AG8FHQ,10,350.00,3500.00,cancelled,2026-08-23 16:39:18.391945+08,2026-08-23 16:39:18.391945+08
270,01M0MX49WGMMR6KVVA9H6VVTRK,41150684MEXX0KJ3HG4B279E,6,30.00,180.00,pending,2026-08-23 16:39:18.391945+08,2026-08-23 16:39:18.391945+08
271,01M0MX49WGMMR6KVVA9H6VVTRK,41511344QHQDJBZ4FRV45NKC,13,350.00,4550.00,pending,2026-08-23 16:39:18.391945+08,2026-08-23 16:39:18.391945+08
272,01M0MX49WGW1JP4PT348QNCJTN,410258ZSW0QAXSVS8S3VV7TE,12,35.00,420.00,delivered,2026-08-23 16:39:18.391945+08,2026-08-23 16:39:18.391945+08
273,01M0MX49WGW1JP4PT348QNCJTN,413521JP1792738MBB68XMK5,13,350.00,4550.00,delivered,2026-08-23 16:39:18.391945+08,2026-08-23 16:39:18.391945+08
274,01M0MX49WGW1JP4PT348QNCJTN,407702R5D86R3CBB81E3X29M,14,350.00,4900.00,delivered,2026-08-23 16:39:18.391945+08,2026-08-23 16:39:18.391945+08
279,01M0MX49WGF9BWPG037F8DW7S4,416496PKZM0T9NY433H8KP6M,12,30.00,360.00,confirmed,2026-08-23 16:39:18.391945+08,2026-08-23 16:39:18.391945+08
280,01M0MX49WGF9BWPG037F8DW7S4,413521JP1792738MBB68XMK5,14,350.00,4900.00,confirmed,2026-08-23 16:39:18.391945+08,2026-08-23 16:39:18.391945+08
281,01M0MX49WGF9BWPG037F8DW7S4,4116065CZMHNTR71A86YWAMC,8,350.00,2800.00,confirmed,2026-08-23 16:39:18.391945+08,2026-08-23 16:39:18.391945+08
285,01M0MX49WGR3C7SVBDEE5BKPPF,4116065CZMHNTR71A86YWAMC,17,350.00,5950.00,pending,2026-08-23 16:39:18.391945+08,2026-08-23 16:39:18.391945+08
286,01M0MX49WGR3C7SVBDEE5BKPPF,408186TJ449WSVW673RWDK4X,7,30.00,210.00,pending,2026-08-23 16:39:18.391945+08,2026-08-23 16:39:18.391945+08
287,01M0MX49WGR3C7SVBDEE5BKPPF,4138050CXS9PQSNF661Q1A1F,12,140.00,1680.00,pending,2026-08-23 16:39:18.391945+08,2026-08-23 16:39:18.391945+08
288,01M0MX49WG66S681CJJ2HTWB9W,414773WE720HJ0P121AG8FHQ,7,350.00,2450.00,confirmed,2026-08-23 16:39:18.391945+08,2026-08-23 16:39:18.391945+08
292,01M0MX49WGYNNV8051W92JD8QC,413005KN3WGNAPH6NCQ5JCT9,20,350.00,7000.00,processing,2026-08-23 16:39:18.391945+08,2026-08-23 16:39:18.391945+08
293,01M0MX49WGYNNV8051W92JD8QC,409892D87XEVH1ZTZXV5F6C1,11,155.00,1705.00,processing,2026-08-23 16:39:18.391945+08,2026-08-23 16:39:18.391945+08
294,01M0MX49WGYNNV8051W92JD8QC,41511344QHQDJBZ4FRV45NKC,15,350.00,5250.00,processing,2026-08-23 16:39:18.391945+08,2026-08-23 16:39:18.391945+08
298,01M0MX49WGHPT6VM2MVE0CZT9H,407702R5D86R3CBB81E3X29M,2,350.00,700.00,confirmed,2026-08-23 16:39:18.391945+08,2026-08-23 16:39:18.391945+08
299,01M0MX49WGHPT6VM2MVE0CZT9H,4138050CXS9PQSNF661Q1A1F,10,140.00,1400.00,confirmed,2026-08-23 16:39:18.391945+08,2026-08-23 16:39:18.391945+08
301,01M0MX49WG41XHT6C361BDBN8W,410258ZSW0QAXSVS8S3VV7TE,2,35.00,70.00,processing,2026-08-23 16:39:18.391945+08,2026-08-23 16:39:18.391945+08
302,01M0MX49WG41XHT6C361BDBN8W,416496PKZM0T9NY433H8KP6M,19,30.00,570.00,processing,2026-08-23 16:39:18.391945+08,2026-08-23 16:39:18.391945+08
303,01M0MX49WG41XHT6C361BDBN8W,413005KN3WGNAPH6NCQ5JCT9,7,350.00,2450.00,processing,2026-08-23 16:39:18.391945+08,2026-08-23 16:39:18.391945+08
311,01M0MX49WGM4X8XR7MVYBRGS8K,413005KN3WGNAPH6NCQ5JCT9,11,350.00,3850.00,delivered,2026-08-23 16:39:18.391945+08,2026-08-23 16:39:18.391945+08
312,01M0MX49WGVK2JVBWATZFDC2FP,411039DJMEE6FWS52GMATRN7,13,25.00,325.00,confirmed,2026-08-23 16:39:18.391945+08,2026-08-23 16:39:18.391945+08
313,01M0MX49WGVK2JVBWATZFDC2FP,416951J7FD3NBDV1MM1QS36H,9,415.00,3735.00,confirmed,2026-08-23 16:39:18.391945+08,2026-08-23 16:39:18.391945+08
314,01M0MX49WGVK2JVBWATZFDC2FP,411039DJMEE6FWS52GMATRN7,20,25.00,500.00,confirmed,2026-08-23 16:39:18.391945+08,2026-08-23 16:39:18.391945+08
315,01M0MX49WGWCYZW025FKDREAYE,411039DJMEE6FWS52GMATRN7,5,25.00,125.00,confirmed,2026-08-23 16:39:18.391945+08,2026-08-23 16:39:18.391945+08
316,01M0MX49WGWCYZW025FKDREAYE,4138050CXS9PQSNF661Q1A1F,10,140.00,1400.00,confirmed,2026-08-23 16:39:18.391945+08,2026-08-23 16:39:18.391945+08
317,01M0MX49WGWCYZW025FKDREAYE,413005KN3WGNAPH6NCQ5JCT9,13,350.00,4550.00,confirmed,2026-08-23 16:39:18.391945+08,2026-08-23 16:39:18.391945+08
321,01M0MX49WGGXHQKFR7F7MGGSYF,416951J7FD3NBDV1MM1QS36H,6,415.00,2490.00,processing,2026-08-23 16:39:18.391945+08,2026-08-23 16:39:18.391945+08
322,01M0MX49WGGXHQKFR7F7MGGSYF,409339V9MK4RHRG0A0XWT91W,11,485.00,5335.00,processing,2026-08-23 16:39:18.391945+08,2026-08-23 16:39:18.391945+08
323,01M0MX49WGZ490F5TRFQEP0WRQ,41511344QHQDJBZ4FRV45NKC,3,350.00,1050.00,confirmed,2026-08-23 16:39:18.391945+08,2026-08-23 16:39:18.391945+08
324,01M0MX49WGAPG5SZDEH3Q5YFA2,408186TJ449WSVW673RWDK4X,18,30.00,540.00,delivered,2026-08-23 16:39:18.391945+08,2026-08-23 16:39:18.391945+08
325,01M0MX49WGPDND4QZYC2GQCF3V,4082223DQAKGCJ8P0XHQQNB2,5,112.00,560.00,pending,2026-08-23 16:39:18.391945+08,2026-08-23 16:39:18.391945+08
326,01M0MX49WGPDND4QZYC2GQCF3V,4082223DQAKGCJ8P0XHQQNB2,13,112.00,1456.00,pending,2026-08-23 16:39:18.391945+08,2026-08-23 16:39:18.391945+08
327,01M0MX49WG7TY8WZS5WPG44048,4082223DQAKGCJ8P0XHQQNB2,6,112.00,672.00,confirmed,2026-08-23 16:39:18.391945+08,2026-08-23 16:39:18.391945+08
328,01M0MX49WG7TY8WZS5WPG44048,416496PKZM0T9NY433H8KP6M,2,30.00,60.00,confirmed,2026-08-23 16:39:18.391945+08,2026-08-23 16:39:18.391945+08
329,01M0MX49WG7TY8WZS5WPG44048,41150684MEXX0KJ3HG4B279E,12,30.00,360.00,confirmed,2026-08-23 16:39:18.391945+08,2026-08-23 16:39:18.391945+08
330,01M0MX49WG9278Y4NGZXDJACP3,416951J7FD3NBDV1MM1QS36H,15,415.00,6225.00,cancelled,2026-08-23 16:39:18.391945+08,2026-08-23 16:39:18.391945+08
331,01M0MX49WG9278Y4NGZXDJACP3,4088862F2RR4FH8VD6HQ69ZM,18,350.00,6300.00,cancelled,2026-08-23 16:39:18.391945+08,2026-08-23 16:39:18.391945+08
332,01M0MX49WG9278Y4NGZXDJACP3,4088862F2RR4FH8VD6HQ69ZM,10,350.00,3500.00,cancelled,2026-08-23 16:39:18.391945+08,2026-08-23 16:39:18.391945+08
333,01M0MX49WGT6D7JZW2H19E11JN,4138050CXS9PQSNF661Q1A1F,19,140.00,2660.00,delivered,2026-08-23 16:39:18.391945+08,2026-08-23 16:39:18.391945+08
336,01M0MX49WGR0V19BRFK2FN2GS8,41511344QHQDJBZ4FRV45NKC,9,350.00,3150.00,delivered,2026-08-23 16:39:18.391945+08,2026-08-23 16:39:18.391945+08
337,01M0MX49WGR0V19BRFK2FN2GS8,407702R5D86R3CBB81E3X29M,16,350.00,5600.00,delivered,2026-08-23 16:39:18.391945+08,2026-08-23 16:39:18.391945+08
338,01M0MX49WGR0V19BRFK2FN2GS8,4138050CXS9PQSNF661Q1A1F,18,140.00,2520.00,delivered,2026-08-23 16:39:18.391945+08,2026-08-23 16:39:18.391945+08
339,01M0MX49WGP2N4YZDVCBSMZH5H,4116065CZMHNTR71A86YWAMC,10,350.00,3500.00,delivered,2026-08-23 16:39:18.391945+08,2026-08-23 16:39:18.391945+08
340,01M0MX49WGP2N4YZDVCBSMZH5H,413521JP1792738MBB68XMK5,6,350.00,2100.00,delivered,2026-08-23 16:39:18.391945+08,2026-08-23 16:39:18.391945+08
341,01M0MX49WGP2N4YZDVCBSMZH5H,414773WE720HJ0P121AG8FHQ,15,350.00,5250.00,delivered,2026-08-23 16:39:18.391945+08,2026-08-23 16:39:18.391945+08
342,01M0MX49WG4GTJNGZ371J968R9,413521JP1792738MBB68XMK5,8,350.00,2800.00,pending,2026-08-23 16:39:18.391945+08,2026-08-23 16:39:18.391945+08
343,01M0MX49WG4GTJNGZ371J968R9,416496PKZM0T9NY433H8KP6M,12,30.00,360.00,pending,2026-08-23 16:39:18.391945+08,2026-08-23 16:39:18.391945+08
344,01M0MX49WGHMXFBHBF0NN8XEAY,408186TJ449WSVW673RWDK4X,12,30.00,360.00,processing,2026-08-23 16:39:18.391945+08,2026-08-23 16:39:18.391945+08
345,01M0MX49WGHMXFBHBF0NN8XEAY,4088862F2RR4FH8VD6HQ69ZM,13,350.00,4550.00,processing,2026-08-23 16:39:18.391945+08,2026-08-23 16:39:18.391945+08
346,01M0MX49WGSJMYNWJ3CDGN7KAF,409892D87XEVH1ZTZXV5F6C1,4,155.00,620.00,processing,2026-08-23 16:39:18.391945+08,2026-08-23 16:39:18.391945+08
347,01M0MX49WGT325HH6A16PDJTVH,407702R5D86R3CBB81E3X29M,10,350.00,3500.00,delivered,2026-08-23 16:39:18.391945+08,2026-08-23 16:39:18.391945+08
348,01M0MX49WG6P4B8J61TM7KPGX4,41085841ZKREWJPCC4PWVWR7,16,15.00,240.00,delivered,2026-08-23 16:39:18.391945+08,2026-08-23 16:39:18.391945+08
350,01M0MX49WGACBZW2KWJR653RYF,4082223DQAKGCJ8P0XHQQNB2,17,112.00,1904.00,delivered,2026-08-23 16:39:18.391945+08,2026-08-23 16:39:18.391945+08
351,01M0MX49WGACBZW2KWJR653RYF,41150684MEXX0KJ3HG4B279E,4,30.00,120.00,delivered,2026-08-23 16:39:18.391945+08,2026-08-23 16:39:18.391945+08
352,01M0MX49WGACBZW2KWJR653RYF,416951J7FD3NBDV1MM1QS36H,8,415.00,3320.00,delivered,2026-08-23 16:39:18.391945+08,2026-08-23 16:39:18.391945+08
353,01M0MX49WG57F33G3AQMHE7CWB,41150684MEXX0KJ3HG4B279E,20,30.00,600.00,pending,2026-08-23 16:39:18.391945+08,2026-08-23 16:39:18.391945+08
354,01M0MX49WGX2K3QAJ06AJR7NGH,4082223DQAKGCJ8P0XHQQNB2,18,112.00,2016.00,pending,2026-08-23 16:39:18.391945+08,2026-08-23 16:39:18.391945+08
355,01M0MX49WGX2K3QAJ06AJR7NGH,409420087QNW2D06G06MH7JS,17,350.00,5950.00,pending,2026-08-23 16:39:18.391945+08,2026-08-23 16:39:18.391945+08
356,01M0MX49WGMRQNFAF9D7JZH8CB,416951J7FD3NBDV1MM1QS36H,14,415.00,5810.00,confirmed,2026-08-23 16:39:18.391945+08,2026-08-23 16:39:18.391945+08
358,01M0MX49WGAB1M5MJP18ECN0R1,408186TJ449WSVW673RWDK4X,12,30.00,360.00,delivered,2026-08-23 16:39:18.391945+08,2026-08-23 16:39:18.391945+08
359,01M0MX49WGPE61GAAB6DK5HDZP,408186TJ449WSVW673RWDK4X,17,30.00,510.00,cancelled,2026-08-23 16:39:18.391945+08,2026-08-23 16:39:18.391945+08
360,01M0MX49WGPE61GAAB6DK5HDZP,410258ZSW0QAXSVS8S3VV7TE,1,35.00,35.00,cancelled,2026-08-23 16:39:18.391945+08,2026-08-23 16:39:18.391945+08
361,01M0MX49WGPE61GAAB6DK5HDZP,4162975Y25KN73W7KKDJGX6P,16,245.00,3920.00,cancelled,2026-08-23 16:39:18.391945+08,2026-08-23 16:39:18.391945+08
364,01M0MX49WGRPH96BFKCCFKKQE5,413005KN3WGNAPH6NCQ5JCT9,4,350.00,1400.00,confirmed,2026-08-23 16:39:18.391945+08,2026-08-23 16:39:18.391945+08
365,01M0MX49WGRPH96BFKCCFKKQE5,412596TV7NC82RBGNTA0W8JZ,11,35.00,385.00,confirmed,2026-08-23 16:39:18.391945+08,2026-08-23 16:39:18.391945+08
366,01M0MX49WGRPH96BFKCCFKKQE5,41511344QHQDJBZ4FRV45NKC,2,350.00,700.00,confirmed,2026-08-23 16:39:18.391945+08,2026-08-23 16:39:18.391945+08
370,01M0MX49WGTDV4RE2K88YFK0KB,407702R5D86R3CBB81E3X29M,10,350.00,3500.00,pending,2026-08-23 16:39:18.391945+08,2026-08-23 16:39:18.391945+08
371,01M0MX49WGTDV4RE2K88YFK0KB,409339V9MK4RHRG0A0XWT91W,2,485.00,970.00,pending,2026-08-23 16:39:18.391945+08,2026-08-23 16:39:18.391945+08
372,01M0MX49WGTGFNP29VY1ZTE988,416951J7FD3NBDV1MM1QS36H,17,415.00,7055.00,delivered,2026-08-23 16:39:18.391945+08,2026-08-23 16:39:18.391945+08
373,01M0MX49WGTGFNP29VY1ZTE988,4162975Y25KN73W7KKDJGX6P,18,245.00,4410.00,delivered,2026-08-23 16:39:18.391945+08,2026-08-23 16:39:18.391945+08
374,01M0MX49WGRM47Z9D0EWEQZWP7,409339V9MK4RHRG0A0XWT91W,10,485.00,4850.00,confirmed,2026-08-23 16:39:18.391945+08,2026-08-23 16:39:18.391945+08
375,01M0MX49WGRM47Z9D0EWEQZWP7,4138050CXS9PQSNF661Q1A1F,2,140.00,280.00,confirmed,2026-08-23 16:39:18.391945+08,2026-08-23 16:39:18.391945+08
376,01M0MX49WGRM47Z9D0EWEQZWP7,413005KN3WGNAPH6NCQ5JCT9,11,350.00,3850.00,confirmed,2026-08-23 16:39:18.391945+08,2026-08-23 16:39:18.391945+08
377,01M0MX49WGP8KRT5QNS06393A4,41150684MEXX0KJ3HG4B279E,13,30.00,390.00,pending,2026-08-23 16:39:18.391945+08,2026-08-23 16:39:18.391945+08
378,01M0MX49WGP8KRT5QNS06393A4,416496PKZM0T9NY433H8KP6M,13,30.00,390.00,pending,2026-08-23 16:39:18.391945+08,2026-08-23 16:39:18.391945+08
379,01M0MX49WG9T0WSMKBMAARSBGW,41085841ZKREWJPCC4PWVWR7,16,15.00,240.00,cancelled,2026-08-23 16:39:18.391945+08,2026-08-23 16:39:18.391945+08
380,01M0MX49WG9T0WSMKBMAARSBGW,4138050CXS9PQSNF661Q1A1F,17,140.00,2380.00,cancelled,2026-08-23 16:39:18.391945+08,2026-08-23 16:39:18.391945+08
381,01M0MX49WGF08WJX5GZ5FPXJ4K,41150684MEXX0KJ3HG4B279E,3,30.00,90.00,delivered,2026-08-23 16:39:18.391945+08,2026-08-23 16:39:18.391945+08
382,01M0MX49WGF08WJX5GZ5FPXJ4K,41150684MEXX0KJ3HG4B279E,20,30.00,600.00,delivered,2026-08-23 16:39:18.391945+08,2026-08-23 16:39:18.391945+08
383,01M0MX49WGF08WJX5GZ5FPXJ4K,417359ZGZV0QNH8M3DEYW8G5,18,350.00,6300.00,delivered,2026-08-23 16:39:18.391945+08,2026-08-23 16:39:18.391945+08
384,01M0MX49WG0V4X25NVYM9W887D,409892D87XEVH1ZTZXV5F6C1,10,155.00,1550.00,confirmed,2026-08-23 16:39:18.391945+08,2026-08-23 16:39:18.391945+08
385,01M0MX49WGG6EPKW6AWK07ENEA,41150684MEXX0KJ3HG4B279E,6,30.00,180.00,processing,2026-08-23 16:39:18.391945+08,2026-08-23 16:39:18.391945+08
386,01M0MX49WGG6EPKW6AWK07ENEA,41085841ZKREWJPCC4PWVWR7,15,15.00,225.00,processing,2026-08-23 16:39:18.391945+08,2026-08-23 16:39:18.391945+08
387,01M0MX49WGG6EPKW6AWK07ENEA,4138050CXS9PQSNF661Q1A1F,15,140.00,2100.00,processing,2026-08-23 16:39:18.391945+08,2026-08-23 16:39:18.391945+08
388,01M0MX49WGVTVRQFZ9H7EV05PX,4082223DQAKGCJ8P0XHQQNB2,14,112.00,1568.00,delivered,2026-08-23 16:39:18.391945+08,2026-08-23 16:39:18.391945+08
389,01M0MX49WGVTVRQFZ9H7EV05PX,414773WE720HJ0P121AG8FHQ,2,350.00,700.00,delivered,2026-08-23 16:39:18.391945+08,2026-08-23 16:39:18.391945+08
390,01M0MX49WG55E2R7R3FG7PXTS7,4138050CXS9PQSNF661Q1A1F,17,140.00,2380.00,delivered,2026-08-23 16:39:18.391945+08,2026-08-23 16:39:18.391945+08
391,01M0MX49WG55E2R7R3FG7PXTS7,411039DJMEE6FWS52GMATRN7,6,25.00,150.00,delivered,2026-08-23 16:39:18.391945+08,2026-08-23 16:39:18.391945+08
392,01M0MX49WGG95JHA1GC60ZW5EQ,411039DJMEE6FWS52GMATRN7,15,25.00,375.00,pending,2026-08-23 16:39:18.391945+08,2026-08-23 16:39:18.391945+08
393,01M0MX49WGG95JHA1GC60ZW5EQ,407702R5D86R3CBB81E3X29M,5,350.00,1750.00,pending,2026-08-23 16:39:18.391945+08,2026-08-23 16:39:18.391945+08
394,01M0MX49WGG95JHA1GC60ZW5EQ,413521JP1792738MBB68XMK5,8,350.00,2800.00,pending,2026-08-23 16:39:18.391945+08,2026-08-23 16:39:18.391945+08
395,01M0MX49WGZT1MAYKZMBTP3K67,407702R5D86R3CBB81E3X29M,20,350.00,7000.00,processing,2026-08-23 16:39:18.391945+08,2026-08-23 16:39:18.391945+08
396,01M0MX49WGZT1MAYKZMBTP3K67,41511344QHQDJBZ4FRV45NKC,15,350.00,5250.00,processing,2026-08-23 16:39:18.391945+08,2026-08-23 16:39:18.391945+08
397,01M0MX49WGZT1MAYKZMBTP3K67,4138050CXS9PQSNF661Q1A1F,12,140.00,1680.00,processing,2026-08-23 16:39:18.391945+08,2026-08-23 16:39:18.391945+08
398,01M0MX49WGY7S7KTVSWNA45ZEV,41511344QHQDJBZ4FRV45NKC,17,350.00,5950.00,delivered,2026-08-23 16:39:18.391945+08,2026-08-23 16:39:18.391945+08
399,01M0MX49WGY7S7KTVSWNA45ZEV,4138050CXS9PQSNF661Q1A1F,13,140.00,1820.00,delivered,2026-08-23 16:39:18.391945+08,2026-08-23 16:39:18.391945+08
400,01M0MX49WGY7S7KTVSWNA45ZEV,409892D87XEVH1ZTZXV5F6C1,9,155.00,1395.00,delivered,2026-08-23 16:39:18.391945+08,2026-08-23 16:39:18.391945+08
401,01M0MX49WGRN2PMXSB1VYQAP3H,417359ZGZV0QNH8M3DEYW8G5,16,350.00,5600.00,cancelled,2026-08-23 16:39:18.391945+08,2026-08-23 16:39:18.391945+08
402,01M0MX49WGYD9RATN2HVAEF6SV,4116065CZMHNTR71A86YWAMC,9,350.00,3150.00,processing,2026-08-23 16:39:18.391945+08,2026-08-23 16:39:18.391945+08
403,01M0MX49WGYD9RATN2HVAEF6SV,414773WE720HJ0P121AG8FHQ,15,350.00,5250.00,processing,2026-08-23 16:39:18.391945+08,2026-08-23 16:39:18.391945+08
404,01M0MX49WGYD9RATN2HVAEF6SV,409339V9MK4RHRG0A0XWT91W,20,485.00,9700.00,processing,2026-08-23 16:39:18.391945+08,2026-08-23 16:39:18.391945+08
405,01M0MX49WG5QBB93EYDEA190N1,409339V9MK4RHRG0A0XWT91W,4,485.00,1940.00,delivered,2026-08-23 16:39:18.391945+08,2026-08-23 16:39:18.391945+08
406,01M0MX49WG5QBB93EYDEA190N1,41511344QHQDJBZ4FRV45NKC,3,350.00,1050.00,delivered,2026-08-23 16:39:18.391945+08,2026-08-23 16:39:18.391945+08
407,01M0MX49WGC58AHNC0S8EPCHGB,416496PKZM0T9NY433H8KP6M,3,30.00,90.00,confirmed,2026-08-23 16:39:18.391945+08,2026-08-23 16:39:18.391945+08
408,01M0MX49WGC58AHNC0S8EPCHGB,411039DJMEE6FWS52GMATRN7,11,25.00,275.00,confirmed,2026-08-23 16:39:18.391945+08,2026-08-23 16:39:18.391945+08
409,01M0MX49WGC58AHNC0S8EPCHGB,411039DJMEE6FWS52GMATRN7,12,25.00,300.00,confirmed,2026-08-23 16:39:18.391945+08,2026-08-23 16:39:18.391945+08
413,01M0MX49WGWD15HV0WFZ1JCR2A,4138050CXS9PQSNF661Q1A1F,18,140.00,2520.00,delivered,2026-08-23 16:39:18.391945+08,2026-08-23 16:39:18.391945+08
414,01M0MX49WGQPVTMMGTTDEDDZ1D,41511344QHQDJBZ4FRV45NKC,20,350.00,7000.00,processing,2026-08-23 16:39:18.391945+08,2026-08-23 16:39:18.391945+08
415,01M0MX49WGQPVTMMGTTDEDDZ1D,413521JP1792738MBB68XMK5,3,350.00,1050.00,processing,2026-08-23 16:39:18.391945+08,2026-08-23 16:39:18.391945+08
416,01M0MX49WGQPVTMMGTTDEDDZ1D,416951J7FD3NBDV1MM1QS36H,13,415.00,5395.00,processing,2026-08-23 16:39:18.391945+08,2026-08-23 16:39:18.391945+08
419,01M0MX49WGH4J6HTZRCHRF13DZ,408186TJ449WSVW673RWDK4X,12,30.00,360.00,processing,2026-08-23 16:39:18.391945+08,2026-08-23 16:39:18.391945+08
420,01M0MX49WGH4J6HTZRCHRF13DZ,41511344QHQDJBZ4FRV45NKC,18,350.00,6300.00,processing,2026-08-23 16:39:18.391945+08,2026-08-23 16:39:18.391945+08
421,01M0MX49WGH4J6HTZRCHRF13DZ,413005KN3WGNAPH6NCQ5JCT9,19,350.00,6650.00,processing,2026-08-23 16:39:18.391945+08,2026-08-23 16:39:18.391945+08
422,01M0MX49WGX8J2FF133G1V7BX0,41150684MEXX0KJ3HG4B279E,17,30.00,510.00,delivered,2026-08-23 16:39:18.391945+08,2026-08-23 16:39:18.391945+08
423,01M0MX49WG73JEKBZ6YMHY6BAF,41511344QHQDJBZ4FRV45NKC,10,350.00,3500.00,delivered,2026-08-23 16:39:18.391945+08,2026-08-23 16:39:18.391945+08
424,01M0MX49WG73JEKBZ6YMHY6BAF,417359ZGZV0QNH8M3DEYW8G5,6,350.00,2100.00,delivered,2026-08-23 16:39:18.391945+08,2026-08-23 16:39:18.391945+08
425,01M0MX49WG73JEKBZ6YMHY6BAF,409892D87XEVH1ZTZXV5F6C1,8,155.00,1240.00,delivered,2026-08-23 16:39:18.391945+08,2026-08-23 16:39:18.391945+08
426,01M0MX49WGJ2VKDM8B3GSG7GCS,416951J7FD3NBDV1MM1QS36H,3,415.00,1245.00,cancelled,2026-08-23 16:39:18.391945+08,2026-08-23 16:39:18.391945+08
427,01M0MX49WGJ2VKDM8B3GSG7GCS,414773WE720HJ0P121AG8FHQ,7,350.00,2450.00,cancelled,2026-08-23 16:39:18.391945+08,2026-08-23 16:39:18.391945+08
428,01M0MX49WGJ2VKDM8B3GSG7GCS,413005KN3WGNAPH6NCQ5JCT9,18,350.00,6300.00,cancelled,2026-08-23 16:39:18.391945+08,2026-08-23 16:39:18.391945+08
429,01M0MX49WGF3D39MH89EQVSQHS,4082223DQAKGCJ8P0XHQQNB2,18,112.00,2016.00,pending,2026-08-23 16:39:18.391945+08,2026-08-23 16:39:18.391945+08
430,01M0MX49WGF3D39MH89EQVSQHS,413521JP1792738MBB68XMK5,17,350.00,5950.00,pending,2026-08-23 16:39:18.391945+08,2026-08-23 16:39:18.391945+08
434,01M0MX49WGQ874NDJ6W4S1T9JG,413521JP1792738MBB68XMK5,2,350.00,700.00,pending,2026-08-23 16:39:18.391945+08,2026-08-23 16:39:18.391945+08
435,01M0MX49WG5NVPN4JVH3VQDMBW,412596TV7NC82RBGNTA0W8JZ,14,35.00,490.00,confirmed,2026-08-23 16:39:18.391945+08,2026-08-23 16:39:18.391945+08
438,01M0MX49WGKGM6566RE7VG7DQZ,4162975Y25KN73W7KKDJGX6P,10,245.00,2450.00,confirmed,2026-08-23 16:39:18.391945+08,2026-08-23 16:39:18.391945+08
439,01M0MX49WGKGM6566RE7VG7DQZ,416496PKZM0T9NY433H8KP6M,3,30.00,90.00,confirmed,2026-08-23 16:39:18.391945+08,2026-08-23 16:39:18.391945+08
440,01M0MX49WGKGM6566RE7VG7DQZ,41085841ZKREWJPCC4PWVWR7,2,15.00,30.00,confirmed,2026-08-23 16:39:18.391945+08,2026-08-23 16:39:18.391945+08
441,01M0MX49WG58ACXJJAMB9SV00T,416496PKZM0T9NY433H8KP6M,7,30.00,210.00,processing,2026-08-23 16:39:18.391945+08,2026-08-23 16:39:18.391945+08
442,01M0MX49WG58ACXJJAMB9SV00T,409892D87XEVH1ZTZXV5F6C1,20,155.00,3100.00,processing,2026-08-23 16:39:18.391945+08,2026-08-23 16:39:18.391945+08
443,01M0MX49WG6W2HKSZR4VNS6C2N,409892D87XEVH1ZTZXV5F6C1,12,155.00,1860.00,confirmed,2026-08-23 16:39:18.391945+08,2026-08-23 16:39:18.391945+08
444,01M0MX49WG6W2HKSZR4VNS6C2N,4162975Y25KN73W7KKDJGX6P,5,245.00,1225.00,confirmed,2026-08-23 16:39:18.391945+08,2026-08-23 16:39:18.391945+08
445,01M0MX49WG6W2HKSZR4VNS6C2N,4138050CXS9PQSNF661Q1A1F,17,140.00,2380.00,confirmed,2026-08-23 16:39:18.391945+08,2026-08-23 16:39:18.391945+08
446,01M0MX49WGECKJCDQ9Q1Z5351Q,416496PKZM0T9NY433H8KP6M,4,30.00,120.00,pending,2026-08-23 16:39:18.391945+08,2026-08-23 16:39:18.391945+08
447,01M0MX49WGGMK7ZRFHDH692JDT,4116065CZMHNTR71A86YWAMC,2,350.00,700.00,processing,2026-08-23 16:39:18.391945+08,2026-08-23 16:39:18.391945+08
448,01M0MX49WG5YANZGDSCP13GDGM,41150684MEXX0KJ3HG4B279E,8,30.00,240.00,cancelled,2026-08-23 16:39:18.391945+08,2026-08-23 16:39:18.391945+08
449,01M0MX49WG5YANZGDSCP13GDGM,417359ZGZV0QNH8M3DEYW8G5,11,350.00,3850.00,cancelled,2026-08-23 16:39:18.391945+08,2026-08-23 16:39:18.391945+08
450,01M0MX49WG5YANZGDSCP13GDGM,412596TV7NC82RBGNTA0W8JZ,11,35.00,385.00,cancelled,2026-08-23 16:39:18.391945+08,2026-08-23 16:39:18.391945+08
451,01M0MX49WGC3TWDMHAE1FGFZFA,408186TJ449WSVW673RWDK4X,15,30.00,450.00,delivered,2026-08-23 16:39:18.391945+08,2026-08-23 16:39:18.391945+08
452,01M0MX49WGC3TWDMHAE1FGFZFA,411921G8X1MT1A4Z5EPH3YP4,10,30.00,300.00,delivered,2026-08-23 16:39:18.391945+08,2026-08-23 16:39:18.391945+08
453,01M0MX49WGXB2NBMXWP22KRCP5,408186TJ449WSVW673RWDK4X,15,30.00,450.00,pending,2026-08-23 16:39:18.391945+08,2026-08-23 16:39:18.391945+08
454,01M0MX49WGXB2NBMXWP22KRCP5,4088862F2RR4FH8VD6HQ69ZM,7,350.00,2450.00,pending,2026-08-23 16:39:18.391945+08,2026-08-23 16:39:18.391945+08
455,01M0MX49WGXZPSCCZ2WBRBMAKH,416951J7FD3NBDV1MM1QS36H,16,415.00,6640.00,processing,2026-08-23 16:39:18.391945+08,2026-08-23 16:39:18.391945+08
456,01M0MX49WGCPFYFNT68EV3M1N9,411039DJMEE6FWS52GMATRN7,16,25.00,400.00,delivered,2026-08-23 16:39:18.391945+08,2026-08-23 16:39:18.391945+08
457,01M0MX49WGCPFYFNT68EV3M1N9,416951J7FD3NBDV1MM1QS36H,18,415.00,7470.00,delivered,2026-08-23 16:39:18.391945+08,2026-08-23 16:39:18.391945+08
458,01M0MX49WGCPFYFNT68EV3M1N9,409420087QNW2D06G06MH7JS,4,350.00,1400.00,delivered,2026-08-23 16:39:18.391945+08,2026-08-23 16:39:18.391945+08
459,01M0MX49WGZS8ZVM6QRZGPBC6R,4138050CXS9PQSNF661Q1A1F,13,140.00,1820.00,pending,2026-08-23 16:39:18.391945+08,2026-08-23 16:39:18.391945+08
460,01M0MX49WGZS8ZVM6QRZGPBC6R,4138050CXS9PQSNF661Q1A1F,2,140.00,280.00,pending,2026-08-23 16:39:18.391945+08,2026-08-23 16:39:18.391945+08
461,01M0MX49WG9M7CKQH4GYF7KNR6,409339V9MK4RHRG0A0XWT91W,12,485.00,5820.00,pending,2026-08-23 16:39:18.391945+08,2026-08-23 16:39:18.391945+08
462,01M0MX49WG9M7CKQH4GYF7KNR6,410258ZSW0QAXSVS8S3VV7TE,10,35.00,350.00,pending,2026-08-23 16:39:18.391945+08,2026-08-23 16:39:18.391945+08
463,01M0MX49WG9M7CKQH4GYF7KNR6,413521JP1792738MBB68XMK5,13,350.00,4550.00,pending,2026-08-23 16:39:18.391945+08,2026-08-23 16:39:18.391945+08
467,01M0MX49WGWZN62NF9PS29C2N9,410258ZSW0QAXSVS8S3VV7TE,12,35.00,420.00,processing,2026-08-23 16:39:18.391945+08,2026-08-23 16:39:18.391945+08
468,01M0MX49WGWZN62NF9PS29C2N9,41511344QHQDJBZ4FRV45NKC,7,350.00,2450.00,processing,2026-08-23 16:39:18.391945+08,2026-08-23 16:39:18.391945+08
473,01M0MX49WGM5YRX8XEEP9WMB4Z,409892D87XEVH1ZTZXV5F6C1,6,155.00,930.00,confirmed,2026-08-23 16:39:18.391945+08,2026-08-23 16:39:18.391945+08
474,01M0MX49WGM5YRX8XEEP9WMB4Z,4162975Y25KN73W7KKDJGX6P,20,245.00,4900.00,confirmed,2026-08-23 16:39:18.391945+08,2026-08-23 16:39:18.391945+08
475,01M0MX49WGM5YRX8XEEP9WMB4Z,416951J7FD3NBDV1MM1QS36H,19,415.00,7885.00,confirmed,2026-08-23 16:39:18.391945+08,2026-08-23 16:39:18.391945+08
479,01M0MX49WGS8KVGR7RQD1NSMFX,4116065CZMHNTR71A86YWAMC,14,350.00,4900.00,processing,2026-08-23 16:39:18.391945+08,2026-08-23 16:39:18.391945+08
480,01M0MX49WGS8KVGR7RQD1NSMFX,412596TV7NC82RBGNTA0W8JZ,10,35.00,350.00,processing,2026-08-23 16:39:18.391945+08,2026-08-23 16:39:18.391945+08
481,01M0MX49WGS8KVGR7RQD1NSMFX,41085841ZKREWJPCC4PWVWR7,1,15.00,15.00,processing,2026-08-23 16:39:18.391945+08,2026-08-23 16:39:18.391945+08
488,01M0MX49WG709CJB8ZSSY5DCMY,409892D87XEVH1ZTZXV5F6C1,14,155.00,2170.00,confirmed,2026-08-23 16:39:18.391945+08,2026-08-23 16:39:18.391945+08
489,01M0MX49WG709CJB8ZSSY5DCMY,41511344QHQDJBZ4FRV45NKC,14,350.00,4900.00,confirmed,2026-08-23 16:39:18.391945+08,2026-08-23 16:39:18.391945+08
490,01M0MX49WG7GEAVDS51Q32YDZ7,411921G8X1MT1A4Z5EPH3YP4,2,30.00,60.00,processing,2026-08-23 16:39:18.391945+08,2026-08-23 16:39:18.391945+08
491,01M0MX49WG7GEAVDS51Q32YDZ7,41085841ZKREWJPCC4PWVWR7,5,15.00,75.00,processing,2026-08-23 16:39:18.391945+08,2026-08-23 16:39:18.391945+08
492,01M0MX49WG7GEAVDS51Q32YDZ7,408186TJ449WSVW673RWDK4X,7,30.00,210.00,processing,2026-08-23 16:39:18.391945+08,2026-08-23 16:39:18.391945+08
493,01M0MX49WG24B6JDPP2SBY4PDJ,411921G8X1MT1A4Z5EPH3YP4,17,30.00,510.00,confirmed,2026-08-23 16:39:18.391945+08,2026-08-23 16:39:18.391945+08
494,01M0MX49WG24B6JDPP2SBY4PDJ,4162975Y25KN73W7KKDJGX6P,11,245.00,2695.00,confirmed,2026-08-23 16:39:18.391945+08,2026-08-23 16:39:18.391945+08
495,01M0MX49WG24B6JDPP2SBY4PDJ,417359ZGZV0QNH8M3DEYW8G5,15,350.00,5250.00,confirmed,2026-08-23 16:39:18.391945+08,2026-08-23 16:39:18.391945+08
496,01M0MX49WGD8P9301HRM7840Q5,411039DJMEE6FWS52GMATRN7,9,25.00,225.00,confirmed,2026-08-23 16:39:18.391945+08,2026-08-23 16:39:18.391945+08
497,01M0MX49WGD8P9301HRM7840Q5,4082223DQAKGCJ8P0XHQQNB2,16,112.00,1792.00,confirmed,2026-08-23 16:39:18.391945+08,2026-08-23 16:39:18.391945+08
498,01M0MX49WG0JZ3N4GM2RXTSNKN,410258ZSW0QAXSVS8S3VV7TE,10,35.00,350.00,cancelled,2026-08-23 16:39:18.391945+08,2026-08-23 16:39:18.391945+08
499,01M0MX49WG0JZ3N4GM2RXTSNKN,4088862F2RR4FH8VD6HQ69ZM,10,350.00,3500.00,cancelled,2026-08-23 16:39:18.391945+08,2026-08-23 16:39:18.391945+08
500,01M0MX49WGQKF863TAX0VA6D2W,41085841ZKREWJPCC4PWVWR7,16,15.00,240.00,delivered,2026-08-23 16:39:18.391945+08,2026-08-23 16:39:18.391945+08
501,01M0MX49WGQKF863TAX0VA6D2W,409892D87XEVH1ZTZXV5F6C1,16,155.00,2480.00,delivered,2026-08-23 16:39:18.391945+08,2026-08-23 16:39:18.391945+08
502,01M0MX49WGQKF863TAX0VA6D2W,4138050CXS9PQSNF661Q1A1F,18,140.00,2520.00,delivered,2026-08-23 16:39:18.391945+08,2026-08-23 16:39:18.391945+08
503,01M0MX49WGT7EFHC9QPHHSG489,411039DJMEE6FWS52GMATRN7,18,25.00,450.00,confirmed,2026-08-23 16:39:18.391945+08,2026-08-23 16:39:18.391945+08
504,01M0MX49WGT7EFHC9QPHHSG489,4162975Y25KN73W7KKDJGX6P,13,245.00,3185.00,confirmed,2026-08-23 16:39:18.391945+08,2026-08-23 16:39:18.391945+08
505,01M0MX49WGT7EFHC9QPHHSG489,4138050CXS9PQSNF661Q1A1F,5,140.00,700.00,confirmed,2026-08-23 16:39:18.391945+08,2026-08-23 16:39:18.391945+08
506,01M0MX49WGPJ6MTF39G9KCFPNS,413521JP1792738MBB68XMK5,12,350.00,4200.00,pending,2026-08-23 16:39:18.391945+08,2026-08-23 16:39:18.391945+08
507,01M0MX49WGPJ6MTF39G9KCFPNS,416496PKZM0T9NY433H8KP6M,9,30.00,270.00,pending,2026-08-23 16:39:18.391945+08,2026-08-23 16:39:18.391945+08
508,01M0MX49WGPJ6MTF39G9KCFPNS,411921G8X1MT1A4Z5EPH3YP4,7,30.00,210.00,pending,2026-08-23 16:39:18.391945+08,2026-08-23 16:39:18.391945+08
509,01M0MX49WG6EFPF4GV8CW9KV70,410258ZSW0QAXSVS8S3VV7TE,9,35.00,315.00,delivered,2026-08-23 16:39:18.391945+08,2026-08-23 16:39:18.391945+08
510,01M0MX49WG6EFPF4GV8CW9KV70,41511344QHQDJBZ4FRV45NKC,4,350.00,1400.00,delivered,2026-08-23 16:39:18.391945+08,2026-08-23 16:39:18.391945+08
511,01M0MX49WG0D165PD0TAB1FBVE,4088862F2RR4FH8VD6HQ69ZM,2,350.00,700.00,delivered,2026-08-23 16:39:18.391945+08,2026-08-23 16:39:18.391945+08
512,01M0MX49WGR20KPBF3HNXPH2T7,407702R5D86R3CBB81E3X29M,4,350.00,1400.00,confirmed,2026-08-23 16:39:18.391945+08,2026-08-23 16:39:18.391945+08
513,01M0MX49WG4G35975P41AA0PMJ,4116065CZMHNTR71A86YWAMC,5,350.00,1750.00,confirmed,2026-08-23 16:39:18.391945+08,2026-08-23 16:39:18.391945+08
514,01M0MX49WG4G35975P41AA0PMJ,409420087QNW2D06G06MH7JS,18,350.00,6300.00,confirmed,2026-08-23 16:39:18.391945+08,2026-08-23 16:39:18.391945+08
515,01M0MX49WG5GEEPFZAEVBHT4DJ,411921G8X1MT1A4Z5EPH3YP4,7,30.00,210.00,processing,2026-08-23 16:39:18.391945+08,2026-08-23 16:39:18.391945+08
516,01M0MX49WG5GEEPFZAEVBHT4DJ,416951J7FD3NBDV1MM1QS36H,11,415.00,4565.00,processing,2026-08-23 16:39:18.391945+08,2026-08-23 16:39:18.391945+08
521,01M0MX49WGFWWAA88N3VVZJNQX,416951J7FD3NBDV1MM1QS36H,2,415.00,830.00,confirmed,2026-08-23 16:39:18.391945+08,2026-08-23 16:39:18.391945+08
522,01M0MX49WGFWWAA88N3VVZJNQX,409420087QNW2D06G06MH7JS,10,350.00,3500.00,confirmed,2026-08-23 16:39:18.391945+08,2026-08-23 16:39:18.391945+08
523,01M0MX49WGFWWAA88N3VVZJNQX,412596TV7NC82RBGNTA0W8JZ,20,35.00,700.00,confirmed,2026-08-23 16:39:18.391945+08,2026-08-23 16:39:18.391945+08
524,01M0MX49WG1KBNE4DF43BP4D7D,416951J7FD3NBDV1MM1QS36H,15,415.00,6225.00,delivered,2026-08-23 16:39:18.391945+08,2026-08-23 16:39:18.391945+08
525,01M0MX49WG1KBNE4DF43BP4D7D,413005KN3WGNAPH6NCQ5JCT9,18,350.00,6300.00,delivered,2026-08-23 16:39:18.391945+08,2026-08-23 16:39:18.391945+08
527,01M0MX49WGCCD2A4SWJYPF2VAY,409892D87XEVH1ZTZXV5F6C1,6,155.00,930.00,confirmed,2026-08-23 16:39:18.391945+08,2026-08-23 16:39:18.391945+08
534,01M0MX49WGAYSNJZSP4MCSA6TV,411921G8X1MT1A4Z5EPH3YP4,11,30.00,330.00,confirmed,2026-08-23 16:39:18.391945+08,2026-08-23 16:39:18.391945+08
535,01M0MX49WG572QM9W1M551WBPG,4088862F2RR4FH8VD6HQ69ZM,15,350.00,5250.00,pending,2026-08-23 16:39:18.391945+08,2026-08-23 16:39:18.391945+08
536,01M0MX49WG572QM9W1M551WBPG,414773WE720HJ0P121AG8FHQ,11,350.00,3850.00,pending,2026-08-23 16:39:18.391945+08,2026-08-23 16:39:18.391945+08
540,01M0MX49WGSKAZHTCRRHAWR9FG,416951J7FD3NBDV1MM1QS36H,6,415.00,2490.00,delivered,2026-08-23 16:39:18.391945+08,2026-08-23 16:39:18.391945+08
541,01M0MX49WGSKAZHTCRRHAWR9FG,4162975Y25KN73W7KKDJGX6P,17,245.00,4165.00,delivered,2026-08-23 16:39:18.391945+08,2026-08-23 16:39:18.391945+08
542,01M0MX49WG9RQSZT9DX2MSQE1T,416951J7FD3NBDV1MM1QS36H,12,415.00,4980.00,delivered,2026-08-23 16:39:18.391945+08,2026-08-23 16:39:18.391945+08
543,01M0MX49WG9RQSZT9DX2MSQE1T,4082223DQAKGCJ8P0XHQQNB2,8,112.00,896.00,delivered,2026-08-23 16:39:18.391945+08,2026-08-23 16:39:18.391945+08
544,01M0MX49WG9RQSZT9DX2MSQE1T,4088862F2RR4FH8VD6HQ69ZM,5,350.00,1750.00,delivered,2026-08-23 16:39:18.391945+08,2026-08-23 16:39:18.391945+08
545,01M0MX49WGDCYE5T1BTJWMM7B8,4082223DQAKGCJ8P0XHQQNB2,12,112.00,1344.00,confirmed,2026-08-23 16:39:18.391945+08,2026-08-23 16:39:18.391945+08
546,01M0MX49WGDCYE5T1BTJWMM7B8,41150684MEXX0KJ3HG4B279E,18,30.00,540.00,confirmed,2026-08-23 16:39:18.391945+08,2026-08-23 16:39:18.391945+08
547,01M0MX49WGDCYE5T1BTJWMM7B8,411921G8X1MT1A4Z5EPH3YP4,18,30.00,540.00,confirmed,2026-08-23 16:39:18.391945+08,2026-08-23 16:39:18.391945+08
548,01M0MX49WGTAKDEQ2YFGXJMPZN,4082223DQAKGCJ8P0XHQQNB2,3,112.00,336.00,delivered,2026-08-23 16:39:18.391945+08,2026-08-23 16:39:18.391945+08
549,01M0MX49WGTAKDEQ2YFGXJMPZN,408186TJ449WSVW673RWDK4X,15,30.00,450.00,delivered,2026-08-23 16:39:18.391945+08,2026-08-23 16:39:18.391945+08
550,01M0MX49WGTAKDEQ2YFGXJMPZN,408186TJ449WSVW673RWDK4X,12,30.00,360.00,delivered,2026-08-23 16:39:18.391945+08,2026-08-23 16:39:18.391945+08
551,01M0MX49WGMTJT74JPVC31TRQ3,407702R5D86R3CBB81E3X29M,18,350.00,6300.00,delivered,2026-08-23 16:39:18.391945+08,2026-08-23 16:39:18.391945+08
552,01M0MX49WG9Q6BWN1PZKEV58YK,41511344QHQDJBZ4FRV45NKC,6,350.00,2100.00,confirmed,2026-08-23 16:39:18.391945+08,2026-08-23 16:39:18.391945+08
553,01M0MX49WG9Q6BWN1PZKEV58YK,409892D87XEVH1ZTZXV5F6C1,17,155.00,2635.00,confirmed,2026-08-23 16:39:18.391945+08,2026-08-23 16:39:18.391945+08
554,01M0MX49WG9Q6BWN1PZKEV58YK,416496PKZM0T9NY433H8KP6M,4,30.00,120.00,confirmed,2026-08-23 16:39:18.391945+08,2026-08-23 16:39:18.391945+08
555,01M0MX49WGJY6D2P2A9B9XEBVK,413521JP1792738MBB68XMK5,17,350.00,5950.00,delivered,2026-08-23 16:39:18.391945+08,2026-08-23 16:39:18.391945+08
556,01M0MX49WGJY6D2P2A9B9XEBVK,416496PKZM0T9NY433H8KP6M,2,30.00,60.00,delivered,2026-08-23 16:39:18.391945+08,2026-08-23 16:39:18.391945+08
557,01M0MX49WG4MDWGQ29MBN3XSSA,416496PKZM0T9NY433H8KP6M,19,30.00,570.00,pending,2026-08-23 16:39:18.391945+08,2026-08-23 16:39:18.391945+08
558,01M0MX49WG4MDWGQ29MBN3XSSA,407702R5D86R3CBB81E3X29M,18,350.00,6300.00,pending,2026-08-23 16:39:18.391945+08,2026-08-23 16:39:18.391945+08
559,01M0MX49WG3P02VGXQFY3RKFEF,409420087QNW2D06G06MH7JS,13,350.00,4550.00,delivered,2026-08-23 16:39:18.391945+08,2026-08-23 16:39:18.391945+08
560,01M0MX49WG3P02VGXQFY3RKFEF,414773WE720HJ0P121AG8FHQ,1,350.00,350.00,delivered,2026-08-23 16:39:18.391945+08,2026-08-23 16:39:18.391945+08
563,01M0MX49WG0XNAC2GNW9HQ1C8S,41511344QHQDJBZ4FRV45NKC,14,350.00,4900.00,confirmed,2026-08-23 16:39:18.391945+08,2026-08-23 16:39:18.391945+08
564,01M0MX49WG2M1CPYMERZCD5XZF,416496PKZM0T9NY433H8KP6M,13,30.00,390.00,cancelled,2026-08-23 16:39:18.391945+08,2026-08-23 16:39:18.391945+08
565,01M0MX49WG2M1CPYMERZCD5XZF,4162975Y25KN73W7KKDJGX6P,3,245.00,735.00,cancelled,2026-08-23 16:39:18.391945+08,2026-08-23 16:39:18.391945+08
566,01M0MX49WG290GARHXF41E0XER,4116065CZMHNTR71A86YWAMC,6,350.00,2100.00,pending,2026-08-23 16:39:18.391945+08,2026-08-23 16:39:18.391945+08
567,01M0MX49WG290GARHXF41E0XER,410258ZSW0QAXSVS8S3VV7TE,13,35.00,455.00,pending,2026-08-23 16:39:18.391945+08,2026-08-23 16:39:18.391945+08
568,01M0MX49WGWNY677VF3J5FEQ2D,409420087QNW2D06G06MH7JS,1,350.00,350.00,pending,2026-08-23 16:39:18.391945+08,2026-08-23 16:39:18.391945+08
572,01M0MX49WGFY3BZXX1Q3EPQCA0,409339V9MK4RHRG0A0XWT91W,4,485.00,1940.00,confirmed,2026-08-23 16:39:18.391945+08,2026-08-23 16:39:18.391945+08
573,01M0MX49WGFY3BZXX1Q3EPQCA0,407702R5D86R3CBB81E3X29M,14,350.00,4900.00,confirmed,2026-08-23 16:39:18.391945+08,2026-08-23 16:39:18.391945+08
574,01M0MX49WG9BPC9Q85T4VRS58D,4088862F2RR4FH8VD6HQ69ZM,7,350.00,2450.00,delivered,2026-08-23 16:39:18.391945+08,2026-08-23 16:39:18.391945+08
575,01M0MX49WGTV1QB42HE4MGE43D,416496PKZM0T9NY433H8KP6M,20,30.00,600.00,pending,2026-08-23 16:39:18.391945+08,2026-08-23 16:39:18.391945+08
576,01M0MX49WGEBKA8WV89Q10KN01,4162975Y25KN73W7KKDJGX6P,15,245.00,3675.00,confirmed,2026-08-23 16:39:18.391945+08,2026-08-23 16:39:18.391945+08
578,01M0MX49WGCY6MP9T27QFK3RGM,412596TV7NC82RBGNTA0W8JZ,11,35.00,385.00,confirmed,2026-08-23 16:39:18.391945+08,2026-08-23 16:39:18.391945+08
579,01M0MX49WGCY6MP9T27QFK3RGM,412596TV7NC82RBGNTA0W8JZ,20,35.00,700.00,confirmed,2026-08-23 16:39:18.391945+08,2026-08-23 16:39:18.391945+08
580,01M0MX49WGCY6MP9T27QFK3RGM,411039DJMEE6FWS52GMATRN7,11,25.00,275.00,confirmed,2026-08-23 16:39:18.391945+08,2026-08-23 16:39:18.391945+08
581,01M0MX49WGDNW9Y7KRFBHQMW3Z,411039DJMEE6FWS52GMATRN7,17,25.00,425.00,confirmed,2026-08-23 16:39:18.391945+08,2026-08-23 16:39:18.391945+08
582,01M0MX49WGCWREXA1VCAWBKNV4,407702R5D86R3CBB81E3X29M,18,350.00,6300.00,processing,2026-08-23 16:39:18.391945+08,2026-08-23 16:39:18.391945+08
583,01M0MX49WGCWREXA1VCAWBKNV4,412596TV7NC82RBGNTA0W8JZ,6,35.00,210.00,processing,2026-08-23 16:39:18.391945+08,2026-08-23 16:39:18.391945+08
585,01M0MX49WG0WCZMTD0XTZS0957,41150684MEXX0KJ3HG4B279E,5,30.00,150.00,confirmed,2026-08-23 16:39:18.391945+08,2026-08-23 16:39:18.391945+08
586,01M0MX49WG0WCZMTD0XTZS0957,416951J7FD3NBDV1MM1QS36H,13,415.00,5395.00,confirmed,2026-08-23 16:39:18.391945+08,2026-08-23 16:39:18.391945+08
587,01M0MX49WG7FH067PFM1XP9Y0V,4088862F2RR4FH8VD6HQ69ZM,8,350.00,2800.00,delivered,2026-08-23 16:39:18.391945+08,2026-08-23 16:39:18.391945+08
588,01M0MX49WG7FH067PFM1XP9Y0V,416951J7FD3NBDV1MM1QS36H,5,415.00,2075.00,delivered,2026-08-23 16:39:18.391945+08,2026-08-23 16:39:18.391945+08
589,01M0MX49WGCBJN7JWWGKHB00P3,41150684MEXX0KJ3HG4B279E,14,30.00,420.00,delivered,2026-08-23 16:39:18.391945+08,2026-08-23 16:39:18.391945+08
590,01M0MX49WGCBJN7JWWGKHB00P3,410258ZSW0QAXSVS8S3VV7TE,17,35.00,595.00,delivered,2026-08-23 16:39:18.391945+08,2026-08-23 16:39:18.391945+08
591,01M0MX49WGCBJN7JWWGKHB00P3,41511344QHQDJBZ4FRV45NKC,13,350.00,4550.00,delivered,2026-08-23 16:39:18.391945+08,2026-08-23 16:39:18.391945+08
592,01M0MX49WGRMK43QKECHXY0F9C,413005KN3WGNAPH6NCQ5JCT9,3,350.00,1050.00,confirmed,2026-08-23 16:39:18.391945+08,2026-08-23 16:39:18.391945+08
593,01M0MX49WGRMK43QKECHXY0F9C,416496PKZM0T9NY433H8KP6M,12,30.00,360.00,confirmed,2026-08-23 16:39:18.391945+08,2026-08-23 16:39:18.391945+08
595,01M0MX49WGWC0MAYETDF311DK7,407702R5D86R3CBB81E3X29M,3,350.00,1050.00,delivered,2026-08-23 16:39:18.391945+08,2026-08-23 16:39:18.391945+08
596,01M0MX49WGWC0MAYETDF311DK7,409339V9MK4RHRG0A0XWT91W,19,485.00,9215.00,delivered,2026-08-23 16:39:18.391945+08,2026-08-23 16:39:18.391945+08
597,01M0MX49WGWC0MAYETDF311DK7,411039DJMEE6FWS52GMATRN7,18,25.00,450.00,delivered,2026-08-23 16:39:18.391945+08,2026-08-23 16:39:18.391945+08
600,01M0MX49WG78VKMZAKQJ6ZAKVE,4088862F2RR4FH8VD6HQ69ZM,20,350.00,7000.00,delivered,2026-08-23 16:39:18.391945+08,2026-08-23 16:39:18.391945+08
601,01M0MX49WG78VKMZAKQJ6ZAKVE,41085841ZKREWJPCC4PWVWR7,7,15.00,105.00,delivered,2026-08-23 16:39:18.391945+08,2026-08-23 16:39:18.391945+08
602,01M0MX49WGKJY256GYZYE156BB,409892D87XEVH1ZTZXV5F6C1,10,155.00,1550.00,delivered,2026-08-23 16:39:18.391945+08,2026-08-23 16:39:18.391945+08
603,01M0MX49WGKJY256GYZYE156BB,4162975Y25KN73W7KKDJGX6P,15,245.00,3675.00,delivered,2026-08-23 16:39:18.391945+08,2026-08-23 16:39:18.391945+08
604,01M0MX49WGKJY256GYZYE156BB,410258ZSW0QAXSVS8S3VV7TE,12,35.00,420.00,delivered,2026-08-23 16:39:18.391945+08,2026-08-23 16:39:18.391945+08
605,01M0MX49WGVFMHHV4PXW4RKDF1,411921G8X1MT1A4Z5EPH3YP4,15,30.00,450.00,confirmed,2026-08-23 16:39:18.391945+08,2026-08-23 16:39:18.391945+08
606,01M0MX49WGVFMHHV4PXW4RKDF1,4116065CZMHNTR71A86YWAMC,16,350.00,5600.00,confirmed,2026-08-23 16:39:18.391945+08,2026-08-23 16:39:18.391945+08
607,01M0MX49WGVFMHHV4PXW4RKDF1,409892D87XEVH1ZTZXV5F6C1,7,155.00,1085.00,confirmed,2026-08-23 16:39:18.391945+08,2026-08-23 16:39:18.391945+08
608,01M0MX49WGQTMWH1T1CGMQ8Y0X,412596TV7NC82RBGNTA0W8JZ,8,35.00,280.00,confirmed,2026-08-23 16:39:18.391945+08,2026-08-23 16:39:18.391945+08
609,01M0MX49WG85QMFC8EKD5TF93J,412596TV7NC82RBGNTA0W8JZ,19,35.00,665.00,pending,2026-08-23 16:39:18.391945+08,2026-08-23 16:39:18.391945+08
610,01M0MX49WG85QMFC8EKD5TF93J,41150684MEXX0KJ3HG4B279E,10,30.00,300.00,pending,2026-08-23 16:39:18.391945+08,2026-08-23 16:39:18.391945+08
611,01M0MX49WG85QMFC8EKD5TF93J,41511344QHQDJBZ4FRV45NKC,7,350.00,2450.00,pending,2026-08-23 16:39:18.391945+08,2026-08-23 16:39:18.391945+08
612,01M0MX49WGAG4HSSHM0VW8ZQVY,4088862F2RR4FH8VD6HQ69ZM,16,350.00,5600.00,confirmed,2026-08-23 16:39:18.391945+08,2026-08-23 16:39:18.391945+08
613,01M0MX49WGAG4HSSHM0VW8ZQVY,410258ZSW0QAXSVS8S3VV7TE,11,35.00,385.00,confirmed,2026-08-23 16:39:18.391945+08,2026-08-23 16:39:18.391945+08
614,01M0MX49WGAG4HSSHM0VW8ZQVY,414773WE720HJ0P121AG8FHQ,16,350.00,5600.00,confirmed,2026-08-23 16:39:18.391945+08,2026-08-23 16:39:18.391945+08
618,01M0MX49WGY62NS0VFVXYKEJE6,408186TJ449WSVW673RWDK4X,2,30.00,60.00,cancelled,2026-08-23 16:39:18.391945+08,2026-08-23 16:39:18.391945+08
619,01M0MX49WGW56ZB5W9D5748ATK,407702R5D86R3CBB81E3X29M,1,350.00,350.00,cancelled,2026-08-23 16:39:18.391945+08,2026-08-23 16:39:18.391945+08
620,01M0MX49WGW56ZB5W9D5748ATK,41150684MEXX0KJ3HG4B279E,5,30.00,150.00,cancelled,2026-08-23 16:39:18.391945+08,2026-08-23 16:39:18.391945+08
621,01M0MX49WGW56ZB5W9D5748ATK,413005KN3WGNAPH6NCQ5JCT9,8,350.00,2800.00,cancelled,2026-08-23 16:39:18.391945+08,2026-08-23 16:39:18.391945+08
622,01M0MX49WGAGD3MHEJ6AD0T3B5,409339V9MK4RHRG0A0XWT91W,17,485.00,8245.00,delivered,2026-08-23 16:39:18.391945+08,2026-08-23 16:39:18.391945+08
623,01M0MX49WGYPX588DMM8TCBNED,413005KN3WGNAPH6NCQ5JCT9,20,350.00,7000.00,processing,2026-08-23 16:39:18.391945+08,2026-08-23 16:39:18.391945+08
624,01M0MX49WGYPX588DMM8TCBNED,411921G8X1MT1A4Z5EPH3YP4,16,30.00,480.00,processing,2026-08-23 16:39:18.391945+08,2026-08-23 16:39:18.391945+08
625,01M0MX49WGYPX588DMM8TCBNED,409420087QNW2D06G06MH7JS,1,350.00,350.00,processing,2026-08-23 16:39:18.391945+08,2026-08-23 16:39:18.391945+08
629,01M0MX49WG89T2BYMYGRABYDJQ,408186TJ449WSVW673RWDK4X,5,30.00,150.00,pending,2026-08-23 16:39:18.391945+08,2026-08-23 16:39:18.391945+08
630,01M0MX49WGGY9XZJXWBZWJQDH7,414773WE720HJ0P121AG8FHQ,12,350.00,4200.00,confirmed,2026-08-23 16:39:18.391945+08,2026-08-23 16:39:18.391945+08
631,01M0MX49WGGY9XZJXWBZWJQDH7,414773WE720HJ0P121AG8FHQ,13,350.00,4550.00,confirmed,2026-08-23 16:39:18.391945+08,2026-08-23 16:39:18.391945+08
632,01M0MX49WGGY9XZJXWBZWJQDH7,413521JP1792738MBB68XMK5,12,350.00,4200.00,confirmed,2026-08-23 16:39:18.391945+08,2026-08-23 16:39:18.391945+08
634,01M0MX49WG10RH55DMW1KRX7MX,413005KN3WGNAPH6NCQ5JCT9,2,350.00,700.00,delivered,2026-08-23 16:39:18.391945+08,2026-08-23 16:39:18.391945+08
635,01M0MX49WG9V69ZEV5SNSW54EB,410258ZSW0QAXSVS8S3VV7TE,16,35.00,560.00,processing,2026-08-23 16:39:18.391945+08,2026-08-23 16:39:18.391945+08
636,01M0MX49WG9V69ZEV5SNSW54EB,407702R5D86R3CBB81E3X29M,1,350.00,350.00,processing,2026-08-23 16:39:18.391945+08,2026-08-23 16:39:18.391945+08
637,01M0MX49WGTPYV5H1K31FNZB2T,413005KN3WGNAPH6NCQ5JCT9,11,350.00,3850.00,pending,2026-08-23 16:39:18.391945+08,2026-08-23 16:39:18.391945+08
638,01M0MX49WGTPYV5H1K31FNZB2T,412596TV7NC82RBGNTA0W8JZ,4,35.00,140.00,pending,2026-08-23 16:39:18.391945+08,2026-08-23 16:39:18.391945+08
639,01M0MX49WG0RGNQE6BAKK5T5PP,409339V9MK4RHRG0A0XWT91W,19,485.00,9215.00,delivered,2026-08-23 16:39:18.391945+08,2026-08-23 16:39:18.391945+08
640,01M0MX49WGQ15AA9RG2DJ0ZCWK,411039DJMEE6FWS52GMATRN7,9,25.00,225.00,confirmed,2026-08-23 16:39:18.391945+08,2026-08-23 16:39:18.391945+08
642,01M0MX49WGSSW104NFN1J3S3PZ,41511344QHQDJBZ4FRV45NKC,13,350.00,4550.00,cancelled,2026-08-23 16:39:18.391945+08,2026-08-23 16:39:18.391945+08
643,01M0MX49WGSSW104NFN1J3S3PZ,413521JP1792738MBB68XMK5,10,350.00,3500.00,cancelled,2026-08-23 16:39:18.391945+08,2026-08-23 16:39:18.391945+08
644,01M0MX49WGSSW104NFN1J3S3PZ,417359ZGZV0QNH8M3DEYW8G5,19,350.00,6650.00,cancelled,2026-08-23 16:39:18.391945+08,2026-08-23 16:39:18.391945+08
647,01M0MX49WGP4B6XZKVACGTZPJ4,413521JP1792738MBB68XMK5,17,350.00,5950.00,delivered,2026-08-23 16:39:18.391945+08,2026-08-23 16:39:18.391945+08
648,01M0MX49WGP4B6XZKVACGTZPJ4,4138050CXS9PQSNF661Q1A1F,2,140.00,280.00,delivered,2026-08-23 16:39:18.391945+08,2026-08-23 16:39:18.391945+08
649,01M0MX49WGP4B6XZKVACGTZPJ4,4116065CZMHNTR71A86YWAMC,14,350.00,4900.00,delivered,2026-08-23 16:39:18.391945+08,2026-08-23 16:39:18.391945+08
650,01M0MX49WGFDVDDC9F1P4Y3YB3,4082223DQAKGCJ8P0XHQQNB2,20,112.00,2240.00,delivered,2026-08-23 16:39:18.391945+08,2026-08-23 16:39:18.391945+08
651,01M0MX49WGFDVDDC9F1P4Y3YB3,4082223DQAKGCJ8P0XHQQNB2,13,112.00,1456.00,delivered,2026-08-23 16:39:18.391945+08,2026-08-23 16:39:18.391945+08
652,01M0MX49WGM7HPZZXSPGBB6QN9,416496PKZM0T9NY433H8KP6M,16,30.00,480.00,pending,2026-08-23 16:39:18.391945+08,2026-08-23 16:39:18.391945+08
653,01M0MX49WGM7HPZZXSPGBB6QN9,4088862F2RR4FH8VD6HQ69ZM,12,350.00,4200.00,pending,2026-08-23 16:39:18.391945+08,2026-08-23 16:39:18.391945+08
654,01M0MX49WGXCXC2HTKF17X23X1,417359ZGZV0QNH8M3DEYW8G5,19,350.00,6650.00,cancelled,2026-08-23 16:39:18.391945+08,2026-08-23 16:39:18.391945+08
655,01M0MX49WGXCXC2HTKF17X23X1,411039DJMEE6FWS52GMATRN7,13,25.00,325.00,cancelled,2026-08-23 16:39:18.391945+08,2026-08-23 16:39:18.391945+08
656,01M0MX49WGF6YZNCC4WJEBCAKN,4088862F2RR4FH8VD6HQ69ZM,3,350.00,1050.00,delivered,2026-08-23 16:39:18.391945+08,2026-08-23 16:39:18.391945+08
657,01M0MX49WGF6YZNCC4WJEBCAKN,413521JP1792738MBB68XMK5,9,350.00,3150.00,delivered,2026-08-23 16:39:18.391945+08,2026-08-23 16:39:18.391945+08
658,01M0MX49WG9Z6VEZJ3R65YWM8A,41511344QHQDJBZ4FRV45NKC,13,350.00,4550.00,processing,2026-08-23 16:39:18.391945+08,2026-08-23 16:39:18.391945+08
659,01M0MX49WG9Z6VEZJ3R65YWM8A,409892D87XEVH1ZTZXV5F6C1,12,155.00,1860.00,processing,2026-08-23 16:39:18.391945+08,2026-08-23 16:39:18.391945+08
660,01M0MX49WG9Z6VEZJ3R65YWM8A,4116065CZMHNTR71A86YWAMC,3,350.00,1050.00,processing,2026-08-23 16:39:18.391945+08,2026-08-23 16:39:18.391945+08
661,01M0MX49WG73RARTABN0DZAEHQ,4138050CXS9PQSNF661Q1A1F,9,140.00,1260.00,cancelled,2026-08-23 16:39:18.391945+08,2026-08-23 16:39:18.391945+08
662,01M0MX49WG73RARTABN0DZAEHQ,4116065CZMHNTR71A86YWAMC,5,350.00,1750.00,cancelled,2026-08-23 16:39:18.391945+08,2026-08-23 16:39:18.391945+08
663,01M0MX49WGBCB7YQNGKBJ16PMN,410258ZSW0QAXSVS8S3VV7TE,18,35.00,630.00,confirmed,2026-08-23 16:39:18.391945+08,2026-08-23 16:39:18.391945+08
664,01M0MX49WGBCB7YQNGKBJ16PMN,408186TJ449WSVW673RWDK4X,14,30.00,420.00,confirmed,2026-08-23 16:39:18.391945+08,2026-08-23 16:39:18.391945+08
665,01M0MX49WG81JYJSETPKCF0YJ3,410258ZSW0QAXSVS8S3VV7TE,3,35.00,105.00,pending,2026-08-23 16:39:18.391945+08,2026-08-23 16:39:18.391945+08
666,01M0MX49WG81JYJSETPKCF0YJ3,4082223DQAKGCJ8P0XHQQNB2,20,112.00,2240.00,pending,2026-08-23 16:39:18.391945+08,2026-08-23 16:39:18.391945+08
667,01M0MX49WGA950GP040CH864J0,416951J7FD3NBDV1MM1QS36H,14,415.00,5810.00,delivered,2026-08-23 16:39:18.391945+08,2026-08-23 16:39:18.391945+08
668,01M0MX49WG4DF4SXQ7MW4YCJ95,410258ZSW0QAXSVS8S3VV7TE,8,35.00,280.00,delivered,2026-08-23 16:39:18.391945+08,2026-08-23 16:39:18.391945+08
669,01M0MX49WG4DF4SXQ7MW4YCJ95,412596TV7NC82RBGNTA0W8JZ,17,35.00,595.00,delivered,2026-08-23 16:39:18.391945+08,2026-08-23 16:39:18.391945+08
670,01M0MX49WG4DF4SXQ7MW4YCJ95,417359ZGZV0QNH8M3DEYW8G5,13,350.00,4550.00,delivered,2026-08-23 16:39:18.391945+08,2026-08-23 16:39:18.391945+08
671,01M0MX49WGH7CN668P8BTNXGG1,414773WE720HJ0P121AG8FHQ,16,350.00,5600.00,pending,2026-08-23 16:39:18.391945+08,2026-08-23 16:39:18.391945+08
672,01M0MX49WGH7CN668P8BTNXGG1,41511344QHQDJBZ4FRV45NKC,3,350.00,1050.00,pending,2026-08-23 16:39:18.391945+08,2026-08-23 16:39:18.391945+08
673,01M0MX49WGPCNJVC5PH0AWW9SX,416951J7FD3NBDV1MM1QS36H,16,415.00,6640.00,processing,2026-08-23 16:39:18.391945+08,2026-08-23 16:39:18.391945+08
674,01M0MX49WGPCNJVC5PH0AWW9SX,413521JP1792738MBB68XMK5,12,350.00,4200.00,processing,2026-08-23 16:39:18.391945+08,2026-08-23 16:39:18.391945+08
675,01M0MX49WGCNY821H90S5H81CW,413005KN3WGNAPH6NCQ5JCT9,16,350.00,5600.00,cancelled,2026-08-23 16:39:18.391945+08,2026-08-23 16:39:18.391945+08
676,01M0MX49WGCNY821H90S5H81CW,4082223DQAKGCJ8P0XHQQNB2,20,112.00,2240.00,cancelled,2026-08-23 16:39:18.391945+08,2026-08-23 16:39:18.391945+08
677,01M0MX49WGCNY821H90S5H81CW,409339V9MK4RHRG0A0XWT91W,15,485.00,7275.00,cancelled,2026-08-23 16:39:18.391945+08,2026-08-23 16:39:18.391945+08
678,01M0MX49WGXWRDAM2F3QXEX3ZF,4162975Y25KN73W7KKDJGX6P,11,245.00,2695.00,pending,2026-08-23 16:39:18.391945+08,2026-08-23 16:39:18.391945+08
679,01M0MX49WGS7VQPB8BKQ3S5DYD,416496PKZM0T9NY433H8KP6M,11,30.00,330.00,processing,2026-08-23 16:39:18.391945+08,2026-08-23 16:39:18.391945+08
680,01M0MX49WGS7VQPB8BKQ3S5DYD,41150684MEXX0KJ3HG4B279E,20,30.00,600.00,processing,2026-08-23 16:39:18.391945+08,2026-08-23 16:39:18.391945+08
681,01M0MX49WGMX3958DQR082TV8Q,41085841ZKREWJPCC4PWVWR7,7,15.00,105.00,confirmed,2026-08-23 16:39:18.391945+08,2026-08-23 16:39:18.391945+08
682,01M0MX49WGMX3958DQR082TV8Q,411921G8X1MT1A4Z5EPH3YP4,11,30.00,330.00,confirmed,2026-08-23 16:39:18.391945+08,2026-08-23 16:39:18.391945+08
683,01M0MX49WGMX3958DQR082TV8Q,417359ZGZV0QNH8M3DEYW8G5,13,350.00,4550.00,confirmed,2026-08-23 16:39:18.391945+08,2026-08-23 16:39:18.391945+08
684,01M0MX49WGFJ7TX2BE18TAK9DY,413005KN3WGNAPH6NCQ5JCT9,16,350.00,5600.00,confirmed,2026-08-23 16:39:18.391945+08,2026-08-23 16:39:18.391945+08
685,01M0MX49WGFJ7TX2BE18TAK9DY,412596TV7NC82RBGNTA0W8JZ,8,35.00,280.00,confirmed,2026-08-23 16:39:18.391945+08,2026-08-23 16:39:18.391945+08
686,01M0MX49WGFJ7TX2BE18TAK9DY,409892D87XEVH1ZTZXV5F6C1,13,155.00,2015.00,confirmed,2026-08-23 16:39:18.391945+08,2026-08-23 16:39:18.391945+08
687,01M0MX49WGRDEEK4BAWTAP3GJP,4138050CXS9PQSNF661Q1A1F,4,140.00,560.00,delivered,2026-08-23 16:39:18.391945+08,2026-08-23 16:39:18.391945+08
688,01M0MX49WGRDEEK4BAWTAP3GJP,412596TV7NC82RBGNTA0W8JZ,7,35.00,245.00,delivered,2026-08-23 16:39:18.391945+08,2026-08-23 16:39:18.391945+08
689,01M0MX49WGVT9CVYEWBAKTF7NN,411039DJMEE6FWS52GMATRN7,18,25.00,450.00,cancelled,2026-08-23 16:39:18.391945+08,2026-08-23 16:39:18.391945+08
690,01M0MX49WGQECDZVZQ6HV1BWC8,41085841ZKREWJPCC4PWVWR7,7,15.00,105.00,cancelled,2026-08-23 16:39:18.391945+08,2026-08-23 16:39:18.391945+08
691,01M0MX49WGQECDZVZQ6HV1BWC8,416496PKZM0T9NY433H8KP6M,10,30.00,300.00,cancelled,2026-08-23 16:39:18.391945+08,2026-08-23 16:39:18.391945+08
692,01M0MX49WGG1J7SG7935CZ0TYZ,411039DJMEE6FWS52GMATRN7,16,25.00,400.00,delivered,2026-08-23 16:39:18.391945+08,2026-08-23 16:39:18.391945+08
693,01M0MX49WGG1J7SG7935CZ0TYZ,41511344QHQDJBZ4FRV45NKC,10,350.00,3500.00,delivered,2026-08-23 16:39:18.391945+08,2026-08-23 16:39:18.391945+08
694,01M0MX49WGJNT5PY7CQ14P1MR7,41085841ZKREWJPCC4PWVWR7,14,15.00,210.00,confirmed,2026-08-23 16:39:18.391945+08,2026-08-23 16:39:18.391945+08
695,01M0MX49WGPER3P8NTBX5YWZWD,411921G8X1MT1A4Z5EPH3YP4,19,30.00,570.00,pending,2026-08-23 16:39:18.391945+08,2026-08-23 16:39:18.391945+08
696,01M0MX49WGPER3P8NTBX5YWZWD,4162975Y25KN73W7KKDJGX6P,18,245.00,4410.00,pending,2026-08-23 16:39:18.391945+08,2026-08-23 16:39:18.391945+08
697,01M0MX49WGPER3P8NTBX5YWZWD,408186TJ449WSVW673RWDK4X,14,30.00,420.00,pending,2026-08-23 16:39:18.391945+08,2026-08-23 16:39:18.391945+08
698,01M0MX49WG4QPE881CWH2JD25W,41085841ZKREWJPCC4PWVWR7,18,15.00,270.00,pending,2026-08-23 16:39:18.391945+08,2026-08-23 16:39:18.391945+08
699,01M0MX49WG4QPE881CWH2JD25W,4082223DQAKGCJ8P0XHQQNB2,3,112.00,336.00,pending,2026-08-23 16:39:18.391945+08,2026-08-23 16:39:18.391945+08
700,01M0MX49WGPM015CT0G7JE9DDR,411039DJMEE6FWS52GMATRN7,12,25.00,300.00,delivered,2026-08-23 16:39:18.391945+08,2026-08-23 16:39:18.391945+08
701,01M0MX49WGPM015CT0G7JE9DDR,417359ZGZV0QNH8M3DEYW8G5,20,350.00,7000.00,delivered,2026-08-23 16:39:18.391945+08,2026-08-23 16:39:18.391945+08
702,01M0MX49WGPM015CT0G7JE9DDR,407702R5D86R3CBB81E3X29M,19,350.00,6650.00,delivered,2026-08-23 16:39:18.391945+08,2026-08-23 16:39:18.391945+08
703,01M0MX49WG660Z6NRDAXQ1JWEZ,41150684MEXX0KJ3HG4B279E,4,30.00,120.00,cancelled,2026-08-23 16:39:18.391945+08,2026-08-23 16:39:18.391945+08
704,01M0MX49WG660Z6NRDAXQ1JWEZ,409420087QNW2D06G06MH7JS,4,350.00,1400.00,cancelled,2026-08-23 16:39:18.391945+08,2026-08-23 16:39:18.391945+08
705,01M0MX49WGWNQYW6QJBE8VZX0J,408186TJ449WSVW673RWDK4X,18,30.00,540.00,confirmed,2026-08-23 16:39:18.391945+08,2026-08-23 16:39:18.391945+08
706,01M0MX49WGWNQYW6QJBE8VZX0J,412596TV7NC82RBGNTA0W8JZ,19,35.00,665.00,confirmed,2026-08-23 16:39:18.391945+08,2026-08-23 16:39:18.391945+08
707,01M0MX49WGWNQYW6QJBE8VZX0J,4088862F2RR4FH8VD6HQ69ZM,15,350.00,5250.00,confirmed,2026-08-23 16:39:18.391945+08,2026-08-23 16:39:18.391945+08
708,01M0MX49WGHRP87WYK42KSNCBR,412596TV7NC82RBGNTA0W8JZ,17,35.00,595.00,processing,2026-08-23 16:39:18.391945+08,2026-08-23 16:39:18.391945+08
709,01M0MX49WGHRP87WYK42KSNCBR,41511344QHQDJBZ4FRV45NKC,12,350.00,4200.00,processing,2026-08-23 16:39:18.391945+08,2026-08-23 16:39:18.391945+08
710,01M0MX49WGHRP87WYK42KSNCBR,409420087QNW2D06G06MH7JS,16,350.00,5600.00,processing,2026-08-23 16:39:18.391945+08,2026-08-23 16:39:18.391945+08
711,01M0MX49WGPXSB0BQSTNVT8SXV,4116065CZMHNTR71A86YWAMC,5,350.00,1750.00,confirmed,2026-08-23 16:39:18.391945+08,2026-08-23 16:39:18.391945+08
712,01M0MX49WGWVHGJHPJR48GFJ4H,409339V9MK4RHRG0A0XWT91W,17,485.00,8245.00,confirmed,2026-08-23 16:39:18.391945+08,2026-08-23 16:39:18.391945+08
713,01M0MX49WGWVHGJHPJR48GFJ4H,411921G8X1MT1A4Z5EPH3YP4,12,30.00,360.00,confirmed,2026-08-23 16:39:18.391945+08,2026-08-23 16:39:18.391945+08
714,01M0MX49WGEVY8A6R0FMKPD0F6,41085841ZKREWJPCC4PWVWR7,15,15.00,225.00,pending,2026-08-23 16:39:18.391945+08,2026-08-23 16:39:18.391945+08
715,01M0MX49WGEVY8A6R0FMKPD0F6,409892D87XEVH1ZTZXV5F6C1,3,155.00,465.00,pending,2026-08-23 16:39:18.391945+08,2026-08-23 16:39:18.391945+08
716,01M0MX49WGEVY8A6R0FMKPD0F6,416951J7FD3NBDV1MM1QS36H,2,415.00,830.00,pending,2026-08-23 16:39:18.391945+08,2026-08-23 16:39:18.391945+08
717,01M0MX49WG3HM525C3FHRPKD65,413005KN3WGNAPH6NCQ5JCT9,4,350.00,1400.00,pending,2026-08-23 16:39:18.391945+08,2026-08-23 16:39:18.391945+08
718,01M0MX49WG3HM525C3FHRPKD65,411039DJMEE6FWS52GMATRN7,6,25.00,150.00,pending,2026-08-23 16:39:18.391945+08,2026-08-23 16:39:18.391945+08
723,01M0MX49WGQCJM5XHT1FW2QVXZ,409339V9MK4RHRG0A0XWT91W,15,485.00,7275.00,pending,2026-08-23 16:39:18.391945+08,2026-08-23 16:39:18.391945+08
724,01M0MX49WGQCJM5XHT1FW2QVXZ,412596TV7NC82RBGNTA0W8JZ,14,35.00,490.00,pending,2026-08-23 16:39:18.391945+08,2026-08-23 16:39:18.391945+08
725,01M0MX49WGQCJM5XHT1FW2QVXZ,4162975Y25KN73W7KKDJGX6P,1,245.00,245.00,pending,2026-08-23 16:39:18.391945+08,2026-08-23 16:39:18.391945+08
726,01M0MX49WG7XWC7FE30EF783MG,413521JP1792738MBB68XMK5,19,350.00,6650.00,confirmed,2026-08-23 16:39:18.391945+08,2026-08-23 16:39:18.391945+08
727,01M0MX49WG7XWC7FE30EF783MG,4116065CZMHNTR71A86YWAMC,18,350.00,6300.00,confirmed,2026-08-23 16:39:18.391945+08,2026-08-23 16:39:18.391945+08
728,01M0MX49WG7XWC7FE30EF783MG,417359ZGZV0QNH8M3DEYW8G5,12,350.00,4200.00,confirmed,2026-08-23 16:39:18.391945+08,2026-08-23 16:39:18.391945+08
729,01M0MX49WGJWZDZV0DJ4W0B07M,414773WE720HJ0P121AG8FHQ,16,350.00,5600.00,confirmed,2026-08-23 16:39:18.391945+08,2026-08-23 16:39:18.391945+08
730,01M0MX49WGJYA6E9VDRPQ56ZZX,4082223DQAKGCJ8P0XHQQNB2,13,112.00,1456.00,cancelled,2026-08-23 16:39:18.391945+08,2026-08-23 16:39:18.391945+08
731,01M0MX49WGJYA6E9VDRPQ56ZZX,4082223DQAKGCJ8P0XHQQNB2,13,112.00,1456.00,cancelled,2026-08-23 16:39:18.391945+08,2026-08-23 16:39:18.391945+08
732,01M0MX49WG2N1HJZJSC877V6YR,416496PKZM0T9NY433H8KP6M,20,30.00,600.00,pending,2026-08-23 16:39:18.391945+08,2026-08-23 16:39:18.391945+08
733,01M0MX49WG2N1HJZJSC877V6YR,417359ZGZV0QNH8M3DEYW8G5,10,350.00,3500.00,pending,2026-08-23 16:39:18.391945+08,2026-08-23 16:39:18.391945+08
737,01M0MX49WGCPTN1G57SBJB5T5A,408186TJ449WSVW673RWDK4X,13,30.00,390.00,processing,2026-08-23 16:39:18.391945+08,2026-08-23 16:39:18.391945+08
745,01M0MX49WGEZFT3MP60PSNSPND,413005KN3WGNAPH6NCQ5JCT9,16,350.00,5600.00,cancelled,2026-08-23 16:39:18.391945+08,2026-08-23 16:39:18.391945+08
746,01M0MX49WGEZFT3MP60PSNSPND,41150684MEXX0KJ3HG4B279E,16,30.00,480.00,cancelled,2026-08-23 16:39:18.391945+08,2026-08-23 16:39:18.391945+08
747,01M0MX49WGEZFT3MP60PSNSPND,41150684MEXX0KJ3HG4B279E,15,30.00,450.00,cancelled,2026-08-23 16:39:18.391945+08,2026-08-23 16:39:18.391945+08
748,01M0MX49WGWCP2ADSD1H2S516C,409420087QNW2D06G06MH7JS,8,350.00,2800.00,confirmed,2026-08-23 16:39:18.391945+08,2026-08-23 16:39:18.391945+08
749,01M0MX49WGWCP2ADSD1H2S516C,416951J7FD3NBDV1MM1QS36H,2,415.00,830.00,confirmed,2026-08-23 16:39:18.391945+08,2026-08-23 16:39:18.391945+08
750,01M0MX49WGWCP2ADSD1H2S516C,414773WE720HJ0P121AG8FHQ,8,350.00,2800.00,confirmed,2026-08-23 16:39:18.391945+08,2026-08-23 16:39:18.391945+08
751,01M0MX49WG2613EA7BAAA2WVV9,412596TV7NC82RBGNTA0W8JZ,16,35.00,560.00,confirmed,2026-08-23 16:39:18.391945+08,2026-08-23 16:39:18.391945+08
752,01M0MX49WG2613EA7BAAA2WVV9,410258ZSW0QAXSVS8S3VV7TE,17,35.00,595.00,confirmed,2026-08-23 16:39:18.391945+08,2026-08-23 16:39:18.391945+08
757,01M0MX49WGFQG9YPMQQ7W6HEVQ,416496PKZM0T9NY433H8KP6M,4,30.00,120.00,confirmed,2026-08-23 16:39:18.391945+08,2026-08-23 16:39:18.391945+08
758,01M0MX49WGMNS16AXDYVAN5W2X,412596TV7NC82RBGNTA0W8JZ,12,35.00,420.00,confirmed,2026-08-23 16:39:18.391945+08,2026-08-23 16:39:18.391945+08
759,01M0MX49WGMNS16AXDYVAN5W2X,41085841ZKREWJPCC4PWVWR7,20,15.00,300.00,confirmed,2026-08-23 16:39:18.391945+08,2026-08-23 16:39:18.391945+08
760,01M0MX49WGMNS16AXDYVAN5W2X,413005KN3WGNAPH6NCQ5JCT9,14,350.00,4900.00,confirmed,2026-08-23 16:39:18.391945+08,2026-08-23 16:39:18.391945+08
762,01M0MX49WGEZWAQJR595C1988A,4082223DQAKGCJ8P0XHQQNB2,18,112.00,2016.00,processing,2026-08-23 16:39:18.391945+08,2026-08-23 16:39:18.391945+08
763,01M0MX49WGEZWAQJR595C1988A,417359ZGZV0QNH8M3DEYW8G5,11,350.00,3850.00,processing,2026-08-23 16:39:18.391945+08,2026-08-23 16:39:18.391945+08
764,01M0MX49WGQ31E5T38307HP3N7,408186TJ449WSVW673RWDK4X,4,30.00,120.00,confirmed,2026-08-23 16:39:18.391945+08,2026-08-23 16:39:18.391945+08
765,01M0MX49WGQ31E5T38307HP3N7,41511344QHQDJBZ4FRV45NKC,14,350.00,4900.00,confirmed,2026-08-23 16:39:18.391945+08,2026-08-23 16:39:18.391945+08
766,01M0MX49WGZNKZD5VGDYKZAWWV,41511344QHQDJBZ4FRV45NKC,5,350.00,1750.00,cancelled,2026-08-23 16:39:18.391945+08,2026-08-23 16:39:18.391945+08
767,01M0MX49WGZNKZD5VGDYKZAWWV,4088862F2RR4FH8VD6HQ69ZM,5,350.00,1750.00,cancelled,2026-08-23 16:39:18.391945+08,2026-08-23 16:39:18.391945+08
768,01M0MX49WGZNKZD5VGDYKZAWWV,41085841ZKREWJPCC4PWVWR7,11,15.00,165.00,cancelled,2026-08-23 16:39:18.391945+08,2026-08-23 16:39:18.391945+08
769,01M0MX49WGD9RBFV1ZJH7MR58G,4162975Y25KN73W7KKDJGX6P,16,245.00,3920.00,delivered,2026-08-23 16:39:18.391945+08,2026-08-23 16:39:18.391945+08
770,01M0MX49WGD9RBFV1ZJH7MR58G,41511344QHQDJBZ4FRV45NKC,19,350.00,6650.00,delivered,2026-08-23 16:39:18.391945+08,2026-08-23 16:39:18.391945+08
771,01M0MX49WGD9RBFV1ZJH7MR58G,413005KN3WGNAPH6NCQ5JCT9,9,350.00,3150.00,delivered,2026-08-23 16:39:18.391945+08,2026-08-23 16:39:18.391945+08
772,01M0MX49WG29Q86NAJKVZTZJT0,413005KN3WGNAPH6NCQ5JCT9,3,350.00,1050.00,processing,2026-08-23 16:39:18.391945+08,2026-08-23 16:39:18.391945+08
778,01M0MX49WG1MBH4RHZJ8CRJ1GV,409339V9MK4RHRG0A0XWT91W,16,485.00,7760.00,confirmed,2026-08-23 16:39:18.391945+08,2026-08-23 16:39:18.391945+08
779,01M0MX49WG1MBH4RHZJ8CRJ1GV,414773WE720HJ0P121AG8FHQ,11,350.00,3850.00,confirmed,2026-08-23 16:39:18.391945+08,2026-08-23 16:39:18.391945+08
780,01M0MX49WG0BFCF5GHH923DKZZ,41511344QHQDJBZ4FRV45NKC,19,350.00,6650.00,confirmed,2026-08-23 16:39:18.391945+08,2026-08-23 16:39:18.391945+08
781,01M0MX49WG0BFCF5GHH923DKZZ,411921G8X1MT1A4Z5EPH3YP4,11,30.00,330.00,confirmed,2026-08-23 16:39:18.391945+08,2026-08-23 16:39:18.391945+08
782,01M0MX49WG0BFCF5GHH923DKZZ,411039DJMEE6FWS52GMATRN7,2,25.00,50.00,confirmed,2026-08-23 16:39:18.391945+08,2026-08-23 16:39:18.391945+08
783,01M0MX49WGS441HDK91FZV4W8S,409420087QNW2D06G06MH7JS,4,350.00,1400.00,pending,2026-08-23 16:39:18.391945+08,2026-08-23 16:39:18.391945+08
784,01M0MX49WGS441HDK91FZV4W8S,417359ZGZV0QNH8M3DEYW8G5,15,350.00,5250.00,pending,2026-08-23 16:39:18.391945+08,2026-08-23 16:39:18.391945+08
785,01M0MX49WGGY84P7NVEGPGHY16,409339V9MK4RHRG0A0XWT91W,5,485.00,2425.00,pending,2026-08-23 16:39:18.391945+08,2026-08-23 16:39:18.391945+08
786,01M0MX49WGGY84P7NVEGPGHY16,413005KN3WGNAPH6NCQ5JCT9,10,350.00,3500.00,pending,2026-08-23 16:39:18.391945+08,2026-08-23 16:39:18.391945+08
787,01M0MX49WG67HERV9KP1APGM65,413521JP1792738MBB68XMK5,12,350.00,4200.00,delivered,2026-08-23 16:39:18.391945+08,2026-08-23 16:39:18.391945+08
788,01M0MX49WG67HERV9KP1APGM65,414773WE720HJ0P121AG8FHQ,3,350.00,1050.00,delivered,2026-08-23 16:39:18.391945+08,2026-08-23 16:39:18.391945+08
789,01M0MX49WGS7WHJ3X6TT50T5D2,417359ZGZV0QNH8M3DEYW8G5,2,350.00,700.00,delivered,2026-08-23 16:39:18.391945+08,2026-08-23 16:39:18.391945+08
790,01M0MX49WGS7WHJ3X6TT50T5D2,4162975Y25KN73W7KKDJGX6P,10,245.00,2450.00,delivered,2026-08-23 16:39:18.391945+08,2026-08-23 16:39:18.391945+08
791,01M0MX49WGS7WHJ3X6TT50T5D2,41085841ZKREWJPCC4PWVWR7,8,15.00,120.00,delivered,2026-08-23 16:39:18.391945+08,2026-08-23 16:39:18.391945+08
792,01M0MX49WGGRTKKYA4M1A5N4QR,4116065CZMHNTR71A86YWAMC,1,350.00,350.00,delivered,2026-08-23 16:39:18.391945+08,2026-08-23 16:39:18.391945+08
793,01M0MX49WGGRTKKYA4M1A5N4QR,409339V9MK4RHRG0A0XWT91W,16,485.00,7760.00,delivered,2026-08-23 16:39:18.391945+08,2026-08-23 16:39:18.391945+08
794,01M0MX49WGGRTKKYA4M1A5N4QR,413521JP1792738MBB68XMK5,5,350.00,1750.00,delivered,2026-08-23 16:39:18.391945+08,2026-08-23 16:39:18.391945+08
795,01M0MX49WGERDA976V2SH2HMFZ,416496PKZM0T9NY433H8KP6M,1,30.00,30.00,confirmed,2026-08-23 16:39:18.391945+08,2026-08-23 16:39:18.391945+08
796,01M0MX49WGERDA976V2SH2HMFZ,409420087QNW2D06G06MH7JS,11,350.00,3850.00,confirmed,2026-08-23 16:39:18.391945+08,2026-08-23 16:39:18.391945+08
797,01M0MX49WGERDA976V2SH2HMFZ,4116065CZMHNTR71A86YWAMC,14,350.00,4900.00,confirmed,2026-08-23 16:39:18.391945+08,2026-08-23 16:39:18.391945+08
799,01M0MX49WG2BHYCANQQ5X0NVTV,416951J7FD3NBDV1MM1QS36H,5,415.00,2075.00,pending,2026-08-23 16:39:18.391945+08,2026-08-23 16:39:18.391945+08
800,01M0MX49WG2BHYCANQQ5X0NVTV,4162975Y25KN73W7KKDJGX6P,5,245.00,1225.00,pending,2026-08-23 16:39:18.391945+08,2026-08-23 16:39:18.391945+08
801,01M0MX49WGBYYQ71YGQVV8BQT9,409420087QNW2D06G06MH7JS,20,350.00,7000.00,pending,2026-08-23 16:39:18.391945+08,2026-08-23 16:39:18.391945+08
802,01M0MX49WGBYYQ71YGQVV8BQT9,413005KN3WGNAPH6NCQ5JCT9,6,350.00,2100.00,pending,2026-08-23 16:39:18.391945+08,2026-08-23 16:39:18.391945+08
803,01M0MX49WGBYYQ71YGQVV8BQT9,416496PKZM0T9NY433H8KP6M,12,30.00,360.00,pending,2026-08-23 16:39:18.391945+08,2026-08-23 16:39:18.391945+08
805,01M0MX49WGJMYKTCMGMTS1QP9X,4116065CZMHNTR71A86YWAMC,5,350.00,1750.00,delivered,2026-08-23 16:39:18.391945+08,2026-08-23 16:39:18.391945+08
808,01M0MX49WG6M3FP0TYM4M9B22Q,4088862F2RR4FH8VD6HQ69ZM,18,350.00,6300.00,confirmed,2026-08-23 16:39:18.391945+08,2026-08-23 16:39:18.391945+08
815,01M0MX49WGV7Q4ARCQF8XTJD8S,413005KN3WGNAPH6NCQ5JCT9,20,350.00,7000.00,pending,2026-08-23 16:39:18.391945+08,2026-08-23 16:39:18.391945+08
816,01M0MX49WGV7Q4ARCQF8XTJD8S,413521JP1792738MBB68XMK5,17,350.00,5950.00,pending,2026-08-23 16:39:18.391945+08,2026-08-23 16:39:18.391945+08
817,01M0MX49WGQDNCDYBAHAN5X5D5,41511344QHQDJBZ4FRV45NKC,13,350.00,4550.00,cancelled,2026-08-23 16:39:18.391945+08,2026-08-23 16:39:18.391945+08
818,01M0MX49WGQDNCDYBAHAN5X5D5,412596TV7NC82RBGNTA0W8JZ,14,35.00,490.00,cancelled,2026-08-23 16:39:18.391945+08,2026-08-23 16:39:18.391945+08
821,01M0MX49WGFM890F46XQXBA3X7,408186TJ449WSVW673RWDK4X,10,30.00,300.00,delivered,2026-08-23 16:39:18.391945+08,2026-08-23 16:39:18.391945+08
822,01M0MX49WGFM890F46XQXBA3X7,413005KN3WGNAPH6NCQ5JCT9,17,350.00,5950.00,delivered,2026-08-23 16:39:18.391945+08,2026-08-23 16:39:18.391945+08
823,01M0MX49WGHV8XN913DZFC4N7D,413521JP1792738MBB68XMK5,18,350.00,6300.00,processing,2026-08-23 16:39:18.391945+08,2026-08-23 16:39:18.391945+08
824,01M0MX49WGHV8XN913DZFC4N7D,410258ZSW0QAXSVS8S3VV7TE,20,35.00,700.00,processing,2026-08-23 16:39:18.391945+08,2026-08-23 16:39:18.391945+08
825,01M0MX49WGT6M69T2YNDV04C72,413521JP1792738MBB68XMK5,17,350.00,5950.00,confirmed,2026-08-23 16:39:18.391945+08,2026-08-23 16:39:18.391945+08
826,01M0MX49WGT6M69T2YNDV04C72,409339V9MK4RHRG0A0XWT91W,5,485.00,2425.00,confirmed,2026-08-23 16:39:18.391945+08,2026-08-23 16:39:18.391945+08
827,01M0MX49WGBXXSK3HBD064RXB1,413005KN3WGNAPH6NCQ5JCT9,3,350.00,1050.00,confirmed,2026-08-23 16:39:18.391945+08,2026-08-23 16:39:18.391945+08
828,01M0MX49WGBXXSK3HBD064RXB1,416951J7FD3NBDV1MM1QS36H,14,415.00,5810.00,confirmed,2026-08-23 16:39:18.391945+08,2026-08-23 16:39:18.391945+08
829,01M0MX49WGBXXSK3HBD064RXB1,4088862F2RR4FH8VD6HQ69ZM,2,350.00,700.00,confirmed,2026-08-23 16:39:18.391945+08,2026-08-23 16:39:18.391945+08
830,01M0MX49WG1W0C1DW83T7CHY4V,4116065CZMHNTR71A86YWAMC,15,350.00,5250.00,pending,2026-08-23 16:39:18.391945+08,2026-08-23 16:39:18.391945+08
831,01M0MX49WG1W0C1DW83T7CHY4V,4082223DQAKGCJ8P0XHQQNB2,20,112.00,2240.00,pending,2026-08-23 16:39:18.391945+08,2026-08-23 16:39:18.391945+08
832,01M0MX49WG7DHAMW7HHDX5AA6D,411039DJMEE6FWS52GMATRN7,6,25.00,150.00,confirmed,2026-08-23 16:39:18.391945+08,2026-08-23 16:39:18.391945+08
833,01M0MX49WG7DHAMW7HHDX5AA6D,4116065CZMHNTR71A86YWAMC,1,350.00,350.00,confirmed,2026-08-23 16:39:18.391945+08,2026-08-23 16:39:18.391945+08
834,01M0MX49WG7DHAMW7HHDX5AA6D,41085841ZKREWJPCC4PWVWR7,5,15.00,75.00,confirmed,2026-08-23 16:39:18.391945+08,2026-08-23 16:39:18.391945+08
835,01M0MX49WGS6WVWND2GGXSACP1,408186TJ449WSVW673RWDK4X,17,30.00,510.00,confirmed,2026-08-23 16:39:18.391945+08,2026-08-23 16:39:18.391945+08
836,01M0MX49WGS6WVWND2GGXSACP1,414773WE720HJ0P121AG8FHQ,6,350.00,2100.00,confirmed,2026-08-23 16:39:18.391945+08,2026-08-23 16:39:18.391945+08
837,01M0MX49WGZQW8HKTMMA7PK0EH,4116065CZMHNTR71A86YWAMC,1,350.00,350.00,pending,2026-08-23 16:39:18.391945+08,2026-08-23 16:39:18.391945+08
838,01M0MX49WGZQW8HKTMMA7PK0EH,409892D87XEVH1ZTZXV5F6C1,14,155.00,2170.00,pending,2026-08-23 16:39:18.391945+08,2026-08-23 16:39:18.391945+08
843,01M0MX49WGBXJPZ9QFJD7K4WWP,412596TV7NC82RBGNTA0W8JZ,4,35.00,140.00,confirmed,2026-08-23 16:39:18.391945+08,2026-08-23 16:39:18.391945+08
844,01M0MX49WGJCP8N2CNSWT54A1W,407702R5D86R3CBB81E3X29M,1,350.00,350.00,delivered,2026-08-23 16:39:18.391945+08,2026-08-23 16:39:18.391945+08
845,01M0MX49WGXKNSEEZPT2YD0GZE,4162975Y25KN73W7KKDJGX6P,5,245.00,1225.00,pending,2026-08-23 16:39:18.391945+08,2026-08-23 16:39:18.391945+08
846,01M0MX49WGXKNSEEZPT2YD0GZE,417359ZGZV0QNH8M3DEYW8G5,2,350.00,700.00,pending,2026-08-23 16:39:18.391945+08,2026-08-23 16:39:18.391945+08
847,01M0MX49WG0Q97SZSXQFJVB9BB,413005KN3WGNAPH6NCQ5JCT9,14,350.00,4900.00,delivered,2026-08-23 16:39:18.391945+08,2026-08-23 16:39:18.391945+08
848,01M0MX49WG0Q97SZSXQFJVB9BB,4088862F2RR4FH8VD6HQ69ZM,11,350.00,3850.00,delivered,2026-08-23 16:39:18.391945+08,2026-08-23 16:39:18.391945+08
849,01M0MX49WG0Q97SZSXQFJVB9BB,4088862F2RR4FH8VD6HQ69ZM,14,350.00,4900.00,delivered,2026-08-23 16:39:18.391945+08,2026-08-23 16:39:18.391945+08
850,01M0MX49WGQF2TDK9BNNTFEEKZ,412596TV7NC82RBGNTA0W8JZ,12,35.00,420.00,confirmed,2026-08-23 16:39:18.391945+08,2026-08-23 16:39:18.391945+08
852,01M0MX49WG7CS1FQRCG7S0FHQ3,413521JP1792738MBB68XMK5,15,350.00,5250.00,cancelled,2026-08-23 16:39:18.391945+08,2026-08-23 16:39:18.391945+08
853,01M0MX49WG7CS1FQRCG7S0FHQ3,416951J7FD3NBDV1MM1QS36H,10,415.00,4150.00,cancelled,2026-08-23 16:39:18.391945+08,2026-08-23 16:39:18.391945+08
854,01M0MX49WG4EYYS9XWD0J8A8HV,409420087QNW2D06G06MH7JS,12,350.00,4200.00,pending,2026-08-23 16:39:18.391945+08,2026-08-23 16:39:18.391945+08
855,01M0MX49WG4EYYS9XWD0J8A8HV,409339V9MK4RHRG0A0XWT91W,10,485.00,4850.00,pending,2026-08-23 16:39:18.391945+08,2026-08-23 16:39:18.391945+08
856,01M0MX49WGFDECNCK8NHRVJF68,4082223DQAKGCJ8P0XHQQNB2,8,112.00,896.00,delivered,2026-08-23 16:39:18.391945+08,2026-08-23 16:39:18.391945+08
857,01M0MX49WGFDECNCK8NHRVJF68,416496PKZM0T9NY433H8KP6M,12,30.00,360.00,delivered,2026-08-23 16:39:18.391945+08,2026-08-23 16:39:18.391945+08
858,01M0MX49WGFDECNCK8NHRVJF68,412596TV7NC82RBGNTA0W8JZ,16,35.00,560.00,delivered,2026-08-23 16:39:18.391945+08,2026-08-23 16:39:18.391945+08
859,01M0MX49WG6Q99A7EWQFERT70B,4088862F2RR4FH8VD6HQ69ZM,5,350.00,1750.00,delivered,2026-08-23 16:39:18.391945+08,2026-08-23 16:39:18.391945+08
860,01M0MX49WG6Q99A7EWQFERT70B,409420087QNW2D06G06MH7JS,14,350.00,4900.00,delivered,2026-08-23 16:39:18.391945+08,2026-08-23 16:39:18.391945+08
861,01M0MX49WG6Q99A7EWQFERT70B,409420087QNW2D06G06MH7JS,8,350.00,2800.00,delivered,2026-08-23 16:39:18.391945+08,2026-08-23 16:39:18.391945+08
862,01M0MX49WGSV05FPM52Z439GGX,409420087QNW2D06G06MH7JS,11,350.00,3850.00,confirmed,2026-08-23 16:39:18.391945+08,2026-08-23 16:39:18.391945+08
863,01M0MX49WGSV05FPM52Z439GGX,409420087QNW2D06G06MH7JS,13,350.00,4550.00,confirmed,2026-08-23 16:39:18.391945+08,2026-08-23 16:39:18.391945+08
864,01M0MX49WGSV05FPM52Z439GGX,416951J7FD3NBDV1MM1QS36H,4,415.00,1660.00,confirmed,2026-08-23 16:39:18.391945+08,2026-08-23 16:39:18.391945+08
866,01M0MX49WG5Q3ZAC951RDBT7M9,41085841ZKREWJPCC4PWVWR7,9,15.00,135.00,cancelled,2026-08-23 16:39:18.391945+08,2026-08-23 16:39:18.391945+08
867,01M0MX49WG191QB24Y4H6SHHYG,408186TJ449WSVW673RWDK4X,14,30.00,420.00,pending,2026-08-23 16:39:18.391945+08,2026-08-23 16:39:18.391945+08
872,01M0MX49WGYZV2GSX1CGBWZEPS,4162975Y25KN73W7KKDJGX6P,11,245.00,2695.00,confirmed,2026-08-23 16:39:18.391945+08,2026-08-23 16:39:18.391945+08
873,01M0MX49WGYZV2GSX1CGBWZEPS,409892D87XEVH1ZTZXV5F6C1,15,155.00,2325.00,confirmed,2026-08-23 16:39:18.391945+08,2026-08-23 16:39:18.391945+08
874,01M0MX49WGX9N8EF5HH58JTVY7,41511344QHQDJBZ4FRV45NKC,19,350.00,6650.00,confirmed,2026-08-23 16:39:18.391945+08,2026-08-23 16:39:18.391945+08
875,01M0MX49WGZD5X0KGHZJFY744F,416496PKZM0T9NY433H8KP6M,15,30.00,450.00,confirmed,2026-08-23 16:39:18.391945+08,2026-08-23 16:39:18.391945+08
876,01M0MX49WG241N62GVA77W7W1Z,4138050CXS9PQSNF661Q1A1F,7,140.00,980.00,processing,2026-08-23 16:39:18.391945+08,2026-08-23 16:39:18.391945+08
877,01M0MX49WG241N62GVA77W7W1Z,416496PKZM0T9NY433H8KP6M,10,30.00,300.00,processing,2026-08-23 16:39:18.391945+08,2026-08-23 16:39:18.391945+08
878,01M0MX49WG241N62GVA77W7W1Z,416496PKZM0T9NY433H8KP6M,9,30.00,270.00,processing,2026-08-23 16:39:18.391945+08,2026-08-23 16:39:18.391945+08
879,01M0MX49WG48F8R5647AT2Y23R,416951J7FD3NBDV1MM1QS36H,20,415.00,8300.00,pending,2026-08-23 16:39:18.391945+08,2026-08-23 16:39:18.391945+08
880,01M0MX49WG48F8R5647AT2Y23R,407702R5D86R3CBB81E3X29M,7,350.00,2450.00,pending,2026-08-23 16:39:18.391945+08,2026-08-23 16:39:18.391945+08
881,01M0MX49WG48F8R5647AT2Y23R,409892D87XEVH1ZTZXV5F6C1,5,155.00,775.00,pending,2026-08-23 16:39:18.391945+08,2026-08-23 16:39:18.391945+08
882,01M0MX49WGQYS5RPCYDRKT0TX8,4162975Y25KN73W7KKDJGX6P,17,245.00,4165.00,delivered,2026-08-23 16:39:18.391945+08,2026-08-23 16:39:18.391945+08
883,01M0MX49WGQYS5RPCYDRKT0TX8,407702R5D86R3CBB81E3X29M,10,350.00,3500.00,delivered,2026-08-23 16:39:18.391945+08,2026-08-23 16:39:18.391945+08
884,01M0MX49WGTYETHXEV5NGYG704,409420087QNW2D06G06MH7JS,13,350.00,4550.00,delivered,2026-08-23 16:39:18.391945+08,2026-08-23 16:39:18.391945+08
888,01M0MX49WGJA1646PK3JW64P68,41511344QHQDJBZ4FRV45NKC,7,350.00,2450.00,pending,2026-08-23 16:39:18.391945+08,2026-08-23 16:39:18.391945+08
889,01M0MX49WG6CKSR7RME8BTEX6G,413005KN3WGNAPH6NCQ5JCT9,3,350.00,1050.00,processing,2026-08-23 16:39:18.391945+08,2026-08-23 16:39:18.391945+08
890,01M0MX49WG6CKSR7RME8BTEX6G,412596TV7NC82RBGNTA0W8JZ,19,35.00,665.00,processing,2026-08-23 16:39:18.391945+08,2026-08-23 16:39:18.391945+08
891,01M0MX49WG6CKSR7RME8BTEX6G,414773WE720HJ0P121AG8FHQ,3,350.00,1050.00,processing,2026-08-23 16:39:18.391945+08,2026-08-23 16:39:18.391945+08
892,01M0MX49WGAHXDZ0TS3H7Z0060,413005KN3WGNAPH6NCQ5JCT9,15,350.00,5250.00,cancelled,2026-08-23 16:39:18.391945+08,2026-08-23 16:39:18.391945+08
893,01M0MX49WGJH0TR9Y4GRN4A6HZ,4116065CZMHNTR71A86YWAMC,2,350.00,700.00,pending,2026-08-23 16:39:18.391945+08,2026-08-23 16:39:18.391945+08
894,01M0MX49WGJH0TR9Y4GRN4A6HZ,416496PKZM0T9NY433H8KP6M,2,30.00,60.00,pending,2026-08-23 16:39:18.391945+08,2026-08-23 16:39:18.391945+08
895,01M0MX49WGYQMJWNREN7F2C8PB,4162975Y25KN73W7KKDJGX6P,16,245.00,3920.00,delivered,2026-08-23 16:39:18.391945+08,2026-08-23 16:39:18.391945+08
896,01M0MX49WGYQMJWNREN7F2C8PB,409420087QNW2D06G06MH7JS,13,350.00,4550.00,delivered,2026-08-23 16:39:18.391945+08,2026-08-23 16:39:18.391945+08
897,01M0MX49WGPW1ZCJ8X7CN2WD8V,417359ZGZV0QNH8M3DEYW8G5,9,350.00,3150.00,confirmed,2026-08-23 16:39:18.391945+08,2026-08-23 16:39:18.391945+08
898,01M0MX49WGYS1PM8DK3GYE0JT6,407702R5D86R3CBB81E3X29M,20,350.00,7000.00,processing,2026-08-23 16:39:18.391945+08,2026-08-23 16:39:18.391945+08
902,01M0MX49WG4TKERWJRAMX7R0S3,41150684MEXX0KJ3HG4B279E,7,30.00,210.00,confirmed,2026-08-23 16:39:18.391945+08,2026-08-23 16:39:18.391945+08
903,01M0MX49WG3SSN0YPYE2S7W5EQ,409420087QNW2D06G06MH7JS,13,350.00,4550.00,confirmed,2026-08-23 16:39:18.391945+08,2026-08-23 16:39:18.391945+08
904,01M0MX49WG3SSN0YPYE2S7W5EQ,41085841ZKREWJPCC4PWVWR7,12,15.00,180.00,confirmed,2026-08-23 16:39:18.391945+08,2026-08-23 16:39:18.391945+08
905,01M0MX49WG3SSN0YPYE2S7W5EQ,411921G8X1MT1A4Z5EPH3YP4,18,30.00,540.00,confirmed,2026-08-23 16:39:18.391945+08,2026-08-23 16:39:18.391945+08
906,01M0MX49WGFKZX5NNAEDK8E550,408186TJ449WSVW673RWDK4X,11,30.00,330.00,confirmed,2026-08-23 16:39:18.391945+08,2026-08-23 16:39:18.391945+08
907,01M0MX49WGFKZX5NNAEDK8E550,4162975Y25KN73W7KKDJGX6P,9,245.00,2205.00,confirmed,2026-08-23 16:39:18.391945+08,2026-08-23 16:39:18.391945+08
908,01M0MX49WGFKZX5NNAEDK8E550,417359ZGZV0QNH8M3DEYW8G5,1,350.00,350.00,confirmed,2026-08-23 16:39:18.391945+08,2026-08-23 16:39:18.391945+08
916,01M0MX49WGNRA5YTDHJR69TNJJ,41085841ZKREWJPCC4PWVWR7,12,15.00,180.00,confirmed,2026-08-23 16:39:18.391945+08,2026-08-23 16:39:18.391945+08
917,01M0MX49WGNRA5YTDHJR69TNJJ,412596TV7NC82RBGNTA0W8JZ,1,35.00,35.00,confirmed,2026-08-23 16:39:18.391945+08,2026-08-23 16:39:18.391945+08
918,01M0MX49WG6KWK6GVYPGZFC7WB,41511344QHQDJBZ4FRV45NKC,19,350.00,6650.00,cancelled,2026-08-23 16:39:18.391945+08,2026-08-23 16:39:18.391945+08
919,01M0MX49WG6KWK6GVYPGZFC7WB,409339V9MK4RHRG0A0XWT91W,16,485.00,7760.00,cancelled,2026-08-23 16:39:18.391945+08,2026-08-23 16:39:18.391945+08
920,01M0MX49WG6KWK6GVYPGZFC7WB,410258ZSW0QAXSVS8S3VV7TE,10,35.00,350.00,cancelled,2026-08-23 16:39:18.391945+08,2026-08-23 16:39:18.391945+08
922,01M0MX49WGGYMSGAE43BFZQ05D,411921G8X1MT1A4Z5EPH3YP4,1,30.00,30.00,confirmed,2026-08-23 16:39:18.391945+08,2026-08-23 16:39:18.391945+08
923,01M0MX49WGGYMSGAE43BFZQ05D,409892D87XEVH1ZTZXV5F6C1,20,155.00,3100.00,confirmed,2026-08-23 16:39:18.391945+08,2026-08-23 16:39:18.391945+08
924,01M0MX49WGGYMSGAE43BFZQ05D,409339V9MK4RHRG0A0XWT91W,5,485.00,2425.00,confirmed,2026-08-23 16:39:18.391945+08,2026-08-23 16:39:18.391945+08
925,01M0MX49WGPAJD7ATEPFVP3TPK,407702R5D86R3CBB81E3X29M,1,350.00,350.00,delivered,2026-08-23 16:39:18.391945+08,2026-08-23 16:39:18.391945+08
926,01M0MX49WGPAJD7ATEPFVP3TPK,41511344QHQDJBZ4FRV45NKC,19,350.00,6650.00,delivered,2026-08-23 16:39:18.391945+08,2026-08-23 16:39:18.391945+08
927,01M0MX49WGHEFF9M60H315CKGC,4138050CXS9PQSNF661Q1A1F,3,140.00,420.00,delivered,2026-08-23 16:39:18.391945+08,2026-08-23 16:39:18.391945+08
928,01M0MX49WGHEFF9M60H315CKGC,4138050CXS9PQSNF661Q1A1F,13,140.00,1820.00,delivered,2026-08-23 16:39:18.391945+08,2026-08-23 16:39:18.391945+08
929,01M0MX49WGHEFF9M60H315CKGC,412596TV7NC82RBGNTA0W8JZ,4,35.00,140.00,delivered,2026-08-23 16:39:18.391945+08,2026-08-23 16:39:18.391945+08
930,01M0MX49WGM8A13ZHYDFJ7RDH8,417359ZGZV0QNH8M3DEYW8G5,14,350.00,4900.00,confirmed,2026-08-23 16:39:18.391945+08,2026-08-23 16:39:18.391945+08
932,01M0MX49WGWQWHSMR1SQ79FDET,411039DJMEE6FWS52GMATRN7,19,25.00,475.00,delivered,2026-08-23 16:39:18.391945+08,2026-08-23 16:39:18.391945+08
933,01M0MX49WG001HN4ENDZWM2H6J,41085841ZKREWJPCC4PWVWR7,10,15.00,150.00,processing,2026-08-23 16:39:18.391945+08,2026-08-23 16:39:18.391945+08
934,01M0MX49WG001HN4ENDZWM2H6J,41511344QHQDJBZ4FRV45NKC,6,350.00,2100.00,processing,2026-08-23 16:39:18.391945+08,2026-08-23 16:39:18.391945+08
935,01M0MX49WG001HN4ENDZWM2H6J,409420087QNW2D06G06MH7JS,19,350.00,6650.00,processing,2026-08-23 16:39:18.391945+08,2026-08-23 16:39:18.391945+08
936,01M0MX49WG3T5FADEQ97G8N9CN,407702R5D86R3CBB81E3X29M,6,350.00,2100.00,delivered,2026-08-23 16:39:18.391945+08,2026-08-23 16:39:18.391945+08
937,01M0MX49WG3T5FADEQ97G8N9CN,4082223DQAKGCJ8P0XHQQNB2,11,112.00,1232.00,delivered,2026-08-23 16:39:18.391945+08,2026-08-23 16:39:18.391945+08
938,01M0MX49WG3T5FADEQ97G8N9CN,4082223DQAKGCJ8P0XHQQNB2,8,112.00,896.00,delivered,2026-08-23 16:39:18.391945+08,2026-08-23 16:39:18.391945+08
939,01M0MX49WG8PDB8WXPN0FX7D8W,41511344QHQDJBZ4FRV45NKC,11,350.00,3850.00,pending,2026-08-23 16:39:18.391945+08,2026-08-23 16:39:18.391945+08
940,01M0MX49WG8PDB8WXPN0FX7D8W,413521JP1792738MBB68XMK5,8,350.00,2800.00,pending,2026-08-23 16:39:18.391945+08,2026-08-23 16:39:18.391945+08
941,01M0MX49WGB0DFFSZAA04093EY,413005KN3WGNAPH6NCQ5JCT9,3,350.00,1050.00,cancelled,2026-08-23 16:39:18.391945+08,2026-08-23 16:39:18.391945+08
942,01M0MX49WGDDTNTRVY2EVT20NA,409339V9MK4RHRG0A0XWT91W,8,485.00,3880.00,processing,2026-08-23 16:39:18.391945+08,2026-08-23 16:39:18.391945+08
943,01M0MX49WGDDTNTRVY2EVT20NA,41085841ZKREWJPCC4PWVWR7,3,15.00,45.00,processing,2026-08-23 16:39:18.391945+08,2026-08-23 16:39:18.391945+08
944,01M0MX49WG2D74ZXRT6WB4JNHF,409420087QNW2D06G06MH7JS,2,350.00,700.00,confirmed,2026-08-23 16:39:18.391945+08,2026-08-23 16:39:18.391945+08
945,01M0MX49WGWWGNAF1DYMAQTW4J,417359ZGZV0QNH8M3DEYW8G5,14,350.00,4900.00,processing,2026-08-23 16:39:18.391945+08,2026-08-23 16:39:18.391945+08
946,01M0MX49WGWWGNAF1DYMAQTW4J,411921G8X1MT1A4Z5EPH3YP4,13,30.00,390.00,processing,2026-08-23 16:39:18.391945+08,2026-08-23 16:39:18.391945+08
948,01M0MX49WG74Q68TGPS3FVC3ND,407702R5D86R3CBB81E3X29M,10,350.00,3500.00,confirmed,2026-08-23 16:39:18.391945+08,2026-08-23 16:39:18.391945+08
949,01M0MX49WGCTCB32YZXTD3K2FQ,413521JP1792738MBB68XMK5,11,350.00,3850.00,confirmed,2026-08-23 16:39:18.391945+08,2026-08-23 16:39:18.391945+08
950,01M0MX49WGPAQ8GVD63S99YPF2,413521JP1792738MBB68XMK5,18,350.00,6300.00,delivered,2026-08-23 16:39:18.391945+08,2026-08-23 16:39:18.391945+08
951,01M0MX49WG3KNJE83CY0BRMS09,411921G8X1MT1A4Z5EPH3YP4,1,30.00,30.00,confirmed,2026-08-23 16:39:18.391945+08,2026-08-23 16:39:18.391945+08
952,01M0MX49WG3KNJE83CY0BRMS09,41150684MEXX0KJ3HG4B279E,6,30.00,180.00,confirmed,2026-08-23 16:39:18.391945+08,2026-08-23 16:39:18.391945+08
953,01M0MX49WG3KNJE83CY0BRMS09,4082223DQAKGCJ8P0XHQQNB2,14,112.00,1568.00,confirmed,2026-08-23 16:39:18.391945+08,2026-08-23 16:39:18.391945+08
954,01M0MX49WGNAS5HP2TBQY6558F,409339V9MK4RHRG0A0XWT91W,7,485.00,3395.00,pending,2026-08-23 16:39:18.391945+08,2026-08-23 16:39:18.391945+08
955,01M0MX49WGNAS5HP2TBQY6558F,41150684MEXX0KJ3HG4B279E,18,30.00,540.00,pending,2026-08-23 16:39:18.391945+08,2026-08-23 16:39:18.391945+08
956,01M0MX49WGD4NJ4JWGXGJB0K76,416951J7FD3NBDV1MM1QS36H,8,415.00,3320.00,confirmed,2026-08-23 16:39:18.391945+08,2026-08-23 16:39:18.391945+08
957,01M0MX49WGD4NJ4JWGXGJB0K76,4116065CZMHNTR71A86YWAMC,2,350.00,700.00,confirmed,2026-08-23 16:39:18.391945+08,2026-08-23 16:39:18.391945+08
960,01M0MX49WG50THBSE9NGSVQFNR,413005KN3WGNAPH6NCQ5JCT9,20,350.00,7000.00,pending,2026-08-23 16:39:18.391945+08,2026-08-23 16:39:18.391945+08
961,01M0MX49WG50THBSE9NGSVQFNR,411921G8X1MT1A4Z5EPH3YP4,7,30.00,210.00,pending,2026-08-23 16:39:18.391945+08,2026-08-23 16:39:18.391945+08
962,01M0MX49WG50THBSE9NGSVQFNR,4116065CZMHNTR71A86YWAMC,1,350.00,350.00,pending,2026-08-23 16:39:18.391945+08,2026-08-23 16:39:18.391945+08
963,01M0MX49WGRFS1XBG8QVSFNEFE,413521JP1792738MBB68XMK5,16,350.00,5600.00,confirmed,2026-08-23 16:39:18.391945+08,2026-08-23 16:39:18.391945+08
964,01M0MX49WGRFS1XBG8QVSFNEFE,4116065CZMHNTR71A86YWAMC,10,350.00,3500.00,confirmed,2026-08-23 16:39:18.391945+08,2026-08-23 16:39:18.391945+08
968,01M0MX49WGKWWH47GSWRVWWT7N,417359ZGZV0QNH8M3DEYW8G5,15,350.00,5250.00,delivered,2026-08-23 16:39:18.391945+08,2026-08-23 16:39:18.391945+08
969,01M0MX49WGKWWH47GSWRVWWT7N,407702R5D86R3CBB81E3X29M,9,350.00,3150.00,delivered,2026-08-23 16:39:18.391945+08,2026-08-23 16:39:18.391945+08
971,01M0MX49WGYZV1AJNK0D3BMH9Q,411039DJMEE6FWS52GMATRN7,4,25.00,100.00,confirmed,2026-08-23 16:39:18.391945+08,2026-08-23 16:39:18.391945+08
972,01M0MX49WGYZV1AJNK0D3BMH9Q,413521JP1792738MBB68XMK5,12,350.00,4200.00,confirmed,2026-08-23 16:39:18.391945+08,2026-08-23 16:39:18.391945+08
973,01M0MX49WGYZV1AJNK0D3BMH9Q,410258ZSW0QAXSVS8S3VV7TE,14,35.00,490.00,confirmed,2026-08-23 16:39:18.391945+08,2026-08-23 16:39:18.391945+08
974,01M0MX49WGAM95XCYZ1V4S24W1,4162975Y25KN73W7KKDJGX6P,17,245.00,4165.00,confirmed,2026-08-23 16:39:18.391945+08,2026-08-23 16:39:18.391945+08
975,01M0MX49WGA8ZYS857F4DVA08N,411921G8X1MT1A4Z5EPH3YP4,19,30.00,570.00,cancelled,2026-08-23 16:39:18.391945+08,2026-08-23 16:39:18.391945+08
976,01M0MX49WGA8ZYS857F4DVA08N,4088862F2RR4FH8VD6HQ69ZM,16,350.00,5600.00,cancelled,2026-08-23 16:39:18.391945+08,2026-08-23 16:39:18.391945+08
977,01M0MX49WGA8ZYS857F4DVA08N,416951J7FD3NBDV1MM1QS36H,3,415.00,1245.00,cancelled,2026-08-23 16:39:18.391945+08,2026-08-23 16:39:18.391945+08
978,01M0MX49WG3PF6MCT1H7SVV391,407702R5D86R3CBB81E3X29M,17,350.00,5950.00,delivered,2026-08-23 16:39:18.391945+08,2026-08-23 16:39:18.391945+08
979,01M0MX49WG3PF6MCT1H7SVV391,412596TV7NC82RBGNTA0W8JZ,17,35.00,595.00,delivered,2026-08-23 16:39:18.391945+08,2026-08-23 16:39:18.391945+08
980,01M0MX49WG3PF6MCT1H7SVV391,412596TV7NC82RBGNTA0W8JZ,20,35.00,700.00,delivered,2026-08-23 16:39:18.391945+08,2026-08-23 16:39:18.391945+08
981,01M0MX49WHA2FQYG6SX1WMQRRW,417359ZGZV0QNH8M3DEYW8G5,6,350.00,2100.00,pending,2026-08-23 16:39:18.391945+08,2026-08-23 16:39:18.391945+08
982,01M0MX49WHA2FQYG6SX1WMQRRW,409339V9MK4RHRG0A0XWT91W,7,485.00,3395.00,pending,2026-08-23 16:39:18.391945+08,2026-08-23 16:39:18.391945+08
983,01M0MX49WHN1EJNFR7DZ50QHEY,411039DJMEE6FWS52GMATRN7,14,25.00,350.00,pending,2026-08-23 16:39:18.391945+08,2026-08-23 16:39:18.391945+08
984,01M0MX49WHDVRXVNJE1A1SQTPF,41511344QHQDJBZ4FRV45NKC,20,350.00,7000.00,cancelled,2026-08-23 16:39:18.391945+08,2026-08-23 16:39:18.391945+08
985,01M0MX49WHDVRXVNJE1A1SQTPF,414773WE720HJ0P121AG8FHQ,11,350.00,3850.00,cancelled,2026-08-23 16:39:18.391945+08,2026-08-23 16:39:18.391945+08
986,01M0MX49WHDVRXVNJE1A1SQTPF,413521JP1792738MBB68XMK5,3,350.00,1050.00,cancelled,2026-08-23 16:39:18.391945+08,2026-08-23 16:39:18.391945+08
993,01M0MX49WHQSD0NE26C09A2AMG,4138050CXS9PQSNF661Q1A1F,14,140.00,1960.00,delivered,2026-08-23 16:39:18.391945+08,2026-08-23 16:39:18.391945+08
994,01M0MX49WHQSD0NE26C09A2AMG,414773WE720HJ0P121AG8FHQ,13,350.00,4550.00,delivered,2026-08-23 16:39:18.391945+08,2026-08-23 16:39:18.391945+08
995,01M0MX49WHQSD0NE26C09A2AMG,413005KN3WGNAPH6NCQ5JCT9,16,350.00,5600.00,delivered,2026-08-23 16:39:18.391945+08,2026-08-23 16:39:18.391945+08
997,01M0MX49WHGD0BJ8VCVH7Y26T1,411039DJMEE6FWS52GMATRN7,13,25.00,325.00,pending,2026-08-23 16:39:18.391945+08,2026-08-23 16:39:18.391945+08
998,01M0MX49WHGD0BJ8VCVH7Y26T1,407702R5D86R3CBB81E3X29M,13,350.00,4550.00,pending,2026-08-23 16:39:18.391945+08,2026-08-23 16:39:18.391945+08
999,01M0MX49WHGD0BJ8VCVH7Y26T1,409892D87XEVH1ZTZXV5F6C1,8,155.00,1240.00,pending,2026-08-23 16:39:18.391945+08,2026-08-23 16:39:18.391945+08
1000,01M0MX49WHDPXZ7CPX66J65CQ1,4138050CXS9PQSNF661Q1A1F,1,140.00,140.00,delivered,2026-08-23 16:39:18.391945+08,2026-08-23 16:39:18.391945+08
1001,01M0MX49WHDPXZ7CPX66J65CQ1,409892D87XEVH1ZTZXV5F6C1,10,155.00,1550.00,delivered,2026-08-23 16:39:18.391945+08,2026-08-23 16:39:18.391945+08
1002,01M0MX49WHHY5SCET923GGW8VV,41085841ZKREWJPCC4PWVWR7,4,15.00,60.00,confirmed,2026-08-23 16:39:18.391945+08,2026-08-23 16:39:18.391945+08
1003,01M0MX49WHHY5SCET923GGW8VV,4088862F2RR4FH8VD6HQ69ZM,5,350.00,1750.00,confirmed,2026-08-23 16:39:18.391945+08,2026-08-23 16:39:18.391945+08
1004,01M0MX49WHQ26TKWC6PRTRZK24,409892D87XEVH1ZTZXV5F6C1,9,155.00,1395.00,cancelled,2026-08-23 16:39:18.391945+08,2026-08-23 16:39:18.391945+08
1005,01M0MX49WHQ26TKWC6PRTRZK24,41150684MEXX0KJ3HG4B279E,20,30.00,600.00,cancelled,2026-08-23 16:39:18.391945+08,2026-08-23 16:39:18.391945+08
1006,01M0MX49WHANMKF9KTJMBMAX1G,41150684MEXX0KJ3HG4B279E,16,30.00,480.00,confirmed,2026-08-23 16:39:18.391945+08,2026-08-23 16:39:18.391945+08
1007,01M0MX49WHC69Y84TSKP4JZB2X,408186TJ449WSVW673RWDK4X,6,30.00,180.00,delivered,2026-08-23 16:39:18.391945+08,2026-08-23 16:39:18.391945+08
1008,01M0MX49WHH3FMYT443S33TM0K,4162975Y25KN73W7KKDJGX6P,5,245.00,1225.00,confirmed,2026-08-23 16:39:18.391945+08,2026-08-23 16:39:18.391945+08
1009,01M0MX49WHH3FMYT443S33TM0K,408186TJ449WSVW673RWDK4X,19,30.00,570.00,confirmed,2026-08-23 16:39:18.391945+08,2026-08-23 16:39:18.391945+08
1010,01M0MX49WHH3FMYT443S33TM0K,409420087QNW2D06G06MH7JS,6,350.00,2100.00,confirmed,2026-08-23 16:39:18.391945+08,2026-08-23 16:39:18.391945+08
1011,01M0MX49WH6QC1BQTF9JEXRQCP,407702R5D86R3CBB81E3X29M,8,350.00,2800.00,delivered,2026-08-23 16:39:18.391945+08,2026-08-23 16:39:18.391945+08
1017,01M0MX49WH0TN5GF9QDAY54F58,412596TV7NC82RBGNTA0W8JZ,18,35.00,630.00,confirmed,2026-08-23 16:39:18.391945+08,2026-08-23 16:39:18.391945+08
1018,01M0MX49WH0TN5GF9QDAY54F58,4138050CXS9PQSNF661Q1A1F,12,140.00,1680.00,confirmed,2026-08-23 16:39:18.391945+08,2026-08-23 16:39:18.391945+08
1019,01M0MX49WHZC86KFY6W0RJD8GH,41085841ZKREWJPCC4PWVWR7,3,15.00,45.00,delivered,2026-08-23 16:39:18.391945+08,2026-08-23 16:39:18.391945+08
1020,01M0MX49WHZC86KFY6W0RJD8GH,416951J7FD3NBDV1MM1QS36H,1,415.00,415.00,delivered,2026-08-23 16:39:18.391945+08,2026-08-23 16:39:18.391945+08
1021,01M0MX49WHPWVX254CN8YZ4V4R,409339V9MK4RHRG0A0XWT91W,8,485.00,3880.00,pending,2026-08-23 16:39:18.391945+08,2026-08-23 16:39:18.391945+08
1022,01M0MX49WHPWVX254CN8YZ4V4R,413005KN3WGNAPH6NCQ5JCT9,8,350.00,2800.00,pending,2026-08-23 16:39:18.391945+08,2026-08-23 16:39:18.391945+08
1023,01M0MX49WHPWVX254CN8YZ4V4R,411039DJMEE6FWS52GMATRN7,7,25.00,175.00,pending,2026-08-23 16:39:18.391945+08,2026-08-23 16:39:18.391945+08
1024,01M0MX49WH5HVDDS17GH080SQN,409420087QNW2D06G06MH7JS,1,350.00,350.00,delivered,2026-08-23 16:39:18.391945+08,2026-08-23 16:39:18.391945+08
1025,01M0MX49WH5HVDDS17GH080SQN,411921G8X1MT1A4Z5EPH3YP4,5,30.00,150.00,delivered,2026-08-23 16:39:18.391945+08,2026-08-23 16:39:18.391945+08
1026,01M0MX49WH5HVDDS17GH080SQN,413005KN3WGNAPH6NCQ5JCT9,6,350.00,2100.00,delivered,2026-08-23 16:39:18.391945+08,2026-08-23 16:39:18.391945+08
1027,01M0MX49WHHF3GCYAPVRFHMSQ2,414773WE720HJ0P121AG8FHQ,20,350.00,7000.00,delivered,2026-08-23 16:39:18.391945+08,2026-08-23 16:39:18.391945+08
1028,01M0MX49WH7D5P4A1MTZG5XE64,413005KN3WGNAPH6NCQ5JCT9,9,350.00,3150.00,delivered,2026-08-23 16:39:18.391945+08,2026-08-23 16:39:18.391945+08
1029,01M0MX49WH7D5P4A1MTZG5XE64,41150684MEXX0KJ3HG4B279E,13,30.00,390.00,delivered,2026-08-23 16:39:18.391945+08,2026-08-23 16:39:18.391945+08
1030,01M0MX49WH7D5P4A1MTZG5XE64,4138050CXS9PQSNF661Q1A1F,15,140.00,2100.00,delivered,2026-08-23 16:39:18.391945+08,2026-08-23 16:39:18.391945+08
1031,01M0MX49WH1VD50GK03013WYY3,411039DJMEE6FWS52GMATRN7,17,25.00,425.00,confirmed,2026-08-23 16:39:18.391945+08,2026-08-23 16:39:18.391945+08
1032,01M0MX49WH1VD50GK03013WYY3,4082223DQAKGCJ8P0XHQQNB2,13,112.00,1456.00,confirmed,2026-08-23 16:39:18.391945+08,2026-08-23 16:39:18.391945+08
1033,01M0MX49WH1NMZ39B8H90RZVNP,411039DJMEE6FWS52GMATRN7,12,25.00,300.00,pending,2026-08-23 16:39:18.391945+08,2026-08-23 16:39:18.391945+08
1034,01M0MX49WH1NMZ39B8H90RZVNP,410258ZSW0QAXSVS8S3VV7TE,20,35.00,700.00,pending,2026-08-23 16:39:18.391945+08,2026-08-23 16:39:18.391945+08
1035,01M0MX49WH1NMZ39B8H90RZVNP,4082223DQAKGCJ8P0XHQQNB2,10,112.00,1120.00,pending,2026-08-23 16:39:18.391945+08,2026-08-23 16:39:18.391945+08
1036,01M0MX49WHQPEYQK6STMZXXAH8,413521JP1792738MBB68XMK5,11,350.00,3850.00,delivered,2026-08-23 16:39:18.391945+08,2026-08-23 16:39:18.391945+08
1037,01M0MX49WHQPEYQK6STMZXXAH8,414773WE720HJ0P121AG8FHQ,11,350.00,3850.00,delivered,2026-08-23 16:39:18.391945+08,2026-08-23 16:39:18.391945+08
1038,01M0MX49WHH18ZRKX0X81HHVM9,413005KN3WGNAPH6NCQ5JCT9,10,350.00,3500.00,confirmed,2026-08-23 16:39:18.391945+08,2026-08-23 16:39:18.391945+08
1039,01M0MX49WHH18ZRKX0X81HHVM9,409339V9MK4RHRG0A0XWT91W,5,485.00,2425.00,confirmed,2026-08-23 16:39:18.391945+08,2026-08-23 16:39:18.391945+08
1040,01M0MX49WHH18ZRKX0X81HHVM9,408186TJ449WSVW673RWDK4X,8,30.00,240.00,confirmed,2026-08-23 16:39:18.391945+08,2026-08-23 16:39:18.391945+08
1041,01M0MX49WH7SWFK2VHNVR0FQ4G,4162975Y25KN73W7KKDJGX6P,11,245.00,2695.00,delivered,2026-08-23 16:39:18.391945+08,2026-08-23 16:39:18.391945+08
1042,01M0MX49WH7SWFK2VHNVR0FQ4G,411039DJMEE6FWS52GMATRN7,5,25.00,125.00,delivered,2026-08-23 16:39:18.391945+08,2026-08-23 16:39:18.391945+08
1043,01M0MX49WH7SWFK2VHNVR0FQ4G,409420087QNW2D06G06MH7JS,16,350.00,5600.00,delivered,2026-08-23 16:39:18.391945+08,2026-08-23 16:39:18.391945+08
1044,01M0MX49WHV0V65BD0884RT16W,4162975Y25KN73W7KKDJGX6P,13,245.00,3185.00,confirmed,2026-08-23 16:39:18.391945+08,2026-08-23 16:39:18.391945+08
1045,01M0MX49WHV0V65BD0884RT16W,407702R5D86R3CBB81E3X29M,19,350.00,6650.00,confirmed,2026-08-23 16:39:18.391945+08,2026-08-23 16:39:18.391945+08
1046,01M0MX49WHN6PNHPMYB8AXHHK5,41085841ZKREWJPCC4PWVWR7,8,15.00,120.00,delivered,2026-08-23 16:39:18.391945+08,2026-08-23 16:39:18.391945+08
1047,01M0MX49WHN6PNHPMYB8AXHHK5,411039DJMEE6FWS52GMATRN7,18,25.00,450.00,delivered,2026-08-23 16:39:18.391945+08,2026-08-23 16:39:18.391945+08
1048,01M0MX49WHQTRGJH99XV4WBN5V,4138050CXS9PQSNF661Q1A1F,17,140.00,2380.00,delivered,2026-08-23 16:39:18.391945+08,2026-08-23 16:39:18.391945+08
1049,01M0MX49WHQTRGJH99XV4WBN5V,416951J7FD3NBDV1MM1QS36H,6,415.00,2490.00,delivered,2026-08-23 16:39:18.391945+08,2026-08-23 16:39:18.391945+08
1050,01M0MX49WHQTRGJH99XV4WBN5V,411039DJMEE6FWS52GMATRN7,18,25.00,450.00,delivered,2026-08-23 16:39:18.391945+08,2026-08-23 16:39:18.391945+08
1051,01M0MX49WHSA6X4F4J9FJR1F49,41511344QHQDJBZ4FRV45NKC,9,350.00,3150.00,confirmed,2026-08-23 16:39:18.391945+08,2026-08-23 16:39:18.391945+08
1052,01M0MX49WHSA6X4F4J9FJR1F49,410258ZSW0QAXSVS8S3VV7TE,6,35.00,210.00,confirmed,2026-08-23 16:39:18.391945+08,2026-08-23 16:39:18.391945+08
1053,01M0MX49WHYQM644GFNT8K28M9,4138050CXS9PQSNF661Q1A1F,8,140.00,1120.00,delivered,2026-08-23 16:39:18.391945+08,2026-08-23 16:39:18.391945+08
1054,01M0MX49WH9B94EZGT03VPNYMD,4138050CXS9PQSNF661Q1A1F,9,140.00,1260.00,processing,2026-08-23 16:39:18.391945+08,2026-08-23 16:39:18.391945+08
1055,01M0MX49WH9B94EZGT03VPNYMD,412596TV7NC82RBGNTA0W8JZ,10,35.00,350.00,processing,2026-08-23 16:39:18.391945+08,2026-08-23 16:39:18.391945+08
1056,01M0MX49WHRG0KMKA1T7TCTABM,407702R5D86R3CBB81E3X29M,19,350.00,6650.00,delivered,2026-08-23 16:39:18.391945+08,2026-08-23 16:39:18.391945+08
1057,01M0MX49WHRG0KMKA1T7TCTABM,412596TV7NC82RBGNTA0W8JZ,20,35.00,700.00,delivered,2026-08-23 16:39:18.391945+08,2026-08-23 16:39:18.391945+08
1061,01M0MX49WHNEEDJH64F4CK56B3,416496PKZM0T9NY433H8KP6M,5,30.00,150.00,processing,2026-08-23 16:39:18.391945+08,2026-08-23 16:39:18.391945+08
1062,01M0MX49WHNEEDJH64F4CK56B3,409892D87XEVH1ZTZXV5F6C1,6,155.00,930.00,processing,2026-08-23 16:39:18.391945+08,2026-08-23 16:39:18.391945+08
1063,01M0MX49WHNEEDJH64F4CK56B3,413521JP1792738MBB68XMK5,16,350.00,5600.00,processing,2026-08-23 16:39:18.391945+08,2026-08-23 16:39:18.391945+08
1073,01M0MX49WHYM4JQ8RQNYRC938M,408186TJ449WSVW673RWDK4X,19,30.00,570.00,pending,2026-08-23 16:39:18.391945+08,2026-08-23 16:39:18.391945+08
1074,01M0MX49WHYM4JQ8RQNYRC938M,416951J7FD3NBDV1MM1QS36H,6,415.00,2490.00,pending,2026-08-23 16:39:18.391945+08,2026-08-23 16:39:18.391945+08
1075,01M0MX49WH0GTKN928DGJ1TXX1,416951J7FD3NBDV1MM1QS36H,15,415.00,6225.00,delivered,2026-08-23 16:39:18.391945+08,2026-08-23 16:39:18.391945+08
1076,01M0MX49WH0GTKN928DGJ1TXX1,408186TJ449WSVW673RWDK4X,20,30.00,600.00,delivered,2026-08-23 16:39:18.391945+08,2026-08-23 16:39:18.391945+08
1077,01M0MX49WHMX95J1ZZQ9CSRBK3,41511344QHQDJBZ4FRV45NKC,11,350.00,3850.00,confirmed,2026-08-23 16:39:18.391945+08,2026-08-23 16:39:18.391945+08
1078,01M0MX49WHMX95J1ZZQ9CSRBK3,411921G8X1MT1A4Z5EPH3YP4,12,30.00,360.00,confirmed,2026-08-23 16:39:18.391945+08,2026-08-23 16:39:18.391945+08
1079,01M0MX49WHMX95J1ZZQ9CSRBK3,409339V9MK4RHRG0A0XWT91W,6,485.00,2910.00,confirmed,2026-08-23 16:39:18.391945+08,2026-08-23 16:39:18.391945+08
1080,01M0MX49WHY3CT3TGCDTN72QBC,41511344QHQDJBZ4FRV45NKC,7,350.00,2450.00,pending,2026-08-23 16:39:18.391945+08,2026-08-23 16:39:18.391945+08
1082,01M0MX49WHSWHSBQBFR0NHSVHH,414773WE720HJ0P121AG8FHQ,18,350.00,6300.00,processing,2026-08-23 16:39:18.391945+08,2026-08-23 16:39:18.391945+08
1083,01M0MX49WHSWHSBQBFR0NHSVHH,4082223DQAKGCJ8P0XHQQNB2,2,112.00,224.00,processing,2026-08-23 16:39:18.391945+08,2026-08-23 16:39:18.391945+08
1084,01M0MX49WHSWHSBQBFR0NHSVHH,4082223DQAKGCJ8P0XHQQNB2,2,112.00,224.00,processing,2026-08-23 16:39:18.391945+08,2026-08-23 16:39:18.391945+08
1085,01M0MX49WHYZ8MZCM9X2M6KHDS,407702R5D86R3CBB81E3X29M,4,350.00,1400.00,delivered,2026-08-23 16:39:18.391945+08,2026-08-23 16:39:18.391945+08
1086,01M0MX49WHZT4TTYM3CM57SWD3,410258ZSW0QAXSVS8S3VV7TE,9,35.00,315.00,processing,2026-08-23 16:39:18.391945+08,2026-08-23 16:39:18.391945+08
1087,01M0MX49WHSH4CA7F1XR24BBNY,41085841ZKREWJPCC4PWVWR7,1,15.00,15.00,delivered,2026-08-23 16:39:18.391945+08,2026-08-23 16:39:18.391945+08
1088,01M0MX49WHTQ0Y0KV73ENBXYKA,411039DJMEE6FWS52GMATRN7,17,25.00,425.00,processing,2026-08-23 16:39:18.391945+08,2026-08-23 16:39:18.391945+08
1092,01M0MX49WHFWW6GQM01T1J3Z1M,411921G8X1MT1A4Z5EPH3YP4,7,30.00,210.00,pending,2026-08-23 16:39:18.391945+08,2026-08-23 16:39:18.391945+08
1093,01M0MX49WHETXVCEK6H3VJY365,408186TJ449WSVW673RWDK4X,7,30.00,210.00,confirmed,2026-08-23 16:39:18.391945+08,2026-08-23 16:39:18.391945+08
1094,01M0MX49WHETXVCEK6H3VJY365,4138050CXS9PQSNF661Q1A1F,14,140.00,1960.00,confirmed,2026-08-23 16:39:18.391945+08,2026-08-23 16:39:18.391945+08
1095,01M0MX49WHM03V9VWED25MMB40,411921G8X1MT1A4Z5EPH3YP4,7,30.00,210.00,confirmed,2026-08-23 16:39:18.391945+08,2026-08-23 16:39:18.391945+08
1096,01M0MX49WHM03V9VWED25MMB40,41085841ZKREWJPCC4PWVWR7,16,15.00,240.00,confirmed,2026-08-23 16:39:18.391945+08,2026-08-23 16:39:18.391945+08
1097,01M0MX49WHM03V9VWED25MMB40,409892D87XEVH1ZTZXV5F6C1,8,155.00,1240.00,confirmed,2026-08-23 16:39:18.391945+08,2026-08-23 16:39:18.391945+08
1098,01M0MX49WH1WA8EJ8CYTZ2EJGS,4116065CZMHNTR71A86YWAMC,19,350.00,6650.00,pending,2026-08-23 16:39:18.391945+08,2026-08-23 16:39:18.391945+08
1099,01M0MX49WHD5XCKAXWSAKE2X1C,408186TJ449WSVW673RWDK4X,3,30.00,90.00,pending,2026-08-23 16:39:18.391945+08,2026-08-23 16:39:18.391945+08
1100,01M0MX49WHG0S6C0T85KHEBQHW,4088862F2RR4FH8VD6HQ69ZM,15,350.00,5250.00,delivered,2026-08-23 16:39:18.391945+08,2026-08-23 16:39:18.391945+08
1101,01M0MX49WHG0S6C0T85KHEBQHW,416951J7FD3NBDV1MM1QS36H,9,415.00,3735.00,delivered,2026-08-23 16:39:18.391945+08,2026-08-23 16:39:18.391945+08
1102,01M0MX49WHG0S6C0T85KHEBQHW,416496PKZM0T9NY433H8KP6M,2,30.00,60.00,delivered,2026-08-23 16:39:18.391945+08,2026-08-23 16:39:18.391945+08
1103,01M0MX49WH0VHVAN8QXMQ6HBHG,416951J7FD3NBDV1MM1QS36H,12,415.00,4980.00,delivered,2026-08-23 16:39:18.391945+08,2026-08-23 16:39:18.391945+08
1104,01M0MX49WH2WWH1E0AC06QMK53,4116065CZMHNTR71A86YWAMC,2,350.00,700.00,processing,2026-08-23 16:39:18.391945+08,2026-08-23 16:39:18.391945+08
1105,01M0MX49WHQPT6NCD77P6NE0YA,413005KN3WGNAPH6NCQ5JCT9,6,350.00,2100.00,delivered,2026-08-23 16:39:18.391945+08,2026-08-23 16:39:18.391945+08
1106,01M0MX49WHQPT6NCD77P6NE0YA,409892D87XEVH1ZTZXV5F6C1,12,155.00,1860.00,delivered,2026-08-23 16:39:18.391945+08,2026-08-23 16:39:18.391945+08
1107,01M0MX49WHQPT6NCD77P6NE0YA,416496PKZM0T9NY433H8KP6M,20,30.00,600.00,delivered,2026-08-23 16:39:18.391945+08,2026-08-23 16:39:18.391945+08
1108,01M0MX49WH77ANNY9D76M5H982,4138050CXS9PQSNF661Q1A1F,11,140.00,1540.00,delivered,2026-08-23 16:39:18.391945+08,2026-08-23 16:39:18.391945+08
1109,01M0MX49WHG6SJTJF4P54SJY3Y,416496PKZM0T9NY433H8KP6M,9,30.00,270.00,pending,2026-08-23 16:39:18.391945+08,2026-08-23 16:39:18.391945+08
1110,01M0MX49WHG6SJTJF4P54SJY3Y,4162975Y25KN73W7KKDJGX6P,16,245.00,3920.00,pending,2026-08-23 16:39:18.391945+08,2026-08-23 16:39:18.391945+08
1112,01M0MX49WH2NJW68P0HXGJP0DN,4116065CZMHNTR71A86YWAMC,14,350.00,4900.00,cancelled,2026-08-23 16:39:18.391945+08,2026-08-23 16:39:18.391945+08
1116,01M0MX49WHRXPW4XJSDEAAQ9MV,41511344QHQDJBZ4FRV45NKC,16,350.00,5600.00,pending,2026-08-23 16:39:18.391945+08,2026-08-23 16:39:18.391945+08
1117,01M0MX49WHRXPW4XJSDEAAQ9MV,411921G8X1MT1A4Z5EPH3YP4,4,30.00,120.00,pending,2026-08-23 16:39:18.391945+08,2026-08-23 16:39:18.391945+08
1118,01M0MX49WHRXPW4XJSDEAAQ9MV,41150684MEXX0KJ3HG4B279E,15,30.00,450.00,pending,2026-08-23 16:39:18.391945+08,2026-08-23 16:39:18.391945+08
1119,01M0MX49WHCQ7HGQ2CRZCF9MQ8,409892D87XEVH1ZTZXV5F6C1,1,155.00,155.00,pending,2026-08-23 16:39:18.391945+08,2026-08-23 16:39:18.391945+08
1120,01M0MX49WHCQ7HGQ2CRZCF9MQ8,41085841ZKREWJPCC4PWVWR7,17,15.00,255.00,pending,2026-08-23 16:39:18.391945+08,2026-08-23 16:39:18.391945+08
1121,01M0MX49WHCQ7HGQ2CRZCF9MQ8,412596TV7NC82RBGNTA0W8JZ,19,35.00,665.00,pending,2026-08-23 16:39:18.391945+08,2026-08-23 16:39:18.391945+08
1122,01M0MX49WH7R3CZC9BFA19DVQV,409892D87XEVH1ZTZXV5F6C1,17,155.00,2635.00,cancelled,2026-08-23 16:39:18.391945+08,2026-08-23 16:39:18.391945+08
1123,01M0MX49WH7R3CZC9BFA19DVQV,408186TJ449WSVW673RWDK4X,20,30.00,600.00,cancelled,2026-08-23 16:39:18.391945+08,2026-08-23 16:39:18.391945+08
1124,01M0MX49WH7R3CZC9BFA19DVQV,4116065CZMHNTR71A86YWAMC,14,350.00,4900.00,cancelled,2026-08-23 16:39:18.391945+08,2026-08-23 16:39:18.391945+08
1129,01M0MX49WH07013P4N906X80PQ,411921G8X1MT1A4Z5EPH3YP4,11,30.00,330.00,delivered,2026-08-23 16:39:18.391945+08,2026-08-23 16:39:18.391945+08
1130,01M0MX49WHHW8ZRT3EXSXWPQ9K,407702R5D86R3CBB81E3X29M,17,350.00,5950.00,confirmed,2026-08-23 16:39:18.391945+08,2026-08-23 16:39:18.391945+08
1131,01M0MX49WHHW8ZRT3EXSXWPQ9K,4088862F2RR4FH8VD6HQ69ZM,18,350.00,6300.00,confirmed,2026-08-23 16:39:18.391945+08,2026-08-23 16:39:18.391945+08
1132,01M0MX49WH1Y8YEQHFGSE8WBGW,413521JP1792738MBB68XMK5,15,350.00,5250.00,processing,2026-08-23 16:39:18.391945+08,2026-08-23 16:39:18.391945+08
1133,01M0MX49WH6NXVC8YPEJ4XBTZH,413521JP1792738MBB68XMK5,16,350.00,5600.00,delivered,2026-08-23 16:39:18.391945+08,2026-08-23 16:39:18.391945+08
1134,01M0MX49WH6NXVC8YPEJ4XBTZH,416496PKZM0T9NY433H8KP6M,11,30.00,330.00,delivered,2026-08-23 16:39:18.391945+08,2026-08-23 16:39:18.391945+08
1135,01M0MX49WHC5XXXWSB93KF5HZA,413005KN3WGNAPH6NCQ5JCT9,1,350.00,350.00,cancelled,2026-08-23 16:39:18.391945+08,2026-08-23 16:39:18.391945+08
1136,01M0MX49WHC5XXXWSB93KF5HZA,4116065CZMHNTR71A86YWAMC,13,350.00,4550.00,cancelled,2026-08-23 16:39:18.391945+08,2026-08-23 16:39:18.391945+08
1137,01M0MX49WHC5XXXWSB93KF5HZA,41150684MEXX0KJ3HG4B279E,2,30.00,60.00,cancelled,2026-08-23 16:39:18.391945+08,2026-08-23 16:39:18.391945+08
1139,01M0MX49WHXKDYTAVWFTGT9KYP,409339V9MK4RHRG0A0XWT91W,15,485.00,7275.00,delivered,2026-08-23 16:39:18.391945+08,2026-08-23 16:39:18.391945+08
1140,01M0MX49WHXKDYTAVWFTGT9KYP,409892D87XEVH1ZTZXV5F6C1,12,155.00,1860.00,delivered,2026-08-23 16:39:18.391945+08,2026-08-23 16:39:18.391945+08
1141,01M0MX49WHXKDYTAVWFTGT9KYP,407702R5D86R3CBB81E3X29M,8,350.00,2800.00,delivered,2026-08-23 16:39:18.391945+08,2026-08-23 16:39:18.391945+08
1142,01M0MX49WHP5M3S08CNNDPGG4E,4082223DQAKGCJ8P0XHQQNB2,16,112.00,1792.00,confirmed,2026-08-23 16:39:18.391945+08,2026-08-23 16:39:18.391945+08
1143,01M0MX49WHP5M3S08CNNDPGG4E,41085841ZKREWJPCC4PWVWR7,12,15.00,180.00,confirmed,2026-08-23 16:39:18.391945+08,2026-08-23 16:39:18.391945+08
1144,01M0MX49WHP5M3S08CNNDPGG4E,41085841ZKREWJPCC4PWVWR7,15,15.00,225.00,confirmed,2026-08-23 16:39:18.391945+08,2026-08-23 16:39:18.391945+08
1145,01M0MX49WHZGPCWFYEB4CRZCDY,4088862F2RR4FH8VD6HQ69ZM,1,350.00,350.00,pending,2026-08-23 16:39:18.391945+08,2026-08-23 16:39:18.391945+08
1146,01M0MX49WHZGPCWFYEB4CRZCDY,409892D87XEVH1ZTZXV5F6C1,12,155.00,1860.00,pending,2026-08-23 16:39:18.391945+08,2026-08-23 16:39:18.391945+08
1147,01M0MX49WHZGPCWFYEB4CRZCDY,413005KN3WGNAPH6NCQ5JCT9,10,350.00,3500.00,pending,2026-08-23 16:39:18.391945+08,2026-08-23 16:39:18.391945+08
1151,01M0MX49WH2VPHYZE2Q237SSSD,409339V9MK4RHRG0A0XWT91W,4,485.00,1940.00,confirmed,2026-08-23 16:39:18.391945+08,2026-08-23 16:39:18.391945+08
1152,01M0MX49WHH3YBRC7EAWDPW614,41085841ZKREWJPCC4PWVWR7,11,15.00,165.00,confirmed,2026-08-23 16:39:18.391945+08,2026-08-23 16:39:18.391945+08
1153,01M0MX49WH5SC79K5CPJ7W7TDY,413005KN3WGNAPH6NCQ5JCT9,19,350.00,6650.00,delivered,2026-08-23 16:39:18.391945+08,2026-08-23 16:39:18.391945+08
1154,01M0MX49WHCSWRXZBXY69WCH4G,416496PKZM0T9NY433H8KP6M,19,30.00,570.00,delivered,2026-08-23 16:39:18.391945+08,2026-08-23 16:39:18.391945+08
1155,01M0MX49WHCSWRXZBXY69WCH4G,408186TJ449WSVW673RWDK4X,5,30.00,150.00,delivered,2026-08-23 16:39:18.391945+08,2026-08-23 16:39:18.391945+08
1156,01M0MX49WHN2FWX5E8KCDJAAY0,407702R5D86R3CBB81E3X29M,18,350.00,6300.00,pending,2026-08-23 16:39:18.391945+08,2026-08-23 16:39:18.391945+08
1157,01M0MX49WHN2FWX5E8KCDJAAY0,41150684MEXX0KJ3HG4B279E,19,30.00,570.00,pending,2026-08-23 16:39:18.391945+08,2026-08-23 16:39:18.391945+08
1158,01M0MX49WHN2FWX5E8KCDJAAY0,411921G8X1MT1A4Z5EPH3YP4,17,30.00,510.00,pending,2026-08-23 16:39:18.391945+08,2026-08-23 16:39:18.391945+08
1159,01M0MX49WHXME29EB90VQPW4G8,41511344QHQDJBZ4FRV45NKC,4,350.00,1400.00,delivered,2026-08-23 16:39:18.391945+08,2026-08-23 16:39:18.391945+08
1160,01M0MX49WHKHR62WCBRWHWA92P,409892D87XEVH1ZTZXV5F6C1,17,155.00,2635.00,delivered,2026-08-23 16:39:18.391945+08,2026-08-23 16:39:18.391945+08
1161,01M0MX49WHKHR62WCBRWHWA92P,4162975Y25KN73W7KKDJGX6P,14,245.00,3430.00,delivered,2026-08-23 16:39:18.391945+08,2026-08-23 16:39:18.391945+08
1162,01M0MX49WHKHR62WCBRWHWA92P,4082223DQAKGCJ8P0XHQQNB2,8,112.00,896.00,delivered,2026-08-23 16:39:18.391945+08,2026-08-23 16:39:18.391945+08
1163,01M0MX49WHCZ28P8DNG6TXVSVM,416951J7FD3NBDV1MM1QS36H,15,415.00,6225.00,processing,2026-08-23 16:39:18.391945+08,2026-08-23 16:39:18.391945+08
1164,01M0MX49WHCZ28P8DNG6TXVSVM,41511344QHQDJBZ4FRV45NKC,5,350.00,1750.00,processing,2026-08-23 16:39:18.391945+08,2026-08-23 16:39:18.391945+08
1168,01M0MX49WHY3Y4NX3MST0M47RK,41085841ZKREWJPCC4PWVWR7,10,15.00,150.00,confirmed,2026-08-23 16:39:18.391945+08,2026-08-23 16:39:18.391945+08
1169,01M0MX49WHY3Y4NX3MST0M47RK,411039DJMEE6FWS52GMATRN7,12,25.00,300.00,confirmed,2026-08-23 16:39:18.391945+08,2026-08-23 16:39:18.391945+08
1170,01M0MX49WHY3Y4NX3MST0M47RK,411039DJMEE6FWS52GMATRN7,5,25.00,125.00,confirmed,2026-08-23 16:39:18.391945+08,2026-08-23 16:39:18.391945+08
1178,01M0MX49WHV60REJTZCZSYKEWM,414773WE720HJ0P121AG8FHQ,6,350.00,2100.00,delivered,2026-08-23 16:39:18.391945+08,2026-08-23 16:39:18.391945+08
1179,01M0MX49WHQ5KGHFENQBKV4KVN,407702R5D86R3CBB81E3X29M,10,350.00,3500.00,delivered,2026-08-23 16:39:18.391945+08,2026-08-23 16:39:18.391945+08
1180,01M0MX49WHGN7RP5S8X3BRJD2K,4138050CXS9PQSNF661Q1A1F,15,140.00,2100.00,delivered,2026-08-23 16:39:18.391945+08,2026-08-23 16:39:18.391945+08
1184,01M0MX49WHWYKD99BQ6R7GSZEF,416951J7FD3NBDV1MM1QS36H,2,415.00,830.00,delivered,2026-08-23 16:39:18.391945+08,2026-08-23 16:39:18.391945+08
1185,01M0MX49WHWYKD99BQ6R7GSZEF,4162975Y25KN73W7KKDJGX6P,13,245.00,3185.00,delivered,2026-08-23 16:39:18.391945+08,2026-08-23 16:39:18.391945+08
1186,01M0MX49WHWYKD99BQ6R7GSZEF,41150684MEXX0KJ3HG4B279E,11,30.00,330.00,delivered,2026-08-23 16:39:18.391945+08,2026-08-23 16:39:18.391945+08
1187,01M0MX49WH5V5Z7W020JETDSVS,414773WE720HJ0P121AG8FHQ,7,350.00,2450.00,pending,2026-08-23 16:39:18.391945+08,2026-08-23 16:39:18.391945+08
1188,01M0MX49WH5V5Z7W020JETDSVS,4082223DQAKGCJ8P0XHQQNB2,15,112.00,1680.00,pending,2026-08-23 16:39:18.391945+08,2026-08-23 16:39:18.391945+08
1189,01M0MX49WH5V5Z7W020JETDSVS,4088862F2RR4FH8VD6HQ69ZM,12,350.00,4200.00,pending,2026-08-23 16:39:18.391945+08,2026-08-23 16:39:18.391945+08
1193,01M0MX49WH139A5WFY3EVDTGRW,408186TJ449WSVW673RWDK4X,4,30.00,120.00,cancelled,2026-08-23 16:39:18.391945+08,2026-08-23 16:39:18.391945+08
1194,01M0MX49WH139A5WFY3EVDTGRW,4162975Y25KN73W7KKDJGX6P,2,245.00,490.00,cancelled,2026-08-23 16:39:18.391945+08,2026-08-23 16:39:18.391945+08
1195,01M0MX49WH139A5WFY3EVDTGRW,41150684MEXX0KJ3HG4B279E,9,30.00,270.00,cancelled,2026-08-23 16:39:18.391945+08,2026-08-23 16:39:18.391945+08
1196,01M0MX49WHX21RFPPDGFDBJB2M,412596TV7NC82RBGNTA0W8JZ,9,35.00,315.00,confirmed,2026-08-23 16:39:18.391945+08,2026-08-23 16:39:18.391945+08
1197,01M0MX49WHPR0EQ65CS0D15J7Z,41511344QHQDJBZ4FRV45NKC,2,350.00,700.00,confirmed,2026-08-23 16:39:18.391945+08,2026-08-23 16:39:18.391945+08
1198,01M0MX49WHPR0EQ65CS0D15J7Z,41511344QHQDJBZ4FRV45NKC,11,350.00,3850.00,confirmed,2026-08-23 16:39:18.391945+08,2026-08-23 16:39:18.391945+08
1199,01M0MX49WHPR0EQ65CS0D15J7Z,4082223DQAKGCJ8P0XHQQNB2,2,112.00,224.00,confirmed,2026-08-23 16:39:18.391945+08,2026-08-23 16:39:18.391945+08
1200,01M0MX49WHSXBNSQXHYM878SPZ,411921G8X1MT1A4Z5EPH3YP4,19,30.00,570.00,delivered,2026-08-23 16:39:18.391945+08,2026-08-23 16:39:18.391945+08
1201,01M0MX49WHSXBNSQXHYM878SPZ,410258ZSW0QAXSVS8S3VV7TE,12,35.00,420.00,delivered,2026-08-23 16:39:18.391945+08,2026-08-23 16:39:18.391945+08
1202,01M0MX49WHT12BB3Q7FHDJRQR2,408186TJ449WSVW673RWDK4X,8,30.00,240.00,delivered,2026-08-23 16:39:18.391945+08,2026-08-23 16:39:18.391945+08
1203,01M0MX49WHT12BB3Q7FHDJRQR2,417359ZGZV0QNH8M3DEYW8G5,17,350.00,5950.00,delivered,2026-08-23 16:39:18.391945+08,2026-08-23 16:39:18.391945+08
1204,01M0MX49WH4NT522MYC1ZEBNX7,41150684MEXX0KJ3HG4B279E,18,30.00,540.00,delivered,2026-08-23 16:39:18.391945+08,2026-08-23 16:39:18.391945+08
1205,01M0MX49WHMP1WV47R60DYNSA4,4088862F2RR4FH8VD6HQ69ZM,7,350.00,2450.00,processing,2026-08-23 16:39:18.391945+08,2026-08-23 16:39:18.391945+08
1206,01M0MX49WHMP1WV47R60DYNSA4,411039DJMEE6FWS52GMATRN7,11,25.00,275.00,processing,2026-08-23 16:39:18.391945+08,2026-08-23 16:39:18.391945+08
1207,01M0MX49WHK56PSW4GBZ3VGNTE,4082223DQAKGCJ8P0XHQQNB2,17,112.00,1904.00,processing,2026-08-23 16:39:18.391945+08,2026-08-23 16:39:18.391945+08
1208,01M0MX49WH9P3VG34H4RBF3Q5M,409420087QNW2D06G06MH7JS,4,350.00,1400.00,cancelled,2026-08-23 16:39:18.391945+08,2026-08-23 16:39:18.391945+08
1209,01M0MX49WH9P3VG34H4RBF3Q5M,411039DJMEE6FWS52GMATRN7,12,25.00,300.00,cancelled,2026-08-23 16:39:18.391945+08,2026-08-23 16:39:18.391945+08
1210,01M0MX49WH9P3VG34H4RBF3Q5M,416496PKZM0T9NY433H8KP6M,8,30.00,240.00,cancelled,2026-08-23 16:39:18.391945+08,2026-08-23 16:39:18.391945+08
1211,01M0MX49WHGRZBSZNGQ4Z5QSZK,407702R5D86R3CBB81E3X29M,11,350.00,3850.00,delivered,2026-08-23 16:39:18.391945+08,2026-08-23 16:39:18.391945+08
1212,01M0MX49WHPJW0W95TRFE66Z82,4162975Y25KN73W7KKDJGX6P,9,245.00,2205.00,delivered,2026-08-23 16:39:18.391945+08,2026-08-23 16:39:18.391945+08
1213,01M0MX49WH2TYZXR40F7GCM60T,408186TJ449WSVW673RWDK4X,12,30.00,360.00,delivered,2026-08-23 16:39:18.391945+08,2026-08-23 16:39:18.391945+08
1214,01M0MX49WHX7XRK1XKHQWM5DPQ,411921G8X1MT1A4Z5EPH3YP4,2,30.00,60.00,delivered,2026-08-23 16:39:18.391945+08,2026-08-23 16:39:18.391945+08
1215,01M0MX49WHX7XRK1XKHQWM5DPQ,416951J7FD3NBDV1MM1QS36H,7,415.00,2905.00,delivered,2026-08-23 16:39:18.391945+08,2026-08-23 16:39:18.391945+08
1217,01M0MX49WHNXCAX7SG093NA7W8,409339V9MK4RHRG0A0XWT91W,7,485.00,3395.00,pending,2026-08-23 16:39:18.391945+08,2026-08-23 16:39:18.391945+08
1218,01M0MX49WHA20HNQWEWW878EM8,410258ZSW0QAXSVS8S3VV7TE,14,35.00,490.00,delivered,2026-08-23 16:39:18.391945+08,2026-08-23 16:39:18.391945+08
1219,01M0MX49WHWEVQSRC1TR644SSV,409420087QNW2D06G06MH7JS,15,350.00,5250.00,delivered,2026-08-23 16:39:18.391945+08,2026-08-23 16:39:18.391945+08
1220,01M0MX49WHAJ573XV4YMC0TMC4,407702R5D86R3CBB81E3X29M,6,350.00,2100.00,pending,2026-08-23 16:39:18.391945+08,2026-08-23 16:39:18.391945+08
1224,01M0MX49WHR2ER312GBAXKQTFJ,411039DJMEE6FWS52GMATRN7,4,25.00,100.00,confirmed,2026-08-23 16:39:18.391945+08,2026-08-23 16:39:18.391945+08
1225,01M0MX49WHR2ER312GBAXKQTFJ,410258ZSW0QAXSVS8S3VV7TE,1,35.00,35.00,confirmed,2026-08-23 16:39:18.391945+08,2026-08-23 16:39:18.391945+08
1226,01M0MX49WH9B39JFW9TC6NSXX6,412596TV7NC82RBGNTA0W8JZ,2,35.00,70.00,pending,2026-08-23 16:39:18.391945+08,2026-08-23 16:39:18.391945+08
1227,01M0MX49WH9B39JFW9TC6NSXX6,41085841ZKREWJPCC4PWVWR7,3,15.00,45.00,pending,2026-08-23 16:39:18.391945+08,2026-08-23 16:39:18.391945+08
1228,01M0MX49WH9B39JFW9TC6NSXX6,4138050CXS9PQSNF661Q1A1F,17,140.00,2380.00,pending,2026-08-23 16:39:18.391945+08,2026-08-23 16:39:18.391945+08
1229,01M0MX49WHNM6A0BSQPEGN3EH0,416951J7FD3NBDV1MM1QS36H,20,415.00,8300.00,confirmed,2026-08-23 16:39:18.391945+08,2026-08-23 16:39:18.391945+08
1230,01M0MX49WHNM6A0BSQPEGN3EH0,413521JP1792738MBB68XMK5,10,350.00,3500.00,confirmed,2026-08-23 16:39:18.391945+08,2026-08-23 16:39:18.391945+08
1231,01M0MX49WHNM6A0BSQPEGN3EH0,416496PKZM0T9NY433H8KP6M,13,30.00,390.00,confirmed,2026-08-23 16:39:18.391945+08,2026-08-23 16:39:18.391945+08
1232,01M0MX49WHQWEBF4C8KK2GJBD0,411921G8X1MT1A4Z5EPH3YP4,6,30.00,180.00,delivered,2026-08-23 16:39:18.391945+08,2026-08-23 16:39:18.391945+08
1233,01M0MX49WH4FD8GGR803CVACE8,4162975Y25KN73W7KKDJGX6P,18,245.00,4410.00,confirmed,2026-08-23 16:39:18.391945+08,2026-08-23 16:39:18.391945+08
1234,01M0MX49WH4FD8GGR803CVACE8,416951J7FD3NBDV1MM1QS36H,5,415.00,2075.00,confirmed,2026-08-23 16:39:18.391945+08,2026-08-23 16:39:18.391945+08
1235,01M0MX49WH4FD8GGR803CVACE8,416951J7FD3NBDV1MM1QS36H,12,415.00,4980.00,confirmed,2026-08-23 16:39:18.391945+08,2026-08-23 16:39:18.391945+08
1240,01M0MX49WHCG2YJ3P40CMXAYN6,408186TJ449WSVW673RWDK4X,5,30.00,150.00,confirmed,2026-08-23 16:39:18.391945+08,2026-08-23 16:39:18.391945+08
1241,01M0MX49WHCG2YJ3P40CMXAYN6,417359ZGZV0QNH8M3DEYW8G5,6,350.00,2100.00,confirmed,2026-08-23 16:39:18.391945+08,2026-08-23 16:39:18.391945+08
1242,01M0MX49WHCG2YJ3P40CMXAYN6,4088862F2RR4FH8VD6HQ69ZM,20,350.00,7000.00,confirmed,2026-08-23 16:39:18.391945+08,2026-08-23 16:39:18.391945+08
1243,01M0MX49WHYFBCESRRDQ4BR81H,411039DJMEE6FWS52GMATRN7,19,25.00,475.00,confirmed,2026-08-23 16:39:18.391945+08,2026-08-23 16:39:18.391945+08
1244,01M0MX49WHQFZKFZ3121HGSRDS,416496PKZM0T9NY433H8KP6M,18,30.00,540.00,delivered,2026-08-23 16:39:18.391945+08,2026-08-23 16:39:18.391945+08
1245,01M0MX49WHQFZKFZ3121HGSRDS,413521JP1792738MBB68XMK5,10,350.00,3500.00,delivered,2026-08-23 16:39:18.391945+08,2026-08-23 16:39:18.391945+08
1246,01M0MX49WHQFZKFZ3121HGSRDS,411039DJMEE6FWS52GMATRN7,3,25.00,75.00,delivered,2026-08-23 16:39:18.391945+08,2026-08-23 16:39:18.391945+08
1247,01M0MX49WH03W5BGCHD8WK60KM,412596TV7NC82RBGNTA0W8JZ,16,35.00,560.00,pending,2026-08-23 16:39:18.391945+08,2026-08-23 16:39:18.391945+08
1248,01M0MX49WH03W5BGCHD8WK60KM,409892D87XEVH1ZTZXV5F6C1,12,155.00,1860.00,pending,2026-08-23 16:39:18.391945+08,2026-08-23 16:39:18.391945+08
1249,01M0MX49WH03W5BGCHD8WK60KM,41511344QHQDJBZ4FRV45NKC,8,350.00,2800.00,pending,2026-08-23 16:39:18.391945+08,2026-08-23 16:39:18.391945+08
1250,01M0MX49WHM72DST4XQD81TWQD,409339V9MK4RHRG0A0XWT91W,11,485.00,5335.00,confirmed,2026-08-23 16:39:18.391945+08,2026-08-23 16:39:18.391945+08
1254,01M0MX49WHX40RNXPBVE4RQRGQ,41150684MEXX0KJ3HG4B279E,6,30.00,180.00,processing,2026-08-23 16:39:18.391945+08,2026-08-23 16:39:18.391945+08
1255,01M0MX49WHX40RNXPBVE4RQRGQ,409420087QNW2D06G06MH7JS,11,350.00,3850.00,processing,2026-08-23 16:39:18.391945+08,2026-08-23 16:39:18.391945+08
1256,01M0MX49WHC4T5Q4ZY26MGY255,413005KN3WGNAPH6NCQ5JCT9,14,350.00,4900.00,delivered,2026-08-23 16:39:18.391945+08,2026-08-23 16:39:18.391945+08
1257,01M0MX49WHC4T5Q4ZY26MGY255,414773WE720HJ0P121AG8FHQ,12,350.00,4200.00,delivered,2026-08-23 16:39:18.391945+08,2026-08-23 16:39:18.391945+08
1258,01M0MX49WHC4T5Q4ZY26MGY255,41511344QHQDJBZ4FRV45NKC,11,350.00,3850.00,delivered,2026-08-23 16:39:18.391945+08,2026-08-23 16:39:18.391945+08
1262,01M0MX49WHYJS44X6MWEY6QHAM,413005KN3WGNAPH6NCQ5JCT9,3,350.00,1050.00,confirmed,2026-08-23 16:39:18.391945+08,2026-08-23 16:39:18.391945+08
1263,01M0MX49WHYJS44X6MWEY6QHAM,413521JP1792738MBB68XMK5,1,350.00,350.00,confirmed,2026-08-23 16:39:18.391945+08,2026-08-23 16:39:18.391945+08
1264,01M0MX49WHYJS44X6MWEY6QHAM,408186TJ449WSVW673RWDK4X,1,30.00,30.00,confirmed,2026-08-23 16:39:18.391945+08,2026-08-23 16:39:18.391945+08
1268,01M0MX49WHRFY2QRZKZ79K4Y89,4138050CXS9PQSNF661Q1A1F,13,140.00,1820.00,delivered,2026-08-23 16:39:18.391945+08,2026-08-23 16:39:18.391945+08
1269,01M0MX49WHJ4YW6DFWE6XAZVSW,416951J7FD3NBDV1MM1QS36H,5,415.00,2075.00,delivered,2026-08-23 16:39:18.391945+08,2026-08-23 16:39:18.391945+08
1270,01M0MX49WHJ4YW6DFWE6XAZVSW,416496PKZM0T9NY433H8KP6M,17,30.00,510.00,delivered,2026-08-23 16:39:18.391945+08,2026-08-23 16:39:18.391945+08
1271,01M0MX49WHJ4YW6DFWE6XAZVSW,408186TJ449WSVW673RWDK4X,3,30.00,90.00,delivered,2026-08-23 16:39:18.391945+08,2026-08-23 16:39:18.391945+08
1272,01M0MX49WHFNMPD0XP2AKPDR7Y,411039DJMEE6FWS52GMATRN7,8,25.00,200.00,processing,2026-08-23 16:39:18.391945+08,2026-08-23 16:39:18.391945+08
1273,01M0MX49WH8TK4YGS9A0WD74FD,41511344QHQDJBZ4FRV45NKC,15,350.00,5250.00,delivered,2026-08-23 16:39:18.391945+08,2026-08-23 16:39:18.391945+08
1274,01M0MX49WH8TK4YGS9A0WD74FD,417359ZGZV0QNH8M3DEYW8G5,6,350.00,2100.00,delivered,2026-08-23 16:39:18.391945+08,2026-08-23 16:39:18.391945+08
1275,01M0MX49WH8TK4YGS9A0WD74FD,412596TV7NC82RBGNTA0W8JZ,19,35.00,665.00,delivered,2026-08-23 16:39:18.391945+08,2026-08-23 16:39:18.391945+08
1276,01M0MX49WH0REWRHAYMNMJVY9J,4138050CXS9PQSNF661Q1A1F,2,140.00,280.00,delivered,2026-08-23 16:39:18.391945+08,2026-08-23 16:39:18.391945+08
1277,01M0MX49WH0REWRHAYMNMJVY9J,4088862F2RR4FH8VD6HQ69ZM,16,350.00,5600.00,delivered,2026-08-23 16:39:18.391945+08,2026-08-23 16:39:18.391945+08
1278,01M0MX49WH33N3343SHKYW50S5,4088862F2RR4FH8VD6HQ69ZM,2,350.00,700.00,pending,2026-08-23 16:39:18.391945+08,2026-08-23 16:39:18.391945+08
1279,01M0MX49WH33N3343SHKYW50S5,411039DJMEE6FWS52GMATRN7,7,25.00,175.00,pending,2026-08-23 16:39:18.391945+08,2026-08-23 16:39:18.391945+08
1280,01M0MX49WH9TPM8DRB7HVG22CQ,4162975Y25KN73W7KKDJGX6P,16,245.00,3920.00,delivered,2026-08-23 16:39:18.391945+08,2026-08-23 16:39:18.391945+08
1281,01M0MX49WH9TPM8DRB7HVG22CQ,416496PKZM0T9NY433H8KP6M,2,30.00,60.00,delivered,2026-08-23 16:39:18.391945+08,2026-08-23 16:39:18.391945+08
1282,01M0MX49WH3HKZGJQCWWXASJND,4116065CZMHNTR71A86YWAMC,17,350.00,5950.00,cancelled,2026-08-23 16:39:18.391945+08,2026-08-23 16:39:18.391945+08
1283,01M0MX49WH3HKZGJQCWWXASJND,413005KN3WGNAPH6NCQ5JCT9,9,350.00,3150.00,cancelled,2026-08-23 16:39:18.391945+08,2026-08-23 16:39:18.391945+08
1291,01M0MX49WHJMHGF9QSWK4HCTE8,408186TJ449WSVW673RWDK4X,9,30.00,270.00,confirmed,2026-08-23 16:39:18.391945+08,2026-08-23 16:39:18.391945+08
1292,01M0MX49WHFGVFCV718JY7KJA0,4138050CXS9PQSNF661Q1A1F,20,140.00,2800.00,confirmed,2026-08-23 16:39:18.391945+08,2026-08-23 16:39:18.391945+08
1293,01M0MX49WHATFHCG4BEZDXYZRY,409892D87XEVH1ZTZXV5F6C1,4,155.00,620.00,delivered,2026-08-23 16:39:18.391945+08,2026-08-23 16:39:18.391945+08
1294,01M0MX49WHATFHCG4BEZDXYZRY,411921G8X1MT1A4Z5EPH3YP4,16,30.00,480.00,delivered,2026-08-23 16:39:18.391945+08,2026-08-23 16:39:18.391945+08
1295,01M0MX49WHS0V19YY285FA7VZJ,413005KN3WGNAPH6NCQ5JCT9,14,350.00,4900.00,confirmed,2026-08-23 16:39:18.391945+08,2026-08-23 16:39:18.391945+08
1296,01M0MX49WHGNA5GW9NJ5ARZXQ7,412596TV7NC82RBGNTA0W8JZ,19,35.00,665.00,confirmed,2026-08-23 16:39:18.391945+08,2026-08-23 16:39:18.391945+08
1297,01M0MX49WH5AB40PWT3BHSCM3C,407702R5D86R3CBB81E3X29M,19,350.00,6650.00,pending,2026-08-23 16:39:18.391945+08,2026-08-23 16:39:18.391945+08
1298,01M0MX49WH5AB40PWT3BHSCM3C,41511344QHQDJBZ4FRV45NKC,2,350.00,700.00,pending,2026-08-23 16:39:18.391945+08,2026-08-23 16:39:18.391945+08
1299,01M0MX49WH5AB40PWT3BHSCM3C,417359ZGZV0QNH8M3DEYW8G5,9,350.00,3150.00,pending,2026-08-23 16:39:18.391945+08,2026-08-23 16:39:18.391945+08
1302,01M0MX49WHAT8MJYZ2HM04HXEY,416496PKZM0T9NY433H8KP6M,20,30.00,600.00,cancelled,2026-08-23 16:39:18.391945+08,2026-08-23 16:39:18.391945+08
1303,01M0MX49WHR0ZSF8G2NB1SWGF1,4088862F2RR4FH8VD6HQ69ZM,14,350.00,4900.00,delivered,2026-08-23 16:39:18.391945+08,2026-08-23 16:39:18.391945+08
1304,01M0MX49WHNY5TNZQVQTDNGV5H,417359ZGZV0QNH8M3DEYW8G5,20,350.00,7000.00,pending,2026-08-23 16:39:18.391945+08,2026-08-23 16:39:18.391945+08
1305,01M0MX49WHNY5TNZQVQTDNGV5H,411039DJMEE6FWS52GMATRN7,17,25.00,425.00,pending,2026-08-23 16:39:18.391945+08,2026-08-23 16:39:18.391945+08
1306,01M0MX49WHNY5TNZQVQTDNGV5H,414773WE720HJ0P121AG8FHQ,6,350.00,2100.00,pending,2026-08-23 16:39:18.391945+08,2026-08-23 16:39:18.391945+08
1307,01M0MX49WHPHKXQDVJHKHENRT9,412596TV7NC82RBGNTA0W8JZ,3,35.00,105.00,delivered,2026-08-23 16:39:18.391945+08,2026-08-23 16:39:18.391945+08
1308,01M0MX49WHPHKXQDVJHKHENRT9,4088862F2RR4FH8VD6HQ69ZM,13,350.00,4550.00,delivered,2026-08-23 16:39:18.391945+08,2026-08-23 16:39:18.391945+08
1309,01M0MX49WHPHKXQDVJHKHENRT9,4162975Y25KN73W7KKDJGX6P,5,245.00,1225.00,delivered,2026-08-23 16:39:18.391945+08,2026-08-23 16:39:18.391945+08
1310,01M0MX49WH41DZJ4Q8YH4Y5ENW,408186TJ449WSVW673RWDK4X,14,30.00,420.00,pending,2026-08-23 16:39:18.391945+08,2026-08-23 16:39:18.391945+08
1311,01M0MX49WH41DZJ4Q8YH4Y5ENW,41511344QHQDJBZ4FRV45NKC,20,350.00,7000.00,pending,2026-08-23 16:39:18.391945+08,2026-08-23 16:39:18.391945+08
1312,01M0MX49WH41DZJ4Q8YH4Y5ENW,4116065CZMHNTR71A86YWAMC,6,350.00,2100.00,pending,2026-08-23 16:39:18.391945+08,2026-08-23 16:39:18.391945+08
1313,01M0MX49WH4Z4TJ108TRRD0PGX,407702R5D86R3CBB81E3X29M,18,350.00,6300.00,delivered,2026-08-23 16:39:18.391945+08,2026-08-23 16:39:18.391945+08
1314,01M0MX49WH4Z4TJ108TRRD0PGX,408186TJ449WSVW673RWDK4X,4,30.00,120.00,delivered,2026-08-23 16:39:18.391945+08,2026-08-23 16:39:18.391945+08
1315,01M0MX49WH4Z4TJ108TRRD0PGX,413521JP1792738MBB68XMK5,16,350.00,5600.00,delivered,2026-08-23 16:39:18.391945+08,2026-08-23 16:39:18.391945+08
1316,01M0MX49WH277NGCQQ3XJM55F3,409420087QNW2D06G06MH7JS,14,350.00,4900.00,delivered,2026-08-23 16:39:18.391945+08,2026-08-23 16:39:18.391945+08
1317,01M0MX49WH277NGCQQ3XJM55F3,408186TJ449WSVW673RWDK4X,14,30.00,420.00,delivered,2026-08-23 16:39:18.391945+08,2026-08-23 16:39:18.391945+08
1318,01M0MX49WH277NGCQQ3XJM55F3,4138050CXS9PQSNF661Q1A1F,2,140.00,280.00,delivered,2026-08-23 16:39:18.391945+08,2026-08-23 16:39:18.391945+08
1319,01M0MX49WH7KJM4MNABMRXG1BX,4162975Y25KN73W7KKDJGX6P,12,245.00,2940.00,processing,2026-08-23 16:39:18.391945+08,2026-08-23 16:39:18.391945+08
1320,01M0MX49WH7KJM4MNABMRXG1BX,412596TV7NC82RBGNTA0W8JZ,19,35.00,665.00,processing,2026-08-23 16:39:18.391945+08,2026-08-23 16:39:18.391945+08
1321,01M0MX49WHGTHEKGN99BQGMNB6,411921G8X1MT1A4Z5EPH3YP4,8,30.00,240.00,processing,2026-08-23 16:39:18.391945+08,2026-08-23 16:39:18.391945+08
1322,01M0MX49WHGTHEKGN99BQGMNB6,413521JP1792738MBB68XMK5,10,350.00,3500.00,processing,2026-08-23 16:39:18.391945+08,2026-08-23 16:39:18.391945+08
1323,01M0MX49WHYWNMYK1W09SWQWM0,414773WE720HJ0P121AG8FHQ,7,350.00,2450.00,delivered,2026-08-23 16:39:18.391945+08,2026-08-23 16:39:18.391945+08
1324,01M0MX49WHYWNMYK1W09SWQWM0,409420087QNW2D06G06MH7JS,1,350.00,350.00,delivered,2026-08-23 16:39:18.391945+08,2026-08-23 16:39:18.391945+08
1328,01M0MX49WHTGZNN6WDCK6AM71C,41150684MEXX0KJ3HG4B279E,19,30.00,570.00,processing,2026-08-23 16:39:18.391945+08,2026-08-23 16:39:18.391945+08
1329,01M0MX49WHBRW3PNX92S3QTD0G,41150684MEXX0KJ3HG4B279E,19,30.00,570.00,confirmed,2026-08-23 16:39:18.391945+08,2026-08-23 16:39:18.391945+08
1330,01M0MX49WHBRW3PNX92S3QTD0G,4138050CXS9PQSNF661Q1A1F,20,140.00,2800.00,confirmed,2026-08-23 16:39:18.391945+08,2026-08-23 16:39:18.391945+08
1331,01M0MX49WHBRW3PNX92S3QTD0G,414773WE720HJ0P121AG8FHQ,13,350.00,4550.00,confirmed,2026-08-23 16:39:18.391945+08,2026-08-23 16:39:18.391945+08
1332,01M0MX49WHZ1YWJ69REV29D69J,411921G8X1MT1A4Z5EPH3YP4,6,30.00,180.00,processing,2026-08-23 16:39:18.391945+08,2026-08-23 16:39:18.391945+08
1333,01M0MX49WHZ1YWJ69REV29D69J,4138050CXS9PQSNF661Q1A1F,18,140.00,2520.00,processing,2026-08-23 16:39:18.391945+08,2026-08-23 16:39:18.391945+08
1334,01M0MX49WHZ1YWJ69REV29D69J,410258ZSW0QAXSVS8S3VV7TE,16,35.00,560.00,processing,2026-08-23 16:39:18.391945+08,2026-08-23 16:39:18.391945+08
1335,01M0MX49WHAM0AEGWB0YRYVPGM,4138050CXS9PQSNF661Q1A1F,13,140.00,1820.00,cancelled,2026-08-23 16:39:18.391945+08,2026-08-23 16:39:18.391945+08
1336,01M0MX49WHAM0AEGWB0YRYVPGM,41511344QHQDJBZ4FRV45NKC,4,350.00,1400.00,cancelled,2026-08-23 16:39:18.391945+08,2026-08-23 16:39:18.391945+08
1337,01M0MX49WHAM0AEGWB0YRYVPGM,4088862F2RR4FH8VD6HQ69ZM,15,350.00,5250.00,cancelled,2026-08-23 16:39:18.391945+08,2026-08-23 16:39:18.391945+08
1338,01M0MX49WHH9BM75NQQ4P49PZR,4162975Y25KN73W7KKDJGX6P,11,245.00,2695.00,pending,2026-08-23 16:39:18.391945+08,2026-08-23 16:39:18.391945+08
1339,01M0MX49WHH9BM75NQQ4P49PZR,410258ZSW0QAXSVS8S3VV7TE,20,35.00,700.00,pending,2026-08-23 16:39:18.391945+08,2026-08-23 16:39:18.391945+08
1340,01M0MX49WHH9BM75NQQ4P49PZR,41085841ZKREWJPCC4PWVWR7,2,15.00,30.00,pending,2026-08-23 16:39:18.391945+08,2026-08-23 16:39:18.391945+08
1341,01M0MX49WHG8BYH5E78FW1JE2C,409420087QNW2D06G06MH7JS,3,350.00,1050.00,processing,2026-08-23 16:39:18.391945+08,2026-08-23 16:39:18.391945+08
1342,01M0MX49WHG8BYH5E78FW1JE2C,41511344QHQDJBZ4FRV45NKC,16,350.00,5600.00,processing,2026-08-23 16:39:18.391945+08,2026-08-23 16:39:18.391945+08
1343,01M0MX49WHG8BYH5E78FW1JE2C,4082223DQAKGCJ8P0XHQQNB2,14,112.00,1568.00,processing,2026-08-23 16:39:18.391945+08,2026-08-23 16:39:18.391945+08
1344,01M0MX49WH5PZFBBFZSFAZQE3T,4138050CXS9PQSNF661Q1A1F,3,140.00,420.00,pending,2026-08-23 16:39:18.391945+08,2026-08-23 16:39:18.391945+08
1345,01M0MX49WH0D8JA6CN1AB8SCX2,4162975Y25KN73W7KKDJGX6P,20,245.00,4900.00,pending,2026-08-23 16:39:18.391945+08,2026-08-23 16:39:18.391945+08
1346,01M0MX49WH0D8JA6CN1AB8SCX2,413005KN3WGNAPH6NCQ5JCT9,17,350.00,5950.00,pending,2026-08-23 16:39:18.391945+08,2026-08-23 16:39:18.391945+08
1347,01M0MX49WH9WH99QVVB297R1XS,407702R5D86R3CBB81E3X29M,6,350.00,2100.00,delivered,2026-08-23 16:39:18.391945+08,2026-08-23 16:39:18.391945+08
1348,01M0MX49WH9WH99QVVB297R1XS,413005KN3WGNAPH6NCQ5JCT9,16,350.00,5600.00,delivered,2026-08-23 16:39:18.391945+08,2026-08-23 16:39:18.391945+08
1349,01M0MX49WH9WH99QVVB297R1XS,416496PKZM0T9NY433H8KP6M,1,30.00,30.00,delivered,2026-08-23 16:39:18.391945+08,2026-08-23 16:39:18.391945+08
1350,01M0MX49WH6R8KWSJ8EXM6Q0GH,416951J7FD3NBDV1MM1QS36H,7,415.00,2905.00,delivered,2026-08-23 16:39:18.391945+08,2026-08-23 16:39:18.391945+08
1351,01M0MX49WH6R8KWSJ8EXM6Q0GH,407702R5D86R3CBB81E3X29M,20,350.00,7000.00,delivered,2026-08-23 16:39:18.391945+08,2026-08-23 16:39:18.391945+08
1352,01M0MX49WH6R8KWSJ8EXM6Q0GH,408186TJ449WSVW673RWDK4X,17,30.00,510.00,delivered,2026-08-23 16:39:18.391945+08,2026-08-23 16:39:18.391945+08
1356,01M0MX49WHKXSCQNPQW58XRZ9G,411039DJMEE6FWS52GMATRN7,13,25.00,325.00,delivered,2026-08-23 16:39:18.391945+08,2026-08-23 16:39:18.391945+08
1357,01M0MX49WHKXSCQNPQW58XRZ9G,4162975Y25KN73W7KKDJGX6P,19,245.00,4655.00,delivered,2026-08-23 16:39:18.391945+08,2026-08-23 16:39:18.391945+08
1361,01M0MX49WH7ZY4ZP4TCJPWNA38,4088862F2RR4FH8VD6HQ69ZM,20,350.00,7000.00,confirmed,2026-08-23 16:39:18.391945+08,2026-08-23 16:39:18.391945+08
1362,01M0MX49WH7ZY4ZP4TCJPWNA38,409339V9MK4RHRG0A0XWT91W,15,485.00,7275.00,confirmed,2026-08-23 16:39:18.391945+08,2026-08-23 16:39:18.391945+08
1365,01M0MX49WHGQM4ECXCDEYJ1FB0,409892D87XEVH1ZTZXV5F6C1,4,155.00,620.00,pending,2026-08-23 16:39:18.391945+08,2026-08-23 16:39:18.391945+08
1366,01M0MX49WHGQM4ECXCDEYJ1FB0,408186TJ449WSVW673RWDK4X,9,30.00,270.00,pending,2026-08-23 16:39:18.391945+08,2026-08-23 16:39:18.391945+08
1367,01M0MX49WHRMDZEFW3P5ZK4S1N,414773WE720HJ0P121AG8FHQ,15,350.00,5250.00,delivered,2026-08-23 16:39:18.391945+08,2026-08-23 16:39:18.391945+08
1368,01M0MX49WHRMDZEFW3P5ZK4S1N,4162975Y25KN73W7KKDJGX6P,19,245.00,4655.00,delivered,2026-08-23 16:39:18.391945+08,2026-08-23 16:39:18.391945+08
1369,01M0MX49WHRMDZEFW3P5ZK4S1N,411921G8X1MT1A4Z5EPH3YP4,8,30.00,240.00,delivered,2026-08-23 16:39:18.391945+08,2026-08-23 16:39:18.391945+08
1370,01M0MX49WH1XW76SQGVS81KH5H,411039DJMEE6FWS52GMATRN7,15,25.00,375.00,cancelled,2026-08-23 16:39:18.391945+08,2026-08-23 16:39:18.391945+08
1371,01M0MX49WH1XW76SQGVS81KH5H,412596TV7NC82RBGNTA0W8JZ,1,35.00,35.00,cancelled,2026-08-23 16:39:18.391945+08,2026-08-23 16:39:18.391945+08
1372,01M0MX49WH88R5QH7SAR7RK8JA,4162975Y25KN73W7KKDJGX6P,8,245.00,1960.00,pending,2026-08-23 16:39:18.391945+08,2026-08-23 16:39:18.391945+08
1373,01M0MX49WHAJKDSZQPVENP0S9S,4138050CXS9PQSNF661Q1A1F,17,140.00,2380.00,delivered,2026-08-23 16:39:18.391945+08,2026-08-23 16:39:18.391945+08
1374,01M0MX49WHAJKDSZQPVENP0S9S,410258ZSW0QAXSVS8S3VV7TE,1,35.00,35.00,delivered,2026-08-23 16:39:18.391945+08,2026-08-23 16:39:18.391945+08
1375,01M0MX49WH03W4618MS8ZPV5R2,4162975Y25KN73W7KKDJGX6P,11,245.00,2695.00,confirmed,2026-08-23 16:39:18.391945+08,2026-08-23 16:39:18.391945+08
1377,01M0MX49WHZ0RYQ9VDNZBCHEY0,414773WE720HJ0P121AG8FHQ,6,350.00,2100.00,confirmed,2026-08-23 16:39:18.391945+08,2026-08-23 16:39:18.391945+08
1378,01M0MX49WHZ0RYQ9VDNZBCHEY0,411039DJMEE6FWS52GMATRN7,7,25.00,175.00,confirmed,2026-08-23 16:39:18.391945+08,2026-08-23 16:39:18.391945+08
1379,01M0MX49WHZ0RYQ9VDNZBCHEY0,411921G8X1MT1A4Z5EPH3YP4,7,30.00,210.00,confirmed,2026-08-23 16:39:18.391945+08,2026-08-23 16:39:18.391945+08
1380,01M0MX49WHK6PK999JXRYMYZTR,409339V9MK4RHRG0A0XWT91W,8,485.00,3880.00,delivered,2026-08-23 16:39:18.391945+08,2026-08-23 16:39:18.391945+08
1381,01M0MX49WHK6PK999JXRYMYZTR,409339V9MK4RHRG0A0XWT91W,8,485.00,3880.00,delivered,2026-08-23 16:39:18.391945+08,2026-08-23 16:39:18.391945+08
1382,01M0MX49WH1WKK42VPZR7ACEMX,4116065CZMHNTR71A86YWAMC,3,350.00,1050.00,processing,2026-08-23 16:39:18.391945+08,2026-08-23 16:39:18.391945+08
1386,01M0MX49WH6YS3S6S4JP11J9F1,417359ZGZV0QNH8M3DEYW8G5,17,350.00,5950.00,delivered,2026-08-23 16:39:18.391945+08,2026-08-23 16:39:18.391945+08
1387,01M0MX49WH6YS3S6S4JP11J9F1,414773WE720HJ0P121AG8FHQ,13,350.00,4550.00,delivered,2026-08-23 16:39:18.391945+08,2026-08-23 16:39:18.391945+08
1388,01M0MX49WH9GMN7EDK8B30Y91Q,407702R5D86R3CBB81E3X29M,17,350.00,5950.00,delivered,2026-08-23 16:39:18.391945+08,2026-08-23 16:39:18.391945+08
1392,01M0MX49WHH4FMFP7MNS399R16,408186TJ449WSVW673RWDK4X,15,30.00,450.00,cancelled,2026-08-23 16:39:18.391945+08,2026-08-23 16:39:18.391945+08
1393,01M0MX49WHH4FMFP7MNS399R16,409892D87XEVH1ZTZXV5F6C1,1,155.00,155.00,cancelled,2026-08-23 16:39:18.391945+08,2026-08-23 16:39:18.391945+08
1394,01M0MX49WHH4FMFP7MNS399R16,409420087QNW2D06G06MH7JS,7,350.00,2450.00,cancelled,2026-08-23 16:39:18.391945+08,2026-08-23 16:39:18.391945+08
1397,01M0MX49WH6DJWA5Q9J1TTH643,411921G8X1MT1A4Z5EPH3YP4,20,30.00,600.00,confirmed,2026-08-23 16:39:18.391945+08,2026-08-23 16:39:18.391945+08
1398,01M0MX49WH6DJWA5Q9J1TTH643,409892D87XEVH1ZTZXV5F6C1,12,155.00,1860.00,confirmed,2026-08-23 16:39:18.391945+08,2026-08-23 16:39:18.391945+08
1400,01M0MX49WHNWWSGHK6HHMBME2A,416496PKZM0T9NY433H8KP6M,6,30.00,180.00,delivered,2026-08-23 16:39:18.391945+08,2026-08-23 16:39:18.391945+08
1401,01M0MX49WHNWWSGHK6HHMBME2A,412596TV7NC82RBGNTA0W8JZ,5,35.00,175.00,delivered,2026-08-23 16:39:18.391945+08,2026-08-23 16:39:18.391945+08
1402,01M0MX49WH9HQPYV8XS4HAJTKB,414773WE720HJ0P121AG8FHQ,8,350.00,2800.00,delivered,2026-08-23 16:39:18.391945+08,2026-08-23 16:39:18.391945+08
1403,01M0MX49WHGW10EEX5QBR8G16X,409339V9MK4RHRG0A0XWT91W,5,485.00,2425.00,processing,2026-08-23 16:39:18.391945+08,2026-08-23 16:39:18.391945+08
1404,01M0MX49WHGW10EEX5QBR8G16X,41511344QHQDJBZ4FRV45NKC,16,350.00,5600.00,processing,2026-08-23 16:39:18.391945+08,2026-08-23 16:39:18.391945+08
1405,01M0MX49WH9TVAE9246GAYVJXP,41511344QHQDJBZ4FRV45NKC,17,350.00,5950.00,confirmed,2026-08-23 16:39:18.391945+08,2026-08-23 16:39:18.391945+08
1406,01M0MX49WH9TVAE9246GAYVJXP,410258ZSW0QAXSVS8S3VV7TE,11,35.00,385.00,confirmed,2026-08-23 16:39:18.391945+08,2026-08-23 16:39:18.391945+08
1407,01M0MX49WHY2K7AB56D8YN64VA,412596TV7NC82RBGNTA0W8JZ,2,35.00,70.00,confirmed,2026-08-23 16:39:18.391945+08,2026-08-23 16:39:18.391945+08
1408,01M0MX49WHY2K7AB56D8YN64VA,4162975Y25KN73W7KKDJGX6P,4,245.00,980.00,confirmed,2026-08-23 16:39:18.391945+08,2026-08-23 16:39:18.391945+08
1409,01M0MX49WHY2K7AB56D8YN64VA,41085841ZKREWJPCC4PWVWR7,6,15.00,90.00,confirmed,2026-08-23 16:39:18.391945+08,2026-08-23 16:39:18.391945+08
1410,01M0MX49WHJF34TYS78K04HBEY,411921G8X1MT1A4Z5EPH3YP4,4,30.00,120.00,confirmed,2026-08-23 16:39:18.391945+08,2026-08-23 16:39:18.391945+08
1411,01M0MX49WHJF34TYS78K04HBEY,416496PKZM0T9NY433H8KP6M,11,30.00,330.00,confirmed,2026-08-23 16:39:18.391945+08,2026-08-23 16:39:18.391945+08
1412,01M0MX49WHDKJRGZMTR4RES144,410258ZSW0QAXSVS8S3VV7TE,9,35.00,315.00,processing,2026-08-23 16:39:18.391945+08,2026-08-23 16:39:18.391945+08
1413,01M0MX49WHDKJRGZMTR4RES144,4138050CXS9PQSNF661Q1A1F,1,140.00,140.00,processing,2026-08-23 16:39:18.391945+08,2026-08-23 16:39:18.391945+08
1414,01M0MX49WHDKJRGZMTR4RES144,41150684MEXX0KJ3HG4B279E,4,30.00,120.00,processing,2026-08-23 16:39:18.391945+08,2026-08-23 16:39:18.391945+08
1415,01M0MX49WHATTVWK9PYEK028EM,409339V9MK4RHRG0A0XWT91W,19,485.00,9215.00,delivered,2026-08-23 16:39:18.391945+08,2026-08-23 16:39:18.391945+08
1416,01M0MX49WHATTVWK9PYEK028EM,412596TV7NC82RBGNTA0W8JZ,18,35.00,630.00,delivered,2026-08-23 16:39:18.391945+08,2026-08-23 16:39:18.391945+08
1417,01M0MX49WHATTVWK9PYEK028EM,417359ZGZV0QNH8M3DEYW8G5,10,350.00,3500.00,delivered,2026-08-23 16:39:18.391945+08,2026-08-23 16:39:18.391945+08
1418,01M0MX49WHGXBM877W3ZTS3BX8,411921G8X1MT1A4Z5EPH3YP4,15,30.00,450.00,confirmed,2026-08-23 16:39:18.391945+08,2026-08-23 16:39:18.391945+08
1419,01M0MX49WHGXBM877W3ZTS3BX8,413521JP1792738MBB68XMK5,13,350.00,4550.00,confirmed,2026-08-23 16:39:18.391945+08,2026-08-23 16:39:18.391945+08
1420,01M0MX49WHGXBM877W3ZTS3BX8,4082223DQAKGCJ8P0XHQQNB2,10,112.00,1120.00,confirmed,2026-08-23 16:39:18.391945+08,2026-08-23 16:39:18.391945+08
1425,01M0MX49WHVQNAF989BHSPRRBG,41085841ZKREWJPCC4PWVWR7,9,15.00,135.00,confirmed,2026-08-23 16:39:18.391945+08,2026-08-23 16:39:18.391945+08
1426,01M0MX49WHVQNAF989BHSPRRBG,4082223DQAKGCJ8P0XHQQNB2,13,112.00,1456.00,confirmed,2026-08-23 16:39:18.391945+08,2026-08-23 16:39:18.391945+08
1427,01M0MX49WHEJJ7M1HD0YX3YME4,412596TV7NC82RBGNTA0W8JZ,17,35.00,595.00,delivered,2026-08-23 16:39:18.391945+08,2026-08-23 16:39:18.391945+08
1428,01M0MX49WHEJJ7M1HD0YX3YME4,416496PKZM0T9NY433H8KP6M,14,30.00,420.00,delivered,2026-08-23 16:39:18.391945+08,2026-08-23 16:39:18.391945+08
1429,01M0MX49WHR3WDMEAD1PMSWEZW,41511344QHQDJBZ4FRV45NKC,8,350.00,2800.00,confirmed,2026-08-23 16:39:18.391945+08,2026-08-23 16:39:18.391945+08
1430,01M0MX49WHTC8FPKA5HNYRAZDX,413521JP1792738MBB68XMK5,7,350.00,2450.00,cancelled,2026-08-23 16:39:18.391945+08,2026-08-23 16:39:18.391945+08
1431,01M0MX49WHTC8FPKA5HNYRAZDX,417359ZGZV0QNH8M3DEYW8G5,13,350.00,4550.00,cancelled,2026-08-23 16:39:18.391945+08,2026-08-23 16:39:18.391945+08
1432,01M0MX49WHTC8FPKA5HNYRAZDX,4116065CZMHNTR71A86YWAMC,4,350.00,1400.00,cancelled,2026-08-23 16:39:18.391945+08,2026-08-23 16:39:18.391945+08
1433,01M0MX49WHWF24P9EDNBJ4SV2D,410258ZSW0QAXSVS8S3VV7TE,2,35.00,70.00,cancelled,2026-08-23 16:39:18.391945+08,2026-08-23 16:39:18.391945+08
1434,01M0MX49WHWF24P9EDNBJ4SV2D,409420087QNW2D06G06MH7JS,13,350.00,4550.00,cancelled,2026-08-23 16:39:18.391945+08,2026-08-23 16:39:18.391945+08
1435,01M0MX49WHK718M74D849FXKAC,4116065CZMHNTR71A86YWAMC,9,350.00,3150.00,delivered,2026-08-23 16:39:18.391945+08,2026-08-23 16:39:18.391945+08
1436,01M0MX49WHHRAP2ERAZNEHJ006,4162975Y25KN73W7KKDJGX6P,10,245.00,2450.00,confirmed,2026-08-23 16:39:18.391945+08,2026-08-23 16:39:18.391945+08
1437,01M0MX49WHHRAP2ERAZNEHJ006,4088862F2RR4FH8VD6HQ69ZM,8,350.00,2800.00,confirmed,2026-08-23 16:39:18.391945+08,2026-08-23 16:39:18.391945+08
1438,01M0MX49WHHRAP2ERAZNEHJ006,416951J7FD3NBDV1MM1QS36H,15,415.00,6225.00,confirmed,2026-08-23 16:39:18.391945+08,2026-08-23 16:39:18.391945+08
1439,01M0MX49WH7WBPAP0CB6PWHMJ6,409420087QNW2D06G06MH7JS,2,350.00,700.00,pending,2026-08-23 16:39:18.391945+08,2026-08-23 16:39:18.391945+08
1440,01M0MX49WH4NQ3527WFS400RPJ,411921G8X1MT1A4Z5EPH3YP4,15,30.00,450.00,delivered,2026-08-23 16:39:18.391945+08,2026-08-23 16:39:18.391945+08
1441,01M0MX49WH4NQ3527WFS400RPJ,410258ZSW0QAXSVS8S3VV7TE,9,35.00,315.00,delivered,2026-08-23 16:39:18.391945+08,2026-08-23 16:39:18.391945+08
1442,01M0MX49WHVYMTS0BGYD7PR2NB,410258ZSW0QAXSVS8S3VV7TE,6,35.00,210.00,processing,2026-08-23 16:39:18.391945+08,2026-08-23 16:39:18.391945+08
1443,01M0MX49WHVYMTS0BGYD7PR2NB,412596TV7NC82RBGNTA0W8JZ,20,35.00,700.00,processing,2026-08-23 16:39:18.391945+08,2026-08-23 16:39:18.391945+08
1444,01M0MX49WHVYMTS0BGYD7PR2NB,416496PKZM0T9NY433H8KP6M,19,30.00,570.00,processing,2026-08-23 16:39:18.391945+08,2026-08-23 16:39:18.391945+08
1448,01M0MX49WHM5HNGR0B26Q9C4MN,41150684MEXX0KJ3HG4B279E,9,30.00,270.00,processing,2026-08-23 16:39:18.391945+08,2026-08-23 16:39:18.391945+08
1449,01M0MX49WHM5HNGR0B26Q9C4MN,41511344QHQDJBZ4FRV45NKC,10,350.00,3500.00,processing,2026-08-23 16:39:18.391945+08,2026-08-23 16:39:18.391945+08
1450,01M0MX49WHS7XTAT8RMT1APZFE,4138050CXS9PQSNF661Q1A1F,10,140.00,1400.00,pending,2026-08-23 16:39:18.391945+08,2026-08-23 16:39:18.391945+08
1454,01M0MX49WHZ0Q2RGA7JF6J9N8F,410258ZSW0QAXSVS8S3VV7TE,12,35.00,420.00,confirmed,2026-08-23 16:39:18.391945+08,2026-08-23 16:39:18.391945+08
1455,01M0MX49WHS2FTX42G3TDG3T10,41150684MEXX0KJ3HG4B279E,13,30.00,390.00,processing,2026-08-23 16:39:18.391945+08,2026-08-23 16:39:18.391945+08
1456,01M0MX49WHS2FTX42G3TDG3T10,4088862F2RR4FH8VD6HQ69ZM,6,350.00,2100.00,processing,2026-08-23 16:39:18.391945+08,2026-08-23 16:39:18.391945+08
1457,01M0MX49WHS2FTX42G3TDG3T10,41085841ZKREWJPCC4PWVWR7,13,15.00,195.00,processing,2026-08-23 16:39:18.391945+08,2026-08-23 16:39:18.391945+08
1458,01M0MX49WHQVFPQ4T4NDX44V8Z,41150684MEXX0KJ3HG4B279E,8,30.00,240.00,confirmed,2026-08-23 16:39:18.391945+08,2026-08-23 16:39:18.391945+08
1459,01M0MX49WHKN47FSTXGSJS0RMV,41085841ZKREWJPCC4PWVWR7,9,15.00,135.00,delivered,2026-08-23 16:39:18.391945+08,2026-08-23 16:39:18.391945+08
1460,01M0MX49WHKN47FSTXGSJS0RMV,416951J7FD3NBDV1MM1QS36H,18,415.00,7470.00,delivered,2026-08-23 16:39:18.391945+08,2026-08-23 16:39:18.391945+08
1461,01M0MX49WHKN47FSTXGSJS0RMV,414773WE720HJ0P121AG8FHQ,14,350.00,4900.00,delivered,2026-08-23 16:39:18.391945+08,2026-08-23 16:39:18.391945+08
1462,01M0MX49WHPKWWTAD6ZPZ6Y9WQ,41511344QHQDJBZ4FRV45NKC,10,350.00,3500.00,delivered,2026-08-23 16:39:18.391945+08,2026-08-23 16:39:18.391945+08
1466,01M0MX49WHBYCV45YZNV381H52,410258ZSW0QAXSVS8S3VV7TE,1,35.00,35.00,pending,2026-08-23 16:39:18.391945+08,2026-08-23 16:39:18.391945+08
1467,01M0MX49WHYNRMSQXMEPGGMKM8,414773WE720HJ0P121AG8FHQ,5,350.00,1750.00,cancelled,2026-08-23 16:39:18.391945+08,2026-08-23 16:39:18.391945+08
1468,01M0MX49WHYNRMSQXMEPGGMKM8,41085841ZKREWJPCC4PWVWR7,15,15.00,225.00,cancelled,2026-08-23 16:39:18.391945+08,2026-08-23 16:39:18.391945+08
1469,01M0MX49WHQ23ZEP3P22BKKQ8M,409420087QNW2D06G06MH7JS,16,350.00,5600.00,confirmed,2026-08-23 16:39:18.391945+08,2026-08-23 16:39:18.391945+08
1470,01M0MX49WHFPV7KXXGYSNWKAH9,411921G8X1MT1A4Z5EPH3YP4,12,30.00,360.00,confirmed,2026-08-23 16:39:18.391945+08,2026-08-23 16:39:18.391945+08
1471,01M0MX49WHFPV7KXXGYSNWKAH9,416496PKZM0T9NY433H8KP6M,2,30.00,60.00,confirmed,2026-08-23 16:39:18.391945+08,2026-08-23 16:39:18.391945+08
1472,01M0MX49WHCAMYFK3AJTVBC571,407702R5D86R3CBB81E3X29M,9,350.00,3150.00,pending,2026-08-23 16:39:18.391945+08,2026-08-23 16:39:18.391945+08
1473,01M0MX49WHW4DES98SA428NTZM,417359ZGZV0QNH8M3DEYW8G5,7,350.00,2450.00,pending,2026-08-23 16:39:18.391945+08,2026-08-23 16:39:18.391945+08
1474,01M0MX49WHW4DES98SA428NTZM,414773WE720HJ0P121AG8FHQ,13,350.00,4550.00,pending,2026-08-23 16:39:18.391945+08,2026-08-23 16:39:18.391945+08
1475,01M0MX49WHVW2B0DGP3K0YXSGK,4088862F2RR4FH8VD6HQ69ZM,13,350.00,4550.00,pending,2026-08-23 16:39:18.391945+08,2026-08-23 16:39:18.391945+08
1476,01M0MX49WHVW2B0DGP3K0YXSGK,416496PKZM0T9NY433H8KP6M,8,30.00,240.00,pending,2026-08-23 16:39:18.391945+08,2026-08-23 16:39:18.391945+08
1477,01M0MX49WHVW2B0DGP3K0YXSGK,407702R5D86R3CBB81E3X29M,7,350.00,2450.00,pending,2026-08-23 16:39:18.391945+08,2026-08-23 16:39:18.391945+08
1478,01M0MX49WHAPPE40CGMRQ944GZ,408186TJ449WSVW673RWDK4X,7,30.00,210.00,delivered,2026-08-23 16:39:18.391945+08,2026-08-23 16:39:18.391945+08
1479,01M0MX49WH1WEMSDRFMPGBJFBV,409892D87XEVH1ZTZXV5F6C1,6,155.00,930.00,processing,2026-08-23 16:39:18.391945+08,2026-08-23 16:39:18.391945+08
1480,01M0MX49WH1WEMSDRFMPGBJFBV,413005KN3WGNAPH6NCQ5JCT9,2,350.00,700.00,processing,2026-08-23 16:39:18.391945+08,2026-08-23 16:39:18.391945+08
1483,01M0MX49WH6PPVYNREJ16KFJBP,4116065CZMHNTR71A86YWAMC,8,350.00,2800.00,delivered,2026-08-23 16:39:18.391945+08,2026-08-23 16:39:18.391945+08
1484,01M0MX49WHCPW93W4GB0MQ328Q,414773WE720HJ0P121AG8FHQ,19,350.00,6650.00,confirmed,2026-08-23 16:39:18.391945+08,2026-08-23 16:39:18.391945+08
1485,01M0MX49WHCA1PX128C2KFM18V,409420087QNW2D06G06MH7JS,2,350.00,700.00,processing,2026-08-23 16:39:18.391945+08,2026-08-23 16:39:18.391945+08
1486,01M0MX49WHQ5XY7YVQGVTC9ESW,41085841ZKREWJPCC4PWVWR7,20,15.00,300.00,delivered,2026-08-23 16:39:18.391945+08,2026-08-23 16:39:18.391945+08
1487,01M0MX49WHQ5XY7YVQGVTC9ESW,41511344QHQDJBZ4FRV45NKC,12,350.00,4200.00,delivered,2026-08-23 16:39:18.391945+08,2026-08-23 16:39:18.391945+08
1488,01M0MX49WHEJ55XNBFQG1NHFE6,413521JP1792738MBB68XMK5,20,350.00,7000.00,confirmed,2026-08-23 16:39:18.391945+08,2026-08-23 16:39:18.391945+08
1489,01M0MX49WHEJ55XNBFQG1NHFE6,409892D87XEVH1ZTZXV5F6C1,2,155.00,310.00,confirmed,2026-08-23 16:39:18.391945+08,2026-08-23 16:39:18.391945+08
1490,01M0MX49WHBDYHZ0T0MBR6C846,41085841ZKREWJPCC4PWVWR7,18,15.00,270.00,processing,2026-08-23 16:39:18.391945+08,2026-08-23 16:39:18.391945+08
1491,01M0MX49WHQE471048ZKCYASA2,409892D87XEVH1ZTZXV5F6C1,18,155.00,2790.00,pending,2026-08-23 16:39:18.391945+08,2026-08-23 16:39:18.391945+08
1492,01M0MX49WHRMPP89JZ49NCDJN9,409339V9MK4RHRG0A0XWT91W,1,485.00,485.00,delivered,2026-08-23 16:39:18.391945+08,2026-08-23 16:39:18.391945+08
1493,01M0MX49WHRMPP89JZ49NCDJN9,41085841ZKREWJPCC4PWVWR7,13,15.00,195.00,delivered,2026-08-23 16:39:18.391945+08,2026-08-23 16:39:18.391945+08
1494,01M0MX49WHABXHMCN4B861Z0Z6,407702R5D86R3CBB81E3X29M,16,350.00,5600.00,delivered,2026-08-23 16:39:18.391945+08,2026-08-23 16:39:18.391945+08
1495,01M0MX49WHABXHMCN4B861Z0Z6,41085841ZKREWJPCC4PWVWR7,15,15.00,225.00,delivered,2026-08-23 16:39:18.391945+08,2026-08-23 16:39:18.391945+08
1496,01M0MX49WHTX01GRWGMDTMMKB1,411921G8X1MT1A4Z5EPH3YP4,7,30.00,210.00,confirmed,2026-08-23 16:39:18.391945+08,2026-08-23 16:39:18.391945+08
1497,01M0MX49WHTX01GRWGMDTMMKB1,412596TV7NC82RBGNTA0W8JZ,6,35.00,210.00,confirmed,2026-08-23 16:39:18.391945+08,2026-08-23 16:39:18.391945+08
1498,01M0MX49WHTX01GRWGMDTMMKB1,410258ZSW0QAXSVS8S3VV7TE,12,35.00,420.00,confirmed,2026-08-23 16:39:18.391945+08,2026-08-23 16:39:18.391945+08
1499,01M0MX49WH2CDSX935WJBDG6NQ,4082223DQAKGCJ8P0XHQQNB2,18,112.00,2016.00,delivered,2026-08-23 16:39:18.391945+08,2026-08-23 16:39:18.391945+08
1500,01M0MX49WH2CDSX935WJBDG6NQ,417359ZGZV0QNH8M3DEYW8G5,3,350.00,1050.00,delivered,2026-08-23 16:39:18.391945+08,2026-08-23 16:39:18.391945+08
1501,01M0MX49WHADWPA3CZFY0SQS7W,414773WE720HJ0P121AG8FHQ,18,350.00,6300.00,confirmed,2026-08-23 16:39:18.391945+08,2026-08-23 16:39:18.391945+08
1502,01M0MX49WHADWPA3CZFY0SQS7W,4138050CXS9PQSNF661Q1A1F,15,140.00,2100.00,confirmed,2026-08-23 16:39:18.391945+08,2026-08-23 16:39:18.391945+08
1503,01M0MX49WHP7Z8BH2DCQQ5ZN70,4162975Y25KN73W7KKDJGX6P,6,245.00,1470.00,delivered,2026-08-23 16:39:18.391945+08,2026-08-23 16:39:18.391945+08
1504,01M0MX49WHP7Z8BH2DCQQ5ZN70,409420087QNW2D06G06MH7JS,20,350.00,7000.00,delivered,2026-08-23 16:39:18.391945+08,2026-08-23 16:39:18.391945+08
1505,01M0MX49WHP7Z8BH2DCQQ5ZN70,4138050CXS9PQSNF661Q1A1F,20,140.00,2800.00,delivered,2026-08-23 16:39:18.391945+08,2026-08-23 16:39:18.391945+08
1506,01M0MX49WH38S5JXK74W6G2E19,411039DJMEE6FWS52GMATRN7,18,25.00,450.00,confirmed,2026-08-23 16:39:18.391945+08,2026-08-23 16:39:18.391945+08
1507,01M0MX49WHR8RWZ6ZVN0E90VS1,411921G8X1MT1A4Z5EPH3YP4,18,30.00,540.00,confirmed,2026-08-23 16:39:18.391945+08,2026-08-23 16:39:18.391945+08
1508,01M0MX49WHR8RWZ6ZVN0E90VS1,41511344QHQDJBZ4FRV45NKC,20,350.00,7000.00,confirmed,2026-08-23 16:39:18.391945+08,2026-08-23 16:39:18.391945+08
1509,01M0MX49WHR8RWZ6ZVN0E90VS1,416951J7FD3NBDV1MM1QS36H,11,415.00,4565.00,confirmed,2026-08-23 16:39:18.391945+08,2026-08-23 16:39:18.391945+08
1511,01M0MX49WHZ28BH2E5VFWH07T0,417359ZGZV0QNH8M3DEYW8G5,2,350.00,700.00,pending,2026-08-23 16:39:18.391945+08,2026-08-23 16:39:18.391945+08
1512,01M0MX49WH6D9GS4R2Y3KDDKM4,4116065CZMHNTR71A86YWAMC,2,350.00,700.00,pending,2026-08-23 16:39:18.391945+08,2026-08-23 16:39:18.391945+08
1515,01M0MX49WHNB5ZQRR8XZY4T0AE,4088862F2RR4FH8VD6HQ69ZM,20,350.00,7000.00,confirmed,2026-08-23 16:39:18.391945+08,2026-08-23 16:39:18.391945+08
1516,01M0MX49WHNB5ZQRR8XZY4T0AE,41085841ZKREWJPCC4PWVWR7,3,15.00,45.00,confirmed,2026-08-23 16:39:18.391945+08,2026-08-23 16:39:18.391945+08
1517,01M0MX49WHMEX0JVFBTXXPA52V,413005KN3WGNAPH6NCQ5JCT9,16,350.00,5600.00,cancelled,2026-08-23 16:39:18.391945+08,2026-08-23 16:39:18.391945+08
1521,01M0MX49WH2FA84JA3FKDBNSAA,413521JP1792738MBB68XMK5,10,350.00,3500.00,confirmed,2026-08-23 16:39:18.391945+08,2026-08-23 16:39:18.391945+08
1522,01M0MX49WH2C99VKWB5Q834KCH,4116065CZMHNTR71A86YWAMC,4,350.00,1400.00,cancelled,2026-08-23 16:39:18.391945+08,2026-08-23 16:39:18.391945+08
1523,01M0MX49WH2C99VKWB5Q834KCH,4088862F2RR4FH8VD6HQ69ZM,18,350.00,6300.00,cancelled,2026-08-23 16:39:18.391945+08,2026-08-23 16:39:18.391945+08
1524,01M0MX49WH2C99VKWB5Q834KCH,4162975Y25KN73W7KKDJGX6P,7,245.00,1715.00,cancelled,2026-08-23 16:39:18.391945+08,2026-08-23 16:39:18.391945+08
1526,01M0MX49WH81JQE7XEE8DNQJJ0,4116065CZMHNTR71A86YWAMC,19,350.00,6650.00,delivered,2026-08-23 16:39:18.391945+08,2026-08-23 16:39:18.391945+08
1527,01M0MX49WH81JQE7XEE8DNQJJ0,4138050CXS9PQSNF661Q1A1F,15,140.00,2100.00,delivered,2026-08-23 16:39:18.391945+08,2026-08-23 16:39:18.391945+08
1528,01M0MX49WHXQEJYVD68WWBHZY7,417359ZGZV0QNH8M3DEYW8G5,18,350.00,6300.00,delivered,2026-08-23 16:39:18.391945+08,2026-08-23 16:39:18.391945+08
1532,01M0MX49WH9WWW9MKJJP59N1T3,4138050CXS9PQSNF661Q1A1F,14,140.00,1960.00,cancelled,2026-08-23 16:39:18.391945+08,2026-08-23 16:39:18.391945+08
1533,01M0MX49WH9WWW9MKJJP59N1T3,413005KN3WGNAPH6NCQ5JCT9,14,350.00,4900.00,cancelled,2026-08-23 16:39:18.391945+08,2026-08-23 16:39:18.391945+08
1537,01M0MX49WHQ7PQ0W3ZP6XMYZMM,409420087QNW2D06G06MH7JS,2,350.00,700.00,processing,2026-08-23 16:39:18.391945+08,2026-08-23 16:39:18.391945+08
1538,01M0MX49WHQ7PQ0W3ZP6XMYZMM,416951J7FD3NBDV1MM1QS36H,20,415.00,8300.00,processing,2026-08-23 16:39:18.391945+08,2026-08-23 16:39:18.391945+08
1541,01M0MX49WHSE7WFPAFC67275D9,414773WE720HJ0P121AG8FHQ,18,350.00,6300.00,pending,2026-08-23 16:39:18.391945+08,2026-08-23 16:39:18.391945+08
1542,01M0MX49WHSE7WFPAFC67275D9,408186TJ449WSVW673RWDK4X,18,30.00,540.00,pending,2026-08-23 16:39:18.391945+08,2026-08-23 16:39:18.391945+08
1543,01M0MX49WHSE7WFPAFC67275D9,412596TV7NC82RBGNTA0W8JZ,19,35.00,665.00,pending,2026-08-23 16:39:18.391945+08,2026-08-23 16:39:18.391945+08
1544,01M0MX49WH9P5374Y72877AAPE,4138050CXS9PQSNF661Q1A1F,5,140.00,700.00,pending,2026-08-23 16:39:18.391945+08,2026-08-23 16:39:18.391945+08
1545,01M0MX49WH9P5374Y72877AAPE,41511344QHQDJBZ4FRV45NKC,9,350.00,3150.00,pending,2026-08-23 16:39:18.391945+08,2026-08-23 16:39:18.391945+08
1546,01M0MX49WHVT903TAF45AFFBWC,4088862F2RR4FH8VD6HQ69ZM,9,350.00,3150.00,delivered,2026-08-23 16:39:18.391945+08,2026-08-23 16:39:18.391945+08
1547,01M0MX49WHZ096BVAPFC5J726X,412596TV7NC82RBGNTA0W8JZ,7,35.00,245.00,pending,2026-08-23 16:39:18.391945+08,2026-08-23 16:39:18.391945+08
1548,01M0MX49WHZ096BVAPFC5J726X,413521JP1792738MBB68XMK5,11,350.00,3850.00,pending,2026-08-23 16:39:18.391945+08,2026-08-23 16:39:18.391945+08
1549,01M0MX49WH2EPTSQ9FQVHG019R,41085841ZKREWJPCC4PWVWR7,19,15.00,285.00,confirmed,2026-08-23 16:39:18.391945+08,2026-08-23 16:39:18.391945+08
1550,01M0MX49WH2EPTSQ9FQVHG019R,4116065CZMHNTR71A86YWAMC,20,350.00,7000.00,confirmed,2026-08-23 16:39:18.391945+08,2026-08-23 16:39:18.391945+08
1551,01M0MX49WH2EPTSQ9FQVHG019R,413005KN3WGNAPH6NCQ5JCT9,10,350.00,3500.00,confirmed,2026-08-23 16:39:18.391945+08,2026-08-23 16:39:18.391945+08
1552,01M0MX49WH7A1AD3MVZAQ8D9TE,4162975Y25KN73W7KKDJGX6P,3,245.00,735.00,delivered,2026-08-23 16:39:18.391945+08,2026-08-23 16:39:18.391945+08
1553,01M0MX49WH7A1AD3MVZAQ8D9TE,407702R5D86R3CBB81E3X29M,11,350.00,3850.00,delivered,2026-08-23 16:39:18.391945+08,2026-08-23 16:39:18.391945+08
1554,01M0MX49WH7A1AD3MVZAQ8D9TE,4138050CXS9PQSNF661Q1A1F,14,140.00,1960.00,delivered,2026-08-23 16:39:18.391945+08,2026-08-23 16:39:18.391945+08
1555,01M0MX49WHC5PMG6SAFB5DBPDP,4088862F2RR4FH8VD6HQ69ZM,20,350.00,7000.00,cancelled,2026-08-23 16:39:18.391945+08,2026-08-23 16:39:18.391945+08
1561,01M0MX49WHSE6RTS393TQX6KET,412596TV7NC82RBGNTA0W8JZ,17,35.00,595.00,cancelled,2026-08-23 16:39:18.391945+08,2026-08-23 16:39:18.391945+08
1562,01M0MX49WHSE6RTS393TQX6KET,413521JP1792738MBB68XMK5,8,350.00,2800.00,cancelled,2026-08-23 16:39:18.391945+08,2026-08-23 16:39:18.391945+08
1563,01M0MX49WHSE6RTS393TQX6KET,41150684MEXX0KJ3HG4B279E,10,30.00,300.00,cancelled,2026-08-23 16:39:18.391945+08,2026-08-23 16:39:18.391945+08
1564,01M0MX49WH1ZTJDSH9XJ1DDF5P,413521JP1792738MBB68XMK5,16,350.00,5600.00,pending,2026-08-23 16:39:18.391945+08,2026-08-23 16:39:18.391945+08
1565,01M0MX49WH1ZTJDSH9XJ1DDF5P,412596TV7NC82RBGNTA0W8JZ,2,35.00,70.00,pending,2026-08-23 16:39:18.391945+08,2026-08-23 16:39:18.391945+08
1566,01M0MX49WHRF9TETS0SFDECBQS,4162975Y25KN73W7KKDJGX6P,17,245.00,4165.00,processing,2026-08-23 16:39:18.391945+08,2026-08-23 16:39:18.391945+08
1567,01M0MX49WHCJKF8XKVEF48ZK69,41511344QHQDJBZ4FRV45NKC,16,350.00,5600.00,delivered,2026-08-23 16:39:18.391945+08,2026-08-23 16:39:18.391945+08
1568,01M0MX49WHA0845RKY8BR7BHDT,413005KN3WGNAPH6NCQ5JCT9,19,350.00,6650.00,confirmed,2026-08-23 16:39:18.391945+08,2026-08-23 16:39:18.391945+08
1569,01M0MX49WHA0845RKY8BR7BHDT,409339V9MK4RHRG0A0XWT91W,18,485.00,8730.00,confirmed,2026-08-23 16:39:18.391945+08,2026-08-23 16:39:18.391945+08
1570,01M0MX49WH7AHQNDZW6AZD3N21,4088862F2RR4FH8VD6HQ69ZM,8,350.00,2800.00,cancelled,2026-08-23 16:39:18.391945+08,2026-08-23 16:39:18.391945+08
1571,01M0MX49WH7AHQNDZW6AZD3N21,413521JP1792738MBB68XMK5,9,350.00,3150.00,cancelled,2026-08-23 16:39:18.391945+08,2026-08-23 16:39:18.391945+08
1572,01M0MX49WH7AHQNDZW6AZD3N21,41150684MEXX0KJ3HG4B279E,11,30.00,330.00,cancelled,2026-08-23 16:39:18.391945+08,2026-08-23 16:39:18.391945+08
1573,01M0MX49WH506HD4H4RVHAXC0W,41150684MEXX0KJ3HG4B279E,14,30.00,420.00,pending,2026-08-23 16:39:18.391945+08,2026-08-23 16:39:18.391945+08
1574,01M0MX49WH506HD4H4RVHAXC0W,4138050CXS9PQSNF661Q1A1F,12,140.00,1680.00,pending,2026-08-23 16:39:18.391945+08,2026-08-23 16:39:18.391945+08
1575,01M0MX49WH506HD4H4RVHAXC0W,409339V9MK4RHRG0A0XWT91W,11,485.00,5335.00,pending,2026-08-23 16:39:18.391945+08,2026-08-23 16:39:18.391945+08
1579,01M0MX49WHBPPNHQ1B5B6CB42N,41511344QHQDJBZ4FRV45NKC,3,350.00,1050.00,confirmed,2026-08-23 16:39:18.391945+08,2026-08-23 16:39:18.391945+08
1580,01M0MX49WHBPPNHQ1B5B6CB42N,4116065CZMHNTR71A86YWAMC,2,350.00,700.00,confirmed,2026-08-23 16:39:18.391945+08,2026-08-23 16:39:18.391945+08
1581,01M0MX49WH3243YWC1K7X5K4XE,416951J7FD3NBDV1MM1QS36H,1,415.00,415.00,cancelled,2026-08-23 16:39:18.391945+08,2026-08-23 16:39:18.391945+08
1582,01M0MX49WHGX5JNC0FG7GV8KXN,416951J7FD3NBDV1MM1QS36H,15,415.00,6225.00,delivered,2026-08-23 16:39:18.391945+08,2026-08-23 16:39:18.391945+08
1583,01M0MX49WHBH8SVM07SDG3A1KZ,410258ZSW0QAXSVS8S3VV7TE,7,35.00,245.00,pending,2026-08-23 16:39:18.391945+08,2026-08-23 16:39:18.391945+08
1586,01M0MX49WHP63XPQNRQYGXDF5V,408186TJ449WSVW673RWDK4X,2,30.00,60.00,processing,2026-08-23 16:39:18.391945+08,2026-08-23 16:39:18.391945+08
1587,01M0MX49WHP63XPQNRQYGXDF5V,414773WE720HJ0P121AG8FHQ,6,350.00,2100.00,processing,2026-08-23 16:39:18.391945+08,2026-08-23 16:39:18.391945+08
1588,01M0MX49WHP63XPQNRQYGXDF5V,407702R5D86R3CBB81E3X29M,10,350.00,3500.00,processing,2026-08-23 16:39:18.391945+08,2026-08-23 16:39:18.391945+08
1589,01M0MX49WHEMHBHDV9NZP90Y86,414773WE720HJ0P121AG8FHQ,2,350.00,700.00,delivered,2026-08-23 16:39:18.391945+08,2026-08-23 16:39:18.391945+08
1590,01M0MX49WHEMHBHDV9NZP90Y86,416496PKZM0T9NY433H8KP6M,1,30.00,30.00,delivered,2026-08-23 16:39:18.391945+08,2026-08-23 16:39:18.391945+08
1591,01M0MX49WHEMHBHDV9NZP90Y86,413521JP1792738MBB68XMK5,13,350.00,4550.00,delivered,2026-08-23 16:39:18.391945+08,2026-08-23 16:39:18.391945+08
1592,01M0MX49WHFNHJ6M0HZF5JYJ56,4138050CXS9PQSNF661Q1A1F,4,140.00,560.00,delivered,2026-08-23 16:39:18.391945+08,2026-08-23 16:39:18.391945+08
1593,01M0MX49WHFNHJ6M0HZF5JYJ56,409420087QNW2D06G06MH7JS,10,350.00,3500.00,delivered,2026-08-23 16:39:18.391945+08,2026-08-23 16:39:18.391945+08
1594,01M0MX49WHFNHJ6M0HZF5JYJ56,413005KN3WGNAPH6NCQ5JCT9,13,350.00,4550.00,delivered,2026-08-23 16:39:18.391945+08,2026-08-23 16:39:18.391945+08
1595,01M0MX49WHPA9KV1TD8Q5E41QM,41085841ZKREWJPCC4PWVWR7,4,15.00,60.00,cancelled,2026-08-23 16:39:18.391945+08,2026-08-23 16:39:18.391945+08
1596,01M0MX49WHPA9KV1TD8Q5E41QM,409892D87XEVH1ZTZXV5F6C1,16,155.00,2480.00,cancelled,2026-08-23 16:39:18.391945+08,2026-08-23 16:39:18.391945+08
1597,01M0MX49WHPA9KV1TD8Q5E41QM,4082223DQAKGCJ8P0XHQQNB2,18,112.00,2016.00,cancelled,2026-08-23 16:39:18.391945+08,2026-08-23 16:39:18.391945+08
1598,01M0MX49WHX1432FHKNYWYDS3T,416496PKZM0T9NY433H8KP6M,18,30.00,540.00,confirmed,2026-08-23 16:39:18.391945+08,2026-08-23 16:39:18.391945+08
1599,01M0MX49WHX1432FHKNYWYDS3T,41085841ZKREWJPCC4PWVWR7,1,15.00,15.00,confirmed,2026-08-23 16:39:18.391945+08,2026-08-23 16:39:18.391945+08
1600,01M0MX49WHX1432FHKNYWYDS3T,407702R5D86R3CBB81E3X29M,8,350.00,2800.00,confirmed,2026-08-23 16:39:18.391945+08,2026-08-23 16:39:18.391945+08
1601,01M0MX49WHS54RFF6TJFZ88A2R,4162975Y25KN73W7KKDJGX6P,6,245.00,1470.00,confirmed,2026-08-23 16:39:18.391945+08,2026-08-23 16:39:18.391945+08
1602,01M0MX49WHS54RFF6TJFZ88A2R,409420087QNW2D06G06MH7JS,12,350.00,4200.00,confirmed,2026-08-23 16:39:18.391945+08,2026-08-23 16:39:18.391945+08
1603,01M0MX49WHKSEWMCBA5N302MCE,4088862F2RR4FH8VD6HQ69ZM,17,350.00,5950.00,processing,2026-08-23 16:39:18.391945+08,2026-08-23 16:39:18.391945+08
1604,01M0MX49WHKSEWMCBA5N302MCE,414773WE720HJ0P121AG8FHQ,2,350.00,700.00,processing,2026-08-23 16:39:18.391945+08,2026-08-23 16:39:18.391945+08
1605,01M0MX49WHP8YWRB2N6HSFVVCG,410258ZSW0QAXSVS8S3VV7TE,9,35.00,315.00,delivered,2026-08-23 16:39:18.391945+08,2026-08-23 16:39:18.391945+08
1606,01M0MX49WHW4MM9YHTN6372XMZ,411039DJMEE6FWS52GMATRN7,5,25.00,125.00,confirmed,2026-08-23 16:39:18.391945+08,2026-08-23 16:39:18.391945+08
1607,01M0MX49WHW4MM9YHTN6372XMZ,413521JP1792738MBB68XMK5,13,350.00,4550.00,confirmed,2026-08-23 16:39:18.391945+08,2026-08-23 16:39:18.391945+08
1608,01M0MX49WHAWCW6ZEKTQEBXHCZ,413005KN3WGNAPH6NCQ5JCT9,8,350.00,2800.00,cancelled,2026-08-23 16:39:18.391945+08,2026-08-23 16:39:18.391945+08
1609,01M0MX49WHAWCW6ZEKTQEBXHCZ,41150684MEXX0KJ3HG4B279E,8,30.00,240.00,cancelled,2026-08-23 16:39:18.391945+08,2026-08-23 16:39:18.391945+08
1610,01M0MX49WHAWCW6ZEKTQEBXHCZ,412596TV7NC82RBGNTA0W8JZ,5,35.00,175.00,cancelled,2026-08-23 16:39:18.391945+08,2026-08-23 16:39:18.391945+08
1611,01M0MX49WHR4QGRH5EZDQW8481,409892D87XEVH1ZTZXV5F6C1,15,155.00,2325.00,cancelled,2026-08-23 16:39:18.391945+08,2026-08-23 16:39:18.391945+08
1612,01M0MX49WHR4QGRH5EZDQW8481,410258ZSW0QAXSVS8S3VV7TE,5,35.00,175.00,cancelled,2026-08-23 16:39:18.391945+08,2026-08-23 16:39:18.391945+08
1613,01M0MX49WHR4QGRH5EZDQW8481,409339V9MK4RHRG0A0XWT91W,5,485.00,2425.00,cancelled,2026-08-23 16:39:18.391945+08,2026-08-23 16:39:18.391945+08
1615,01M0MX49WHTSBBQY5Z8R7NJGT7,41511344QHQDJBZ4FRV45NKC,19,350.00,6650.00,delivered,2026-08-23 16:39:18.391945+08,2026-08-23 16:39:18.391945+08
1616,01M0MX49WHTSBBQY5Z8R7NJGT7,417359ZGZV0QNH8M3DEYW8G5,11,350.00,3850.00,delivered,2026-08-23 16:39:18.391945+08,2026-08-23 16:39:18.391945+08
1620,01M0MX49WHKY5HF2FC19759GHC,416496PKZM0T9NY433H8KP6M,9,30.00,270.00,cancelled,2026-08-23 16:39:18.391945+08,2026-08-23 16:39:18.391945+08
1621,01M0MX49WHKY5HF2FC19759GHC,41511344QHQDJBZ4FRV45NKC,7,350.00,2450.00,cancelled,2026-08-23 16:39:18.391945+08,2026-08-23 16:39:18.391945+08
1622,01M0MX49WHYMZ6S1V6117ZY3BM,4082223DQAKGCJ8P0XHQQNB2,20,112.00,2240.00,pending,2026-08-23 16:39:18.391945+08,2026-08-23 16:39:18.391945+08
1626,01M0MX49WHKRKH2DCF4X61YRG8,41511344QHQDJBZ4FRV45NKC,17,350.00,5950.00,pending,2026-08-23 16:39:18.391945+08,2026-08-23 16:39:18.391945+08
1627,01M0MX49WHKRKH2DCF4X61YRG8,4082223DQAKGCJ8P0XHQQNB2,16,112.00,1792.00,pending,2026-08-23 16:39:18.391945+08,2026-08-23 16:39:18.391945+08
1628,01M0MX49WHZVNZ9QYFYEJM6CTP,411921G8X1MT1A4Z5EPH3YP4,16,30.00,480.00,confirmed,2026-08-23 16:39:18.391945+08,2026-08-23 16:39:18.391945+08
1629,01M0MX49WHZVNZ9QYFYEJM6CTP,41511344QHQDJBZ4FRV45NKC,6,350.00,2100.00,confirmed,2026-08-23 16:39:18.391945+08,2026-08-23 16:39:18.391945+08
1630,01M0MX49WHTPAWJNYJ6282ZWYA,409420087QNW2D06G06MH7JS,9,350.00,3150.00,confirmed,2026-08-23 16:39:18.391945+08,2026-08-23 16:39:18.391945+08
1631,01M0MX49WHTPAWJNYJ6282ZWYA,41150684MEXX0KJ3HG4B279E,8,30.00,240.00,confirmed,2026-08-23 16:39:18.391945+08,2026-08-23 16:39:18.391945+08
1632,01M0MX49WHYFGT825S8S5FA8VY,417359ZGZV0QNH8M3DEYW8G5,15,350.00,5250.00,delivered,2026-08-23 16:39:18.391945+08,2026-08-23 16:39:18.391945+08
1640,01M0MX49WH8WJA7SYXYG6GE976,408186TJ449WSVW673RWDK4X,18,30.00,540.00,delivered,2026-08-23 16:39:18.391945+08,2026-08-23 16:39:18.391945+08
1641,01M0MX49WHBFWD5W150NJV3HAT,410258ZSW0QAXSVS8S3VV7TE,13,35.00,455.00,cancelled,2026-08-23 16:39:18.391945+08,2026-08-23 16:39:18.391945+08
1642,01M0MX49WHRHTA7PQDHXA1NKH8,409339V9MK4RHRG0A0XWT91W,10,485.00,4850.00,delivered,2026-08-23 16:39:18.391945+08,2026-08-23 16:39:18.391945+08
1643,01M0MX49WH2XG2VV10V2G3AFT3,416951J7FD3NBDV1MM1QS36H,15,415.00,6225.00,processing,2026-08-23 16:39:18.391945+08,2026-08-23 16:39:18.391945+08
1644,01M0MX49WH2XG2VV10V2G3AFT3,417359ZGZV0QNH8M3DEYW8G5,14,350.00,4900.00,processing,2026-08-23 16:39:18.391945+08,2026-08-23 16:39:18.391945+08
1649,01M0MX49WHNYE8KCAXSPG7X659,409892D87XEVH1ZTZXV5F6C1,15,155.00,2325.00,pending,2026-08-23 16:39:18.391945+08,2026-08-23 16:39:18.391945+08
1650,01M0MX49WHNYE8KCAXSPG7X659,409420087QNW2D06G06MH7JS,6,350.00,2100.00,pending,2026-08-23 16:39:18.391945+08,2026-08-23 16:39:18.391945+08
1654,01M0MX49WHAPDFA1EZ3HTQXGW3,416496PKZM0T9NY433H8KP6M,12,30.00,360.00,pending,2026-08-23 16:39:18.391945+08,2026-08-23 16:39:18.391945+08
1655,01M0MX49WHAPDFA1EZ3HTQXGW3,413521JP1792738MBB68XMK5,17,350.00,5950.00,pending,2026-08-23 16:39:18.391945+08,2026-08-23 16:39:18.391945+08
1656,01M0MX49WHAPDFA1EZ3HTQXGW3,41085841ZKREWJPCC4PWVWR7,13,15.00,195.00,pending,2026-08-23 16:39:18.391945+08,2026-08-23 16:39:18.391945+08
1658,01M0MX49WHW9XD0V2R6CW2W2QR,409892D87XEVH1ZTZXV5F6C1,19,155.00,2945.00,pending,2026-08-23 16:39:18.391945+08,2026-08-23 16:39:18.391945+08
1659,01M0MX49WHF011C9AM82K4A37N,417359ZGZV0QNH8M3DEYW8G5,2,350.00,700.00,confirmed,2026-08-23 16:39:18.391945+08,2026-08-23 16:39:18.391945+08
1660,01M0MX49WHAKBTQEF0598RGY0V,416496PKZM0T9NY433H8KP6M,10,30.00,300.00,confirmed,2026-08-23 16:39:18.391945+08,2026-08-23 16:39:18.391945+08
1661,01M0MX49WHAKBTQEF0598RGY0V,413005KN3WGNAPH6NCQ5JCT9,6,350.00,2100.00,confirmed,2026-08-23 16:39:18.391945+08,2026-08-23 16:39:18.391945+08
1662,01M0MX49WHAKBTQEF0598RGY0V,4116065CZMHNTR71A86YWAMC,5,350.00,1750.00,confirmed,2026-08-23 16:39:18.391945+08,2026-08-23 16:39:18.391945+08
1663,01M0MX49WH40G4DVNBD88HVFMQ,409420087QNW2D06G06MH7JS,15,350.00,5250.00,pending,2026-08-23 16:39:18.391945+08,2026-08-23 16:39:18.391945+08
1664,01M0MX49WH40G4DVNBD88HVFMQ,411921G8X1MT1A4Z5EPH3YP4,16,30.00,480.00,pending,2026-08-23 16:39:18.391945+08,2026-08-23 16:39:18.391945+08
1665,01M0MX49WHPA6BY5A3XK4013ZZ,411921G8X1MT1A4Z5EPH3YP4,8,30.00,240.00,delivered,2026-08-23 16:39:18.391945+08,2026-08-23 16:39:18.391945+08
1666,01M0MX49WHPA6BY5A3XK4013ZZ,409339V9MK4RHRG0A0XWT91W,19,485.00,9215.00,delivered,2026-08-23 16:39:18.391945+08,2026-08-23 16:39:18.391945+08
1667,01M0MX49WHPA6BY5A3XK4013ZZ,411039DJMEE6FWS52GMATRN7,16,25.00,400.00,delivered,2026-08-23 16:39:18.391945+08,2026-08-23 16:39:18.391945+08
1668,01M0MX49WH93PHBD7GYN03A2TJ,4082223DQAKGCJ8P0XHQQNB2,20,112.00,2240.00,processing,2026-08-23 16:39:18.391945+08,2026-08-23 16:39:18.391945+08
1669,01M0MX49WH473ZGRSP74QJGYYF,414773WE720HJ0P121AG8FHQ,20,350.00,7000.00,confirmed,2026-08-23 16:39:18.391945+08,2026-08-23 16:39:18.391945+08
1670,01M0MX49WH473ZGRSP74QJGYYF,413005KN3WGNAPH6NCQ5JCT9,18,350.00,6300.00,confirmed,2026-08-23 16:39:18.391945+08,2026-08-23 16:39:18.391945+08
1671,01M0MX49WH473ZGRSP74QJGYYF,409339V9MK4RHRG0A0XWT91W,2,485.00,970.00,confirmed,2026-08-23 16:39:18.391945+08,2026-08-23 16:39:18.391945+08
1672,01M0MX49WH66BTJXT18GRATA0N,4138050CXS9PQSNF661Q1A1F,2,140.00,280.00,pending,2026-08-23 16:39:18.391945+08,2026-08-23 16:39:18.391945+08
1673,01M0MX49WH66BTJXT18GRATA0N,41511344QHQDJBZ4FRV45NKC,2,350.00,700.00,pending,2026-08-23 16:39:18.391945+08,2026-08-23 16:39:18.391945+08
1674,01M0MX49WH66BTJXT18GRATA0N,411039DJMEE6FWS52GMATRN7,19,25.00,475.00,pending,2026-08-23 16:39:18.391945+08,2026-08-23 16:39:18.391945+08
1675,01M0MX49WHGYZQCWYN4WYVCWBM,407702R5D86R3CBB81E3X29M,4,350.00,1400.00,confirmed,2026-08-23 16:39:18.391945+08,2026-08-23 16:39:18.391945+08
1676,01M0MX49WJFP4TDD6AZZKZXDCZ,411039DJMEE6FWS52GMATRN7,10,25.00,250.00,cancelled,2026-08-23 16:39:18.391945+08,2026-08-23 16:39:18.391945+08
1677,01M0MX49WJCR57F2NKP5WCP37X,4082223DQAKGCJ8P0XHQQNB2,19,112.00,2128.00,delivered,2026-08-23 16:39:18.391945+08,2026-08-23 16:39:18.391945+08
1678,01M0MX49WJCR57F2NKP5WCP37X,410258ZSW0QAXSVS8S3VV7TE,6,35.00,210.00,delivered,2026-08-23 16:39:18.391945+08,2026-08-23 16:39:18.391945+08
1679,01M0MX49WJCR57F2NKP5WCP37X,416496PKZM0T9NY433H8KP6M,19,30.00,570.00,delivered,2026-08-23 16:39:18.391945+08,2026-08-23 16:39:18.391945+08
1680,01M0MX49WJ3FKAFJQJTF3WAF4K,416951J7FD3NBDV1MM1QS36H,11,415.00,4565.00,cancelled,2026-08-23 16:39:18.391945+08,2026-08-23 16:39:18.391945+08
1681,01M0MX49WJ27C2K5SHT8R3EGS6,41150684MEXX0KJ3HG4B279E,18,30.00,540.00,delivered,2026-08-23 16:39:18.391945+08,2026-08-23 16:39:18.391945+08
1682,01M0MX49WJPNRMZKDBSTS8JTR4,4116065CZMHNTR71A86YWAMC,9,350.00,3150.00,confirmed,2026-08-23 16:39:18.391945+08,2026-08-23 16:39:18.391945+08
1686,01M0MX49WJAD0F856KPBNA8WFF,41085841ZKREWJPCC4PWVWR7,20,15.00,300.00,cancelled,2026-08-23 16:39:18.391945+08,2026-08-23 16:39:18.391945+08
1687,01M0MX49WJAD0F856KPBNA8WFF,41085841ZKREWJPCC4PWVWR7,10,15.00,150.00,cancelled,2026-08-23 16:39:18.391945+08,2026-08-23 16:39:18.391945+08
1690,01M0MX49WJ2703R55GWA2VH2PW,412596TV7NC82RBGNTA0W8JZ,16,35.00,560.00,delivered,2026-08-23 16:39:18.391945+08,2026-08-23 16:39:18.391945+08
1691,01M0MX49WJ2703R55GWA2VH2PW,408186TJ449WSVW673RWDK4X,16,30.00,480.00,delivered,2026-08-23 16:39:18.391945+08,2026-08-23 16:39:18.391945+08
1692,01M0MX49WJ2703R55GWA2VH2PW,411921G8X1MT1A4Z5EPH3YP4,6,30.00,180.00,delivered,2026-08-23 16:39:18.391945+08,2026-08-23 16:39:18.391945+08
1693,01M0MX49WJG9VE3R4A2T2G4YRZ,409339V9MK4RHRG0A0XWT91W,1,485.00,485.00,confirmed,2026-08-23 16:39:18.391945+08,2026-08-23 16:39:18.391945+08
1694,01M0MX49WJG9VE3R4A2T2G4YRZ,4116065CZMHNTR71A86YWAMC,1,350.00,350.00,confirmed,2026-08-23 16:39:18.391945+08,2026-08-23 16:39:18.391945+08
1696,01M0MX49WJYD5D0D249XYBJNJD,4138050CXS9PQSNF661Q1A1F,18,140.00,2520.00,processing,2026-08-23 16:39:18.391945+08,2026-08-23 16:39:18.391945+08
1697,01M0MX49WJYD5D0D249XYBJNJD,413005KN3WGNAPH6NCQ5JCT9,7,350.00,2450.00,processing,2026-08-23 16:39:18.391945+08,2026-08-23 16:39:18.391945+08
1701,01M0MX49WJ1YYS8C0RBFFBKPPR,4116065CZMHNTR71A86YWAMC,11,350.00,3850.00,confirmed,2026-08-23 16:39:18.391945+08,2026-08-23 16:39:18.391945+08
1702,01M0MX49WJ96GABRRR6PDETSYN,4082223DQAKGCJ8P0XHQQNB2,1,112.00,112.00,processing,2026-08-23 16:39:18.391945+08,2026-08-23 16:39:18.391945+08
1703,01M0MX49WJ96GABRRR6PDETSYN,417359ZGZV0QNH8M3DEYW8G5,7,350.00,2450.00,processing,2026-08-23 16:39:18.391945+08,2026-08-23 16:39:18.391945+08
1704,01M0MX49WJ96GABRRR6PDETSYN,409892D87XEVH1ZTZXV5F6C1,11,155.00,1705.00,processing,2026-08-23 16:39:18.391945+08,2026-08-23 16:39:18.391945+08
1705,01M0MX49WJ7FE9897SMS5NRNTV,413005KN3WGNAPH6NCQ5JCT9,5,350.00,1750.00,delivered,2026-08-23 16:39:18.391945+08,2026-08-23 16:39:18.391945+08
1706,01M0MX49WJ9C22971SCQ9ATYPM,410258ZSW0QAXSVS8S3VV7TE,11,35.00,385.00,confirmed,2026-08-23 16:39:18.391945+08,2026-08-23 16:39:18.391945+08
1707,01M0MX49WJ9C22971SCQ9ATYPM,416496PKZM0T9NY433H8KP6M,14,30.00,420.00,confirmed,2026-08-23 16:39:18.391945+08,2026-08-23 16:39:18.391945+08
1708,01M0MX49WJJ21K9HPWXKS0RBSS,412596TV7NC82RBGNTA0W8JZ,11,35.00,385.00,delivered,2026-08-23 16:39:18.391945+08,2026-08-23 16:39:18.391945+08
1709,01M0MX49WJJ21K9HPWXKS0RBSS,410258ZSW0QAXSVS8S3VV7TE,18,35.00,630.00,delivered,2026-08-23 16:39:18.391945+08,2026-08-23 16:39:18.391945+08
1710,01M0MX49WJYHNQE75245N59Q3G,409892D87XEVH1ZTZXV5F6C1,12,155.00,1860.00,confirmed,2026-08-23 16:39:18.391945+08,2026-08-23 16:39:18.391945+08
1711,01M0MX49WJYHNQE75245N59Q3G,413521JP1792738MBB68XMK5,5,350.00,1750.00,confirmed,2026-08-23 16:39:18.391945+08,2026-08-23 16:39:18.391945+08
1712,01M0MX49WJYHNQE75245N59Q3G,414773WE720HJ0P121AG8FHQ,1,350.00,350.00,confirmed,2026-08-23 16:39:18.391945+08,2026-08-23 16:39:18.391945+08
1713,01M0MX49WJRFNK5SFAB2663Q9V,410258ZSW0QAXSVS8S3VV7TE,6,35.00,210.00,cancelled,2026-08-23 16:39:18.391945+08,2026-08-23 16:39:18.391945+08
1714,01M0MX49WJRFNK5SFAB2663Q9V,412596TV7NC82RBGNTA0W8JZ,20,35.00,700.00,cancelled,2026-08-23 16:39:18.391945+08,2026-08-23 16:39:18.391945+08
1715,01M0MX49WJRFNK5SFAB2663Q9V,4162975Y25KN73W7KKDJGX6P,6,245.00,1470.00,cancelled,2026-08-23 16:39:18.391945+08,2026-08-23 16:39:18.391945+08
1716,01M0MX49WJ14HZSPN448PXEK73,41085841ZKREWJPCC4PWVWR7,11,15.00,165.00,pending,2026-08-23 16:39:18.391945+08,2026-08-23 16:39:18.391945+08
1717,01M0MX49WJ14HZSPN448PXEK73,41085841ZKREWJPCC4PWVWR7,2,15.00,30.00,pending,2026-08-23 16:39:18.391945+08,2026-08-23 16:39:18.391945+08
1718,01M0MX49WJ06H9QJ347SWQDF2R,4088862F2RR4FH8VD6HQ69ZM,12,350.00,4200.00,processing,2026-08-23 16:39:18.391945+08,2026-08-23 16:39:18.391945+08
1719,01M0MX49WJ06H9QJ347SWQDF2R,416496PKZM0T9NY433H8KP6M,10,30.00,300.00,processing,2026-08-23 16:39:18.391945+08,2026-08-23 16:39:18.391945+08
1721,01M0MX49WJFDGC1S8GS0SKYSP0,416496PKZM0T9NY433H8KP6M,17,30.00,510.00,delivered,2026-08-23 16:39:18.391945+08,2026-08-23 16:39:18.391945+08
1722,01M0MX49WJ6QWDYKS10ZCGT459,41511344QHQDJBZ4FRV45NKC,7,350.00,2450.00,delivered,2026-08-23 16:39:18.391945+08,2026-08-23 16:39:18.391945+08
1723,01M0MX49WJ6QWDYKS10ZCGT459,409892D87XEVH1ZTZXV5F6C1,16,155.00,2480.00,delivered,2026-08-23 16:39:18.391945+08,2026-08-23 16:39:18.391945+08
1724,01M0MX49WJ6QWDYKS10ZCGT459,408186TJ449WSVW673RWDK4X,10,30.00,300.00,delivered,2026-08-23 16:39:18.391945+08,2026-08-23 16:39:18.391945+08
1725,01M0MX49WJMKZHKXVG26KDPYFS,408186TJ449WSVW673RWDK4X,5,30.00,150.00,pending,2026-08-23 16:39:18.391945+08,2026-08-23 16:39:18.391945+08
1726,01M0MX49WJD5BWAER99DF6WE6Q,4162975Y25KN73W7KKDJGX6P,17,245.00,4165.00,delivered,2026-08-23 16:39:18.391945+08,2026-08-23 16:39:18.391945+08
1727,01M0MX49WJD5BWAER99DF6WE6Q,4116065CZMHNTR71A86YWAMC,1,350.00,350.00,delivered,2026-08-23 16:39:18.391945+08,2026-08-23 16:39:18.391945+08
1728,01M0MX49WJP7GAW53XD079TT2N,4082223DQAKGCJ8P0XHQQNB2,3,112.00,336.00,cancelled,2026-08-23 16:39:18.391945+08,2026-08-23 16:39:18.391945+08
1729,01M0MX49WJP7GAW53XD079TT2N,409892D87XEVH1ZTZXV5F6C1,15,155.00,2325.00,cancelled,2026-08-23 16:39:18.391945+08,2026-08-23 16:39:18.391945+08
1730,01M0MX49WJP7GAW53XD079TT2N,407702R5D86R3CBB81E3X29M,4,350.00,1400.00,cancelled,2026-08-23 16:39:18.391945+08,2026-08-23 16:39:18.391945+08
1731,01M0MX49WJJCCT4V23RZ5S8SZE,416951J7FD3NBDV1MM1QS36H,1,415.00,415.00,delivered,2026-08-23 16:39:18.391945+08,2026-08-23 16:39:18.391945+08
1732,01M0MX49WJJCCT4V23RZ5S8SZE,412596TV7NC82RBGNTA0W8JZ,10,35.00,350.00,delivered,2026-08-23 16:39:18.391945+08,2026-08-23 16:39:18.391945+08
1733,01M0MX49WJJCCT4V23RZ5S8SZE,413005KN3WGNAPH6NCQ5JCT9,7,350.00,2450.00,delivered,2026-08-23 16:39:18.391945+08,2026-08-23 16:39:18.391945+08
1734,01M0MX49WJT5J8JZ70EWA7F0MZ,414773WE720HJ0P121AG8FHQ,18,350.00,6300.00,confirmed,2026-08-23 16:39:18.391945+08,2026-08-23 16:39:18.391945+08
1735,01M0MX49WJT5J8JZ70EWA7F0MZ,409892D87XEVH1ZTZXV5F6C1,15,155.00,2325.00,confirmed,2026-08-23 16:39:18.391945+08,2026-08-23 16:39:18.391945+08
1736,01M0MX49WJK7ZRJABN4S35Z144,414773WE720HJ0P121AG8FHQ,4,350.00,1400.00,confirmed,2026-08-23 16:39:18.391945+08,2026-08-23 16:39:18.391945+08
1737,01M0MX49WJTSQ3H2QV7G6ZQH2Q,408186TJ449WSVW673RWDK4X,4,30.00,120.00,cancelled,2026-08-23 16:39:18.391945+08,2026-08-23 16:39:18.391945+08
1738,01M0MX49WJTSQ3H2QV7G6ZQH2Q,409339V9MK4RHRG0A0XWT91W,18,485.00,8730.00,cancelled,2026-08-23 16:39:18.391945+08,2026-08-23 16:39:18.391945+08
1739,01M0MX49WJTSQ3H2QV7G6ZQH2Q,4138050CXS9PQSNF661Q1A1F,18,140.00,2520.00,cancelled,2026-08-23 16:39:18.391945+08,2026-08-23 16:39:18.391945+08
1740,01M0MX49WJMX5N9AFE2RE2KMKS,416951J7FD3NBDV1MM1QS36H,19,415.00,7885.00,confirmed,2026-08-23 16:39:18.391945+08,2026-08-23 16:39:18.391945+08
1741,01M0MX49WJMX5N9AFE2RE2KMKS,4088862F2RR4FH8VD6HQ69ZM,6,350.00,2100.00,confirmed,2026-08-23 16:39:18.391945+08,2026-08-23 16:39:18.391945+08
1742,01M0MX49WJMX5N9AFE2RE2KMKS,413521JP1792738MBB68XMK5,10,350.00,3500.00,confirmed,2026-08-23 16:39:18.391945+08,2026-08-23 16:39:18.391945+08
1743,01M0MX49WJQ7ZKTZEA2SMB4C8T,416496PKZM0T9NY433H8KP6M,2,30.00,60.00,delivered,2026-08-23 16:39:18.391945+08,2026-08-23 16:39:18.391945+08
1744,01M0MX49WJQ7ZKTZEA2SMB4C8T,41511344QHQDJBZ4FRV45NKC,1,350.00,350.00,delivered,2026-08-23 16:39:18.391945+08,2026-08-23 16:39:18.391945+08
1745,01M0MX49WJQ7ZKTZEA2SMB4C8T,411921G8X1MT1A4Z5EPH3YP4,2,30.00,60.00,delivered,2026-08-23 16:39:18.391945+08,2026-08-23 16:39:18.391945+08
1746,01M0MX49WJJ4RWQJT42ANHYGXF,41150684MEXX0KJ3HG4B279E,13,30.00,390.00,processing,2026-08-23 16:39:18.391945+08,2026-08-23 16:39:18.391945+08
1747,01M0MX49WJ83VKNK030AEQ30ZJ,413005KN3WGNAPH6NCQ5JCT9,15,350.00,5250.00,delivered,2026-08-23 16:39:18.391945+08,2026-08-23 16:39:18.391945+08
1748,01M0MX49WJ83VKNK030AEQ30ZJ,4082223DQAKGCJ8P0XHQQNB2,12,112.00,1344.00,delivered,2026-08-23 16:39:18.391945+08,2026-08-23 16:39:18.391945+08
1749,01M0MX49WJ83VKNK030AEQ30ZJ,416951J7FD3NBDV1MM1QS36H,11,415.00,4565.00,delivered,2026-08-23 16:39:18.391945+08,2026-08-23 16:39:18.391945+08
1750,01M0MX49WJN32ATX5VDQ8RE1XD,410258ZSW0QAXSVS8S3VV7TE,3,35.00,105.00,delivered,2026-08-23 16:39:18.391945+08,2026-08-23 16:39:18.391945+08
1751,01M0MX49WJN32ATX5VDQ8RE1XD,416496PKZM0T9NY433H8KP6M,19,30.00,570.00,delivered,2026-08-23 16:39:18.391945+08,2026-08-23 16:39:18.391945+08
1752,01M0MX49WJN32ATX5VDQ8RE1XD,41511344QHQDJBZ4FRV45NKC,3,350.00,1050.00,delivered,2026-08-23 16:39:18.391945+08,2026-08-23 16:39:18.391945+08
1753,01M0MX49WJ5WBBCXCQRXYXT4J7,411039DJMEE6FWS52GMATRN7,15,25.00,375.00,pending,2026-08-23 16:39:18.391945+08,2026-08-23 16:39:18.391945+08
1754,01M0MX49WJ5WBBCXCQRXYXT4J7,411921G8X1MT1A4Z5EPH3YP4,8,30.00,240.00,pending,2026-08-23 16:39:18.391945+08,2026-08-23 16:39:18.391945+08
1755,01M0MX49WJKFMKESMA3RKC1KH4,414773WE720HJ0P121AG8FHQ,12,350.00,4200.00,pending,2026-08-23 16:39:18.391945+08,2026-08-23 16:39:18.391945+08
1756,01M0MX49WJKFMKESMA3RKC1KH4,4162975Y25KN73W7KKDJGX6P,6,245.00,1470.00,pending,2026-08-23 16:39:18.391945+08,2026-08-23 16:39:18.391945+08
1757,01M0MX49WJKFMKESMA3RKC1KH4,41085841ZKREWJPCC4PWVWR7,11,15.00,165.00,pending,2026-08-23 16:39:18.391945+08,2026-08-23 16:39:18.391945+08
1759,01M0MX49WJQPKF4V05TS019WNQ,417359ZGZV0QNH8M3DEYW8G5,10,350.00,3500.00,processing,2026-08-23 16:39:18.391945+08,2026-08-23 16:39:18.391945+08
1760,01M0MX49WJQPKF4V05TS019WNQ,4138050CXS9PQSNF661Q1A1F,20,140.00,2800.00,processing,2026-08-23 16:39:18.391945+08,2026-08-23 16:39:18.391945+08
1761,01M0MX49WJSK3DZBB93SZ623QX,4162975Y25KN73W7KKDJGX6P,4,245.00,980.00,pending,2026-08-23 16:39:18.391945+08,2026-08-23 16:39:18.391945+08
1763,01M0MX49WJWSWE2B3ZP1T5VEWB,4088862F2RR4FH8VD6HQ69ZM,20,350.00,7000.00,processing,2026-08-23 16:39:18.391945+08,2026-08-23 16:39:18.391945+08
1764,01M0MX49WJWSWE2B3ZP1T5VEWB,4088862F2RR4FH8VD6HQ69ZM,18,350.00,6300.00,processing,2026-08-23 16:39:18.391945+08,2026-08-23 16:39:18.391945+08
1765,01M0MX49WJFXCPJSC2N9SG9ZWC,413521JP1792738MBB68XMK5,11,350.00,3850.00,cancelled,2026-08-23 16:39:18.391945+08,2026-08-23 16:39:18.391945+08
1766,01M0MX49WJFXCPJSC2N9SG9ZWC,409339V9MK4RHRG0A0XWT91W,19,485.00,9215.00,cancelled,2026-08-23 16:39:18.391945+08,2026-08-23 16:39:18.391945+08
1767,01M0MX49WJFK7TK14YM58T7H39,412596TV7NC82RBGNTA0W8JZ,11,35.00,385.00,delivered,2026-08-23 16:39:18.391945+08,2026-08-23 16:39:18.391945+08
1768,01M0MX49WJFK7TK14YM58T7H39,410258ZSW0QAXSVS8S3VV7TE,8,35.00,280.00,delivered,2026-08-23 16:39:18.391945+08,2026-08-23 16:39:18.391945+08
1769,01M0MX49WJYS6RYKP2SK00NFN8,41085841ZKREWJPCC4PWVWR7,19,15.00,285.00,delivered,2026-08-23 16:39:18.391945+08,2026-08-23 16:39:18.391945+08
1770,01M0MX49WJ46A31XDP9FG80DC6,416496PKZM0T9NY433H8KP6M,11,30.00,330.00,pending,2026-08-23 16:39:18.391945+08,2026-08-23 16:39:18.391945+08
1771,01M0MX49WJ46A31XDP9FG80DC6,410258ZSW0QAXSVS8S3VV7TE,4,35.00,140.00,pending,2026-08-23 16:39:18.391945+08,2026-08-23 16:39:18.391945+08
1772,01M0MX49WJ46A31XDP9FG80DC6,416496PKZM0T9NY433H8KP6M,6,30.00,180.00,pending,2026-08-23 16:39:18.391945+08,2026-08-23 16:39:18.391945+08
1773,01M0MX49WJA9VP3J8AMJVVMHMT,4082223DQAKGCJ8P0XHQQNB2,4,112.00,448.00,cancelled,2026-08-23 16:39:18.391945+08,2026-08-23 16:39:18.391945+08
1774,01M0MX49WJYX1M4E1SMZJ5Z4ZM,409892D87XEVH1ZTZXV5F6C1,16,155.00,2480.00,delivered,2026-08-23 16:39:18.391945+08,2026-08-23 16:39:18.391945+08
1775,01M0MX49WJYX1M4E1SMZJ5Z4ZM,413005KN3WGNAPH6NCQ5JCT9,2,350.00,700.00,delivered,2026-08-23 16:39:18.391945+08,2026-08-23 16:39:18.391945+08
1776,01M0MX49WJ2F1SPR2XTM1MTC9X,412596TV7NC82RBGNTA0W8JZ,1,35.00,35.00,confirmed,2026-08-23 16:39:18.391945+08,2026-08-23 16:39:18.391945+08
1777,01M0MX49WJ6PDFHW476SGCY6HG,410258ZSW0QAXSVS8S3VV7TE,10,35.00,350.00,delivered,2026-08-23 16:39:18.391945+08,2026-08-23 16:39:18.391945+08
1778,01M0MX49WJ6PDFHW476SGCY6HG,4162975Y25KN73W7KKDJGX6P,20,245.00,4900.00,delivered,2026-08-23 16:39:18.391945+08,2026-08-23 16:39:18.391945+08
1779,01M0MX49WJWZY12ZD27YGAHAQJ,411039DJMEE6FWS52GMATRN7,11,25.00,275.00,processing,2026-08-23 16:39:18.391945+08,2026-08-23 16:39:18.391945+08
1786,01M0MX49WJ7NKS84RHK26VMJYT,4138050CXS9PQSNF661Q1A1F,4,140.00,560.00,pending,2026-08-23 16:39:18.391945+08,2026-08-23 16:39:18.391945+08
1787,01M0MX49WJ7NKS84RHK26VMJYT,416951J7FD3NBDV1MM1QS36H,1,415.00,415.00,pending,2026-08-23 16:39:18.391945+08,2026-08-23 16:39:18.391945+08
1788,01M0MX49WJ7NKS84RHK26VMJYT,4088862F2RR4FH8VD6HQ69ZM,14,350.00,4900.00,pending,2026-08-23 16:39:18.391945+08,2026-08-23 16:39:18.391945+08
1789,01M0MX49WJA524W5CTDM879Y4T,41085841ZKREWJPCC4PWVWR7,13,15.00,195.00,processing,2026-08-23 16:39:18.391945+08,2026-08-23 16:39:18.391945+08
1790,01M0MX49WJA524W5CTDM879Y4T,4162975Y25KN73W7KKDJGX6P,13,245.00,3185.00,processing,2026-08-23 16:39:18.391945+08,2026-08-23 16:39:18.391945+08
1794,01M0MX49WJ4X3F0EC5758AQTSZ,416951J7FD3NBDV1MM1QS36H,5,415.00,2075.00,delivered,2026-08-23 16:39:18.391945+08,2026-08-23 16:39:18.391945+08
1795,01M0MX49WJG2PK47Z90CKM49G6,409420087QNW2D06G06MH7JS,5,350.00,1750.00,pending,2026-08-23 16:39:18.391945+08,2026-08-23 16:39:18.391945+08
1796,01M0MX49WJG2PK47Z90CKM49G6,411921G8X1MT1A4Z5EPH3YP4,14,30.00,420.00,pending,2026-08-23 16:39:18.391945+08,2026-08-23 16:39:18.391945+08
1797,01M0MX49WJG2PK47Z90CKM49G6,41511344QHQDJBZ4FRV45NKC,3,350.00,1050.00,pending,2026-08-23 16:39:18.391945+08,2026-08-23 16:39:18.391945+08
1802,01M0MX49WJ038J3PRT1V40YY97,409420087QNW2D06G06MH7JS,19,350.00,6650.00,confirmed,2026-08-23 16:39:18.391945+08,2026-08-23 16:39:18.391945+08
1803,01M0MX49WJ038J3PRT1V40YY97,411921G8X1MT1A4Z5EPH3YP4,8,30.00,240.00,confirmed,2026-08-23 16:39:18.391945+08,2026-08-23 16:39:18.391945+08
1804,01M0MX49WJ038J3PRT1V40YY97,41085841ZKREWJPCC4PWVWR7,17,15.00,255.00,confirmed,2026-08-23 16:39:18.391945+08,2026-08-23 16:39:18.391945+08
1805,01M0MX49WJY20BAT78P825F2C8,412596TV7NC82RBGNTA0W8JZ,12,35.00,420.00,processing,2026-08-23 16:39:18.391945+08,2026-08-23 16:39:18.391945+08
1806,01M0MX49WJY20BAT78P825F2C8,407702R5D86R3CBB81E3X29M,2,350.00,700.00,processing,2026-08-23 16:39:18.391945+08,2026-08-23 16:39:18.391945+08
1807,01M0MX49WJY20BAT78P825F2C8,412596TV7NC82RBGNTA0W8JZ,16,35.00,560.00,processing,2026-08-23 16:39:18.391945+08,2026-08-23 16:39:18.391945+08
1808,01M0MX49WJR696B6CT6H5WFZXW,41085841ZKREWJPCC4PWVWR7,3,15.00,45.00,pending,2026-08-23 16:39:18.391945+08,2026-08-23 16:39:18.391945+08
1809,01M0MX49WJR696B6CT6H5WFZXW,41511344QHQDJBZ4FRV45NKC,17,350.00,5950.00,pending,2026-08-23 16:39:18.391945+08,2026-08-23 16:39:18.391945+08
1811,01M0MX49WJ5PAWN0S0KYQ1RTMR,411039DJMEE6FWS52GMATRN7,3,25.00,75.00,confirmed,2026-08-23 16:39:18.391945+08,2026-08-23 16:39:18.391945+08
1812,01M0MX49WJ5PAWN0S0KYQ1RTMR,411039DJMEE6FWS52GMATRN7,18,25.00,450.00,confirmed,2026-08-23 16:39:18.391945+08,2026-08-23 16:39:18.391945+08
1813,01M0MX49WJ5PAWN0S0KYQ1RTMR,412596TV7NC82RBGNTA0W8JZ,10,35.00,350.00,confirmed,2026-08-23 16:39:18.391945+08,2026-08-23 16:39:18.391945+08
1814,01M0MX49WJ3G8YAZVG04D5GHBC,410258ZSW0QAXSVS8S3VV7TE,1,35.00,35.00,pending,2026-08-23 16:39:18.391945+08,2026-08-23 16:39:18.391945+08
1815,01M0MX49WJ3G8YAZVG04D5GHBC,411921G8X1MT1A4Z5EPH3YP4,15,30.00,450.00,pending,2026-08-23 16:39:18.391945+08,2026-08-23 16:39:18.391945+08
1816,01M0MX49WJRSXF0109CXDK1KXE,409892D87XEVH1ZTZXV5F6C1,14,155.00,2170.00,delivered,2026-08-23 16:39:18.391945+08,2026-08-23 16:39:18.391945+08
1817,01M0MX49WJRSXF0109CXDK1KXE,4138050CXS9PQSNF661Q1A1F,10,140.00,1400.00,delivered,2026-08-23 16:39:18.391945+08,2026-08-23 16:39:18.391945+08
1818,01M0MX49WJRSXF0109CXDK1KXE,416951J7FD3NBDV1MM1QS36H,6,415.00,2490.00,delivered,2026-08-23 16:39:18.391945+08,2026-08-23 16:39:18.391945+08
1819,01M0MX49WJWYCP6S55R3E0AHTB,416951J7FD3NBDV1MM1QS36H,19,415.00,7885.00,delivered,2026-08-23 16:39:18.391945+08,2026-08-23 16:39:18.391945+08
1820,01M0MX49WJWYCP6S55R3E0AHTB,414773WE720HJ0P121AG8FHQ,2,350.00,700.00,delivered,2026-08-23 16:39:18.391945+08,2026-08-23 16:39:18.391945+08
1821,01M0MX49WJWYCP6S55R3E0AHTB,413005KN3WGNAPH6NCQ5JCT9,16,350.00,5600.00,delivered,2026-08-23 16:39:18.391945+08,2026-08-23 16:39:18.391945+08
1822,01M0MX49WJM0NMJHEJXF3XQB75,411039DJMEE6FWS52GMATRN7,10,25.00,250.00,confirmed,2026-08-23 16:39:18.391945+08,2026-08-23 16:39:18.391945+08
1823,01M0MX49WJ4VNH5E6KTCCDXW9M,413521JP1792738MBB68XMK5,5,350.00,1750.00,pending,2026-08-23 16:39:18.391945+08,2026-08-23 16:39:18.391945+08
1824,01M0MX49WJ4VNH5E6KTCCDXW9M,408186TJ449WSVW673RWDK4X,3,30.00,90.00,pending,2026-08-23 16:39:18.391945+08,2026-08-23 16:39:18.391945+08
1825,01M0MX49WJ51E2Y8EQT6EN8F8M,414773WE720HJ0P121AG8FHQ,9,350.00,3150.00,confirmed,2026-08-23 16:39:18.391945+08,2026-08-23 16:39:18.391945+08
1826,01M0MX49WJ51E2Y8EQT6EN8F8M,414773WE720HJ0P121AG8FHQ,1,350.00,350.00,confirmed,2026-08-23 16:39:18.391945+08,2026-08-23 16:39:18.391945+08
1827,01M0MX49WJ51E2Y8EQT6EN8F8M,4116065CZMHNTR71A86YWAMC,20,350.00,7000.00,confirmed,2026-08-23 16:39:18.391945+08,2026-08-23 16:39:18.391945+08
1828,01M0MX49WJARRSVZHYV6M1KRYX,41511344QHQDJBZ4FRV45NKC,15,350.00,5250.00,delivered,2026-08-23 16:39:18.391945+08,2026-08-23 16:39:18.391945+08
1829,01M0MX49WJARRSVZHYV6M1KRYX,4138050CXS9PQSNF661Q1A1F,6,140.00,840.00,delivered,2026-08-23 16:39:18.391945+08,2026-08-23 16:39:18.391945+08
1830,01M0MX49WJARRSVZHYV6M1KRYX,414773WE720HJ0P121AG8FHQ,8,350.00,2800.00,delivered,2026-08-23 16:39:18.391945+08,2026-08-23 16:39:18.391945+08
1831,01M0MX49WJYWXGXC5KQ31ECYG1,407702R5D86R3CBB81E3X29M,11,350.00,3850.00,confirmed,2026-08-23 16:39:18.391945+08,2026-08-23 16:39:18.391945+08
1832,01M0MX49WJYWXGXC5KQ31ECYG1,413521JP1792738MBB68XMK5,5,350.00,1750.00,confirmed,2026-08-23 16:39:18.391945+08,2026-08-23 16:39:18.391945+08
1833,01M0MX49WJYWXGXC5KQ31ECYG1,4082223DQAKGCJ8P0XHQQNB2,5,112.00,560.00,confirmed,2026-08-23 16:39:18.391945+08,2026-08-23 16:39:18.391945+08
1834,01M0MX49WJRW388V5G6XSKCXW2,4162975Y25KN73W7KKDJGX6P,8,245.00,1960.00,delivered,2026-08-23 16:39:18.391945+08,2026-08-23 16:39:18.391945+08
1835,01M0MX49WJRW388V5G6XSKCXW2,411039DJMEE6FWS52GMATRN7,15,25.00,375.00,delivered,2026-08-23 16:39:18.391945+08,2026-08-23 16:39:18.391945+08
1836,01M0MX49WJ9YV3HQKV0NN0ZC7V,4138050CXS9PQSNF661Q1A1F,2,140.00,280.00,confirmed,2026-08-23 16:39:18.391945+08,2026-08-23 16:39:18.391945+08
1837,01M0MX49WJ9YV3HQKV0NN0ZC7V,413005KN3WGNAPH6NCQ5JCT9,9,350.00,3150.00,confirmed,2026-08-23 16:39:18.391945+08,2026-08-23 16:39:18.391945+08
1838,01M0MX49WJ9YV3HQKV0NN0ZC7V,4116065CZMHNTR71A86YWAMC,2,350.00,700.00,confirmed,2026-08-23 16:39:18.391945+08,2026-08-23 16:39:18.391945+08
1841,01M0MX49WJG2C28TGMQPJ6YDV8,411921G8X1MT1A4Z5EPH3YP4,9,30.00,270.00,delivered,2026-08-23 16:39:18.391945+08,2026-08-23 16:39:18.391945+08
1842,01M0MX49WJG2C28TGMQPJ6YDV8,41511344QHQDJBZ4FRV45NKC,17,350.00,5950.00,delivered,2026-08-23 16:39:18.391945+08,2026-08-23 16:39:18.391945+08
1843,01M0MX49WJ8EYMNJQ2239BB7GB,4162975Y25KN73W7KKDJGX6P,11,245.00,2695.00,pending,2026-08-23 16:39:18.391945+08,2026-08-23 16:39:18.391945+08
1844,01M0MX49WJ8EYMNJQ2239BB7GB,408186TJ449WSVW673RWDK4X,2,30.00,60.00,pending,2026-08-23 16:39:18.391945+08,2026-08-23 16:39:18.391945+08
1845,01M0MX49WJY91ZW0GF00MM26EV,4138050CXS9PQSNF661Q1A1F,14,140.00,1960.00,delivered,2026-08-23 16:39:18.391945+08,2026-08-23 16:39:18.391945+08
1846,01M0MX49WJY91ZW0GF00MM26EV,4082223DQAKGCJ8P0XHQQNB2,9,112.00,1008.00,delivered,2026-08-23 16:39:18.391945+08,2026-08-23 16:39:18.391945+08
1847,01M0MX49WJY91ZW0GF00MM26EV,409892D87XEVH1ZTZXV5F6C1,9,155.00,1395.00,delivered,2026-08-23 16:39:18.391945+08,2026-08-23 16:39:18.391945+08
1848,01M0MX49WJWSC5DF3T69RB8Q35,413005KN3WGNAPH6NCQ5JCT9,19,350.00,6650.00,delivered,2026-08-23 16:39:18.391945+08,2026-08-23 16:39:18.391945+08
1849,01M0MX49WJWSC5DF3T69RB8Q35,4162975Y25KN73W7KKDJGX6P,15,245.00,3675.00,delivered,2026-08-23 16:39:18.391945+08,2026-08-23 16:39:18.391945+08
1850,01M0MX49WJ5BS7D98H4S9JMJQS,409339V9MK4RHRG0A0XWT91W,17,485.00,8245.00,delivered,2026-08-23 16:39:18.391945+08,2026-08-23 16:39:18.391945+08
1851,01M0MX49WJ5BS7D98H4S9JMJQS,409892D87XEVH1ZTZXV5F6C1,6,155.00,930.00,delivered,2026-08-23 16:39:18.391945+08,2026-08-23 16:39:18.391945+08
1852,01M0MX49WJ5BS7D98H4S9JMJQS,409892D87XEVH1ZTZXV5F6C1,18,155.00,2790.00,delivered,2026-08-23 16:39:18.391945+08,2026-08-23 16:39:18.391945+08
1853,01M0MX49WJYYCAJ5WD7205EP4Z,409420087QNW2D06G06MH7JS,14,350.00,4900.00,delivered,2026-08-23 16:39:18.391945+08,2026-08-23 16:39:18.391945+08
1857,01M0MX49WJZY5P9R83WZSJVSJV,407702R5D86R3CBB81E3X29M,20,350.00,7000.00,pending,2026-08-23 16:39:18.391945+08,2026-08-23 16:39:18.391945+08
1858,01M0MX49WJ8N4R3YXZ39MJD62Z,4116065CZMHNTR71A86YWAMC,4,350.00,1400.00,cancelled,2026-08-23 16:39:18.391945+08,2026-08-23 16:39:18.391945+08
1859,01M0MX49WJ8N4R3YXZ39MJD62Z,413521JP1792738MBB68XMK5,20,350.00,7000.00,cancelled,2026-08-23 16:39:18.391945+08,2026-08-23 16:39:18.391945+08
1860,01M0MX49WJ8N4R3YXZ39MJD62Z,41511344QHQDJBZ4FRV45NKC,13,350.00,4550.00,cancelled,2026-08-23 16:39:18.391945+08,2026-08-23 16:39:18.391945+08
1861,01M0MX49WJBPJZ3FFRHPXTP94S,4116065CZMHNTR71A86YWAMC,6,350.00,2100.00,delivered,2026-08-23 16:39:18.391945+08,2026-08-23 16:39:18.391945+08
1862,01M0MX49WJGDB4C78XMAGXCT36,413521JP1792738MBB68XMK5,15,350.00,5250.00,confirmed,2026-08-23 16:39:18.391945+08,2026-08-23 16:39:18.391945+08
1863,01M0MX49WJGDB4C78XMAGXCT36,414773WE720HJ0P121AG8FHQ,14,350.00,4900.00,confirmed,2026-08-23 16:39:18.391945+08,2026-08-23 16:39:18.391945+08
1864,01M0MX49WJGDB4C78XMAGXCT36,41085841ZKREWJPCC4PWVWR7,11,15.00,165.00,confirmed,2026-08-23 16:39:18.391945+08,2026-08-23 16:39:18.391945+08
1865,01M0MX49WJ31KPJ5YVN4163GG3,414773WE720HJ0P121AG8FHQ,2,350.00,700.00,confirmed,2026-08-23 16:39:18.391945+08,2026-08-23 16:39:18.391945+08
1866,01M0MX49WJ6P306PS8F2PYNA3V,414773WE720HJ0P121AG8FHQ,9,350.00,3150.00,processing,2026-08-23 16:39:18.391945+08,2026-08-23 16:39:18.391945+08
1867,01M0MX49WJ0KXAFDTDCQ19N0A7,409339V9MK4RHRG0A0XWT91W,20,485.00,9700.00,processing,2026-08-23 16:39:18.391945+08,2026-08-23 16:39:18.391945+08
1868,01M0MX49WJ0KXAFDTDCQ19N0A7,4162975Y25KN73W7KKDJGX6P,6,245.00,1470.00,processing,2026-08-23 16:39:18.391945+08,2026-08-23 16:39:18.391945+08
1869,01M0MX49WJ6WNTA8N4W0DVV3ZW,41150684MEXX0KJ3HG4B279E,7,30.00,210.00,pending,2026-08-23 16:39:18.391945+08,2026-08-23 16:39:18.391945+08
1870,01M0MX49WJ6WNTA8N4W0DVV3ZW,4082223DQAKGCJ8P0XHQQNB2,4,112.00,448.00,pending,2026-08-23 16:39:18.391945+08,2026-08-23 16:39:18.391945+08
1871,01M0MX49WJ6WNTA8N4W0DVV3ZW,416496PKZM0T9NY433H8KP6M,9,30.00,270.00,pending,2026-08-23 16:39:18.391945+08,2026-08-23 16:39:18.391945+08
1872,01M0MX49WJ77MQ9B3JV9TSXRX7,412596TV7NC82RBGNTA0W8JZ,9,35.00,315.00,pending,2026-08-23 16:39:18.391945+08,2026-08-23 16:39:18.391945+08
1873,01M0MX49WJPQBWFSRSJ57SRCSY,41511344QHQDJBZ4FRV45NKC,1,350.00,350.00,pending,2026-08-23 16:39:18.391945+08,2026-08-23 16:39:18.391945+08
1874,01M0MX49WJPQBWFSRSJ57SRCSY,407702R5D86R3CBB81E3X29M,13,350.00,4550.00,pending,2026-08-23 16:39:18.391945+08,2026-08-23 16:39:18.391945+08
1875,01M0MX49WJSS6FHH7Z16JY5CJ4,4162975Y25KN73W7KKDJGX6P,19,245.00,4655.00,confirmed,2026-08-23 16:39:18.391945+08,2026-08-23 16:39:18.391945+08
1876,01M0MX49WJSS6FHH7Z16JY5CJ4,409420087QNW2D06G06MH7JS,17,350.00,5950.00,confirmed,2026-08-23 16:39:18.391945+08,2026-08-23 16:39:18.391945+08
1879,01M0MX49WJG09A8JVTSMS2EG8D,4116065CZMHNTR71A86YWAMC,19,350.00,6650.00,cancelled,2026-08-23 16:39:18.391945+08,2026-08-23 16:39:18.391945+08
1880,01M0MX49WJG09A8JVTSMS2EG8D,410258ZSW0QAXSVS8S3VV7TE,12,35.00,420.00,cancelled,2026-08-23 16:39:18.391945+08,2026-08-23 16:39:18.391945+08
1881,01M0MX49WJVNXYNN317AS83BNN,407702R5D86R3CBB81E3X29M,3,350.00,1050.00,delivered,2026-08-23 16:39:18.391945+08,2026-08-23 16:39:18.391945+08
1882,01M0MX49WJVNXYNN317AS83BNN,4138050CXS9PQSNF661Q1A1F,18,140.00,2520.00,delivered,2026-08-23 16:39:18.391945+08,2026-08-23 16:39:18.391945+08
1883,01M0MX49WJS2NM0T1MS7NGJFH6,416951J7FD3NBDV1MM1QS36H,7,415.00,2905.00,pending,2026-08-23 16:39:18.391945+08,2026-08-23 16:39:18.391945+08
1884,01M0MX49WJS2NM0T1MS7NGJFH6,417359ZGZV0QNH8M3DEYW8G5,18,350.00,6300.00,pending,2026-08-23 16:39:18.391945+08,2026-08-23 16:39:18.391945+08
1885,01M0MX49WJ3K40FG2V0RQSTWCA,409339V9MK4RHRG0A0XWT91W,10,485.00,4850.00,cancelled,2026-08-23 16:39:18.391945+08,2026-08-23 16:39:18.391945+08
1886,01M0MX49WJ3K40FG2V0RQSTWCA,41085841ZKREWJPCC4PWVWR7,13,15.00,195.00,cancelled,2026-08-23 16:39:18.391945+08,2026-08-23 16:39:18.391945+08
1887,01M0MX49WJ3K40FG2V0RQSTWCA,4116065CZMHNTR71A86YWAMC,12,350.00,4200.00,cancelled,2026-08-23 16:39:18.391945+08,2026-08-23 16:39:18.391945+08
1888,01M0MX49WJXTV3KWCS6PG0SQRT,416496PKZM0T9NY433H8KP6M,7,30.00,210.00,pending,2026-08-23 16:39:18.391945+08,2026-08-23 16:39:18.391945+08
1889,01M0MX49WJXTV3KWCS6PG0SQRT,41511344QHQDJBZ4FRV45NKC,2,350.00,700.00,pending,2026-08-23 16:39:18.391945+08,2026-08-23 16:39:18.391945+08
1890,01M0MX49WJXTV3KWCS6PG0SQRT,409339V9MK4RHRG0A0XWT91W,1,485.00,485.00,pending,2026-08-23 16:39:18.391945+08,2026-08-23 16:39:18.391945+08
1891,01M0MX49WJMQ156ZC9CGH6PNVT,413521JP1792738MBB68XMK5,18,350.00,6300.00,confirmed,2026-08-23 16:39:18.391945+08,2026-08-23 16:39:18.391945+08
1892,01M0MX49WJMQ156ZC9CGH6PNVT,413005KN3WGNAPH6NCQ5JCT9,10,350.00,3500.00,confirmed,2026-08-23 16:39:18.391945+08,2026-08-23 16:39:18.391945+08
1895,01M0MX49WJR8SD34V9VM37JHXQ,4162975Y25KN73W7KKDJGX6P,4,245.00,980.00,delivered,2026-08-23 16:39:18.391945+08,2026-08-23 16:39:18.391945+08
1896,01M0MX49WJTDEW0ZAMNPEV9K4F,408186TJ449WSVW673RWDK4X,15,30.00,450.00,delivered,2026-08-23 16:39:18.391945+08,2026-08-23 16:39:18.391945+08
1897,01M0MX49WJTDEW0ZAMNPEV9K4F,411039DJMEE6FWS52GMATRN7,18,25.00,450.00,delivered,2026-08-23 16:39:18.391945+08,2026-08-23 16:39:18.391945+08
1898,01M0MX49WJTDEW0ZAMNPEV9K4F,41511344QHQDJBZ4FRV45NKC,19,350.00,6650.00,delivered,2026-08-23 16:39:18.391945+08,2026-08-23 16:39:18.391945+08
1899,01M0MX49WJ4NGY69J2N2E75WJC,41511344QHQDJBZ4FRV45NKC,16,350.00,5600.00,delivered,2026-08-23 16:39:18.391945+08,2026-08-23 16:39:18.391945+08
1903,01M0MX49WJC27V5FH2JFE8MPH9,416496PKZM0T9NY433H8KP6M,20,30.00,600.00,delivered,2026-08-23 16:39:18.391945+08,2026-08-23 16:39:18.391945+08
1904,01M0MX49WJS8KDSEGNP3JQCJA9,4116065CZMHNTR71A86YWAMC,4,350.00,1400.00,delivered,2026-08-23 16:39:18.391945+08,2026-08-23 16:39:18.391945+08
1908,01M0MX49WJJ2RMCSYS78AYH3NT,412596TV7NC82RBGNTA0W8JZ,18,35.00,630.00,pending,2026-08-23 16:39:18.391945+08,2026-08-23 16:39:18.391945+08
1909,01M0MX49WJJ2RMCSYS78AYH3NT,41511344QHQDJBZ4FRV45NKC,11,350.00,3850.00,pending,2026-08-23 16:39:18.391945+08,2026-08-23 16:39:18.391945+08
1910,01M0MX49WJJ2RMCSYS78AYH3NT,409339V9MK4RHRG0A0XWT91W,2,485.00,970.00,pending,2026-08-23 16:39:18.391945+08,2026-08-23 16:39:18.391945+08
1911,01M0MX49WJSS0CNGCRSSCGRDRX,4116065CZMHNTR71A86YWAMC,9,350.00,3150.00,confirmed,2026-08-23 16:39:18.391945+08,2026-08-23 16:39:18.391945+08
1912,01M0MX49WJ5KT5P2QK308VA535,41085841ZKREWJPCC4PWVWR7,12,15.00,180.00,delivered,2026-08-23 16:39:18.391945+08,2026-08-23 16:39:18.391945+08
1913,01M0MX49WJ3B7J1Y7714DYW0D0,412596TV7NC82RBGNTA0W8JZ,2,35.00,70.00,confirmed,2026-08-23 16:39:18.391945+08,2026-08-23 16:39:18.391945+08
1914,01M0MX49WJVMAGYDJ6XAE59RVP,4082223DQAKGCJ8P0XHQQNB2,13,112.00,1456.00,pending,2026-08-23 16:39:18.391945+08,2026-08-23 16:39:18.391945+08
1915,01M0MX49WJVMAGYDJ6XAE59RVP,417359ZGZV0QNH8M3DEYW8G5,1,350.00,350.00,pending,2026-08-23 16:39:18.391945+08,2026-08-23 16:39:18.391945+08
1916,01M0MX49WJVMAGYDJ6XAE59RVP,411921G8X1MT1A4Z5EPH3YP4,3,30.00,90.00,pending,2026-08-23 16:39:18.391945+08,2026-08-23 16:39:18.391945+08
1917,01M0MX49WJW8A26Z75SAG15HKA,41085841ZKREWJPCC4PWVWR7,19,15.00,285.00,pending,2026-08-23 16:39:18.391945+08,2026-08-23 16:39:18.391945+08
1918,01M0MX49WJ9Y32DNKNXDP736K9,41085841ZKREWJPCC4PWVWR7,5,15.00,75.00,processing,2026-08-23 16:39:18.391945+08,2026-08-23 16:39:18.391945+08
1919,01M0MX49WJ9Y32DNKNXDP736K9,409339V9MK4RHRG0A0XWT91W,5,485.00,2425.00,processing,2026-08-23 16:39:18.391945+08,2026-08-23 16:39:18.391945+08
1922,01M0MX49WJF7MZHEV0SZENMEQQ,4082223DQAKGCJ8P0XHQQNB2,3,112.00,336.00,confirmed,2026-08-23 16:39:18.391945+08,2026-08-23 16:39:18.391945+08
1923,01M0MX49WJF7MZHEV0SZENMEQQ,413005KN3WGNAPH6NCQ5JCT9,10,350.00,3500.00,confirmed,2026-08-23 16:39:18.391945+08,2026-08-23 16:39:18.391945+08
1924,01M0MX49WJWRSE5DRJK1S84ZYE,4088862F2RR4FH8VD6HQ69ZM,7,350.00,2450.00,processing,2026-08-23 16:39:18.391945+08,2026-08-23 16:39:18.391945+08
1925,01M0MX49WJWRSE5DRJK1S84ZYE,4116065CZMHNTR71A86YWAMC,17,350.00,5950.00,processing,2026-08-23 16:39:18.391945+08,2026-08-23 16:39:18.391945+08
1926,01M0MX49WJWRSE5DRJK1S84ZYE,4116065CZMHNTR71A86YWAMC,20,350.00,7000.00,processing,2026-08-23 16:39:18.391945+08,2026-08-23 16:39:18.391945+08
1927,01M0MX49WJRF5JXQ72ADDAFGC5,408186TJ449WSVW673RWDK4X,8,30.00,240.00,delivered,2026-08-23 16:39:18.391945+08,2026-08-23 16:39:18.391945+08
1928,01M0MX49WJRF5JXQ72ADDAFGC5,416496PKZM0T9NY433H8KP6M,7,30.00,210.00,delivered,2026-08-23 16:39:18.391945+08,2026-08-23 16:39:18.391945+08
1929,01M0MX49WJRF5JXQ72ADDAFGC5,414773WE720HJ0P121AG8FHQ,2,350.00,700.00,delivered,2026-08-23 16:39:18.391945+08,2026-08-23 16:39:18.391945+08
1930,01M0MX49WJ6YY0Z7KGKQ9TYCJA,411039DJMEE6FWS52GMATRN7,16,25.00,400.00,pending,2026-08-23 16:39:18.391945+08,2026-08-23 16:39:18.391945+08
1931,01M0MX49WJ5F0XBB5GFYBZYYNA,407702R5D86R3CBB81E3X29M,2,350.00,700.00,confirmed,2026-08-23 16:39:18.391945+08,2026-08-23 16:39:18.391945+08
1932,01M0MX49WJ5F0XBB5GFYBZYYNA,413005KN3WGNAPH6NCQ5JCT9,12,350.00,4200.00,confirmed,2026-08-23 16:39:18.391945+08,2026-08-23 16:39:18.391945+08
1933,01M0MX49WJ5F0XBB5GFYBZYYNA,416951J7FD3NBDV1MM1QS36H,7,415.00,2905.00,confirmed,2026-08-23 16:39:18.391945+08,2026-08-23 16:39:18.391945+08
1934,01M0MX49WJRMXWBK96S1Z1NXMV,416496PKZM0T9NY433H8KP6M,2,30.00,60.00,confirmed,2026-08-23 16:39:18.391945+08,2026-08-23 16:39:18.391945+08
1935,01M0MX49WJRMXWBK96S1Z1NXMV,4116065CZMHNTR71A86YWAMC,2,350.00,700.00,confirmed,2026-08-23 16:39:18.391945+08,2026-08-23 16:39:18.391945+08
1936,01M0MX49WJRMXWBK96S1Z1NXMV,410258ZSW0QAXSVS8S3VV7TE,6,35.00,210.00,confirmed,2026-08-23 16:39:18.391945+08,2026-08-23 16:39:18.391945+08
1937,01M0MX49WJ1D3GJJ7SCDT40XGJ,408186TJ449WSVW673RWDK4X,4,30.00,120.00,delivered,2026-08-23 16:39:18.391945+08,2026-08-23 16:39:18.391945+08
1938,01M0MX49WJ1D3GJJ7SCDT40XGJ,413521JP1792738MBB68XMK5,8,350.00,2800.00,delivered,2026-08-23 16:39:18.391945+08,2026-08-23 16:39:18.391945+08
1941,01M0MX49WJS6J7XFZP018NDA5M,4088862F2RR4FH8VD6HQ69ZM,4,350.00,1400.00,delivered,2026-08-23 16:39:18.391945+08,2026-08-23 16:39:18.391945+08
1942,01M0MX49WJS6J7XFZP018NDA5M,4088862F2RR4FH8VD6HQ69ZM,14,350.00,4900.00,delivered,2026-08-23 16:39:18.391945+08,2026-08-23 16:39:18.391945+08
1943,01M0MX49WJTMX59P6T6T8Q125K,413521JP1792738MBB68XMK5,16,350.00,5600.00,processing,2026-08-23 16:39:18.391945+08,2026-08-23 16:39:18.391945+08
1946,01M0MX49WJVV637FEF9512GQ6T,416496PKZM0T9NY433H8KP6M,7,30.00,210.00,processing,2026-08-23 16:39:18.391945+08,2026-08-23 16:39:18.391945+08
1947,01M0MX49WJF0EHMK50TSXX4QJC,409892D87XEVH1ZTZXV5F6C1,5,155.00,775.00,cancelled,2026-08-23 16:39:18.391945+08,2026-08-23 16:39:18.391945+08
1948,01M0MX49WJ5M41CP8KCZDQXENE,414773WE720HJ0P121AG8FHQ,5,350.00,1750.00,delivered,2026-08-23 16:39:18.391945+08,2026-08-23 16:39:18.391945+08
1949,01M0MX49WJD0YV0FKHZC4TXCJ8,41150684MEXX0KJ3HG4B279E,6,30.00,180.00,delivered,2026-08-23 16:39:18.391945+08,2026-08-23 16:39:18.391945+08
1950,01M0MX49WJD0YV0FKHZC4TXCJ8,409892D87XEVH1ZTZXV5F6C1,8,155.00,1240.00,delivered,2026-08-23 16:39:18.391945+08,2026-08-23 16:39:18.391945+08
1954,01M0MX49WJEM3MJS00NFA90RT7,409339V9MK4RHRG0A0XWT91W,19,485.00,9215.00,delivered,2026-08-23 16:39:18.391945+08,2026-08-23 16:39:18.391945+08
1955,01M0MX49WJEM3MJS00NFA90RT7,411921G8X1MT1A4Z5EPH3YP4,15,30.00,450.00,delivered,2026-08-23 16:39:18.391945+08,2026-08-23 16:39:18.391945+08
1956,01M0MX49WJ7Y4EX2BQ02BGRCH0,4088862F2RR4FH8VD6HQ69ZM,8,350.00,2800.00,pending,2026-08-23 16:39:18.391945+08,2026-08-23 16:39:18.391945+08
1957,01M0MX49WJ7Y4EX2BQ02BGRCH0,409892D87XEVH1ZTZXV5F6C1,14,155.00,2170.00,pending,2026-08-23 16:39:18.391945+08,2026-08-23 16:39:18.391945+08
1958,01M0MX49WJK25BMV2V10243D5Q,41511344QHQDJBZ4FRV45NKC,19,350.00,6650.00,confirmed,2026-08-23 16:39:18.391945+08,2026-08-23 16:39:18.391945+08
1959,01M0MX49WJK25BMV2V10243D5Q,409420087QNW2D06G06MH7JS,14,350.00,4900.00,confirmed,2026-08-23 16:39:18.391945+08,2026-08-23 16:39:18.391945+08
1960,01M0MX49WJK25BMV2V10243D5Q,407702R5D86R3CBB81E3X29M,2,350.00,700.00,confirmed,2026-08-23 16:39:18.391945+08,2026-08-23 16:39:18.391945+08
1961,01M0MX49WJW7GS1DHWC82A1DET,407702R5D86R3CBB81E3X29M,14,350.00,4900.00,delivered,2026-08-23 16:39:18.391945+08,2026-08-23 16:39:18.391945+08
1962,01M0MX49WJW7GS1DHWC82A1DET,408186TJ449WSVW673RWDK4X,13,30.00,390.00,delivered,2026-08-23 16:39:18.391945+08,2026-08-23 16:39:18.391945+08
1963,01M0MX49WJW7GS1DHWC82A1DET,411921G8X1MT1A4Z5EPH3YP4,4,30.00,120.00,delivered,2026-08-23 16:39:18.391945+08,2026-08-23 16:39:18.391945+08
1965,01M0MX49WJ2CS0YGKNGQZX3M7H,4138050CXS9PQSNF661Q1A1F,10,140.00,1400.00,cancelled,2026-08-23 16:39:18.391945+08,2026-08-23 16:39:18.391945+08
1967,01M0MX49WJH89AYKB3SEF7256Q,412596TV7NC82RBGNTA0W8JZ,19,35.00,665.00,confirmed,2026-08-23 16:39:18.391945+08,2026-08-23 16:39:18.391945+08
1968,01M0MX49WJH89AYKB3SEF7256Q,409420087QNW2D06G06MH7JS,15,350.00,5250.00,confirmed,2026-08-23 16:39:18.391945+08,2026-08-23 16:39:18.391945+08
1969,01M0MX49WJRFFR0XY61CQM97ET,4162975Y25KN73W7KKDJGX6P,6,245.00,1470.00,delivered,2026-08-23 16:39:18.391945+08,2026-08-23 16:39:18.391945+08
1970,01M0MX49WJRFFR0XY61CQM97ET,4138050CXS9PQSNF661Q1A1F,15,140.00,2100.00,delivered,2026-08-23 16:39:18.391945+08,2026-08-23 16:39:18.391945+08
1971,01M0MX49WJRFFR0XY61CQM97ET,41085841ZKREWJPCC4PWVWR7,1,15.00,15.00,delivered,2026-08-23 16:39:18.391945+08,2026-08-23 16:39:18.391945+08
1972,01M0MX49WJP52ZJCJ5E7YNBQQP,409892D87XEVH1ZTZXV5F6C1,17,155.00,2635.00,processing,2026-08-23 16:39:18.391945+08,2026-08-23 16:39:18.391945+08
1973,01M0MX49WJP52ZJCJ5E7YNBQQP,407702R5D86R3CBB81E3X29M,10,350.00,3500.00,processing,2026-08-23 16:39:18.391945+08,2026-08-23 16:39:18.391945+08
1974,01M0MX49WJP52ZJCJ5E7YNBQQP,41150684MEXX0KJ3HG4B279E,9,30.00,270.00,processing,2026-08-23 16:39:18.391945+08,2026-08-23 16:39:18.391945+08
1976,01M0MX49WJXXQRS1G4YA7QDTSM,407702R5D86R3CBB81E3X29M,17,350.00,5950.00,delivered,2026-08-23 16:39:18.391945+08,2026-08-23 16:39:18.391945+08
1977,01M0MX49WJXXQRS1G4YA7QDTSM,411039DJMEE6FWS52GMATRN7,12,25.00,300.00,delivered,2026-08-23 16:39:18.391945+08,2026-08-23 16:39:18.391945+08
1978,01M0MX49WJXXQRS1G4YA7QDTSM,407702R5D86R3CBB81E3X29M,4,350.00,1400.00,delivered,2026-08-23 16:39:18.391945+08,2026-08-23 16:39:18.391945+08
1979,01M0MX49WJ89DXWBKDG85HQ4YV,407702R5D86R3CBB81E3X29M,12,350.00,4200.00,processing,2026-08-23 16:39:18.391945+08,2026-08-23 16:39:18.391945+08
1980,01M0MX49WJ89DXWBKDG85HQ4YV,4138050CXS9PQSNF661Q1A1F,6,140.00,840.00,processing,2026-08-23 16:39:18.391945+08,2026-08-23 16:39:18.391945+08
1981,01M0MX49WJ89DXWBKDG85HQ4YV,413005KN3WGNAPH6NCQ5JCT9,18,350.00,6300.00,processing,2026-08-23 16:39:18.391945+08,2026-08-23 16:39:18.391945+08
1986,01M0MX49WJ9KH8A36MCF6GSVCQ,411039DJMEE6FWS52GMATRN7,14,25.00,350.00,delivered,2026-08-23 16:39:18.391945+08,2026-08-23 16:39:18.391945+08
1987,01M0MX49WJ9KH8A36MCF6GSVCQ,414773WE720HJ0P121AG8FHQ,2,350.00,700.00,delivered,2026-08-23 16:39:18.391945+08,2026-08-23 16:39:18.391945+08
1988,01M0MX49WJ9KH8A36MCF6GSVCQ,413521JP1792738MBB68XMK5,12,350.00,4200.00,delivered,2026-08-23 16:39:18.391945+08,2026-08-23 16:39:18.391945+08
1994,01M0MX49WJKDEPDTH23W117FA7,416951J7FD3NBDV1MM1QS36H,3,415.00,1245.00,pending,2026-08-23 16:39:18.391945+08,2026-08-23 16:39:18.391945+08
1995,01M0MX49WJD5051CSBZ1VZ1XKE,41085841ZKREWJPCC4PWVWR7,5,15.00,75.00,confirmed,2026-08-23 16:39:18.391945+08,2026-08-23 16:39:18.391945+08
1996,01M0MX49WJ191N8Z5KVZR61BZJ,408186TJ449WSVW673RWDK4X,1,30.00,30.00,confirmed,2026-08-23 16:39:18.391945+08,2026-08-23 16:39:18.391945+08
1997,01M0MX49WJE1CDF113KSJS8ERA,410258ZSW0QAXSVS8S3VV7TE,5,35.00,175.00,processing,2026-08-23 16:39:18.391945+08,2026-08-23 16:39:18.391945+08
1998,01M0MX49WJE1CDF113KSJS8ERA,411921G8X1MT1A4Z5EPH3YP4,12,30.00,360.00,processing,2026-08-23 16:39:18.391945+08,2026-08-23 16:39:18.391945+08
1999,01M0MX49WJE1CDF113KSJS8ERA,41150684MEXX0KJ3HG4B279E,15,30.00,450.00,processing,2026-08-23 16:39:18.391945+08,2026-08-23 16:39:18.391945+08
2000,01M0MX49WJ4EN45DS347ZAM5DW,409420087QNW2D06G06MH7JS,8,350.00,2800.00,confirmed,2026-08-23 16:39:18.391945+08,2026-08-23 16:39:18.391945+08
2006,01M0MX49WJ2SW0D58W2BY4JJZ4,417359ZGZV0QNH8M3DEYW8G5,9,350.00,3150.00,delivered,2026-08-23 16:39:18.391945+08,2026-08-23 16:39:18.391945+08
2007,01M0MX49WJ2SW0D58W2BY4JJZ4,4088862F2RR4FH8VD6HQ69ZM,16,350.00,5600.00,delivered,2026-08-23 16:39:18.391945+08,2026-08-23 16:39:18.391945+08
2008,01M0MX49WJ4A14V1PDRMZWTDYG,41511344QHQDJBZ4FRV45NKC,12,350.00,4200.00,cancelled,2026-08-23 16:39:18.391945+08,2026-08-23 16:39:18.391945+08
2010,01M0MX49WJF4WH3Y7C9AFCNMD1,41085841ZKREWJPCC4PWVWR7,5,15.00,75.00,confirmed,2026-08-23 16:39:18.391945+08,2026-08-23 16:39:18.391945+08
2011,01M0MX49WJZNTMFNNCXR83MQ8B,409892D87XEVH1ZTZXV5F6C1,19,155.00,2945.00,confirmed,2026-08-23 16:39:18.391945+08,2026-08-23 16:39:18.391945+08
2012,01M0MX49WJXXB88X65G8T7BC55,417359ZGZV0QNH8M3DEYW8G5,7,350.00,2450.00,processing,2026-08-23 16:39:18.391945+08,2026-08-23 16:39:18.391945+08
2013,01M0MX49WJXXB88X65G8T7BC55,410258ZSW0QAXSVS8S3VV7TE,2,35.00,70.00,processing,2026-08-23 16:39:18.391945+08,2026-08-23 16:39:18.391945+08
2014,01M0MX49WJS1GSJ2ZM5AWRAXC8,4138050CXS9PQSNF661Q1A1F,15,140.00,2100.00,cancelled,2026-08-23 16:39:18.391945+08,2026-08-23 16:39:18.391945+08
2015,01M0MX49WJAPDW3B8N502JM5FN,416951J7FD3NBDV1MM1QS36H,4,415.00,1660.00,cancelled,2026-08-23 16:39:18.391945+08,2026-08-23 16:39:18.391945+08
2016,01M0MX49WJAPDW3B8N502JM5FN,409420087QNW2D06G06MH7JS,13,350.00,4550.00,cancelled,2026-08-23 16:39:18.391945+08,2026-08-23 16:39:18.391945+08
2017,01M0MX49WJAPDW3B8N502JM5FN,411921G8X1MT1A4Z5EPH3YP4,5,30.00,150.00,cancelled,2026-08-23 16:39:18.391945+08,2026-08-23 16:39:18.391945+08
2018,01M0MX49WJ22F4C3DB8CEN6E6A,409420087QNW2D06G06MH7JS,18,350.00,6300.00,delivered,2026-08-23 16:39:18.391945+08,2026-08-23 16:39:18.391945+08
2019,01M0MX49WJKYB1XXXDG2GYN94F,416951J7FD3NBDV1MM1QS36H,16,415.00,6640.00,confirmed,2026-08-23 16:39:18.391945+08,2026-08-23 16:39:18.391945+08
2020,01M0MX49WJKYB1XXXDG2GYN94F,416951J7FD3NBDV1MM1QS36H,19,415.00,7885.00,confirmed,2026-08-23 16:39:18.391945+08,2026-08-23 16:39:18.391945+08
2021,01M0MX49WJKYB1XXXDG2GYN94F,411039DJMEE6FWS52GMATRN7,5,25.00,125.00,confirmed,2026-08-23 16:39:18.391945+08,2026-08-23 16:39:18.391945+08
2022,01M0MX49WJPDKKCSH87EFMN9CZ,409892D87XEVH1ZTZXV5F6C1,4,155.00,620.00,delivered,2026-08-23 16:39:18.391945+08,2026-08-23 16:39:18.391945+08
2023,01M0MX49WJPDKKCSH87EFMN9CZ,411921G8X1MT1A4Z5EPH3YP4,2,30.00,60.00,delivered,2026-08-23 16:39:18.391945+08,2026-08-23 16:39:18.391945+08
2024,01M0MX49WJ4YJ096A5T42ZWQQV,416951J7FD3NBDV1MM1QS36H,1,415.00,415.00,delivered,2026-08-23 16:39:18.391945+08,2026-08-23 16:39:18.391945+08
2026,01M0MX49WJ03YXQVDRS9PNRKKB,413005KN3WGNAPH6NCQ5JCT9,7,350.00,2450.00,confirmed,2026-08-23 16:39:18.391945+08,2026-08-23 16:39:18.391945+08
2027,01M0MX49WJ03YXQVDRS9PNRKKB,412596TV7NC82RBGNTA0W8JZ,17,35.00,595.00,confirmed,2026-08-23 16:39:18.391945+08,2026-08-23 16:39:18.391945+08
2028,01M0MX49WJ03YXQVDRS9PNRKKB,4088862F2RR4FH8VD6HQ69ZM,9,350.00,3150.00,confirmed,2026-08-23 16:39:18.391945+08,2026-08-23 16:39:18.391945+08
2029,01M0MX49WJB7XBENPAN752P7XC,416496PKZM0T9NY433H8KP6M,3,30.00,90.00,pending,2026-08-23 16:39:18.391945+08,2026-08-23 16:39:18.391945+08
2030,01M0MX49WJB7XBENPAN752P7XC,408186TJ449WSVW673RWDK4X,13,30.00,390.00,pending,2026-08-23 16:39:18.391945+08,2026-08-23 16:39:18.391945+08
2031,01M0MX49WJB7XBENPAN752P7XC,409339V9MK4RHRG0A0XWT91W,16,485.00,7760.00,pending,2026-08-23 16:39:18.391945+08,2026-08-23 16:39:18.391945+08
2035,01M0MX49WJSGQ6ZK8KXPMXRXTF,416951J7FD3NBDV1MM1QS36H,12,415.00,4980.00,processing,2026-08-23 16:39:18.391945+08,2026-08-23 16:39:18.391945+08
2036,01M0MX49WJ72E0TM9FXNEWKG6V,410258ZSW0QAXSVS8S3VV7TE,3,35.00,105.00,confirmed,2026-08-23 16:39:18.391945+08,2026-08-23 16:39:18.391945+08
2037,01M0MX49WJ72E0TM9FXNEWKG6V,409339V9MK4RHRG0A0XWT91W,15,485.00,7275.00,confirmed,2026-08-23 16:39:18.391945+08,2026-08-23 16:39:18.391945+08
2038,01M0MX49WJQSK4P2MJ881F8RSQ,417359ZGZV0QNH8M3DEYW8G5,14,350.00,4900.00,delivered,2026-08-23 16:39:18.391945+08,2026-08-23 16:39:18.391945+08
2039,01M0MX49WJQSK4P2MJ881F8RSQ,41150684MEXX0KJ3HG4B279E,5,30.00,150.00,delivered,2026-08-23 16:39:18.391945+08,2026-08-23 16:39:18.391945+08
2041,01M0MX49WJWP0TD3AXQM2HVDJ5,409892D87XEVH1ZTZXV5F6C1,3,155.00,465.00,cancelled,2026-08-23 16:39:18.391945+08,2026-08-23 16:39:18.391945+08
2042,01M0MX49WJWP0TD3AXQM2HVDJ5,412596TV7NC82RBGNTA0W8JZ,13,35.00,455.00,cancelled,2026-08-23 16:39:18.391945+08,2026-08-23 16:39:18.391945+08
2043,01M0MX49WJWP0TD3AXQM2HVDJ5,413521JP1792738MBB68XMK5,1,350.00,350.00,cancelled,2026-08-23 16:39:18.391945+08,2026-08-23 16:39:18.391945+08
2046,01M0MX49WJFA1G5F1PEEA03WS9,409339V9MK4RHRG0A0XWT91W,6,485.00,2910.00,delivered,2026-08-23 16:39:18.391945+08,2026-08-23 16:39:18.391945+08
2047,01M0MX49WJ5SM6Q1Y06KGJ6ADM,407702R5D86R3CBB81E3X29M,10,350.00,3500.00,confirmed,2026-08-23 16:39:18.391945+08,2026-08-23 16:39:18.391945+08
2048,01M0MX49WJ5SM6Q1Y06KGJ6ADM,412596TV7NC82RBGNTA0W8JZ,10,35.00,350.00,confirmed,2026-08-23 16:39:18.391945+08,2026-08-23 16:39:18.391945+08
2051,01M0MX49WJMMGF3BJP503VZFT4,413005KN3WGNAPH6NCQ5JCT9,16,350.00,5600.00,confirmed,2026-08-23 16:39:18.391945+08,2026-08-23 16:39:18.391945+08
2052,01M0MX49WJMMGF3BJP503VZFT4,4116065CZMHNTR71A86YWAMC,10,350.00,3500.00,confirmed,2026-08-23 16:39:18.391945+08,2026-08-23 16:39:18.391945+08
2053,01M0MX49WJMMGF3BJP503VZFT4,41150684MEXX0KJ3HG4B279E,6,30.00,180.00,confirmed,2026-08-23 16:39:18.391945+08,2026-08-23 16:39:18.391945+08
2054,01M0MX49WJN1R1CVBMKS8FRS3Z,4088862F2RR4FH8VD6HQ69ZM,1,350.00,350.00,delivered,2026-08-23 16:39:18.391945+08,2026-08-23 16:39:18.391945+08
2055,01M0MX49WJN1R1CVBMKS8FRS3Z,4116065CZMHNTR71A86YWAMC,9,350.00,3150.00,delivered,2026-08-23 16:39:18.391945+08,2026-08-23 16:39:18.391945+08
2056,01M0MX49WJN1R1CVBMKS8FRS3Z,411921G8X1MT1A4Z5EPH3YP4,3,30.00,90.00,delivered,2026-08-23 16:39:18.391945+08,2026-08-23 16:39:18.391945+08
2057,01M0MX49WJWT4VYWG90NH6HTMS,411921G8X1MT1A4Z5EPH3YP4,19,30.00,570.00,delivered,2026-08-23 16:39:18.391945+08,2026-08-23 16:39:18.391945+08
2058,01M0MX49WJWT4VYWG90NH6HTMS,41150684MEXX0KJ3HG4B279E,9,30.00,270.00,delivered,2026-08-23 16:39:18.391945+08,2026-08-23 16:39:18.391945+08
2059,01M0MX49WJWT4VYWG90NH6HTMS,413005KN3WGNAPH6NCQ5JCT9,16,350.00,5600.00,delivered,2026-08-23 16:39:18.391945+08,2026-08-23 16:39:18.391945+08
2060,01M0MX49WJD4KMGBSC34G3E013,412596TV7NC82RBGNTA0W8JZ,1,35.00,35.00,processing,2026-08-23 16:39:18.391945+08,2026-08-23 16:39:18.391945+08
2061,01M0MX49WJD4KMGBSC34G3E013,414773WE720HJ0P121AG8FHQ,6,350.00,2100.00,processing,2026-08-23 16:39:18.391945+08,2026-08-23 16:39:18.391945+08
2062,01M0MX49WJD4KMGBSC34G3E013,412596TV7NC82RBGNTA0W8JZ,2,35.00,70.00,processing,2026-08-23 16:39:18.391945+08,2026-08-23 16:39:18.391945+08
2063,01M0MX49WJ94329NRVKP4JE83H,41511344QHQDJBZ4FRV45NKC,12,350.00,4200.00,confirmed,2026-08-23 16:39:18.391945+08,2026-08-23 16:39:18.391945+08
2064,01M0MX49WJ94329NRVKP4JE83H,417359ZGZV0QNH8M3DEYW8G5,2,350.00,700.00,confirmed,2026-08-23 16:39:18.391945+08,2026-08-23 16:39:18.391945+08
2065,01M0MX49WJ94329NRVKP4JE83H,414773WE720HJ0P121AG8FHQ,12,350.00,4200.00,confirmed,2026-08-23 16:39:18.391945+08,2026-08-23 16:39:18.391945+08
2071,01M0MX49WJKQCCJGNAAFMEQ1JT,416951J7FD3NBDV1MM1QS36H,9,415.00,3735.00,delivered,2026-08-23 16:39:18.391945+08,2026-08-23 16:39:18.391945+08
2072,01M0MX49WJKQCCJGNAAFMEQ1JT,411039DJMEE6FWS52GMATRN7,12,25.00,300.00,delivered,2026-08-23 16:39:18.391945+08,2026-08-23 16:39:18.391945+08
2073,01M0MX49WJKQCCJGNAAFMEQ1JT,4116065CZMHNTR71A86YWAMC,18,350.00,6300.00,delivered,2026-08-23 16:39:18.391945+08,2026-08-23 16:39:18.391945+08
2074,01M0MX49WJGEB44177YE1AC0YQ,409420087QNW2D06G06MH7JS,5,350.00,1750.00,processing,2026-08-23 16:39:18.391945+08,2026-08-23 16:39:18.391945+08
2075,01M0MX49WJTV78DER5Z67YAA16,41150684MEXX0KJ3HG4B279E,11,30.00,330.00,confirmed,2026-08-23 16:39:18.391945+08,2026-08-23 16:39:18.391945+08
2076,01M0MX49WJTV78DER5Z67YAA16,417359ZGZV0QNH8M3DEYW8G5,4,350.00,1400.00,confirmed,2026-08-23 16:39:18.391945+08,2026-08-23 16:39:18.391945+08
2077,01M0MX49WJ2WVJFYD9DWD68BE3,409339V9MK4RHRG0A0XWT91W,18,485.00,8730.00,confirmed,2026-08-23 16:39:18.391945+08,2026-08-23 16:39:18.391945+08
2078,01M0MX49WJNZXA44FHS4ZDCNXV,410258ZSW0QAXSVS8S3VV7TE,18,35.00,630.00,delivered,2026-08-23 16:39:18.391945+08,2026-08-23 16:39:18.391945+08
2079,01M0MX49WJNZXA44FHS4ZDCNXV,41085841ZKREWJPCC4PWVWR7,4,15.00,60.00,delivered,2026-08-23 16:39:18.391945+08,2026-08-23 16:39:18.391945+08
2080,01M0MX49WJNZXA44FHS4ZDCNXV,41150684MEXX0KJ3HG4B279E,15,30.00,450.00,delivered,2026-08-23 16:39:18.391945+08,2026-08-23 16:39:18.391945+08
2081,01M0MX49WJJ78PENC2CMA0RHSP,409420087QNW2D06G06MH7JS,16,350.00,5600.00,pending,2026-08-23 16:39:18.391945+08,2026-08-23 16:39:18.391945+08
2082,01M0MX49WJ44Z38ZSFGEC8GB38,41511344QHQDJBZ4FRV45NKC,15,350.00,5250.00,confirmed,2026-08-23 16:39:18.391945+08,2026-08-23 16:39:18.391945+08
2083,01M0MX49WJ44Z38ZSFGEC8GB38,4082223DQAKGCJ8P0XHQQNB2,17,112.00,1904.00,confirmed,2026-08-23 16:39:18.391945+08,2026-08-23 16:39:18.391945+08
2084,01M0MX49WJGP5CDPEV5QYPEFA3,409420087QNW2D06G06MH7JS,4,350.00,1400.00,confirmed,2026-08-23 16:39:18.391945+08,2026-08-23 16:39:18.391945+08
2085,01M0MX49WJGP5CDPEV5QYPEFA3,4088862F2RR4FH8VD6HQ69ZM,5,350.00,1750.00,confirmed,2026-08-23 16:39:18.391945+08,2026-08-23 16:39:18.391945+08
2086,01M0MX49WJ9AA2EEPBH3S81VCC,41511344QHQDJBZ4FRV45NKC,7,350.00,2450.00,delivered,2026-08-23 16:39:18.391945+08,2026-08-23 16:39:18.391945+08
2087,01M0MX49WJ9AA2EEPBH3S81VCC,41511344QHQDJBZ4FRV45NKC,3,350.00,1050.00,delivered,2026-08-23 16:39:18.391945+08,2026-08-23 16:39:18.391945+08
2088,01M0MX49WJAT6F231QNHJ2D8F3,413521JP1792738MBB68XMK5,1,350.00,350.00,delivered,2026-08-23 16:39:18.391945+08,2026-08-23 16:39:18.391945+08
2089,01M0MX49WJJYSA462ZG3XM03HM,409339V9MK4RHRG0A0XWT91W,4,485.00,1940.00,delivered,2026-08-23 16:39:18.391945+08,2026-08-23 16:39:18.391945+08
2090,01M0MX49WJM8TKFV1ARPJP7A8F,412596TV7NC82RBGNTA0W8JZ,2,35.00,70.00,delivered,2026-08-23 16:39:18.391945+08,2026-08-23 16:39:18.391945+08
2091,01M0MX49WJM8TKFV1ARPJP7A8F,411921G8X1MT1A4Z5EPH3YP4,4,30.00,120.00,delivered,2026-08-23 16:39:18.391945+08,2026-08-23 16:39:18.391945+08
2092,01M0MX49WJM8TKFV1ARPJP7A8F,414773WE720HJ0P121AG8FHQ,2,350.00,700.00,delivered,2026-08-23 16:39:18.391945+08,2026-08-23 16:39:18.391945+08
2093,01M0MX49WJJ9YQHN1DC2A6V1F3,4116065CZMHNTR71A86YWAMC,4,350.00,1400.00,confirmed,2026-08-23 16:39:18.391945+08,2026-08-23 16:39:18.391945+08
2094,01M0MX49WJ7M5YXFD40WYDDZPH,417359ZGZV0QNH8M3DEYW8G5,12,350.00,4200.00,confirmed,2026-08-23 16:39:18.391945+08,2026-08-23 16:39:18.391945+08
2095,01M0MX49WJ5HRHD9VW71EP1FFD,414773WE720HJ0P121AG8FHQ,19,350.00,6650.00,pending,2026-08-23 16:39:18.391945+08,2026-08-23 16:39:18.391945+08
2096,01M0MX49WJ5HRHD9VW71EP1FFD,4138050CXS9PQSNF661Q1A1F,12,140.00,1680.00,pending,2026-08-23 16:39:18.391945+08,2026-08-23 16:39:18.391945+08
2097,01M0MX49WJ5HRHD9VW71EP1FFD,417359ZGZV0QNH8M3DEYW8G5,17,350.00,5950.00,pending,2026-08-23 16:39:18.391945+08,2026-08-23 16:39:18.391945+08
2098,01M0MX49WJ2S4WE93N7PQK4WHZ,413521JP1792738MBB68XMK5,4,350.00,1400.00,confirmed,2026-08-23 16:39:18.391945+08,2026-08-23 16:39:18.391945+08
2099,01M0MX49WJ2S4WE93N7PQK4WHZ,412596TV7NC82RBGNTA0W8JZ,1,35.00,35.00,confirmed,2026-08-23 16:39:18.391945+08,2026-08-23 16:39:18.391945+08
2100,01M0MX49WJ2S4WE93N7PQK4WHZ,408186TJ449WSVW673RWDK4X,7,30.00,210.00,confirmed,2026-08-23 16:39:18.391945+08,2026-08-23 16:39:18.391945+08
2101,01M0MX49WJ985HGEB18S3F8PWJ,410258ZSW0QAXSVS8S3VV7TE,1,35.00,35.00,cancelled,2026-08-23 16:39:18.391945+08,2026-08-23 16:39:18.391945+08
2102,01M0MX49WJX42QXDX96WACE9SK,41085841ZKREWJPCC4PWVWR7,16,15.00,240.00,delivered,2026-08-23 16:39:18.391945+08,2026-08-23 16:39:18.391945+08
2103,01M0MX49WJX42QXDX96WACE9SK,4138050CXS9PQSNF661Q1A1F,19,140.00,2660.00,delivered,2026-08-23 16:39:18.391945+08,2026-08-23 16:39:18.391945+08
2104,01M0MX49WJX42QXDX96WACE9SK,417359ZGZV0QNH8M3DEYW8G5,15,350.00,5250.00,delivered,2026-08-23 16:39:18.391945+08,2026-08-23 16:39:18.391945+08
2105,01M0MX49WJDV6Y2JVZ0QMVTN9F,4162975Y25KN73W7KKDJGX6P,14,245.00,3430.00,confirmed,2026-08-23 16:39:18.391945+08,2026-08-23 16:39:18.391945+08
2106,01M0MX49WJDV6Y2JVZ0QMVTN9F,409339V9MK4RHRG0A0XWT91W,17,485.00,8245.00,confirmed,2026-08-23 16:39:18.391945+08,2026-08-23 16:39:18.391945+08
2107,01M0MX49WJXW73TWR8ZWQ4N3FM,4116065CZMHNTR71A86YWAMC,15,350.00,5250.00,processing,2026-08-23 16:39:18.391945+08,2026-08-23 16:39:18.391945+08
2108,01M0MX49WJXW73TWR8ZWQ4N3FM,4116065CZMHNTR71A86YWAMC,17,350.00,5950.00,processing,2026-08-23 16:39:18.391945+08,2026-08-23 16:39:18.391945+08
2111,01M0MX49WJ5C40VWMEK2XVC7EK,4162975Y25KN73W7KKDJGX6P,10,245.00,2450.00,confirmed,2026-08-23 16:39:18.391945+08,2026-08-23 16:39:18.391945+08
2114,01M0MX49WJSEW0YDVE37HQ6NT6,409339V9MK4RHRG0A0XWT91W,3,485.00,1455.00,confirmed,2026-08-23 16:39:18.391945+08,2026-08-23 16:39:18.391945+08
2115,01M0MX49WJSEW0YDVE37HQ6NT6,411921G8X1MT1A4Z5EPH3YP4,12,30.00,360.00,confirmed,2026-08-23 16:39:18.391945+08,2026-08-23 16:39:18.391945+08
2116,01M0MX49WJMGQXDDAFCWF5VPKN,411921G8X1MT1A4Z5EPH3YP4,4,30.00,120.00,pending,2026-08-23 16:39:18.391945+08,2026-08-23 16:39:18.391945+08
2117,01M0MX49WJMGQXDDAFCWF5VPKN,4162975Y25KN73W7KKDJGX6P,15,245.00,3675.00,pending,2026-08-23 16:39:18.391945+08,2026-08-23 16:39:18.391945+08
2118,01M0MX49WJMGQXDDAFCWF5VPKN,408186TJ449WSVW673RWDK4X,3,30.00,90.00,pending,2026-08-23 16:39:18.391945+08,2026-08-23 16:39:18.391945+08
2119,01M0MX49WJ8MKKHKFB254HG3Y5,41085841ZKREWJPCC4PWVWR7,19,15.00,285.00,pending,2026-08-23 16:39:18.391945+08,2026-08-23 16:39:18.391945+08
2120,01M0MX49WJ8MKKHKFB254HG3Y5,4116065CZMHNTR71A86YWAMC,6,350.00,2100.00,pending,2026-08-23 16:39:18.391945+08,2026-08-23 16:39:18.391945+08
2121,01M0MX49WJJV5Q7J8A33EPS7YH,409892D87XEVH1ZTZXV5F6C1,7,155.00,1085.00,processing,2026-08-23 16:39:18.391945+08,2026-08-23 16:39:18.391945+08
2122,01M0MX49WJ8RBEKPTBR6260XKE,4116065CZMHNTR71A86YWAMC,8,350.00,2800.00,delivered,2026-08-23 16:39:18.391945+08,2026-08-23 16:39:18.391945+08
2123,01M0MX49WJ8RBEKPTBR6260XKE,41150684MEXX0KJ3HG4B279E,16,30.00,480.00,delivered,2026-08-23 16:39:18.391945+08,2026-08-23 16:39:18.391945+08
2124,01M0MX49WJGVW7DBX8H4HSVJNY,412596TV7NC82RBGNTA0W8JZ,9,35.00,315.00,delivered,2026-08-23 16:39:18.391945+08,2026-08-23 16:39:18.391945+08
2125,01M0MX49WJGVW7DBX8H4HSVJNY,413005KN3WGNAPH6NCQ5JCT9,13,350.00,4550.00,delivered,2026-08-23 16:39:18.391945+08,2026-08-23 16:39:18.391945+08
2126,01M0MX49WJGVW7DBX8H4HSVJNY,4138050CXS9PQSNF661Q1A1F,16,140.00,2240.00,delivered,2026-08-23 16:39:18.391945+08,2026-08-23 16:39:18.391945+08
2127,01M0MX49WJTYF2AQ1T1DQK7MHP,408186TJ449WSVW673RWDK4X,9,30.00,270.00,cancelled,2026-08-23 16:39:18.391945+08,2026-08-23 16:39:18.391945+08
2128,01M0MX49WJTYF2AQ1T1DQK7MHP,41511344QHQDJBZ4FRV45NKC,15,350.00,5250.00,cancelled,2026-08-23 16:39:18.391945+08,2026-08-23 16:39:18.391945+08
2129,01M0MX49WJER5TVF2578VWF40Q,411921G8X1MT1A4Z5EPH3YP4,8,30.00,240.00,pending,2026-08-23 16:39:18.391945+08,2026-08-23 16:39:18.391945+08
2130,01M0MX49WJER5TVF2578VWF40Q,413005KN3WGNAPH6NCQ5JCT9,5,350.00,1750.00,pending,2026-08-23 16:39:18.391945+08,2026-08-23 16:39:18.391945+08
2131,01M0MX49WJRGQEZXMVTMF9RQ5S,413521JP1792738MBB68XMK5,16,350.00,5600.00,pending,2026-08-23 16:39:18.391945+08,2026-08-23 16:39:18.391945+08
2132,01M0MX49WJ7F42M65NB3E39FVY,4082223DQAKGCJ8P0XHQQNB2,11,112.00,1232.00,cancelled,2026-08-23 16:39:18.391945+08,2026-08-23 16:39:18.391945+08
2133,01M0MX49WJ7F42M65NB3E39FVY,41511344QHQDJBZ4FRV45NKC,10,350.00,3500.00,cancelled,2026-08-23 16:39:18.391945+08,2026-08-23 16:39:18.391945+08
2135,01M0MX49WJG5V4HXMJN0YQF839,416951J7FD3NBDV1MM1QS36H,16,415.00,6640.00,delivered,2026-08-23 16:39:18.391945+08,2026-08-23 16:39:18.391945+08
2139,01M0MX49WJHBYS8SF9V4NN4D52,4162975Y25KN73W7KKDJGX6P,15,245.00,3675.00,processing,2026-08-23 16:39:18.391945+08,2026-08-23 16:39:18.391945+08
2140,01M0MX49WJHBYS8SF9V4NN4D52,416496PKZM0T9NY433H8KP6M,2,30.00,60.00,processing,2026-08-23 16:39:18.391945+08,2026-08-23 16:39:18.391945+08
2141,01M0MX49WJACX3137NHWE31EJW,416951J7FD3NBDV1MM1QS36H,6,415.00,2490.00,confirmed,2026-08-23 16:39:18.391945+08,2026-08-23 16:39:18.391945+08
2142,01M0MX49WJACX3137NHWE31EJW,411921G8X1MT1A4Z5EPH3YP4,14,30.00,420.00,confirmed,2026-08-23 16:39:18.391945+08,2026-08-23 16:39:18.391945+08
2143,01M0MX49WJACX3137NHWE31EJW,41511344QHQDJBZ4FRV45NKC,10,350.00,3500.00,confirmed,2026-08-23 16:39:18.391945+08,2026-08-23 16:39:18.391945+08
2145,01M0MX49WJW1FZ9H6NVTVJFCFF,411921G8X1MT1A4Z5EPH3YP4,16,30.00,480.00,delivered,2026-08-23 16:39:18.391945+08,2026-08-23 16:39:18.391945+08
2146,01M0MX49WJW1FZ9H6NVTVJFCFF,410258ZSW0QAXSVS8S3VV7TE,6,35.00,210.00,delivered,2026-08-23 16:39:18.391945+08,2026-08-23 16:39:18.391945+08
2147,01M0MX49WJW1FZ9H6NVTVJFCFF,408186TJ449WSVW673RWDK4X,2,30.00,60.00,delivered,2026-08-23 16:39:18.391945+08,2026-08-23 16:39:18.391945+08
2148,01M0MX49WJFR7QWV5E95B9VZJJ,4162975Y25KN73W7KKDJGX6P,20,245.00,4900.00,confirmed,2026-08-23 16:39:18.391945+08,2026-08-23 16:39:18.391945+08
2149,01M0MX49WJFR7QWV5E95B9VZJJ,411039DJMEE6FWS52GMATRN7,12,25.00,300.00,confirmed,2026-08-23 16:39:18.391945+08,2026-08-23 16:39:18.391945+08
2150,01M0MX49WJFR7QWV5E95B9VZJJ,416951J7FD3NBDV1MM1QS36H,11,415.00,4565.00,confirmed,2026-08-23 16:39:18.391945+08,2026-08-23 16:39:18.391945+08
2151,01M0MX49WJ2TY8J7WMG60KGXQT,41511344QHQDJBZ4FRV45NKC,12,350.00,4200.00,pending,2026-08-23 16:39:18.391945+08,2026-08-23 16:39:18.391945+08
2152,01M0MX49WJ0YH1G591XB4JR78G,409420087QNW2D06G06MH7JS,11,350.00,3850.00,delivered,2026-08-23 16:39:18.391945+08,2026-08-23 16:39:18.391945+08
2153,01M0MX49WJ0YH1G591XB4JR78G,4162975Y25KN73W7KKDJGX6P,4,245.00,980.00,delivered,2026-08-23 16:39:18.391945+08,2026-08-23 16:39:18.391945+08
2154,01M0MX49WJ0YH1G591XB4JR78G,41150684MEXX0KJ3HG4B279E,12,30.00,360.00,delivered,2026-08-23 16:39:18.391945+08,2026-08-23 16:39:18.391945+08
2155,01M0MX49WJ16HBTM04RDQR33ZM,411039DJMEE6FWS52GMATRN7,8,25.00,200.00,processing,2026-08-23 16:39:18.391945+08,2026-08-23 16:39:18.391945+08
2156,01M0MX49WJWBA09N2JF9K9ZGWF,412596TV7NC82RBGNTA0W8JZ,3,35.00,105.00,confirmed,2026-08-23 16:39:18.391945+08,2026-08-23 16:39:18.391945+08
2157,01M0MX49WJWBA09N2JF9K9ZGWF,41085841ZKREWJPCC4PWVWR7,3,15.00,45.00,confirmed,2026-08-23 16:39:18.391945+08,2026-08-23 16:39:18.391945+08
2158,01M0MX49WJ7B81QB9Y25WXJ2H8,409420087QNW2D06G06MH7JS,18,350.00,6300.00,pending,2026-08-23 16:39:18.391945+08,2026-08-23 16:39:18.391945+08
2159,01M0MX49WJMMT38B8PFBGJMFNH,41150684MEXX0KJ3HG4B279E,19,30.00,570.00,pending,2026-08-23 16:39:18.391945+08,2026-08-23 16:39:18.391945+08
2160,01M0MX49WJMMT38B8PFBGJMFNH,408186TJ449WSVW673RWDK4X,14,30.00,420.00,pending,2026-08-23 16:39:18.391945+08,2026-08-23 16:39:18.391945+08
2161,01M0MX49WJMMT38B8PFBGJMFNH,414773WE720HJ0P121AG8FHQ,1,350.00,350.00,pending,2026-08-23 16:39:18.391945+08,2026-08-23 16:39:18.391945+08
2164,01M0MX49WJ5F0C3RQRY3RN194D,4116065CZMHNTR71A86YWAMC,7,350.00,2450.00,pending,2026-08-23 16:39:18.391945+08,2026-08-23 16:39:18.391945+08
2165,01M0MX49WJ5F0C3RQRY3RN194D,409892D87XEVH1ZTZXV5F6C1,16,155.00,2480.00,pending,2026-08-23 16:39:18.391945+08,2026-08-23 16:39:18.391945+08
2166,01M0MX49WJZAJRJBKQ24NDWZ25,409892D87XEVH1ZTZXV5F6C1,6,155.00,930.00,delivered,2026-08-23 16:39:18.391945+08,2026-08-23 16:39:18.391945+08
2167,01M0MX49WJZAJRJBKQ24NDWZ25,4082223DQAKGCJ8P0XHQQNB2,10,112.00,1120.00,delivered,2026-08-23 16:39:18.391945+08,2026-08-23 16:39:18.391945+08
2168,01M0MX49WJZAJRJBKQ24NDWZ25,4138050CXS9PQSNF661Q1A1F,14,140.00,1960.00,delivered,2026-08-23 16:39:18.391945+08,2026-08-23 16:39:18.391945+08
2170,01M0MX49WJXZQ7PX8FAFFMGG2W,412596TV7NC82RBGNTA0W8JZ,13,35.00,455.00,confirmed,2026-08-23 16:39:18.391945+08,2026-08-23 16:39:18.391945+08
2171,01M0MX49WJXZQ7PX8FAFFMGG2W,4088862F2RR4FH8VD6HQ69ZM,20,350.00,7000.00,confirmed,2026-08-23 16:39:18.391945+08,2026-08-23 16:39:18.391945+08
2172,01M0MX49WJX8QM8B2M8SK8EA8Q,4116065CZMHNTR71A86YWAMC,19,350.00,6650.00,delivered,2026-08-23 16:39:18.391945+08,2026-08-23 16:39:18.391945+08
2173,01M0MX49WJX8QM8B2M8SK8EA8Q,409892D87XEVH1ZTZXV5F6C1,9,155.00,1395.00,delivered,2026-08-23 16:39:18.391945+08,2026-08-23 16:39:18.391945+08
2174,01M0MX49WJX8QM8B2M8SK8EA8Q,413521JP1792738MBB68XMK5,19,350.00,6650.00,delivered,2026-08-23 16:39:18.391945+08,2026-08-23 16:39:18.391945+08
2178,01M0MX49WJQVN7SK9KHFZWXAMZ,408186TJ449WSVW673RWDK4X,15,30.00,450.00,processing,2026-08-23 16:39:18.391945+08,2026-08-23 16:39:18.391945+08
2179,01M0MX49WJQVN7SK9KHFZWXAMZ,411039DJMEE6FWS52GMATRN7,18,25.00,450.00,processing,2026-08-23 16:39:18.391945+08,2026-08-23 16:39:18.391945+08
2180,01M0MX49WJQVN7SK9KHFZWXAMZ,417359ZGZV0QNH8M3DEYW8G5,1,350.00,350.00,processing,2026-08-23 16:39:18.391945+08,2026-08-23 16:39:18.391945+08
2181,01M0MX49WJGVQE903RAM8SZBPK,411921G8X1MT1A4Z5EPH3YP4,7,30.00,210.00,delivered,2026-08-23 16:39:18.391945+08,2026-08-23 16:39:18.391945+08
2182,01M0MX49WJGVQE903RAM8SZBPK,411039DJMEE6FWS52GMATRN7,15,25.00,375.00,delivered,2026-08-23 16:39:18.391945+08,2026-08-23 16:39:18.391945+08
2183,01M0MX49WJGVQE903RAM8SZBPK,414773WE720HJ0P121AG8FHQ,18,350.00,6300.00,delivered,2026-08-23 16:39:18.391945+08,2026-08-23 16:39:18.391945+08
2184,01M0MX49WJQ5YJX0WCVGVPHCCN,412596TV7NC82RBGNTA0W8JZ,2,35.00,70.00,delivered,2026-08-23 16:39:18.391945+08,2026-08-23 16:39:18.391945+08
2185,01M0MX49WJQ5YJX0WCVGVPHCCN,408186TJ449WSVW673RWDK4X,7,30.00,210.00,delivered,2026-08-23 16:39:18.391945+08,2026-08-23 16:39:18.391945+08
2187,01M0MX49WJ5VPM253NQTKRVP4P,413005KN3WGNAPH6NCQ5JCT9,7,350.00,2450.00,processing,2026-08-23 16:39:18.391945+08,2026-08-23 16:39:18.391945+08
2188,01M0MX49WJ4136Q823TPNVKT3F,413005KN3WGNAPH6NCQ5JCT9,6,350.00,2100.00,confirmed,2026-08-23 16:39:18.391945+08,2026-08-23 16:39:18.391945+08
2189,01M0MX49WJ4136Q823TPNVKT3F,414773WE720HJ0P121AG8FHQ,20,350.00,7000.00,confirmed,2026-08-23 16:39:18.391945+08,2026-08-23 16:39:18.391945+08
2190,01M0MX49WJKFC4GH73AW3PB3H8,41511344QHQDJBZ4FRV45NKC,7,350.00,2450.00,processing,2026-08-23 16:39:18.391945+08,2026-08-23 16:39:18.391945+08
2191,01M0MX49WJY5SXEG47Q6SJDRA9,416496PKZM0T9NY433H8KP6M,16,30.00,480.00,confirmed,2026-08-23 16:39:18.391945+08,2026-08-23 16:39:18.391945+08
2192,01M0MX49WJY5SXEG47Q6SJDRA9,410258ZSW0QAXSVS8S3VV7TE,14,35.00,490.00,confirmed,2026-08-23 16:39:18.391945+08,2026-08-23 16:39:18.391945+08
2194,01M0MX49WJ47WTXG7JFBEHQKK5,414773WE720HJ0P121AG8FHQ,18,350.00,6300.00,pending,2026-08-23 16:39:18.391945+08,2026-08-23 16:39:18.391945+08
2195,01M0MX49WJ47WTXG7JFBEHQKK5,417359ZGZV0QNH8M3DEYW8G5,2,350.00,700.00,pending,2026-08-23 16:39:18.391945+08,2026-08-23 16:39:18.391945+08
2196,01M0MX49WJ60NPKVYQY58J0RFW,413521JP1792738MBB68XMK5,11,350.00,3850.00,delivered,2026-08-23 16:39:18.391945+08,2026-08-23 16:39:18.391945+08
2197,01M0MX49WJ45ZE2KYT1MBDC5M3,41150684MEXX0KJ3HG4B279E,12,30.00,360.00,confirmed,2026-08-23 16:39:18.391945+08,2026-08-23 16:39:18.391945+08
2198,01M0MX49WJ59M1DR6TS03X0D04,41511344QHQDJBZ4FRV45NKC,8,350.00,2800.00,processing,2026-08-23 16:39:18.391945+08,2026-08-23 16:39:18.391945+08
2199,01M0MX49WJ59M1DR6TS03X0D04,4116065CZMHNTR71A86YWAMC,19,350.00,6650.00,processing,2026-08-23 16:39:18.391945+08,2026-08-23 16:39:18.391945+08
2200,01M0MX49WJ59M1DR6TS03X0D04,408186TJ449WSVW673RWDK4X,4,30.00,120.00,processing,2026-08-23 16:39:18.391945+08,2026-08-23 16:39:18.391945+08
2201,01M0MX49WJZD9XG6W8T6QJEG1G,408186TJ449WSVW673RWDK4X,9,30.00,270.00,delivered,2026-08-23 16:39:18.391945+08,2026-08-23 16:39:18.391945+08
2202,01M0MX49WJZD9XG6W8T6QJEG1G,411921G8X1MT1A4Z5EPH3YP4,3,30.00,90.00,delivered,2026-08-23 16:39:18.391945+08,2026-08-23 16:39:18.391945+08
2203,01M0MX49WJZD9XG6W8T6QJEG1G,4088862F2RR4FH8VD6HQ69ZM,20,350.00,7000.00,delivered,2026-08-23 16:39:18.391945+08,2026-08-23 16:39:18.391945+08
2204,01M0MX49WJ1JAE8JF1BF1NNE7Z,409892D87XEVH1ZTZXV5F6C1,19,155.00,2945.00,delivered,2026-08-23 16:39:18.391945+08,2026-08-23 16:39:18.391945+08
2205,01M0MX49WJ1JAE8JF1BF1NNE7Z,4162975Y25KN73W7KKDJGX6P,8,245.00,1960.00,delivered,2026-08-23 16:39:18.391945+08,2026-08-23 16:39:18.391945+08
2206,01M0MX49WJYBKM31YA71NA74M5,417359ZGZV0QNH8M3DEYW8G5,7,350.00,2450.00,confirmed,2026-08-23 16:39:18.391945+08,2026-08-23 16:39:18.391945+08
2207,01M0MX49WJV3EF5A5SZBA6Z031,412596TV7NC82RBGNTA0W8JZ,2,35.00,70.00,processing,2026-08-23 16:39:18.391945+08,2026-08-23 16:39:18.391945+08
2208,01M0MX49WJV3EF5A5SZBA6Z031,411921G8X1MT1A4Z5EPH3YP4,18,30.00,540.00,processing,2026-08-23 16:39:18.391945+08,2026-08-23 16:39:18.391945+08
2209,01M0MX49WJ8PJDSA9ZAZTB2X6E,409892D87XEVH1ZTZXV5F6C1,18,155.00,2790.00,delivered,2026-08-23 16:39:18.391945+08,2026-08-23 16:39:18.391945+08
2213,01M0MX49WJH74DEF3R0TY5ZV47,407702R5D86R3CBB81E3X29M,8,350.00,2800.00,delivered,2026-08-23 16:39:18.391945+08,2026-08-23 16:39:18.391945+08
2214,01M0MX49WJH74DEF3R0TY5ZV47,414773WE720HJ0P121AG8FHQ,18,350.00,6300.00,delivered,2026-08-23 16:39:18.391945+08,2026-08-23 16:39:18.391945+08
2215,01M0MX49WJH74DEF3R0TY5ZV47,4162975Y25KN73W7KKDJGX6P,10,245.00,2450.00,delivered,2026-08-23 16:39:18.391945+08,2026-08-23 16:39:18.391945+08
2216,01M0MX49WJ26857EM1CAKJAP8H,4116065CZMHNTR71A86YWAMC,18,350.00,6300.00,delivered,2026-08-23 16:39:18.391945+08,2026-08-23 16:39:18.391945+08
2217,01M0MX49WJ26857EM1CAKJAP8H,4088862F2RR4FH8VD6HQ69ZM,15,350.00,5250.00,delivered,2026-08-23 16:39:18.391945+08,2026-08-23 16:39:18.391945+08
2218,01M0MX49WJ26857EM1CAKJAP8H,4162975Y25KN73W7KKDJGX6P,1,245.00,245.00,delivered,2026-08-23 16:39:18.391945+08,2026-08-23 16:39:18.391945+08
2219,01M0MX49WJ2HPC9QNF7R8RZPPF,416951J7FD3NBDV1MM1QS36H,3,415.00,1245.00,delivered,2026-08-23 16:39:18.391945+08,2026-08-23 16:39:18.391945+08
2220,01M0MX49WJ2HPC9QNF7R8RZPPF,4088862F2RR4FH8VD6HQ69ZM,10,350.00,3500.00,delivered,2026-08-23 16:39:18.391945+08,2026-08-23 16:39:18.391945+08
2221,01M0MX49WJ3FK0GNSNE75EA7DH,416496PKZM0T9NY433H8KP6M,11,30.00,330.00,delivered,2026-08-23 16:39:18.391945+08,2026-08-23 16:39:18.391945+08
2222,01M0MX49WJ798E7P5QBRYP085C,413521JP1792738MBB68XMK5,16,350.00,5600.00,delivered,2026-08-23 16:39:18.391945+08,2026-08-23 16:39:18.391945+08
2223,01M0MX49WJ798E7P5QBRYP085C,411921G8X1MT1A4Z5EPH3YP4,14,30.00,420.00,delivered,2026-08-23 16:39:18.391945+08,2026-08-23 16:39:18.391945+08
2224,01M0MX49WJ45A1C6EBKMW1ZAX4,417359ZGZV0QNH8M3DEYW8G5,9,350.00,3150.00,delivered,2026-08-23 16:39:18.391945+08,2026-08-23 16:39:18.391945+08
2225,01M0MX49WJHH59AKRJZ06K3HF9,4082223DQAKGCJ8P0XHQQNB2,18,112.00,2016.00,pending,2026-08-23 16:39:18.391945+08,2026-08-23 16:39:18.391945+08
2226,01M0MX49WJHH59AKRJZ06K3HF9,409892D87XEVH1ZTZXV5F6C1,15,155.00,2325.00,pending,2026-08-23 16:39:18.391945+08,2026-08-23 16:39:18.391945+08
2227,01M0MX49WK2D1S5B4N5TMGFBWM,413005KN3WGNAPH6NCQ5JCT9,6,350.00,2100.00,delivered,2026-08-23 16:39:18.391945+08,2026-08-23 16:39:18.391945+08
2228,01M0MX49WK2D1S5B4N5TMGFBWM,413005KN3WGNAPH6NCQ5JCT9,15,350.00,5250.00,delivered,2026-08-23 16:39:18.391945+08,2026-08-23 16:39:18.391945+08
2229,01M0MX49WK2D1S5B4N5TMGFBWM,413005KN3WGNAPH6NCQ5JCT9,5,350.00,1750.00,delivered,2026-08-23 16:39:18.391945+08,2026-08-23 16:39:18.391945+08
2230,01M0MX49WKMP3KGBWMK865JVRY,416951J7FD3NBDV1MM1QS36H,11,415.00,4565.00,processing,2026-08-23 16:39:18.391945+08,2026-08-23 16:39:18.391945+08
2231,01M0MX49WKMP3KGBWMK865JVRY,412596TV7NC82RBGNTA0W8JZ,3,35.00,105.00,processing,2026-08-23 16:39:18.391945+08,2026-08-23 16:39:18.391945+08
2232,01M0MX49WKMP3KGBWMK865JVRY,4116065CZMHNTR71A86YWAMC,6,350.00,2100.00,processing,2026-08-23 16:39:18.391945+08,2026-08-23 16:39:18.391945+08
2236,01M0MX49WKMH4FP0MNSYX7GTNT,414773WE720HJ0P121AG8FHQ,6,350.00,2100.00,delivered,2026-08-23 16:39:18.391945+08,2026-08-23 16:39:18.391945+08
2237,01M0MX49WKYBT6ZCZEH5PN08FJ,409339V9MK4RHRG0A0XWT91W,3,485.00,1455.00,delivered,2026-08-23 16:39:18.391945+08,2026-08-23 16:39:18.391945+08
2238,01M0MX49WKYBT6ZCZEH5PN08FJ,41150684MEXX0KJ3HG4B279E,12,30.00,360.00,delivered,2026-08-23 16:39:18.391945+08,2026-08-23 16:39:18.391945+08
2239,01M0MX49WK57C4FMXTGQZCC4KP,412596TV7NC82RBGNTA0W8JZ,8,35.00,280.00,processing,2026-08-23 16:39:18.391945+08,2026-08-23 16:39:18.391945+08
2240,01M0MX49WK57C4FMXTGQZCC4KP,409420087QNW2D06G06MH7JS,1,350.00,350.00,processing,2026-08-23 16:39:18.391945+08,2026-08-23 16:39:18.391945+08
2244,01M0MX49WKPDK6VXM5NEF8YPPW,4082223DQAKGCJ8P0XHQQNB2,9,112.00,1008.00,processing,2026-08-23 16:39:18.391945+08,2026-08-23 16:39:18.391945+08
2245,01M0MX49WKPDK6VXM5NEF8YPPW,41511344QHQDJBZ4FRV45NKC,3,350.00,1050.00,processing,2026-08-23 16:39:18.391945+08,2026-08-23 16:39:18.391945+08
2246,01M0MX49WKJBMPTFBN2CX9XAM9,4116065CZMHNTR71A86YWAMC,1,350.00,350.00,confirmed,2026-08-23 16:39:18.391945+08,2026-08-23 16:39:18.391945+08
2247,01M0MX49WKJBMPTFBN2CX9XAM9,41085841ZKREWJPCC4PWVWR7,17,15.00,255.00,confirmed,2026-08-23 16:39:18.391945+08,2026-08-23 16:39:18.391945+08
2248,01M0MX49WKJBMPTFBN2CX9XAM9,41150684MEXX0KJ3HG4B279E,15,30.00,450.00,confirmed,2026-08-23 16:39:18.391945+08,2026-08-23 16:39:18.391945+08
2249,01M0MX49WK70SPXTZAWBM6NTDE,409339V9MK4RHRG0A0XWT91W,7,485.00,3395.00,pending,2026-08-23 16:39:18.391945+08,2026-08-23 16:39:18.391945+08
2250,01M0MX49WK70SPXTZAWBM6NTDE,414773WE720HJ0P121AG8FHQ,10,350.00,3500.00,pending,2026-08-23 16:39:18.391945+08,2026-08-23 16:39:18.391945+08
2251,01M0MX49WK70SPXTZAWBM6NTDE,411921G8X1MT1A4Z5EPH3YP4,13,30.00,390.00,pending,2026-08-23 16:39:18.391945+08,2026-08-23 16:39:18.391945+08
2252,01M0MX49WKDZ9SB0R9DH1D5S51,4082223DQAKGCJ8P0XHQQNB2,7,112.00,784.00,processing,2026-08-23 16:39:18.391945+08,2026-08-23 16:39:18.391945+08
2253,01M0MX49WKCFR2BYDXRHBA2R8C,41150684MEXX0KJ3HG4B279E,6,30.00,180.00,delivered,2026-08-23 16:39:18.391945+08,2026-08-23 16:39:18.391945+08
2254,01M0MX49WK2TEDMGSQYERZG6WJ,416951J7FD3NBDV1MM1QS36H,9,415.00,3735.00,delivered,2026-08-23 16:39:18.391945+08,2026-08-23 16:39:18.391945+08
2256,01M0MX49WKXPQGQT1WQR2584J1,41511344QHQDJBZ4FRV45NKC,11,350.00,3850.00,pending,2026-08-23 16:39:18.391945+08,2026-08-23 16:39:18.391945+08
2257,01M0MX49WKXPQGQT1WQR2584J1,41085841ZKREWJPCC4PWVWR7,13,15.00,195.00,pending,2026-08-23 16:39:18.391945+08,2026-08-23 16:39:18.391945+08
2258,01M0MX49WKYHGSY8384AKJXH8J,41150684MEXX0KJ3HG4B279E,20,30.00,600.00,delivered,2026-08-23 16:39:18.391945+08,2026-08-23 16:39:18.391945+08
2259,01M0MX49WKYHGSY8384AKJXH8J,414773WE720HJ0P121AG8FHQ,3,350.00,1050.00,delivered,2026-08-23 16:39:18.391945+08,2026-08-23 16:39:18.391945+08
2260,01M0MX49WKYHGSY8384AKJXH8J,4116065CZMHNTR71A86YWAMC,18,350.00,6300.00,delivered,2026-08-23 16:39:18.391945+08,2026-08-23 16:39:18.391945+08
2261,01M0MX49WKXEFGYTTV08AG2XQ7,411921G8X1MT1A4Z5EPH3YP4,12,30.00,360.00,pending,2026-08-23 16:39:18.391945+08,2026-08-23 16:39:18.391945+08
2262,01M0MX49WKC30TBZD5TP9SQ8AW,41085841ZKREWJPCC4PWVWR7,2,15.00,30.00,cancelled,2026-08-23 16:39:18.391945+08,2026-08-23 16:39:18.391945+08
2263,01M0MX49WKC30TBZD5TP9SQ8AW,409420087QNW2D06G06MH7JS,9,350.00,3150.00,cancelled,2026-08-23 16:39:18.391945+08,2026-08-23 16:39:18.391945+08
2264,01M0MX49WKC30TBZD5TP9SQ8AW,408186TJ449WSVW673RWDK4X,20,30.00,600.00,cancelled,2026-08-23 16:39:18.391945+08,2026-08-23 16:39:18.391945+08
2265,01M0MX49WKV1SGGQVNQF969T99,411039DJMEE6FWS52GMATRN7,12,25.00,300.00,confirmed,2026-08-23 16:39:18.391945+08,2026-08-23 16:39:18.391945+08
2266,01M0MX49WKV1SGGQVNQF969T99,41511344QHQDJBZ4FRV45NKC,18,350.00,6300.00,confirmed,2026-08-23 16:39:18.391945+08,2026-08-23 16:39:18.391945+08
2269,01M0MX49WKMB29NFZVQGTVXNN9,41085841ZKREWJPCC4PWVWR7,17,15.00,255.00,pending,2026-08-23 16:39:18.391945+08,2026-08-23 16:39:18.391945+08
2270,01M0MX49WKMB29NFZVQGTVXNN9,41150684MEXX0KJ3HG4B279E,5,30.00,150.00,pending,2026-08-23 16:39:18.391945+08,2026-08-23 16:39:18.391945+08
2271,01M0MX49WK8X3F0TFGWTGCXGWJ,41511344QHQDJBZ4FRV45NKC,16,350.00,5600.00,pending,2026-08-23 16:39:18.391945+08,2026-08-23 16:39:18.391945+08
2272,01M0MX49WKP2CTJV1ZACNFV99G,416951J7FD3NBDV1MM1QS36H,9,415.00,3735.00,delivered,2026-08-23 16:39:18.391945+08,2026-08-23 16:39:18.391945+08
2273,01M0MX49WKP2CTJV1ZACNFV99G,4082223DQAKGCJ8P0XHQQNB2,9,112.00,1008.00,delivered,2026-08-23 16:39:18.391945+08,2026-08-23 16:39:18.391945+08
2274,01M0MX49WKK3R25JSX26DWMTBH,409892D87XEVH1ZTZXV5F6C1,16,155.00,2480.00,confirmed,2026-08-23 16:39:18.391945+08,2026-08-23 16:39:18.391945+08
2278,01M0MX49WKA3AD76ZKKZ5HVP45,414773WE720HJ0P121AG8FHQ,6,350.00,2100.00,confirmed,2026-08-23 16:39:18.391945+08,2026-08-23 16:39:18.391945+08
2279,01M0MX49WKA3AD76ZKKZ5HVP45,41085841ZKREWJPCC4PWVWR7,15,15.00,225.00,confirmed,2026-08-23 16:39:18.391945+08,2026-08-23 16:39:18.391945+08
2280,01M0MX49WKMJJP3M5F01SBNWZQ,407702R5D86R3CBB81E3X29M,15,350.00,5250.00,pending,2026-08-23 16:39:18.391945+08,2026-08-23 16:39:18.391945+08
2281,01M0MX49WKMJJP3M5F01SBNWZQ,4138050CXS9PQSNF661Q1A1F,18,140.00,2520.00,pending,2026-08-23 16:39:18.391945+08,2026-08-23 16:39:18.391945+08
2283,01M0MX49WKP49ZRE582QWWB02W,417359ZGZV0QNH8M3DEYW8G5,6,350.00,2100.00,pending,2026-08-23 16:39:18.391945+08,2026-08-23 16:39:18.391945+08
2284,01M0MX49WKP49ZRE582QWWB02W,408186TJ449WSVW673RWDK4X,9,30.00,270.00,pending,2026-08-23 16:39:18.391945+08,2026-08-23 16:39:18.391945+08
2285,01M0MX49WK7J5P3J37XW8ER431,409339V9MK4RHRG0A0XWT91W,19,485.00,9215.00,delivered,2026-08-23 16:39:18.391945+08,2026-08-23 16:39:18.391945+08
2286,01M0MX49WK7J5P3J37XW8ER431,409420087QNW2D06G06MH7JS,17,350.00,5950.00,delivered,2026-08-23 16:39:18.391945+08,2026-08-23 16:39:18.391945+08
2287,01M0MX49WK7J5P3J37XW8ER431,412596TV7NC82RBGNTA0W8JZ,6,35.00,210.00,delivered,2026-08-23 16:39:18.391945+08,2026-08-23 16:39:18.391945+08
2288,01M0MX49WK3TPS4KG4NQTXR2M7,411921G8X1MT1A4Z5EPH3YP4,4,30.00,120.00,delivered,2026-08-23 16:39:18.391945+08,2026-08-23 16:39:18.391945+08
2289,01M0MX49WKQ0KD9ZGZEPKS1AVP,411039DJMEE6FWS52GMATRN7,4,25.00,100.00,pending,2026-08-23 16:39:18.391945+08,2026-08-23 16:39:18.391945+08
2290,01M0MX49WKQ0KD9ZGZEPKS1AVP,4162975Y25KN73W7KKDJGX6P,12,245.00,2940.00,pending,2026-08-23 16:39:18.391945+08,2026-08-23 16:39:18.391945+08
2291,01M0MX49WKQ0KD9ZGZEPKS1AVP,412596TV7NC82RBGNTA0W8JZ,4,35.00,140.00,pending,2026-08-23 16:39:18.391945+08,2026-08-23 16:39:18.391945+08
2292,01M0MX49WK4A8217169718PNCK,416496PKZM0T9NY433H8KP6M,16,30.00,480.00,confirmed,2026-08-23 16:39:18.391945+08,2026-08-23 16:39:18.391945+08
2295,01M0MX49WKSXRNDVCG5DSEAJGK,412596TV7NC82RBGNTA0W8JZ,5,35.00,175.00,cancelled,2026-08-23 16:39:18.391945+08,2026-08-23 16:39:18.391945+08
2296,01M0MX49WKSXRNDVCG5DSEAJGK,409339V9MK4RHRG0A0XWT91W,2,485.00,970.00,cancelled,2026-08-23 16:39:18.391945+08,2026-08-23 16:39:18.391945+08
2297,01M0MX49WK4ZACP15ADDK89Q77,413521JP1792738MBB68XMK5,18,350.00,6300.00,confirmed,2026-08-23 16:39:18.391945+08,2026-08-23 16:39:18.391945+08
2298,01M0MX49WKP7HG90ZYNQTRWXSG,414773WE720HJ0P121AG8FHQ,6,350.00,2100.00,processing,2026-08-23 16:39:18.391945+08,2026-08-23 16:39:18.391945+08
2299,01M0MX49WKP7HG90ZYNQTRWXSG,4088862F2RR4FH8VD6HQ69ZM,13,350.00,4550.00,processing,2026-08-23 16:39:18.391945+08,2026-08-23 16:39:18.391945+08
2300,01M0MX49WKCS5WK2S15TJGV0RM,417359ZGZV0QNH8M3DEYW8G5,13,350.00,4550.00,pending,2026-08-23 16:39:18.391945+08,2026-08-23 16:39:18.391945+08
2301,01M0MX49WKQW31CAW1E132P7M7,41511344QHQDJBZ4FRV45NKC,4,350.00,1400.00,confirmed,2026-08-23 16:39:18.391945+08,2026-08-23 16:39:18.391945+08
2302,01M0MX49WKQW31CAW1E132P7M7,416951J7FD3NBDV1MM1QS36H,16,415.00,6640.00,confirmed,2026-08-23 16:39:18.391945+08,2026-08-23 16:39:18.391945+08
2303,01M0MX49WKQW31CAW1E132P7M7,41150684MEXX0KJ3HG4B279E,10,30.00,300.00,confirmed,2026-08-23 16:39:18.391945+08,2026-08-23 16:39:18.391945+08
2304,01M0MX49WK7XYSB59ZJ0KT1RX4,4116065CZMHNTR71A86YWAMC,12,350.00,4200.00,pending,2026-08-23 16:39:18.391945+08,2026-08-23 16:39:18.391945+08
2305,01M0MX49WK7XYSB59ZJ0KT1RX4,408186TJ449WSVW673RWDK4X,7,30.00,210.00,pending,2026-08-23 16:39:18.391945+08,2026-08-23 16:39:18.391945+08
2306,01M0MX49WK7XYSB59ZJ0KT1RX4,411921G8X1MT1A4Z5EPH3YP4,15,30.00,450.00,pending,2026-08-23 16:39:18.391945+08,2026-08-23 16:39:18.391945+08
2310,01M0MX49WKA7QXHP131ER6MJRY,413521JP1792738MBB68XMK5,2,350.00,700.00,processing,2026-08-23 16:39:18.391945+08,2026-08-23 16:39:18.391945+08
2311,01M0MX49WKA7QXHP131ER6MJRY,408186TJ449WSVW673RWDK4X,11,30.00,330.00,processing,2026-08-23 16:39:18.391945+08,2026-08-23 16:39:18.391945+08
2312,01M0MX49WK2K3WBPDWVXPKNYKN,411039DJMEE6FWS52GMATRN7,5,25.00,125.00,delivered,2026-08-23 16:39:18.391945+08,2026-08-23 16:39:18.391945+08
2313,01M0MX49WK2K3WBPDWVXPKNYKN,411921G8X1MT1A4Z5EPH3YP4,17,30.00,510.00,delivered,2026-08-23 16:39:18.391945+08,2026-08-23 16:39:18.391945+08
2314,01M0MX49WK2K3WBPDWVXPKNYKN,413005KN3WGNAPH6NCQ5JCT9,17,350.00,5950.00,delivered,2026-08-23 16:39:18.391945+08,2026-08-23 16:39:18.391945+08
2315,01M0MX49WKATZ3MZ06Z8YWCZC9,413521JP1792738MBB68XMK5,16,350.00,5600.00,confirmed,2026-08-23 16:39:18.391945+08,2026-08-23 16:39:18.391945+08
2316,01M0MX49WKATZ3MZ06Z8YWCZC9,416951J7FD3NBDV1MM1QS36H,5,415.00,2075.00,confirmed,2026-08-23 16:39:18.391945+08,2026-08-23 16:39:18.391945+08
2317,01M0MX49WK1PTWJFHMT0G2XSP5,4088862F2RR4FH8VD6HQ69ZM,17,350.00,5950.00,delivered,2026-08-23 16:39:18.391945+08,2026-08-23 16:39:18.391945+08
2318,01M0MX49WK1PTWJFHMT0G2XSP5,41150684MEXX0KJ3HG4B279E,10,30.00,300.00,delivered,2026-08-23 16:39:18.391945+08,2026-08-23 16:39:18.391945+08
2319,01M0MX49WKCATBZET40V8X39T9,407702R5D86R3CBB81E3X29M,17,350.00,5950.00,pending,2026-08-23 16:39:18.391945+08,2026-08-23 16:39:18.391945+08
2322,01M0MX49WKNRGYWYKP2SQAV682,413521JP1792738MBB68XMK5,17,350.00,5950.00,processing,2026-08-23 16:39:18.391945+08,2026-08-23 16:39:18.391945+08
2323,01M0MX49WKNRGYWYKP2SQAV682,409420087QNW2D06G06MH7JS,4,350.00,1400.00,processing,2026-08-23 16:39:18.391945+08,2026-08-23 16:39:18.391945+08
2324,01M0MX49WKNRGYWYKP2SQAV682,411039DJMEE6FWS52GMATRN7,15,25.00,375.00,processing,2026-08-23 16:39:18.391945+08,2026-08-23 16:39:18.391945+08
2325,01M0MX49WKSJ4F13ZWTQ0QNQSZ,407702R5D86R3CBB81E3X29M,3,350.00,1050.00,delivered,2026-08-23 16:39:18.391945+08,2026-08-23 16:39:18.391945+08
2326,01M0MX49WKSJ4F13ZWTQ0QNQSZ,41150684MEXX0KJ3HG4B279E,10,30.00,300.00,delivered,2026-08-23 16:39:18.391945+08,2026-08-23 16:39:18.391945+08
2329,01M0MX49WKXT3B66126Y863J03,409339V9MK4RHRG0A0XWT91W,6,485.00,2910.00,cancelled,2026-08-23 16:39:18.391945+08,2026-08-23 16:39:18.391945+08
2330,01M0MX49WKP1DG3355Q4V8VNZB,414773WE720HJ0P121AG8FHQ,4,350.00,1400.00,delivered,2026-08-23 16:39:18.391945+08,2026-08-23 16:39:18.391945+08
2331,01M0MX49WKP1DG3355Q4V8VNZB,41150684MEXX0KJ3HG4B279E,18,30.00,540.00,delivered,2026-08-23 16:39:18.391945+08,2026-08-23 16:39:18.391945+08
2332,01M0MX49WKP1DG3355Q4V8VNZB,409420087QNW2D06G06MH7JS,1,350.00,350.00,delivered,2026-08-23 16:39:18.391945+08,2026-08-23 16:39:18.391945+08
2333,01M0MX49WKD1C1KBM2AV94ET9H,413005KN3WGNAPH6NCQ5JCT9,16,350.00,5600.00,pending,2026-08-23 16:39:18.391945+08,2026-08-23 16:39:18.391945+08
2334,01M0MX49WKJH3EVB5719KKTQND,4082223DQAKGCJ8P0XHQQNB2,16,112.00,1792.00,delivered,2026-08-23 16:39:18.391945+08,2026-08-23 16:39:18.391945+08
2335,01M0MX49WKJH3EVB5719KKTQND,416951J7FD3NBDV1MM1QS36H,20,415.00,8300.00,delivered,2026-08-23 16:39:18.391945+08,2026-08-23 16:39:18.391945+08
2336,01M0MX49WKJH3EVB5719KKTQND,4082223DQAKGCJ8P0XHQQNB2,12,112.00,1344.00,delivered,2026-08-23 16:39:18.391945+08,2026-08-23 16:39:18.391945+08
2337,01M0MX49WKQRXCQ6GGV6CH9MRT,41511344QHQDJBZ4FRV45NKC,5,350.00,1750.00,delivered,2026-08-23 16:39:18.391945+08,2026-08-23 16:39:18.391945+08
2338,01M0MX49WK0W9TCNK57X8ZT4SJ,41085841ZKREWJPCC4PWVWR7,7,15.00,105.00,confirmed,2026-08-23 16:39:18.391945+08,2026-08-23 16:39:18.391945+08
2339,01M0MX49WKBGG1P55T5C3M972K,41511344QHQDJBZ4FRV45NKC,8,350.00,2800.00,confirmed,2026-08-23 16:39:18.391945+08,2026-08-23 16:39:18.391945+08
2340,01M0MX49WKBGG1P55T5C3M972K,41150684MEXX0KJ3HG4B279E,18,30.00,540.00,confirmed,2026-08-23 16:39:18.391945+08,2026-08-23 16:39:18.391945+08
2341,01M0MX49WKBGG1P55T5C3M972K,409339V9MK4RHRG0A0XWT91W,3,485.00,1455.00,confirmed,2026-08-23 16:39:18.391945+08,2026-08-23 16:39:18.391945+08
2342,01M0MX49WK2RFS9F1WQJ4WCKJ3,411921G8X1MT1A4Z5EPH3YP4,14,30.00,420.00,delivered,2026-08-23 16:39:18.391945+08,2026-08-23 16:39:18.391945+08
2343,01M0MX49WK114CQHK1BM069KPE,41085841ZKREWJPCC4PWVWR7,15,15.00,225.00,pending,2026-08-23 16:39:18.391945+08,2026-08-23 16:39:18.391945+08
2346,01M0MX49WK2RZYTEH123X9MAD4,407702R5D86R3CBB81E3X29M,11,350.00,3850.00,delivered,2026-08-23 16:39:18.391945+08,2026-08-23 16:39:18.391945+08
2347,01M0MX49WK2RZYTEH123X9MAD4,409420087QNW2D06G06MH7JS,4,350.00,1400.00,delivered,2026-08-23 16:39:18.391945+08,2026-08-23 16:39:18.391945+08
2348,01M0MX49WK2MJ0HMWADYJZR6VD,412596TV7NC82RBGNTA0W8JZ,20,35.00,700.00,cancelled,2026-08-23 16:39:18.391945+08,2026-08-23 16:39:18.391945+08
2349,01M0MX49WK2MJ0HMWADYJZR6VD,410258ZSW0QAXSVS8S3VV7TE,10,35.00,350.00,cancelled,2026-08-23 16:39:18.391945+08,2026-08-23 16:39:18.391945+08
2352,01M0MX49WK19WAPMDYNEJYWECW,409420087QNW2D06G06MH7JS,14,350.00,4900.00,delivered,2026-08-23 16:39:18.391945+08,2026-08-23 16:39:18.391945+08
2353,01M0MX49WK19WAPMDYNEJYWECW,412596TV7NC82RBGNTA0W8JZ,11,35.00,385.00,delivered,2026-08-23 16:39:18.391945+08,2026-08-23 16:39:18.391945+08
2354,01M0MX49WK19WAPMDYNEJYWECW,410258ZSW0QAXSVS8S3VV7TE,3,35.00,105.00,delivered,2026-08-23 16:39:18.391945+08,2026-08-23 16:39:18.391945+08
2355,01M0MX49WK9ZR85PGAHP2BPXS7,411921G8X1MT1A4Z5EPH3YP4,4,30.00,120.00,delivered,2026-08-23 16:39:18.391945+08,2026-08-23 16:39:18.391945+08
2356,01M0MX49WK9ZR85PGAHP2BPXS7,411921G8X1MT1A4Z5EPH3YP4,20,30.00,600.00,delivered,2026-08-23 16:39:18.391945+08,2026-08-23 16:39:18.391945+08
2357,01M0MX49WK11R4G9WVESKQDXAF,409420087QNW2D06G06MH7JS,6,350.00,2100.00,processing,2026-08-23 16:39:18.391945+08,2026-08-23 16:39:18.391945+08
2358,01M0MX49WK11R4G9WVESKQDXAF,416951J7FD3NBDV1MM1QS36H,7,415.00,2905.00,processing,2026-08-23 16:39:18.391945+08,2026-08-23 16:39:18.391945+08
2359,01M0MX49WKZ01N2X6974MKW5G1,408186TJ449WSVW673RWDK4X,8,30.00,240.00,confirmed,2026-08-23 16:39:18.391945+08,2026-08-23 16:39:18.391945+08
2360,01M0MX49WK8Y9XAJCXQNZ9AQS6,4082223DQAKGCJ8P0XHQQNB2,15,112.00,1680.00,delivered,2026-08-23 16:39:18.391945+08,2026-08-23 16:39:18.391945+08
2361,01M0MX49WK8Y9XAJCXQNZ9AQS6,41511344QHQDJBZ4FRV45NKC,10,350.00,3500.00,delivered,2026-08-23 16:39:18.391945+08,2026-08-23 16:39:18.391945+08
2362,01M0MX49WK2VNM8XTH1PD40MZR,413005KN3WGNAPH6NCQ5JCT9,12,350.00,4200.00,cancelled,2026-08-23 16:39:18.391945+08,2026-08-23 16:39:18.391945+08
2363,01M0MX49WK2VNM8XTH1PD40MZR,411921G8X1MT1A4Z5EPH3YP4,6,30.00,180.00,cancelled,2026-08-23 16:39:18.391945+08,2026-08-23 16:39:18.391945+08
2364,01M0MX49WK2VNM8XTH1PD40MZR,4082223DQAKGCJ8P0XHQQNB2,7,112.00,784.00,cancelled,2026-08-23 16:39:18.391945+08,2026-08-23 16:39:18.391945+08
2365,01M0MX49WK6WMPD8T3RC7TYZSA,411039DJMEE6FWS52GMATRN7,16,25.00,400.00,delivered,2026-08-23 16:39:18.391945+08,2026-08-23 16:39:18.391945+08
2366,01M0MX49WKVRV0HKE7TAAKW2WV,4082223DQAKGCJ8P0XHQQNB2,16,112.00,1792.00,confirmed,2026-08-23 16:39:18.391945+08,2026-08-23 16:39:18.391945+08
2367,01M0MX49WKY409Q7VNE1763CPF,416951J7FD3NBDV1MM1QS36H,8,415.00,3320.00,delivered,2026-08-23 16:39:18.391945+08,2026-08-23 16:39:18.391945+08
2368,01M0MX49WKY409Q7VNE1763CPF,409339V9MK4RHRG0A0XWT91W,18,485.00,8730.00,delivered,2026-08-23 16:39:18.391945+08,2026-08-23 16:39:18.391945+08
2369,01M0MX49WK03T2H073DFFPEJHK,414773WE720HJ0P121AG8FHQ,12,350.00,4200.00,cancelled,2026-08-23 16:39:18.391945+08,2026-08-23 16:39:18.391945+08
2370,01M0MX49WK03T2H073DFFPEJHK,411039DJMEE6FWS52GMATRN7,6,25.00,150.00,cancelled,2026-08-23 16:39:18.391945+08,2026-08-23 16:39:18.391945+08
2371,01M0MX49WK20VJA8D1Q51EFXTQ,407702R5D86R3CBB81E3X29M,3,350.00,1050.00,delivered,2026-08-23 16:39:18.391945+08,2026-08-23 16:39:18.391945+08
2372,01M0MX49WK20VJA8D1Q51EFXTQ,409892D87XEVH1ZTZXV5F6C1,14,155.00,2170.00,delivered,2026-08-23 16:39:18.391945+08,2026-08-23 16:39:18.391945+08
2373,01M0MX49WK20VJA8D1Q51EFXTQ,4116065CZMHNTR71A86YWAMC,20,350.00,7000.00,delivered,2026-08-23 16:39:18.391945+08,2026-08-23 16:39:18.391945+08
2374,01M0MX49WKGHFTGGC8526457EV,411921G8X1MT1A4Z5EPH3YP4,9,30.00,270.00,pending,2026-08-23 16:39:18.391945+08,2026-08-23 16:39:18.391945+08
2375,01M0MX49WKDGZ8FPRV0GA8ERN7,410258ZSW0QAXSVS8S3VV7TE,9,35.00,315.00,delivered,2026-08-23 16:39:18.391945+08,2026-08-23 16:39:18.391945+08
2376,01M0MX49WK6004Q5PY1Z2PT55E,4082223DQAKGCJ8P0XHQQNB2,4,112.00,448.00,delivered,2026-08-23 16:39:18.391945+08,2026-08-23 16:39:18.391945+08
2377,01M0MX49WK6004Q5PY1Z2PT55E,41085841ZKREWJPCC4PWVWR7,2,15.00,30.00,delivered,2026-08-23 16:39:18.391945+08,2026-08-23 16:39:18.391945+08
2378,01M0MX49WK6004Q5PY1Z2PT55E,416496PKZM0T9NY433H8KP6M,15,30.00,450.00,delivered,2026-08-23 16:39:18.391945+08,2026-08-23 16:39:18.391945+08
2379,01M0MX49WK5RHZMGP9G22WB9NE,4082223DQAKGCJ8P0XHQQNB2,4,112.00,448.00,cancelled,2026-08-23 16:39:18.391945+08,2026-08-23 16:39:18.391945+08
2380,01M0MX49WK5RHZMGP9G22WB9NE,410258ZSW0QAXSVS8S3VV7TE,2,35.00,70.00,cancelled,2026-08-23 16:39:18.391945+08,2026-08-23 16:39:18.391945+08
2381,01M0MX49WK5RHZMGP9G22WB9NE,408186TJ449WSVW673RWDK4X,4,30.00,120.00,cancelled,2026-08-23 16:39:18.391945+08,2026-08-23 16:39:18.391945+08
2383,01M0MX49WKW7804HB442AXXGEV,411921G8X1MT1A4Z5EPH3YP4,4,30.00,120.00,delivered,2026-08-23 16:39:18.391945+08,2026-08-23 16:39:18.391945+08
2384,01M0MX49WKW7804HB442AXXGEV,41511344QHQDJBZ4FRV45NKC,12,350.00,4200.00,delivered,2026-08-23 16:39:18.391945+08,2026-08-23 16:39:18.391945+08
2385,01M0MX49WKW7804HB442AXXGEV,409892D87XEVH1ZTZXV5F6C1,5,155.00,775.00,delivered,2026-08-23 16:39:18.391945+08,2026-08-23 16:39:18.391945+08
2386,01M0MX49WKSVDW98CFZX22NMH4,41150684MEXX0KJ3HG4B279E,1,30.00,30.00,delivered,2026-08-23 16:39:18.391945+08,2026-08-23 16:39:18.391945+08
2387,01M0MX49WKSVDW98CFZX22NMH4,4088862F2RR4FH8VD6HQ69ZM,16,350.00,5600.00,delivered,2026-08-23 16:39:18.391945+08,2026-08-23 16:39:18.391945+08
2388,01M0MX49WK4T4PTJQVEVME8N3T,413521JP1792738MBB68XMK5,9,350.00,3150.00,confirmed,2026-08-23 16:39:18.391945+08,2026-08-23 16:39:18.391945+08
2389,01M0MX49WKHSACSBVZS4DEG6C9,4138050CXS9PQSNF661Q1A1F,8,140.00,1120.00,delivered,2026-08-23 16:39:18.391945+08,2026-08-23 16:39:18.391945+08
2390,01M0MX49WKHSACSBVZS4DEG6C9,41511344QHQDJBZ4FRV45NKC,17,350.00,5950.00,delivered,2026-08-23 16:39:18.391945+08,2026-08-23 16:39:18.391945+08
2391,01M0MX49WKJR7AY92V2J67Y2JB,41150684MEXX0KJ3HG4B279E,14,30.00,420.00,delivered,2026-08-23 16:39:18.391945+08,2026-08-23 16:39:18.391945+08
2392,01M0MX49WK2NGE4QMXT04MQ8FW,411039DJMEE6FWS52GMATRN7,12,25.00,300.00,delivered,2026-08-23 16:39:18.391945+08,2026-08-23 16:39:18.391945+08
2393,01M0MX49WK2NGE4QMXT04MQ8FW,409420087QNW2D06G06MH7JS,15,350.00,5250.00,delivered,2026-08-23 16:39:18.391945+08,2026-08-23 16:39:18.391945+08
2394,01M0MX49WK2NGE4QMXT04MQ8FW,41511344QHQDJBZ4FRV45NKC,1,350.00,350.00,delivered,2026-08-23 16:39:18.391945+08,2026-08-23 16:39:18.391945+08
2395,01M0MX49WKCJ14525YRDD12EZW,409892D87XEVH1ZTZXV5F6C1,11,155.00,1705.00,cancelled,2026-08-23 16:39:18.391945+08,2026-08-23 16:39:18.391945+08
2396,01M0MX49WK2HWKMVM92AY2QG98,41150684MEXX0KJ3HG4B279E,2,30.00,60.00,cancelled,2026-08-23 16:39:18.391945+08,2026-08-23 16:39:18.391945+08
2397,01M0MX49WK5YANCM4TF7NN5436,413005KN3WGNAPH6NCQ5JCT9,5,350.00,1750.00,delivered,2026-08-23 16:39:18.391945+08,2026-08-23 16:39:18.391945+08
2398,01M0MX49WK5YANCM4TF7NN5436,412596TV7NC82RBGNTA0W8JZ,2,35.00,70.00,delivered,2026-08-23 16:39:18.391945+08,2026-08-23 16:39:18.391945+08
2399,01M0MX49WK5YANCM4TF7NN5436,413005KN3WGNAPH6NCQ5JCT9,17,350.00,5950.00,delivered,2026-08-23 16:39:18.391945+08,2026-08-23 16:39:18.391945+08
2400,01M0MX49WK1F2NX5J368VF0991,41085841ZKREWJPCC4PWVWR7,18,15.00,270.00,processing,2026-08-23 16:39:18.391945+08,2026-08-23 16:39:18.391945+08
2401,01M0MX49WK1F2NX5J368VF0991,416951J7FD3NBDV1MM1QS36H,11,415.00,4565.00,processing,2026-08-23 16:39:18.391945+08,2026-08-23 16:39:18.391945+08
2402,01M0MX49WK1F2NX5J368VF0991,4138050CXS9PQSNF661Q1A1F,1,140.00,140.00,processing,2026-08-23 16:39:18.391945+08,2026-08-23 16:39:18.391945+08
2403,01M0MX49WKSEA85D7EKSYSQ3EN,41511344QHQDJBZ4FRV45NKC,13,350.00,4550.00,delivered,2026-08-23 16:39:18.391945+08,2026-08-23 16:39:18.391945+08
2404,01M0MX49WKSEA85D7EKSYSQ3EN,416496PKZM0T9NY433H8KP6M,7,30.00,210.00,delivered,2026-08-23 16:39:18.391945+08,2026-08-23 16:39:18.391945+08
2405,01M0MX49WKSEA85D7EKSYSQ3EN,410258ZSW0QAXSVS8S3VV7TE,20,35.00,700.00,delivered,2026-08-23 16:39:18.391945+08,2026-08-23 16:39:18.391945+08
2406,01M0MX49WKXQVP6MT70BNKZXM2,4138050CXS9PQSNF661Q1A1F,13,140.00,1820.00,delivered,2026-08-23 16:39:18.391945+08,2026-08-23 16:39:18.391945+08
2407,01M0MX49WKXQVP6MT70BNKZXM2,409339V9MK4RHRG0A0XWT91W,10,485.00,4850.00,delivered,2026-08-23 16:39:18.391945+08,2026-08-23 16:39:18.391945+08
2408,01M0MX49WKXQVP6MT70BNKZXM2,413521JP1792738MBB68XMK5,2,350.00,700.00,delivered,2026-08-23 16:39:18.391945+08,2026-08-23 16:39:18.391945+08
2409,01M0MX49WKTV8N66GXCFNAXV3E,41511344QHQDJBZ4FRV45NKC,17,350.00,5950.00,confirmed,2026-08-23 16:39:18.391945+08,2026-08-23 16:39:18.391945+08
2410,01M0MX49WKTV8N66GXCFNAXV3E,410258ZSW0QAXSVS8S3VV7TE,10,35.00,350.00,confirmed,2026-08-23 16:39:18.391945+08,2026-08-23 16:39:18.391945+08
2411,01M0MX49WKTV8N66GXCFNAXV3E,409339V9MK4RHRG0A0XWT91W,3,485.00,1455.00,confirmed,2026-08-23 16:39:18.391945+08,2026-08-23 16:39:18.391945+08
2415,01M0MX49WKQW12MFRDB38JGX41,41150684MEXX0KJ3HG4B279E,17,30.00,510.00,confirmed,2026-08-23 16:39:18.391945+08,2026-08-23 16:39:18.391945+08
2416,01M0MX49WKQW12MFRDB38JGX41,4116065CZMHNTR71A86YWAMC,2,350.00,700.00,confirmed,2026-08-23 16:39:18.391945+08,2026-08-23 16:39:18.391945+08
2417,01M0MX49WKBRDFZJY13113JTRB,4138050CXS9PQSNF661Q1A1F,4,140.00,560.00,confirmed,2026-08-23 16:39:18.391945+08,2026-08-23 16:39:18.391945+08
2418,01M0MX49WKBRDFZJY13113JTRB,407702R5D86R3CBB81E3X29M,4,350.00,1400.00,confirmed,2026-08-23 16:39:18.391945+08,2026-08-23 16:39:18.391945+08
2419,01M0MX49WKBRDFZJY13113JTRB,416496PKZM0T9NY433H8KP6M,10,30.00,300.00,confirmed,2026-08-23 16:39:18.391945+08,2026-08-23 16:39:18.391945+08
2420,01M0MX49WK0APN78T4SAPE5FCC,409892D87XEVH1ZTZXV5F6C1,8,155.00,1240.00,delivered,2026-08-23 16:39:18.391945+08,2026-08-23 16:39:18.391945+08
2421,01M0MX49WK0APN78T4SAPE5FCC,412596TV7NC82RBGNTA0W8JZ,19,35.00,665.00,delivered,2026-08-23 16:39:18.391945+08,2026-08-23 16:39:18.391945+08
2422,01M0MX49WKMXVX07DZYWNRJ31V,4138050CXS9PQSNF661Q1A1F,10,140.00,1400.00,delivered,2026-08-23 16:39:18.391945+08,2026-08-23 16:39:18.391945+08
2423,01M0MX49WKTXR3Y4N1PN8GVXPK,412596TV7NC82RBGNTA0W8JZ,5,35.00,175.00,delivered,2026-08-23 16:39:18.391945+08,2026-08-23 16:39:18.391945+08
2424,01M0MX49WKTXR3Y4N1PN8GVXPK,41085841ZKREWJPCC4PWVWR7,13,15.00,195.00,delivered,2026-08-23 16:39:18.391945+08,2026-08-23 16:39:18.391945+08
2425,01M0MX49WKTXR3Y4N1PN8GVXPK,408186TJ449WSVW673RWDK4X,8,30.00,240.00,delivered,2026-08-23 16:39:18.391945+08,2026-08-23 16:39:18.391945+08
2426,01M0MX49WK9D7NSD7NDSSD09EX,409339V9MK4RHRG0A0XWT91W,12,485.00,5820.00,confirmed,2026-08-23 16:39:18.391945+08,2026-08-23 16:39:18.391945+08
2427,01M0MX49WK9D7NSD7NDSSD09EX,416496PKZM0T9NY433H8KP6M,4,30.00,120.00,confirmed,2026-08-23 16:39:18.391945+08,2026-08-23 16:39:18.391945+08
2428,01M0MX49WK9D7NSD7NDSSD09EX,41511344QHQDJBZ4FRV45NKC,14,350.00,4900.00,confirmed,2026-08-23 16:39:18.391945+08,2026-08-23 16:39:18.391945+08
2429,01M0MX49WKJP8BYVKG67ZBQF51,41150684MEXX0KJ3HG4B279E,5,30.00,150.00,pending,2026-08-23 16:39:18.391945+08,2026-08-23 16:39:18.391945+08
2430,01M0MX49WKZX173EFXPZPV9PJ2,4138050CXS9PQSNF661Q1A1F,17,140.00,2380.00,confirmed,2026-08-23 16:39:18.391945+08,2026-08-23 16:39:18.391945+08
2434,01M0MX49WKBC5F43YKHNH16QE5,41150684MEXX0KJ3HG4B279E,6,30.00,180.00,delivered,2026-08-23 16:39:18.391945+08,2026-08-23 16:39:18.391945+08
2435,01M0MX49WKBC5F43YKHNH16QE5,41511344QHQDJBZ4FRV45NKC,17,350.00,5950.00,delivered,2026-08-23 16:39:18.391945+08,2026-08-23 16:39:18.391945+08
2439,01M0MX49WKGWVEBKY3CSQ5R6EY,4082223DQAKGCJ8P0XHQQNB2,14,112.00,1568.00,delivered,2026-08-23 16:39:18.391945+08,2026-08-23 16:39:18.391945+08
2440,01M0MX49WKXZ0Y57AJAMBSJZVQ,416951J7FD3NBDV1MM1QS36H,2,415.00,830.00,pending,2026-08-23 16:39:18.391945+08,2026-08-23 16:39:18.391945+08
2441,01M0MX49WKXZ0Y57AJAMBSJZVQ,408186TJ449WSVW673RWDK4X,5,30.00,150.00,pending,2026-08-23 16:39:18.391945+08,2026-08-23 16:39:18.391945+08
2442,01M0MX49WKXZ0Y57AJAMBSJZVQ,4116065CZMHNTR71A86YWAMC,12,350.00,4200.00,pending,2026-08-23 16:39:18.391945+08,2026-08-23 16:39:18.391945+08
2443,01M0MX49WKFDETD5ZS6X36HD3Q,416951J7FD3NBDV1MM1QS36H,16,415.00,6640.00,cancelled,2026-08-23 16:39:18.391945+08,2026-08-23 16:39:18.391945+08
2444,01M0MX49WKFDETD5ZS6X36HD3Q,409420087QNW2D06G06MH7JS,5,350.00,1750.00,cancelled,2026-08-23 16:39:18.391945+08,2026-08-23 16:39:18.391945+08
2445,01M0MX49WK73F0WHMVKVAAW7GS,407702R5D86R3CBB81E3X29M,10,350.00,3500.00,delivered,2026-08-23 16:39:18.391945+08,2026-08-23 16:39:18.391945+08
2446,01M0MX49WK73F0WHMVKVAAW7GS,416951J7FD3NBDV1MM1QS36H,7,415.00,2905.00,delivered,2026-08-23 16:39:18.391945+08,2026-08-23 16:39:18.391945+08
2447,01M0MX49WKVTTTSQE6H9RJJT2J,409420087QNW2D06G06MH7JS,4,350.00,1400.00,delivered,2026-08-23 16:39:18.391945+08,2026-08-23 16:39:18.391945+08
2448,01M0MX49WKVTTTSQE6H9RJJT2J,410258ZSW0QAXSVS8S3VV7TE,12,35.00,420.00,delivered,2026-08-23 16:39:18.391945+08,2026-08-23 16:39:18.391945+08
2449,01M0MX49WKXMT8206YKY3SKKFD,411921G8X1MT1A4Z5EPH3YP4,19,30.00,570.00,delivered,2026-08-23 16:39:18.391945+08,2026-08-23 16:39:18.391945+08
2450,01M0MX49WKXMT8206YKY3SKKFD,416951J7FD3NBDV1MM1QS36H,19,415.00,7885.00,delivered,2026-08-23 16:39:18.391945+08,2026-08-23 16:39:18.391945+08
2451,01M0MX49WK0M5M2NJ3ZVW35GAD,411921G8X1MT1A4Z5EPH3YP4,20,30.00,600.00,delivered,2026-08-23 16:39:18.391945+08,2026-08-23 16:39:18.391945+08
2452,01M0MX49WK0M5M2NJ3ZVW35GAD,41511344QHQDJBZ4FRV45NKC,5,350.00,1750.00,delivered,2026-08-23 16:39:18.391945+08,2026-08-23 16:39:18.391945+08
2455,01M0MX49WKCAWP3D4WAQ2QYE50,4082223DQAKGCJ8P0XHQQNB2,14,112.00,1568.00,delivered,2026-08-23 16:39:18.391945+08,2026-08-23 16:39:18.391945+08
2456,01M0MX49WKCAWP3D4WAQ2QYE50,4162975Y25KN73W7KKDJGX6P,8,245.00,1960.00,delivered,2026-08-23 16:39:18.391945+08,2026-08-23 16:39:18.391945+08
2457,01M0MX49WKCAWP3D4WAQ2QYE50,4162975Y25KN73W7KKDJGX6P,11,245.00,2695.00,delivered,2026-08-23 16:39:18.391945+08,2026-08-23 16:39:18.391945+08
2458,01M0MX49WKXNB7NRQJ6Z8SFRVS,416496PKZM0T9NY433H8KP6M,9,30.00,270.00,pending,2026-08-23 16:39:18.391945+08,2026-08-23 16:39:18.391945+08
2459,01M0MX49WKXNB7NRQJ6Z8SFRVS,413005KN3WGNAPH6NCQ5JCT9,3,350.00,1050.00,pending,2026-08-23 16:39:18.391945+08,2026-08-23 16:39:18.391945+08
2460,01M0MX49WKXNB7NRQJ6Z8SFRVS,417359ZGZV0QNH8M3DEYW8G5,1,350.00,350.00,pending,2026-08-23 16:39:18.391945+08,2026-08-23 16:39:18.391945+08
2464,01M0MX49WKRRMD9NK8SJ3EB984,410258ZSW0QAXSVS8S3VV7TE,19,35.00,665.00,confirmed,2026-08-23 16:39:18.391945+08,2026-08-23 16:39:18.391945+08
2465,01M0MX49WKRRMD9NK8SJ3EB984,407702R5D86R3CBB81E3X29M,19,350.00,6650.00,confirmed,2026-08-23 16:39:18.391945+08,2026-08-23 16:39:18.391945+08
2466,01M0MX49WKRRMD9NK8SJ3EB984,408186TJ449WSVW673RWDK4X,7,30.00,210.00,confirmed,2026-08-23 16:39:18.391945+08,2026-08-23 16:39:18.391945+08
2468,01M0MX49WKZ34FADGHDDW1XDPY,409339V9MK4RHRG0A0XWT91W,8,485.00,3880.00,cancelled,2026-08-23 16:39:18.391945+08,2026-08-23 16:39:18.391945+08
2469,01M0MX49WKZ34FADGHDDW1XDPY,41085841ZKREWJPCC4PWVWR7,19,15.00,285.00,cancelled,2026-08-23 16:39:18.391945+08,2026-08-23 16:39:18.391945+08
2470,01M0MX49WK23MZHBM78ZS5T04F,4082223DQAKGCJ8P0XHQQNB2,11,112.00,1232.00,pending,2026-08-23 16:39:18.391945+08,2026-08-23 16:39:18.391945+08
2471,01M0MX49WK23MZHBM78ZS5T04F,4162975Y25KN73W7KKDJGX6P,19,245.00,4655.00,pending,2026-08-23 16:39:18.391945+08,2026-08-23 16:39:18.391945+08
2472,01M0MX49WK23MZHBM78ZS5T04F,407702R5D86R3CBB81E3X29M,16,350.00,5600.00,pending,2026-08-23 16:39:18.391945+08,2026-08-23 16:39:18.391945+08
2473,01M0MX49WKQQ8SY78YV7AZ80WM,41150684MEXX0KJ3HG4B279E,1,30.00,30.00,confirmed,2026-08-23 16:39:18.391945+08,2026-08-23 16:39:18.391945+08
2474,01M0MX49WKB7ZRB5TC0CBDW2SX,413521JP1792738MBB68XMK5,4,350.00,1400.00,confirmed,2026-08-23 16:39:18.391945+08,2026-08-23 16:39:18.391945+08
2475,01M0MX49WKB7ZRB5TC0CBDW2SX,4116065CZMHNTR71A86YWAMC,18,350.00,6300.00,confirmed,2026-08-23 16:39:18.391945+08,2026-08-23 16:39:18.391945+08
2476,01M0MX49WK7JRD9VBMYEAAESQ4,414773WE720HJ0P121AG8FHQ,3,350.00,1050.00,confirmed,2026-08-23 16:39:18.391945+08,2026-08-23 16:39:18.391945+08
2477,01M0MX49WKRMTE8V8608MG1TKV,411039DJMEE6FWS52GMATRN7,6,25.00,150.00,confirmed,2026-08-23 16:39:18.391945+08,2026-08-23 16:39:18.391945+08
2478,01M0MX49WKRMTE8V8608MG1TKV,407702R5D86R3CBB81E3X29M,20,350.00,7000.00,confirmed,2026-08-23 16:39:18.391945+08,2026-08-23 16:39:18.391945+08
2479,01M0MX49WKM83PH84SNJDF0S7P,407702R5D86R3CBB81E3X29M,10,350.00,3500.00,confirmed,2026-08-23 16:39:18.391945+08,2026-08-23 16:39:18.391945+08
2480,01M0MX49WKM83PH84SNJDF0S7P,4162975Y25KN73W7KKDJGX6P,4,245.00,980.00,confirmed,2026-08-23 16:39:18.391945+08,2026-08-23 16:39:18.391945+08
2481,01M0MX49WKM83PH84SNJDF0S7P,409892D87XEVH1ZTZXV5F6C1,5,155.00,775.00,confirmed,2026-08-23 16:39:18.391945+08,2026-08-23 16:39:18.391945+08
2482,01M0MX49WKZG0W23PDRN8B406E,4162975Y25KN73W7KKDJGX6P,4,245.00,980.00,delivered,2026-08-23 16:39:18.391945+08,2026-08-23 16:39:18.391945+08
2483,01M0MX49WKZG0W23PDRN8B406E,407702R5D86R3CBB81E3X29M,7,350.00,2450.00,delivered,2026-08-23 16:39:18.391945+08,2026-08-23 16:39:18.391945+08
2484,01M0MX49WK110HHVBM5WZ9GN3B,4088862F2RR4FH8VD6HQ69ZM,16,350.00,5600.00,delivered,2026-08-23 16:39:18.391945+08,2026-08-23 16:39:18.391945+08
2485,01M0MX49WK110HHVBM5WZ9GN3B,408186TJ449WSVW673RWDK4X,17,30.00,510.00,delivered,2026-08-23 16:39:18.391945+08,2026-08-23 16:39:18.391945+08
2486,01M0MX49WK110HHVBM5WZ9GN3B,4162975Y25KN73W7KKDJGX6P,4,245.00,980.00,delivered,2026-08-23 16:39:18.391945+08,2026-08-23 16:39:18.391945+08
2487,01M0MX49WKHENJ97HQPH7XT89R,410258ZSW0QAXSVS8S3VV7TE,14,35.00,490.00,pending,2026-08-23 16:39:18.391945+08,2026-08-23 16:39:18.391945+08
2488,01M0MX49WKHENJ97HQPH7XT89R,413521JP1792738MBB68XMK5,16,350.00,5600.00,pending,2026-08-23 16:39:18.391945+08,2026-08-23 16:39:18.391945+08
2489,01M0MX49WK9MPBD3FQNWYAX35N,409420087QNW2D06G06MH7JS,9,350.00,3150.00,processing,2026-08-23 16:39:18.391945+08,2026-08-23 16:39:18.391945+08
2490,01M0MX49WKRCX9W3EVKB04CDSH,4116065CZMHNTR71A86YWAMC,8,350.00,2800.00,cancelled,2026-08-23 16:39:18.391945+08,2026-08-23 16:39:18.391945+08
2491,01M0MX49WKRCX9W3EVKB04CDSH,410258ZSW0QAXSVS8S3VV7TE,5,35.00,175.00,cancelled,2026-08-23 16:39:18.391945+08,2026-08-23 16:39:18.391945+08
2492,01M0MX49WKRCX9W3EVKB04CDSH,416951J7FD3NBDV1MM1QS36H,19,415.00,7885.00,cancelled,2026-08-23 16:39:18.391945+08,2026-08-23 16:39:18.391945+08
2493,01M0MX49WKQXMPZXPZWBA64D31,408186TJ449WSVW673RWDK4X,7,30.00,210.00,processing,2026-08-23 16:39:18.391945+08,2026-08-23 16:39:18.391945+08
2494,01M0MX49WKQXMPZXPZWBA64D31,41511344QHQDJBZ4FRV45NKC,12,350.00,4200.00,processing,2026-08-23 16:39:18.391945+08,2026-08-23 16:39:18.391945+08
2495,01M0MX49WKQXMPZXPZWBA64D31,410258ZSW0QAXSVS8S3VV7TE,6,35.00,210.00,processing,2026-08-23 16:39:18.391945+08,2026-08-23 16:39:18.391945+08
2498,01M0MX49WKTNEASZ32GQG083E5,416951J7FD3NBDV1MM1QS36H,6,415.00,2490.00,cancelled,2026-08-23 16:39:18.391945+08,2026-08-23 16:39:18.391945+08
2499,01M0MX49WKTNEASZ32GQG083E5,409420087QNW2D06G06MH7JS,2,350.00,700.00,cancelled,2026-08-23 16:39:18.391945+08,2026-08-23 16:39:18.391945+08
2500,01M0MX49WKTNEASZ32GQG083E5,411921G8X1MT1A4Z5EPH3YP4,9,30.00,270.00,cancelled,2026-08-23 16:39:18.391945+08,2026-08-23 16:39:18.391945+08
2501,01M0MX49WK5EMSPWED8SE6WE3N,4162975Y25KN73W7KKDJGX6P,12,245.00,2940.00,confirmed,2026-08-23 16:39:18.391945+08,2026-08-23 16:39:18.391945+08
2502,01M0MX49WK5EMSPWED8SE6WE3N,413005KN3WGNAPH6NCQ5JCT9,7,350.00,2450.00,confirmed,2026-08-23 16:39:18.391945+08,2026-08-23 16:39:18.391945+08
2503,01M0MX49WK5EMSPWED8SE6WE3N,412596TV7NC82RBGNTA0W8JZ,17,35.00,595.00,confirmed,2026-08-23 16:39:18.391945+08,2026-08-23 16:39:18.391945+08
2504,01M0MX49WKJT5QAPQFFMH61JJN,410258ZSW0QAXSVS8S3VV7TE,19,35.00,665.00,pending,2026-08-23 16:39:18.391945+08,2026-08-23 16:39:18.391945+08
2505,01M0MX49WKJT5QAPQFFMH61JJN,413521JP1792738MBB68XMK5,10,350.00,3500.00,pending,2026-08-23 16:39:18.391945+08,2026-08-23 16:39:18.391945+08
2506,01M0MX49WKJT5QAPQFFMH61JJN,413521JP1792738MBB68XMK5,13,350.00,4550.00,pending,2026-08-23 16:39:18.391945+08,2026-08-23 16:39:18.391945+08
2507,01M0MX49WK2SMNZTNKVYVMK3YY,410258ZSW0QAXSVS8S3VV7TE,9,35.00,315.00,delivered,2026-08-23 16:39:18.391945+08,2026-08-23 16:39:18.391945+08
2508,01M0MX49WK2SMNZTNKVYVMK3YY,41150684MEXX0KJ3HG4B279E,7,30.00,210.00,delivered,2026-08-23 16:39:18.391945+08,2026-08-23 16:39:18.391945+08
2509,01M0MX49WK2SMNZTNKVYVMK3YY,4082223DQAKGCJ8P0XHQQNB2,17,112.00,1904.00,delivered,2026-08-23 16:39:18.391945+08,2026-08-23 16:39:18.391945+08
2510,01M0MX49WKEFSS9AGHTCFFGDWE,413005KN3WGNAPH6NCQ5JCT9,9,350.00,3150.00,delivered,2026-08-23 16:39:18.391945+08,2026-08-23 16:39:18.391945+08
2511,01M0MX49WKEFSS9AGHTCFFGDWE,41085841ZKREWJPCC4PWVWR7,15,15.00,225.00,delivered,2026-08-23 16:39:18.391945+08,2026-08-23 16:39:18.391945+08
2512,01M0MX49WK3W6K92JHVCS8EQHE,409892D87XEVH1ZTZXV5F6C1,7,155.00,1085.00,confirmed,2026-08-23 16:39:18.391945+08,2026-08-23 16:39:18.391945+08
2513,01M0MX49WK3W6K92JHVCS8EQHE,416496PKZM0T9NY433H8KP6M,20,30.00,600.00,confirmed,2026-08-23 16:39:18.391945+08,2026-08-23 16:39:18.391945+08
2514,01M0MX49WK045WJ6ZHZBK6CCH0,41511344QHQDJBZ4FRV45NKC,1,350.00,350.00,pending,2026-08-23 16:39:18.391945+08,2026-08-23 16:39:18.391945+08
2515,01M0MX49WK045WJ6ZHZBK6CCH0,4082223DQAKGCJ8P0XHQQNB2,16,112.00,1792.00,pending,2026-08-23 16:39:18.391945+08,2026-08-23 16:39:18.391945+08
2516,01M0MX49WK045WJ6ZHZBK6CCH0,409420087QNW2D06G06MH7JS,1,350.00,350.00,pending,2026-08-23 16:39:18.391945+08,2026-08-23 16:39:18.391945+08
2517,01M0MX49WK67J08A80SW6EHF4C,41085841ZKREWJPCC4PWVWR7,16,15.00,240.00,processing,2026-08-23 16:39:18.391945+08,2026-08-23 16:39:18.391945+08
2518,01M0MX49WK67J08A80SW6EHF4C,4162975Y25KN73W7KKDJGX6P,18,245.00,4410.00,processing,2026-08-23 16:39:18.391945+08,2026-08-23 16:39:18.391945+08
2519,01M0MX49WK67J08A80SW6EHF4C,413521JP1792738MBB68XMK5,3,350.00,1050.00,processing,2026-08-23 16:39:18.391945+08,2026-08-23 16:39:18.391945+08
2520,01M0MX49WKJPY3D3QM3F1Y6P6Q,416496PKZM0T9NY433H8KP6M,4,30.00,120.00,pending,2026-08-23 16:39:18.391945+08,2026-08-23 16:39:18.391945+08
2521,01M0MX49WKJPY3D3QM3F1Y6P6Q,4138050CXS9PQSNF661Q1A1F,13,140.00,1820.00,pending,2026-08-23 16:39:18.391945+08,2026-08-23 16:39:18.391945+08
2522,01M0MX49WKJPY3D3QM3F1Y6P6Q,4082223DQAKGCJ8P0XHQQNB2,12,112.00,1344.00,pending,2026-08-23 16:39:18.391945+08,2026-08-23 16:39:18.391945+08
2523,01M0MX49WKFWF32TTE1VV0AE61,409420087QNW2D06G06MH7JS,4,350.00,1400.00,confirmed,2026-08-23 16:39:18.391945+08,2026-08-23 16:39:18.391945+08
2524,01M0MX49WKFWF32TTE1VV0AE61,416496PKZM0T9NY433H8KP6M,12,30.00,360.00,confirmed,2026-08-23 16:39:18.391945+08,2026-08-23 16:39:18.391945+08
2525,01M0MX49WKFWF32TTE1VV0AE61,409339V9MK4RHRG0A0XWT91W,15,485.00,7275.00,confirmed,2026-08-23 16:39:18.391945+08,2026-08-23 16:39:18.391945+08
2526,01M0MX49WKTDGQPRMJCGGBJCNH,414773WE720HJ0P121AG8FHQ,12,350.00,4200.00,confirmed,2026-08-23 16:39:18.391945+08,2026-08-23 16:39:18.391945+08
2527,01M0MX49WKGQHF2QMX556AH221,413005KN3WGNAPH6NCQ5JCT9,10,350.00,3500.00,pending,2026-08-23 16:39:18.391945+08,2026-08-23 16:39:18.391945+08
2528,01M0MX49WKGQHF2QMX556AH221,41085841ZKREWJPCC4PWVWR7,8,15.00,120.00,pending,2026-08-23 16:39:18.391945+08,2026-08-23 16:39:18.391945+08
2529,01M0MX49WKGQHF2QMX556AH221,4088862F2RR4FH8VD6HQ69ZM,16,350.00,5600.00,pending,2026-08-23 16:39:18.391945+08,2026-08-23 16:39:18.391945+08
2530,01M0MX49WKFKK7AEP1RFCY9AHJ,41085841ZKREWJPCC4PWVWR7,20,15.00,300.00,pending,2026-08-23 16:39:18.391945+08,2026-08-23 16:39:18.391945+08
2531,01M0MX49WKFKK7AEP1RFCY9AHJ,409339V9MK4RHRG0A0XWT91W,1,485.00,485.00,pending,2026-08-23 16:39:18.391945+08,2026-08-23 16:39:18.391945+08
2532,01M0MX49WK7RTR055NV5BBPS4Z,4162975Y25KN73W7KKDJGX6P,4,245.00,980.00,cancelled,2026-08-23 16:39:18.391945+08,2026-08-23 16:39:18.391945+08
2533,01M0MX49WK7RTR055NV5BBPS4Z,414773WE720HJ0P121AG8FHQ,19,350.00,6650.00,cancelled,2026-08-23 16:39:18.391945+08,2026-08-23 16:39:18.391945+08
2534,01M0MX49WK7RTR055NV5BBPS4Z,408186TJ449WSVW673RWDK4X,16,30.00,480.00,cancelled,2026-08-23 16:39:18.391945+08,2026-08-23 16:39:18.391945+08
2538,01M0MX49WK2QPCZFDY74AW8N7X,414773WE720HJ0P121AG8FHQ,19,350.00,6650.00,delivered,2026-08-23 16:39:18.391945+08,2026-08-23 16:39:18.391945+08
2539,01M0MX49WKKRWF4RP18WSB7BEA,414773WE720HJ0P121AG8FHQ,7,350.00,2450.00,delivered,2026-08-23 16:39:18.391945+08,2026-08-23 16:39:18.391945+08
2540,01M0MX49WKKRWF4RP18WSB7BEA,411039DJMEE6FWS52GMATRN7,1,25.00,25.00,delivered,2026-08-23 16:39:18.391945+08,2026-08-23 16:39:18.391945+08
2541,01M0MX49WKKRWF4RP18WSB7BEA,41085841ZKREWJPCC4PWVWR7,18,15.00,270.00,delivered,2026-08-23 16:39:18.391945+08,2026-08-23 16:39:18.391945+08
2542,01M0MX49WKJDYG08AJ3VPN7539,416496PKZM0T9NY433H8KP6M,1,30.00,30.00,confirmed,2026-08-23 16:39:18.391945+08,2026-08-23 16:39:18.391945+08
2543,01M0MX49WKJDYG08AJ3VPN7539,41150684MEXX0KJ3HG4B279E,2,30.00,60.00,confirmed,2026-08-23 16:39:18.391945+08,2026-08-23 16:39:18.391945+08
2544,01M0MX49WKJDYG08AJ3VPN7539,409892D87XEVH1ZTZXV5F6C1,14,155.00,2170.00,confirmed,2026-08-23 16:39:18.391945+08,2026-08-23 16:39:18.391945+08
2545,01M0MX49WK7ZH0Y2ZDFA29AC9B,408186TJ449WSVW673RWDK4X,15,30.00,450.00,confirmed,2026-08-23 16:39:18.391945+08,2026-08-23 16:39:18.391945+08
2546,01M0MX49WK7ZH0Y2ZDFA29AC9B,411921G8X1MT1A4Z5EPH3YP4,12,30.00,360.00,confirmed,2026-08-23 16:39:18.391945+08,2026-08-23 16:39:18.391945+08
2547,01M0MX49WK7ZH0Y2ZDFA29AC9B,408186TJ449WSVW673RWDK4X,2,30.00,60.00,confirmed,2026-08-23 16:39:18.391945+08,2026-08-23 16:39:18.391945+08
2548,01M0MX49WKN7G5N68R0BFBCWHM,410258ZSW0QAXSVS8S3VV7TE,15,35.00,525.00,pending,2026-08-23 16:39:18.391945+08,2026-08-23 16:39:18.391945+08
2549,01M0MX49WKN7G5N68R0BFBCWHM,409892D87XEVH1ZTZXV5F6C1,1,155.00,155.00,pending,2026-08-23 16:39:18.391945+08,2026-08-23 16:39:18.391945+08
2550,01M0MX49WKNZVJ8ZWHP1DBRHP9,412596TV7NC82RBGNTA0W8JZ,1,35.00,35.00,confirmed,2026-08-23 16:39:18.391945+08,2026-08-23 16:39:18.391945+08
2551,01M0MX49WKZD13CWXH6TKVH6YR,413521JP1792738MBB68XMK5,8,350.00,2800.00,cancelled,2026-08-23 16:39:18.391945+08,2026-08-23 16:39:18.391945+08
2552,01M0MX49WKZD13CWXH6TKVH6YR,409339V9MK4RHRG0A0XWT91W,6,485.00,2910.00,cancelled,2026-08-23 16:39:18.391945+08,2026-08-23 16:39:18.391945+08
2553,01M0MX49WK90NGPTV4N98BBZHM,413005KN3WGNAPH6NCQ5JCT9,4,350.00,1400.00,confirmed,2026-08-23 16:39:18.391945+08,2026-08-23 16:39:18.391945+08
2554,01M0MX49WK90NGPTV4N98BBZHM,409420087QNW2D06G06MH7JS,16,350.00,5600.00,confirmed,2026-08-23 16:39:18.391945+08,2026-08-23 16:39:18.391945+08
2555,01M0MX49WK90NGPTV4N98BBZHM,41150684MEXX0KJ3HG4B279E,1,30.00,30.00,confirmed,2026-08-23 16:39:18.391945+08,2026-08-23 16:39:18.391945+08
2556,01M0MX49WK9RB1RJ5DJBA4C3CD,414773WE720HJ0P121AG8FHQ,8,350.00,2800.00,delivered,2026-08-23 16:39:18.391945+08,2026-08-23 16:39:18.391945+08
2557,01M0MX49WK9RB1RJ5DJBA4C3CD,4116065CZMHNTR71A86YWAMC,16,350.00,5600.00,delivered,2026-08-23 16:39:18.391945+08,2026-08-23 16:39:18.391945+08
2558,01M0MX49WKSC8J05ZKD0B1Q721,409892D87XEVH1ZTZXV5F6C1,17,155.00,2635.00,cancelled,2026-08-23 16:39:18.391945+08,2026-08-23 16:39:18.391945+08
2559,01M0MX49WKJW0A806ZGK1BCV4A,4082223DQAKGCJ8P0XHQQNB2,15,112.00,1680.00,cancelled,2026-08-23 16:39:18.391945+08,2026-08-23 16:39:18.391945+08
2560,01M0MX49WKJW0A806ZGK1BCV4A,4116065CZMHNTR71A86YWAMC,15,350.00,5250.00,cancelled,2026-08-23 16:39:18.391945+08,2026-08-23 16:39:18.391945+08
2561,01M0MX49WKJW0A806ZGK1BCV4A,412596TV7NC82RBGNTA0W8JZ,4,35.00,140.00,cancelled,2026-08-23 16:39:18.391945+08,2026-08-23 16:39:18.391945+08
2562,01M0MX49WKAJ9T0JD8WAGXP7Y3,4162975Y25KN73W7KKDJGX6P,11,245.00,2695.00,cancelled,2026-08-23 16:39:18.391945+08,2026-08-23 16:39:18.391945+08
2563,01M0MX49WKRPHMDT2MJPTHNZK1,416496PKZM0T9NY433H8KP6M,2,30.00,60.00,delivered,2026-08-23 16:39:18.391945+08,2026-08-23 16:39:18.391945+08
2566,01M0MX49WK2F13ST7ZVJBS9ZYF,4162975Y25KN73W7KKDJGX6P,4,245.00,980.00,pending,2026-08-23 16:39:18.391945+08,2026-08-23 16:39:18.391945+08
2567,01M0MX49WK2F13ST7ZVJBS9ZYF,4082223DQAKGCJ8P0XHQQNB2,14,112.00,1568.00,pending,2026-08-23 16:39:18.391945+08,2026-08-23 16:39:18.391945+08
2568,01M0MX49WK9JCPZH0T05SVAXST,4082223DQAKGCJ8P0XHQQNB2,1,112.00,112.00,delivered,2026-08-23 16:39:18.391945+08,2026-08-23 16:39:18.391945+08
2569,01M0MX49WK9JCPZH0T05SVAXST,416496PKZM0T9NY433H8KP6M,13,30.00,390.00,delivered,2026-08-23 16:39:18.391945+08,2026-08-23 16:39:18.391945+08
2570,01M0MX49WK9JCPZH0T05SVAXST,416496PKZM0T9NY433H8KP6M,14,30.00,420.00,delivered,2026-08-23 16:39:18.391945+08,2026-08-23 16:39:18.391945+08
2574,01M0MX49WKM7VPC6VY9HZ2FD9K,409339V9MK4RHRG0A0XWT91W,19,485.00,9215.00,delivered,2026-08-23 16:39:18.391945+08,2026-08-23 16:39:18.391945+08
2575,01M0MX49WKM7VPC6VY9HZ2FD9K,41511344QHQDJBZ4FRV45NKC,17,350.00,5950.00,delivered,2026-08-23 16:39:18.391945+08,2026-08-23 16:39:18.391945+08
2576,01M0MX49WKM7VPC6VY9HZ2FD9K,414773WE720HJ0P121AG8FHQ,12,350.00,4200.00,delivered,2026-08-23 16:39:18.391945+08,2026-08-23 16:39:18.391945+08
2580,01M0MX49WKENMA5HGJYYPAY53D,408186TJ449WSVW673RWDK4X,12,30.00,360.00,confirmed,2026-08-23 16:39:18.391945+08,2026-08-23 16:39:18.391945+08
2581,01M0MX49WKENMA5HGJYYPAY53D,416951J7FD3NBDV1MM1QS36H,19,415.00,7885.00,confirmed,2026-08-23 16:39:18.391945+08,2026-08-23 16:39:18.391945+08
2582,01M0MX49WKY3D6PGQMHKAPTSHE,411921G8X1MT1A4Z5EPH3YP4,10,30.00,300.00,delivered,2026-08-23 16:39:18.391945+08,2026-08-23 16:39:18.391945+08
2583,01M0MX49WK9M5Q6HENXCR7S17T,409420087QNW2D06G06MH7JS,17,350.00,5950.00,confirmed,2026-08-23 16:39:18.391945+08,2026-08-23 16:39:18.391945+08
2584,01M0MX49WK9M5Q6HENXCR7S17T,412596TV7NC82RBGNTA0W8JZ,5,35.00,175.00,confirmed,2026-08-23 16:39:18.391945+08,2026-08-23 16:39:18.391945+08
2585,01M0MX49WK9AE9Z9KR2AKQWDRK,407702R5D86R3CBB81E3X29M,14,350.00,4900.00,confirmed,2026-08-23 16:39:18.391945+08,2026-08-23 16:39:18.391945+08
2586,01M0MX49WK9AE9Z9KR2AKQWDRK,4138050CXS9PQSNF661Q1A1F,7,140.00,980.00,confirmed,2026-08-23 16:39:18.391945+08,2026-08-23 16:39:18.391945+08
2587,01M0MX49WK9AE9Z9KR2AKQWDRK,409339V9MK4RHRG0A0XWT91W,7,485.00,3395.00,confirmed,2026-08-23 16:39:18.391945+08,2026-08-23 16:39:18.391945+08
2588,01M0MX49WKZ0H0P6J5R744S6YJ,411921G8X1MT1A4Z5EPH3YP4,15,30.00,450.00,confirmed,2026-08-23 16:39:18.391945+08,2026-08-23 16:39:18.391945+08
2589,01M0MX49WKZ0H0P6J5R744S6YJ,4082223DQAKGCJ8P0XHQQNB2,11,112.00,1232.00,confirmed,2026-08-23 16:39:18.391945+08,2026-08-23 16:39:18.391945+08
2590,01M0MX49WKZ0H0P6J5R744S6YJ,412596TV7NC82RBGNTA0W8JZ,19,35.00,665.00,confirmed,2026-08-23 16:39:18.391945+08,2026-08-23 16:39:18.391945+08
2595,01M0MX49WKXRCQ3MMR00MTTWTT,409339V9MK4RHRG0A0XWT91W,13,485.00,6305.00,delivered,2026-08-23 16:39:18.391945+08,2026-08-23 16:39:18.391945+08
2596,01M0MX49WKXRCQ3MMR00MTTWTT,417359ZGZV0QNH8M3DEYW8G5,1,350.00,350.00,delivered,2026-08-23 16:39:18.391945+08,2026-08-23 16:39:18.391945+08
2597,01M0MX49WKEAWM4FRRKP099TM3,409420087QNW2D06G06MH7JS,18,350.00,6300.00,pending,2026-08-23 16:39:18.391945+08,2026-08-23 16:39:18.391945+08
2598,01M0MX49WKEAWM4FRRKP099TM3,4116065CZMHNTR71A86YWAMC,5,350.00,1750.00,pending,2026-08-23 16:39:18.391945+08,2026-08-23 16:39:18.391945+08
2599,01M0MX49WKZGWEXPCQZJHRHSDF,412596TV7NC82RBGNTA0W8JZ,12,35.00,420.00,processing,2026-08-23 16:39:18.391945+08,2026-08-23 16:39:18.391945+08
2600,01M0MX49WKZGWEXPCQZJHRHSDF,407702R5D86R3CBB81E3X29M,1,350.00,350.00,processing,2026-08-23 16:39:18.391945+08,2026-08-23 16:39:18.391945+08
2601,01M0MX49WKZGWEXPCQZJHRHSDF,409339V9MK4RHRG0A0XWT91W,7,485.00,3395.00,processing,2026-08-23 16:39:18.391945+08,2026-08-23 16:39:18.391945+08
2602,01M0MX49WK7XP9HGEZXAWJ0MHE,417359ZGZV0QNH8M3DEYW8G5,11,350.00,3850.00,confirmed,2026-08-23 16:39:18.391945+08,2026-08-23 16:39:18.391945+08
2603,01M0MX49WK7XP9HGEZXAWJ0MHE,410258ZSW0QAXSVS8S3VV7TE,8,35.00,280.00,confirmed,2026-08-23 16:39:18.391945+08,2026-08-23 16:39:18.391945+08
2604,01M0MX49WKA70YGAM638FGPW6T,414773WE720HJ0P121AG8FHQ,4,350.00,1400.00,confirmed,2026-08-23 16:39:18.391945+08,2026-08-23 16:39:18.391945+08
2605,01M0MX49WK6KCXRXFR7JJ9GXND,4162975Y25KN73W7KKDJGX6P,4,245.00,980.00,delivered,2026-08-23 16:39:18.391945+08,2026-08-23 16:39:18.391945+08
2606,01M0MX49WKF2VTMST909JH700V,416496PKZM0T9NY433H8KP6M,8,30.00,240.00,cancelled,2026-08-23 16:39:18.391945+08,2026-08-23 16:39:18.391945+08
2607,01M0MX49WKF2VTMST909JH700V,4138050CXS9PQSNF661Q1A1F,12,140.00,1680.00,cancelled,2026-08-23 16:39:18.391945+08,2026-08-23 16:39:18.391945+08
2608,01M0MX49WKH0FX3EFS86FM70D0,41150684MEXX0KJ3HG4B279E,3,30.00,90.00,cancelled,2026-08-23 16:39:18.391945+08,2026-08-23 16:39:18.391945+08
2609,01M0MX49WKH0FX3EFS86FM70D0,4116065CZMHNTR71A86YWAMC,5,350.00,1750.00,cancelled,2026-08-23 16:39:18.391945+08,2026-08-23 16:39:18.391945+08
2610,01M0MX49WKH0FX3EFS86FM70D0,41511344QHQDJBZ4FRV45NKC,7,350.00,2450.00,cancelled,2026-08-23 16:39:18.391945+08,2026-08-23 16:39:18.391945+08
2614,01M0MX49WKWQZF876VG3N0ZF8T,409339V9MK4RHRG0A0XWT91W,18,485.00,8730.00,delivered,2026-08-23 16:39:18.391945+08,2026-08-23 16:39:18.391945+08
2615,01M0MX49WKWQZF876VG3N0ZF8T,416951J7FD3NBDV1MM1QS36H,5,415.00,2075.00,delivered,2026-08-23 16:39:18.391945+08,2026-08-23 16:39:18.391945+08
2616,01M0MX49WKWQZF876VG3N0ZF8T,409892D87XEVH1ZTZXV5F6C1,8,155.00,1240.00,delivered,2026-08-23 16:39:18.391945+08,2026-08-23 16:39:18.391945+08
2619,01M0MX49WKQ1D87HCGT7R3BN01,411039DJMEE6FWS52GMATRN7,20,25.00,500.00,delivered,2026-08-23 16:39:18.391945+08,2026-08-23 16:39:18.391945+08
2620,01M0MX49WKQ1D87HCGT7R3BN01,413521JP1792738MBB68XMK5,6,350.00,2100.00,delivered,2026-08-23 16:39:18.391945+08,2026-08-23 16:39:18.391945+08
2621,01M0MX49WK0X32RP4ZMM5RCMQE,408186TJ449WSVW673RWDK4X,12,30.00,360.00,processing,2026-08-23 16:39:18.391945+08,2026-08-23 16:39:18.391945+08
2622,01M0MX49WK0X32RP4ZMM5RCMQE,411921G8X1MT1A4Z5EPH3YP4,17,30.00,510.00,processing,2026-08-23 16:39:18.391945+08,2026-08-23 16:39:18.391945+08
2623,01M0MX49WK0X32RP4ZMM5RCMQE,416496PKZM0T9NY433H8KP6M,6,30.00,180.00,processing,2026-08-23 16:39:18.391945+08,2026-08-23 16:39:18.391945+08
2624,01M0MX49WKEJ1SYQ0B0JJQ5Y7Q,41085841ZKREWJPCC4PWVWR7,16,15.00,240.00,delivered,2026-08-23 16:39:18.391945+08,2026-08-23 16:39:18.391945+08
2625,01M0MX49WKEJ1SYQ0B0JJQ5Y7Q,41085841ZKREWJPCC4PWVWR7,16,15.00,240.00,delivered,2026-08-23 16:39:18.391945+08,2026-08-23 16:39:18.391945+08
2626,01M0MX49WKEJ1SYQ0B0JJQ5Y7Q,411921G8X1MT1A4Z5EPH3YP4,9,30.00,270.00,delivered,2026-08-23 16:39:18.391945+08,2026-08-23 16:39:18.391945+08
2627,01M0MX49WKFM33QMZDVM8H9FNC,413005KN3WGNAPH6NCQ5JCT9,2,350.00,700.00,processing,2026-08-23 16:39:18.391945+08,2026-08-23 16:39:18.391945+08
2628,01M0MX49WKFM33QMZDVM8H9FNC,409339V9MK4RHRG0A0XWT91W,8,485.00,3880.00,processing,2026-08-23 16:39:18.391945+08,2026-08-23 16:39:18.391945+08
2629,01M0MX49WKFM33QMZDVM8H9FNC,409339V9MK4RHRG0A0XWT91W,15,485.00,7275.00,processing,2026-08-23 16:39:18.391945+08,2026-08-23 16:39:18.391945+08
2630,01M0MX49WKA2K1X1YYZ7R7046E,41150684MEXX0KJ3HG4B279E,13,30.00,390.00,processing,2026-08-23 16:39:18.391945+08,2026-08-23 16:39:18.391945+08
2631,01M0MX49WKA2K1X1YYZ7R7046E,412596TV7NC82RBGNTA0W8JZ,6,35.00,210.00,processing,2026-08-23 16:39:18.391945+08,2026-08-23 16:39:18.391945+08
2632,01M0MX49WK7A2TSAKAG8GHC3HR,41511344QHQDJBZ4FRV45NKC,3,350.00,1050.00,confirmed,2026-08-23 16:39:18.391945+08,2026-08-23 16:39:18.391945+08
2633,01M0MX49WK4TR44PR4YHX04K2E,4088862F2RR4FH8VD6HQ69ZM,19,350.00,6650.00,processing,2026-08-23 16:39:18.391945+08,2026-08-23 16:39:18.391945+08
2634,01M0MX49WK4TR44PR4YHX04K2E,407702R5D86R3CBB81E3X29M,15,350.00,5250.00,processing,2026-08-23 16:39:18.391945+08,2026-08-23 16:39:18.391945+08
2637,01M0MX49WKFQ2PCWPS9P5G5XQ5,414773WE720HJ0P121AG8FHQ,13,350.00,4550.00,delivered,2026-08-23 16:39:18.391945+08,2026-08-23 16:39:18.391945+08
2638,01M0MX49WKFQ2PCWPS9P5G5XQ5,409420087QNW2D06G06MH7JS,6,350.00,2100.00,delivered,2026-08-23 16:39:18.391945+08,2026-08-23 16:39:18.391945+08
2639,01M0MX49WKV7JCJJXYX881Q5P7,413521JP1792738MBB68XMK5,12,350.00,4200.00,confirmed,2026-08-23 16:39:18.391945+08,2026-08-23 16:39:18.391945+08
2640,01M0MX49WKV7JCJJXYX881Q5P7,413521JP1792738MBB68XMK5,10,350.00,3500.00,confirmed,2026-08-23 16:39:18.391945+08,2026-08-23 16:39:18.391945+08
2641,01M0MX49WKV7JCJJXYX881Q5P7,408186TJ449WSVW673RWDK4X,17,30.00,510.00,confirmed,2026-08-23 16:39:18.391945+08,2026-08-23 16:39:18.391945+08
2644,01M0MX49WKAXTWR97ZYQ8CXMMS,409892D87XEVH1ZTZXV5F6C1,7,155.00,1085.00,pending,2026-08-23 16:39:18.391945+08,2026-08-23 16:39:18.391945+08
2645,01M0MX49WKAM0Z6T3ZCRZQY6Z2,411039DJMEE6FWS52GMATRN7,9,25.00,225.00,confirmed,2026-08-23 16:39:18.391945+08,2026-08-23 16:39:18.391945+08
2646,01M0MX49WKAM0Z6T3ZCRZQY6Z2,409339V9MK4RHRG0A0XWT91W,20,485.00,9700.00,confirmed,2026-08-23 16:39:18.391945+08,2026-08-23 16:39:18.391945+08
2647,01M0MX49WKAM0Z6T3ZCRZQY6Z2,41511344QHQDJBZ4FRV45NKC,18,350.00,6300.00,confirmed,2026-08-23 16:39:18.391945+08,2026-08-23 16:39:18.391945+08
2648,01M0MX49WKJSTG0JE74QBTTZ8W,416951J7FD3NBDV1MM1QS36H,12,415.00,4980.00,pending,2026-08-23 16:39:18.391945+08,2026-08-23 16:39:18.391945+08
2649,01M0MX49WKJSTG0JE74QBTTZ8W,4162975Y25KN73W7KKDJGX6P,13,245.00,3185.00,pending,2026-08-23 16:39:18.391945+08,2026-08-23 16:39:18.391945+08
2650,01M0MX49WKX2K27JNNCCCG52A8,411921G8X1MT1A4Z5EPH3YP4,17,30.00,510.00,delivered,2026-08-23 16:39:18.391945+08,2026-08-23 16:39:18.391945+08
2651,01M0MX49WK1NGXXWSG9N84M454,4088862F2RR4FH8VD6HQ69ZM,7,350.00,2450.00,delivered,2026-08-23 16:39:18.391945+08,2026-08-23 16:39:18.391945+08
2652,01M0MX49WKPYWJ1FWZ1CN7XTC9,410258ZSW0QAXSVS8S3VV7TE,15,35.00,525.00,confirmed,2026-08-23 16:39:18.391945+08,2026-08-23 16:39:18.391945+08
2653,01M0MX49WKPYWJ1FWZ1CN7XTC9,416496PKZM0T9NY433H8KP6M,11,30.00,330.00,confirmed,2026-08-23 16:39:18.391945+08,2026-08-23 16:39:18.391945+08
2654,01M0MX49WKPYWJ1FWZ1CN7XTC9,413521JP1792738MBB68XMK5,11,350.00,3850.00,confirmed,2026-08-23 16:39:18.391945+08,2026-08-23 16:39:18.391945+08
2655,01M0MX49WKWE56CXKM4P83PYZT,41150684MEXX0KJ3HG4B279E,7,30.00,210.00,processing,2026-08-23 16:39:18.391945+08,2026-08-23 16:39:18.391945+08
2656,01M0MX49WKWE56CXKM4P83PYZT,416496PKZM0T9NY433H8KP6M,15,30.00,450.00,processing,2026-08-23 16:39:18.391945+08,2026-08-23 16:39:18.391945+08
2657,01M0MX49WKWE56CXKM4P83PYZT,410258ZSW0QAXSVS8S3VV7TE,1,35.00,35.00,processing,2026-08-23 16:39:18.391945+08,2026-08-23 16:39:18.391945+08
2658,01M0MX49WKNH7F3VTW1ZTT23CD,416951J7FD3NBDV1MM1QS36H,1,415.00,415.00,pending,2026-08-23 16:39:18.391945+08,2026-08-23 16:39:18.391945+08
2659,01M0MX49WK6V5Q911H44C62S81,409892D87XEVH1ZTZXV5F6C1,8,155.00,1240.00,delivered,2026-08-23 16:39:18.391945+08,2026-08-23 16:39:18.391945+08
2660,01M0MX49WK6V5Q911H44C62S81,41150684MEXX0KJ3HG4B279E,14,30.00,420.00,delivered,2026-08-23 16:39:18.391945+08,2026-08-23 16:39:18.391945+08
2661,01M0MX49WKTF4RM385AZT4B3V7,410258ZSW0QAXSVS8S3VV7TE,10,35.00,350.00,delivered,2026-08-23 16:39:18.391945+08,2026-08-23 16:39:18.391945+08
2662,01M0MX49WKTF4RM385AZT4B3V7,409892D87XEVH1ZTZXV5F6C1,19,155.00,2945.00,delivered,2026-08-23 16:39:18.391945+08,2026-08-23 16:39:18.391945+08
2663,01M0MX49WKTF4RM385AZT4B3V7,409420087QNW2D06G06MH7JS,19,350.00,6650.00,delivered,2026-08-23 16:39:18.391945+08,2026-08-23 16:39:18.391945+08
2664,01M0MX49WKFXMF60WRS73YKAJ7,409892D87XEVH1ZTZXV5F6C1,19,155.00,2945.00,delivered,2026-08-23 16:39:18.391945+08,2026-08-23 16:39:18.391945+08
2665,01M0MX49WKRWTGSDY2HFKR0142,4162975Y25KN73W7KKDJGX6P,13,245.00,3185.00,delivered,2026-08-23 16:39:18.391945+08,2026-08-23 16:39:18.391945+08
2666,01M0MX49WKRWTGSDY2HFKR0142,409339V9MK4RHRG0A0XWT91W,13,485.00,6305.00,delivered,2026-08-23 16:39:18.391945+08,2026-08-23 16:39:18.391945+08
2667,01M0MX49WKRWTGSDY2HFKR0142,413521JP1792738MBB68XMK5,18,350.00,6300.00,delivered,2026-08-23 16:39:18.391945+08,2026-08-23 16:39:18.391945+08
2668,01M0MX49WKSGTKKWGXH7H6E1F3,409892D87XEVH1ZTZXV5F6C1,19,155.00,2945.00,confirmed,2026-08-23 16:39:18.391945+08,2026-08-23 16:39:18.391945+08
2671,01M0MX49WKY2YW0084ER5SWF4F,4082223DQAKGCJ8P0XHQQNB2,16,112.00,1792.00,pending,2026-08-23 16:39:18.391945+08,2026-08-23 16:39:18.391945+08
2672,01M0MX49WKY2YW0084ER5SWF4F,409420087QNW2D06G06MH7JS,6,350.00,2100.00,pending,2026-08-23 16:39:18.391945+08,2026-08-23 16:39:18.391945+08
2673,01M0MX49WKY2YW0084ER5SWF4F,409339V9MK4RHRG0A0XWT91W,3,485.00,1455.00,pending,2026-08-23 16:39:18.391945+08,2026-08-23 16:39:18.391945+08
2674,01M0MX49WK7Q5JF6TQ1AGZ6SNB,416951J7FD3NBDV1MM1QS36H,17,415.00,7055.00,confirmed,2026-08-23 16:39:18.391945+08,2026-08-23 16:39:18.391945+08
2677,01M0MX49WKPSY8C10TK0ENNNCS,41511344QHQDJBZ4FRV45NKC,18,350.00,6300.00,processing,2026-08-23 16:39:18.391945+08,2026-08-23 16:39:18.391945+08
2679,01M0MX49WK06PRQW500J9PR2KZ,41150684MEXX0KJ3HG4B279E,16,30.00,480.00,delivered,2026-08-23 16:39:18.391945+08,2026-08-23 16:39:18.391945+08
2680,01M0MX49WK06PRQW500J9PR2KZ,417359ZGZV0QNH8M3DEYW8G5,20,350.00,7000.00,delivered,2026-08-23 16:39:18.391945+08,2026-08-23 16:39:18.391945+08
2681,01M0MX49WKHK5ED946PR0BDRK1,409339V9MK4RHRG0A0XWT91W,17,485.00,8245.00,cancelled,2026-08-23 16:39:18.391945+08,2026-08-23 16:39:18.391945+08
2682,01M0MX49WKHK5ED946PR0BDRK1,41085841ZKREWJPCC4PWVWR7,15,15.00,225.00,cancelled,2026-08-23 16:39:18.391945+08,2026-08-23 16:39:18.391945+08
2683,01M0MX49WKHK5ED946PR0BDRK1,414773WE720HJ0P121AG8FHQ,7,350.00,2450.00,cancelled,2026-08-23 16:39:18.391945+08,2026-08-23 16:39:18.391945+08
2684,01M0MX49WK9Y6X5JW91ERWMHPH,413521JP1792738MBB68XMK5,13,350.00,4550.00,cancelled,2026-08-23 16:39:18.391945+08,2026-08-23 16:39:18.391945+08
2685,01M0MX49WK9Y6X5JW91ERWMHPH,4082223DQAKGCJ8P0XHQQNB2,8,112.00,896.00,cancelled,2026-08-23 16:39:18.391945+08,2026-08-23 16:39:18.391945+08
2686,01M0MX49WKWZB4G1RCZFQPTNVE,411921G8X1MT1A4Z5EPH3YP4,15,30.00,450.00,confirmed,2026-08-23 16:39:18.391945+08,2026-08-23 16:39:18.391945+08
2687,01M0MX49WKWZB4G1RCZFQPTNVE,416496PKZM0T9NY433H8KP6M,19,30.00,570.00,confirmed,2026-08-23 16:39:18.391945+08,2026-08-23 16:39:18.391945+08
2688,01M0MX49WKWZB4G1RCZFQPTNVE,407702R5D86R3CBB81E3X29M,3,350.00,1050.00,confirmed,2026-08-23 16:39:18.391945+08,2026-08-23 16:39:18.391945+08
2691,01M0MX49WKY13JDNNGRVHBR6DG,4082223DQAKGCJ8P0XHQQNB2,14,112.00,1568.00,processing,2026-08-23 16:39:18.391945+08,2026-08-23 16:39:18.391945+08
2692,01M0MX49WKRWAG2Q1EEF6Y91QD,417359ZGZV0QNH8M3DEYW8G5,19,350.00,6650.00,processing,2026-08-23 16:39:18.391945+08,2026-08-23 16:39:18.391945+08
2693,01M0MX49WKRWAG2Q1EEF6Y91QD,4116065CZMHNTR71A86YWAMC,13,350.00,4550.00,processing,2026-08-23 16:39:18.391945+08,2026-08-23 16:39:18.391945+08
2694,01M0MX49WKRWAG2Q1EEF6Y91QD,41085841ZKREWJPCC4PWVWR7,2,15.00,30.00,processing,2026-08-23 16:39:18.391945+08,2026-08-23 16:39:18.391945+08
2695,01M0MX49WKNEHQ4ZXQCA3SGEA6,414773WE720HJ0P121AG8FHQ,18,350.00,6300.00,delivered,2026-08-23 16:39:18.391945+08,2026-08-23 16:39:18.391945+08
2696,01M0MX49WKAKVTFT9BFZY7XM40,41085841ZKREWJPCC4PWVWR7,7,15.00,105.00,delivered,2026-08-23 16:39:18.391945+08,2026-08-23 16:39:18.391945+08
2697,01M0MX49WKN9AFAF9KH4TRAV8Q,4116065CZMHNTR71A86YWAMC,12,350.00,4200.00,processing,2026-08-23 16:39:18.391945+08,2026-08-23 16:39:18.391945+08
2698,01M0MX49WKN9AFAF9KH4TRAV8Q,413521JP1792738MBB68XMK5,4,350.00,1400.00,processing,2026-08-23 16:39:18.391945+08,2026-08-23 16:39:18.391945+08
2699,01M0MX49WKN9AFAF9KH4TRAV8Q,408186TJ449WSVW673RWDK4X,11,30.00,330.00,processing,2026-08-23 16:39:18.391945+08,2026-08-23 16:39:18.391945+08
2702,01M0MX49WK1BB90RR0R5CA864X,411039DJMEE6FWS52GMATRN7,15,25.00,375.00,pending,2026-08-23 16:39:18.391945+08,2026-08-23 16:39:18.391945+08
2703,01M0MX49WK1BB90RR0R5CA864X,4162975Y25KN73W7KKDJGX6P,11,245.00,2695.00,pending,2026-08-23 16:39:18.391945+08,2026-08-23 16:39:18.391945+08
2704,01M0MX49WK1BB90RR0R5CA864X,4162975Y25KN73W7KKDJGX6P,7,245.00,1715.00,pending,2026-08-23 16:39:18.391945+08,2026-08-23 16:39:18.391945+08
2705,01M0MX49WKX7VKGCK04FV9E3BQ,4116065CZMHNTR71A86YWAMC,5,350.00,1750.00,pending,2026-08-23 16:39:18.391945+08,2026-08-23 16:39:18.391945+08
2706,01M0MX49WKX7VKGCK04FV9E3BQ,409892D87XEVH1ZTZXV5F6C1,15,155.00,2325.00,pending,2026-08-23 16:39:18.391945+08,2026-08-23 16:39:18.391945+08
2708,01M0MX49WK0XGQ7QH7FR1VBFH6,417359ZGZV0QNH8M3DEYW8G5,6,350.00,2100.00,pending,2026-08-23 16:39:18.391945+08,2026-08-23 16:39:18.391945+08
2709,01M0MX49WK0XGQ7QH7FR1VBFH6,409420087QNW2D06G06MH7JS,20,350.00,7000.00,pending,2026-08-23 16:39:18.391945+08,2026-08-23 16:39:18.391945+08
2710,01M0MX49WKF6KQXEQ7MCG35J41,410258ZSW0QAXSVS8S3VV7TE,13,35.00,455.00,confirmed,2026-08-23 16:39:18.391945+08,2026-08-23 16:39:18.391945+08
2711,01M0MX49WKCZDM1JKDW01B383E,411039DJMEE6FWS52GMATRN7,9,25.00,225.00,pending,2026-08-23 16:39:18.391945+08,2026-08-23 16:39:18.391945+08
2712,01M0MX49WKWAXXSXX1JS7C4SWQ,409339V9MK4RHRG0A0XWT91W,2,485.00,970.00,processing,2026-08-23 16:39:18.391945+08,2026-08-23 16:39:18.391945+08
2713,01M0MX49WK1SBS0XXW81N9NAZM,407702R5D86R3CBB81E3X29M,17,350.00,5950.00,confirmed,2026-08-23 16:39:18.391945+08,2026-08-23 16:39:18.391945+08
2714,01M0MX49WK1SBS0XXW81N9NAZM,413005KN3WGNAPH6NCQ5JCT9,4,350.00,1400.00,confirmed,2026-08-23 16:39:18.391945+08,2026-08-23 16:39:18.391945+08
2715,01M0MX49WK1SBS0XXW81N9NAZM,4162975Y25KN73W7KKDJGX6P,10,245.00,2450.00,confirmed,2026-08-23 16:39:18.391945+08,2026-08-23 16:39:18.391945+08
2716,01M0MX49WKNQTE56VAQCTZSRBR,407702R5D86R3CBB81E3X29M,13,350.00,4550.00,pending,2026-08-23 16:39:18.391945+08,2026-08-23 16:39:18.391945+08
2717,01M0MX49WKW067KAHG2G8P8RS4,4088862F2RR4FH8VD6HQ69ZM,7,350.00,2450.00,delivered,2026-08-23 16:39:18.391945+08,2026-08-23 16:39:18.391945+08
2718,01M0MX49WKW067KAHG2G8P8RS4,413521JP1792738MBB68XMK5,1,350.00,350.00,delivered,2026-08-23 16:39:18.391945+08,2026-08-23 16:39:18.391945+08
2719,01M0MX49WKJHDATEWZK3344G5Y,409892D87XEVH1ZTZXV5F6C1,7,155.00,1085.00,pending,2026-08-23 16:39:18.391945+08,2026-08-23 16:39:18.391945+08
2720,01M0MX49WKG9GKFGBXHWSNPM96,411039DJMEE6FWS52GMATRN7,6,25.00,150.00,confirmed,2026-08-23 16:39:18.391945+08,2026-08-23 16:39:18.391945+08
2721,01M0MX49WKH4EKKRSP3GZEPXKD,4116065CZMHNTR71A86YWAMC,11,350.00,3850.00,pending,2026-08-23 16:39:18.391945+08,2026-08-23 16:39:18.391945+08
2722,01M0MX49WKH4EKKRSP3GZEPXKD,409892D87XEVH1ZTZXV5F6C1,18,155.00,2790.00,pending,2026-08-23 16:39:18.391945+08,2026-08-23 16:39:18.391945+08
2723,01M0MX49WKH4EKKRSP3GZEPXKD,413005KN3WGNAPH6NCQ5JCT9,7,350.00,2450.00,pending,2026-08-23 16:39:18.391945+08,2026-08-23 16:39:18.391945+08
2724,01M0MX49WKSY99J8M5R0MZG9YY,4162975Y25KN73W7KKDJGX6P,14,245.00,3430.00,confirmed,2026-08-23 16:39:18.391945+08,2026-08-23 16:39:18.391945+08
2725,01M0MX49WKSY99J8M5R0MZG9YY,4116065CZMHNTR71A86YWAMC,8,350.00,2800.00,confirmed,2026-08-23 16:39:18.391945+08,2026-08-23 16:39:18.391945+08
2726,01M0MX49WKSY99J8M5R0MZG9YY,409339V9MK4RHRG0A0XWT91W,4,485.00,1940.00,confirmed,2026-08-23 16:39:18.391945+08,2026-08-23 16:39:18.391945+08
2727,01M0MX49WKHQVSWZEMK980FZTY,4162975Y25KN73W7KKDJGX6P,11,245.00,2695.00,confirmed,2026-08-23 16:39:18.391945+08,2026-08-23 16:39:18.391945+08
2728,01M0MX49WKCSKF01D9E3FQHJ76,4088862F2RR4FH8VD6HQ69ZM,3,350.00,1050.00,processing,2026-08-23 16:39:18.391945+08,2026-08-23 16:39:18.391945+08
2729,01M0MX49WKCSKF01D9E3FQHJ76,411039DJMEE6FWS52GMATRN7,9,25.00,225.00,processing,2026-08-23 16:39:18.391945+08,2026-08-23 16:39:18.391945+08
2730,01M0MX49WKB4PM7EV97ECMYEV7,409339V9MK4RHRG0A0XWT91W,14,485.00,6790.00,processing,2026-08-23 16:39:18.391945+08,2026-08-23 16:39:18.391945+08
2731,01M0MX49WKER0PSSSAHMZC1X1D,4116065CZMHNTR71A86YWAMC,18,350.00,6300.00,delivered,2026-08-23 16:39:18.391945+08,2026-08-23 16:39:18.391945+08
2732,01M0MX49WKER0PSSSAHMZC1X1D,412596TV7NC82RBGNTA0W8JZ,6,35.00,210.00,delivered,2026-08-23 16:39:18.391945+08,2026-08-23 16:39:18.391945+08
2733,01M0MX49WKQQP7DTY6F2AHH525,409892D87XEVH1ZTZXV5F6C1,13,155.00,2015.00,cancelled,2026-08-23 16:39:18.391945+08,2026-08-23 16:39:18.391945+08
2734,01M0MX49WKQQP7DTY6F2AHH525,411039DJMEE6FWS52GMATRN7,5,25.00,125.00,cancelled,2026-08-23 16:39:18.391945+08,2026-08-23 16:39:18.391945+08
2735,01M0MX49WKQQP7DTY6F2AHH525,409892D87XEVH1ZTZXV5F6C1,6,155.00,930.00,cancelled,2026-08-23 16:39:18.391945+08,2026-08-23 16:39:18.391945+08
2736,01M0MX49WKRG6DAKXCFJWF3KCH,411921G8X1MT1A4Z5EPH3YP4,3,30.00,90.00,cancelled,2026-08-23 16:39:18.391945+08,2026-08-23 16:39:18.391945+08
2737,01M0MX49WKRG6DAKXCFJWF3KCH,409892D87XEVH1ZTZXV5F6C1,1,155.00,155.00,cancelled,2026-08-23 16:39:18.391945+08,2026-08-23 16:39:18.391945+08
2738,01M0MX49WKRG6DAKXCFJWF3KCH,4082223DQAKGCJ8P0XHQQNB2,19,112.00,2128.00,cancelled,2026-08-23 16:39:18.391945+08,2026-08-23 16:39:18.391945+08
2739,01M0MX49WKKE7W9WNJD31Y2X58,4088862F2RR4FH8VD6HQ69ZM,17,350.00,5950.00,processing,2026-08-23 16:39:18.391945+08,2026-08-23 16:39:18.391945+08
2740,01M0MX49WKKE7W9WNJD31Y2X58,412596TV7NC82RBGNTA0W8JZ,1,35.00,35.00,processing,2026-08-23 16:39:18.391945+08,2026-08-23 16:39:18.391945+08
2741,01M0MX49WKKE7W9WNJD31Y2X58,4088862F2RR4FH8VD6HQ69ZM,1,350.00,350.00,processing,2026-08-23 16:39:18.391945+08,2026-08-23 16:39:18.391945+08
2742,01M0MX49WKKBHCB55Y6MX8EMNM,416951J7FD3NBDV1MM1QS36H,8,415.00,3320.00,delivered,2026-08-23 16:39:18.391945+08,2026-08-23 16:39:18.391945+08
2743,01M0MX49WKPDC6CC21PCCWS41V,413521JP1792738MBB68XMK5,2,350.00,700.00,delivered,2026-08-23 16:39:18.391945+08,2026-08-23 16:39:18.391945+08
2744,01M0MX49WKPDC6CC21PCCWS41V,41511344QHQDJBZ4FRV45NKC,12,350.00,4200.00,delivered,2026-08-23 16:39:18.391945+08,2026-08-23 16:39:18.391945+08
2745,01M0MX49WKPDC6CC21PCCWS41V,411921G8X1MT1A4Z5EPH3YP4,10,30.00,300.00,delivered,2026-08-23 16:39:18.391945+08,2026-08-23 16:39:18.391945+08
2746,01M0MX49WKXTEBAG1S52G92DZ9,413005KN3WGNAPH6NCQ5JCT9,2,350.00,700.00,confirmed,2026-08-23 16:39:18.391945+08,2026-08-23 16:39:18.391945+08
2747,01M0MX49WK8GXY0RMDSXFWGBJK,416496PKZM0T9NY433H8KP6M,11,30.00,330.00,delivered,2026-08-23 16:39:18.391945+08,2026-08-23 16:39:18.391945+08
2748,01M0MX49WK8GXY0RMDSXFWGBJK,41511344QHQDJBZ4FRV45NKC,9,350.00,3150.00,delivered,2026-08-23 16:39:18.391945+08,2026-08-23 16:39:18.391945+08
2749,01M0MX49WK8GXY0RMDSXFWGBJK,409892D87XEVH1ZTZXV5F6C1,2,155.00,310.00,delivered,2026-08-23 16:39:18.391945+08,2026-08-23 16:39:18.391945+08
2750,01M0MX49WKCGRYMRYKNQZ855EB,413005KN3WGNAPH6NCQ5JCT9,10,350.00,3500.00,delivered,2026-08-23 16:39:18.391945+08,2026-08-23 16:39:18.391945+08
2751,01M0MX49WKCGRYMRYKNQZ855EB,409420087QNW2D06G06MH7JS,8,350.00,2800.00,delivered,2026-08-23 16:39:18.391945+08,2026-08-23 16:39:18.391945+08
2752,01M0MX49WKCFFM9S7Y65C003KX,410258ZSW0QAXSVS8S3VV7TE,2,35.00,70.00,confirmed,2026-08-23 16:39:18.391945+08,2026-08-23 16:39:18.391945+08
2753,01M0MX49WKT8D7VKPWGPZN0TFE,4088862F2RR4FH8VD6HQ69ZM,20,350.00,7000.00,delivered,2026-08-23 16:39:18.391945+08,2026-08-23 16:39:18.391945+08
2754,01M0MX49WKT8D7VKPWGPZN0TFE,4162975Y25KN73W7KKDJGX6P,17,245.00,4165.00,delivered,2026-08-23 16:39:18.391945+08,2026-08-23 16:39:18.391945+08
2755,01M0MX49WKT8D7VKPWGPZN0TFE,409892D87XEVH1ZTZXV5F6C1,6,155.00,930.00,delivered,2026-08-23 16:39:18.391945+08,2026-08-23 16:39:18.391945+08
2757,01M0MX49WKTEH5JG9KH30W1HVY,409339V9MK4RHRG0A0XWT91W,5,485.00,2425.00,pending,2026-08-23 16:39:18.391945+08,2026-08-23 16:39:18.391945+08
2758,01M0MX49WK95DMD5Z110A7FTN2,409339V9MK4RHRG0A0XWT91W,8,485.00,3880.00,confirmed,2026-08-23 16:39:18.391945+08,2026-08-23 16:39:18.391945+08
2759,01M0MX49WK95DMD5Z110A7FTN2,408186TJ449WSVW673RWDK4X,3,30.00,90.00,confirmed,2026-08-23 16:39:18.391945+08,2026-08-23 16:39:18.391945+08
2760,01M0MX49WK95DMD5Z110A7FTN2,41150684MEXX0KJ3HG4B279E,15,30.00,450.00,confirmed,2026-08-23 16:39:18.391945+08,2026-08-23 16:39:18.391945+08
2761,01M0MX49WKB83MHFZ3D7Z1WPDF,4088862F2RR4FH8VD6HQ69ZM,14,350.00,4900.00,confirmed,2026-08-23 16:39:18.391945+08,2026-08-23 16:39:18.391945+08
2764,01M0MX49WKZC8VP4DZ7C22J8TP,413521JP1792738MBB68XMK5,12,350.00,4200.00,delivered,2026-08-23 16:39:18.391945+08,2026-08-23 16:39:18.391945+08
2765,01M0MX49WKZC8VP4DZ7C22J8TP,4162975Y25KN73W7KKDJGX6P,13,245.00,3185.00,delivered,2026-08-23 16:39:18.391945+08,2026-08-23 16:39:18.391945+08
2768,01M0MX49WKCN18CBQ5G4EKC11W,41150684MEXX0KJ3HG4B279E,3,30.00,90.00,pending,2026-08-23 16:39:18.391945+08,2026-08-23 16:39:18.391945+08
2769,01M0MX49WKCN18CBQ5G4EKC11W,416951J7FD3NBDV1MM1QS36H,20,415.00,8300.00,pending,2026-08-23 16:39:18.391945+08,2026-08-23 16:39:18.391945+08
2770,01M0MX49WKQHKS0ZN8JYS00XV2,417359ZGZV0QNH8M3DEYW8G5,9,350.00,3150.00,confirmed,2026-08-23 16:39:18.391945+08,2026-08-23 16:39:18.391945+08
2771,01M0MX49WKQHKS0ZN8JYS00XV2,4162975Y25KN73W7KKDJGX6P,15,245.00,3675.00,confirmed,2026-08-23 16:39:18.391945+08,2026-08-23 16:39:18.391945+08
2772,01M0MX49WKQHKS0ZN8JYS00XV2,416951J7FD3NBDV1MM1QS36H,15,415.00,6225.00,confirmed,2026-08-23 16:39:18.391945+08,2026-08-23 16:39:18.391945+08
2773,01M0MX49WKFXNZR0RFP07CX9M4,411921G8X1MT1A4Z5EPH3YP4,3,30.00,90.00,processing,2026-08-23 16:39:18.391945+08,2026-08-23 16:39:18.391945+08
2774,01M0MX49WKFXNZR0RFP07CX9M4,409892D87XEVH1ZTZXV5F6C1,5,155.00,775.00,processing,2026-08-23 16:39:18.391945+08,2026-08-23 16:39:18.391945+08
2775,01M0MX49WKFXNZR0RFP07CX9M4,41085841ZKREWJPCC4PWVWR7,16,15.00,240.00,processing,2026-08-23 16:39:18.391945+08,2026-08-23 16:39:18.391945+08
2776,01M0MX49WKAPM0CQDNCN0BDPSF,409420087QNW2D06G06MH7JS,1,350.00,350.00,confirmed,2026-08-23 16:39:18.391945+08,2026-08-23 16:39:18.391945+08
2777,01M0MX49WK8GTK3RKR0D6MMJEJ,411921G8X1MT1A4Z5EPH3YP4,13,30.00,390.00,delivered,2026-08-23 16:39:18.391945+08,2026-08-23 16:39:18.391945+08
2778,01M0MX49WK8GTK3RKR0D6MMJEJ,41150684MEXX0KJ3HG4B279E,13,30.00,390.00,delivered,2026-08-23 16:39:18.391945+08,2026-08-23 16:39:18.391945+08
2779,01M0MX49WKYHQB70ES82BRQGCG,413005KN3WGNAPH6NCQ5JCT9,19,350.00,6650.00,processing,2026-08-23 16:39:18.391945+08,2026-08-23 16:39:18.391945+08
2780,01M0MX49WKYHQB70ES82BRQGCG,413521JP1792738MBB68XMK5,14,350.00,4900.00,processing,2026-08-23 16:39:18.391945+08,2026-08-23 16:39:18.391945+08
2781,01M0MX49WKQRFJQQJ0J8AEXQDS,4162975Y25KN73W7KKDJGX6P,19,245.00,4655.00,cancelled,2026-08-23 16:39:18.391945+08,2026-08-23 16:39:18.391945+08
2782,01M0MX49WKEPJYQ96Z0YC116DS,414773WE720HJ0P121AG8FHQ,12,350.00,4200.00,confirmed,2026-08-23 16:39:18.391945+08,2026-08-23 16:39:18.391945+08
2783,01M0MX49WKEPJYQ96Z0YC116DS,408186TJ449WSVW673RWDK4X,16,30.00,480.00,confirmed,2026-08-23 16:39:18.391945+08,2026-08-23 16:39:18.391945+08
2784,01M0MX49WKYYTHM6VW61FJNS6T,4162975Y25KN73W7KKDJGX6P,14,245.00,3430.00,delivered,2026-08-23 16:39:18.391945+08,2026-08-23 16:39:18.391945+08
2785,01M0MX49WKYYTHM6VW61FJNS6T,4088862F2RR4FH8VD6HQ69ZM,8,350.00,2800.00,delivered,2026-08-23 16:39:18.391945+08,2026-08-23 16:39:18.391945+08
2786,01M0MX49WKYYTHM6VW61FJNS6T,411921G8X1MT1A4Z5EPH3YP4,2,30.00,60.00,delivered,2026-08-23 16:39:18.391945+08,2026-08-23 16:39:18.391945+08
2790,01M0MX49WKCMB790E521GBR16C,411039DJMEE6FWS52GMATRN7,6,25.00,150.00,confirmed,2026-08-23 16:39:18.391945+08,2026-08-23 16:39:18.391945+08
2791,01M0MX49WKCMB790E521GBR16C,409420087QNW2D06G06MH7JS,4,350.00,1400.00,confirmed,2026-08-23 16:39:18.391945+08,2026-08-23 16:39:18.391945+08
2792,01M0MX49WKCMB790E521GBR16C,413521JP1792738MBB68XMK5,13,350.00,4550.00,confirmed,2026-08-23 16:39:18.391945+08,2026-08-23 16:39:18.391945+08
2793,01M0MX49WKBV7J9QWWD2KERBT7,408186TJ449WSVW673RWDK4X,7,30.00,210.00,delivered,2026-08-23 16:39:18.391945+08,2026-08-23 16:39:18.391945+08
2794,01M0MX49WKQQRZ51CD8CCWJ4TC,414773WE720HJ0P121AG8FHQ,10,350.00,3500.00,confirmed,2026-08-23 16:39:18.391945+08,2026-08-23 16:39:18.391945+08
2795,01M0MX49WKQQRZ51CD8CCWJ4TC,408186TJ449WSVW673RWDK4X,18,30.00,540.00,confirmed,2026-08-23 16:39:18.391945+08,2026-08-23 16:39:18.391945+08
2799,01M0MX49WKH3QER5HWP3KJHB94,4162975Y25KN73W7KKDJGX6P,10,245.00,2450.00,delivered,2026-08-23 16:39:18.391945+08,2026-08-23 16:39:18.391945+08
2800,01M0MX49WKH3QER5HWP3KJHB94,409420087QNW2D06G06MH7JS,6,350.00,2100.00,delivered,2026-08-23 16:39:18.391945+08,2026-08-23 16:39:18.391945+08
2801,01M0MX49WKH3QER5HWP3KJHB94,411921G8X1MT1A4Z5EPH3YP4,1,30.00,30.00,delivered,2026-08-23 16:39:18.391945+08,2026-08-23 16:39:18.391945+08
2802,01M0MX49WK1MWP7B7JN8NSN5ZP,41150684MEXX0KJ3HG4B279E,17,30.00,510.00,pending,2026-08-23 16:39:18.391945+08,2026-08-23 16:39:18.391945+08
2803,01M0MX49WK1MWP7B7JN8NSN5ZP,41150684MEXX0KJ3HG4B279E,10,30.00,300.00,pending,2026-08-23 16:39:18.391945+08,2026-08-23 16:39:18.391945+08
2804,01M0MX49WK1MWP7B7JN8NSN5ZP,41150684MEXX0KJ3HG4B279E,6,30.00,180.00,pending,2026-08-23 16:39:18.391945+08,2026-08-23 16:39:18.391945+08
2805,01M0MX49WK5B1BP99VCBRAWFX3,41511344QHQDJBZ4FRV45NKC,7,350.00,2450.00,processing,2026-08-23 16:39:18.391945+08,2026-08-23 16:39:18.391945+08
2806,01M0MX49WK5B1BP99VCBRAWFX3,411921G8X1MT1A4Z5EPH3YP4,6,30.00,180.00,processing,2026-08-23 16:39:18.391945+08,2026-08-23 16:39:18.391945+08
2807,01M0MX49WK5B1BP99VCBRAWFX3,408186TJ449WSVW673RWDK4X,4,30.00,120.00,processing,2026-08-23 16:39:18.391945+08,2026-08-23 16:39:18.391945+08
2809,01M0MX49WK8MXNWDNAV7DX2JF7,414773WE720HJ0P121AG8FHQ,14,350.00,4900.00,delivered,2026-08-23 16:39:18.391945+08,2026-08-23 16:39:18.391945+08
2813,01M0MX49WMY8TADFXVP124ZWBV,409420087QNW2D06G06MH7JS,19,350.00,6650.00,confirmed,2026-08-23 16:39:18.391945+08,2026-08-23 16:39:18.391945+08
2814,01M0MX49WMY8TADFXVP124ZWBV,4088862F2RR4FH8VD6HQ69ZM,16,350.00,5600.00,confirmed,2026-08-23 16:39:18.391945+08,2026-08-23 16:39:18.391945+08
2815,01M0MX49WM451T4SG4E225NZXV,409420087QNW2D06G06MH7JS,2,350.00,700.00,delivered,2026-08-23 16:39:18.391945+08,2026-08-23 16:39:18.391945+08
2816,01M0MX49WM46WG9WPJT14MM467,411039DJMEE6FWS52GMATRN7,19,25.00,475.00,delivered,2026-08-23 16:39:18.391945+08,2026-08-23 16:39:18.391945+08
2817,01M0MX49WMAJNX6GPQ2T4CY3CF,409420087QNW2D06G06MH7JS,13,350.00,4550.00,pending,2026-08-23 16:39:18.391945+08,2026-08-23 16:39:18.391945+08
2818,01M0MX49WMAJNX6GPQ2T4CY3CF,4082223DQAKGCJ8P0XHQQNB2,17,112.00,1904.00,pending,2026-08-23 16:39:18.391945+08,2026-08-23 16:39:18.391945+08
2819,01M0MX49WMAJNX6GPQ2T4CY3CF,414773WE720HJ0P121AG8FHQ,16,350.00,5600.00,pending,2026-08-23 16:39:18.391945+08,2026-08-23 16:39:18.391945+08
2820,01M0MX49WMHGENHBTAXGQ0EQRH,41150684MEXX0KJ3HG4B279E,11,30.00,330.00,delivered,2026-08-23 16:39:18.391945+08,2026-08-23 16:39:18.391945+08
2821,01M0MX49WMHGENHBTAXGQ0EQRH,4138050CXS9PQSNF661Q1A1F,11,140.00,1540.00,delivered,2026-08-23 16:39:18.391945+08,2026-08-23 16:39:18.391945+08
2822,01M0MX49WMHGENHBTAXGQ0EQRH,409892D87XEVH1ZTZXV5F6C1,8,155.00,1240.00,delivered,2026-08-23 16:39:18.391945+08,2026-08-23 16:39:18.391945+08
2823,01M0MX49WM1WY9NY0JTC0TA1NK,4082223DQAKGCJ8P0XHQQNB2,2,112.00,224.00,delivered,2026-08-23 16:39:18.391945+08,2026-08-23 16:39:18.391945+08
2824,01M0MX49WM1WY9NY0JTC0TA1NK,4138050CXS9PQSNF661Q1A1F,11,140.00,1540.00,delivered,2026-08-23 16:39:18.391945+08,2026-08-23 16:39:18.391945+08
2825,01M0MX49WM51NG74ZP5FRX5544,4162975Y25KN73W7KKDJGX6P,5,245.00,1225.00,pending,2026-08-23 16:39:18.391945+08,2026-08-23 16:39:18.391945+08
2826,01M0MX49WM51NG74ZP5FRX5544,409420087QNW2D06G06MH7JS,20,350.00,7000.00,pending,2026-08-23 16:39:18.391945+08,2026-08-23 16:39:18.391945+08
2827,01M0MX49WM51NG74ZP5FRX5544,4116065CZMHNTR71A86YWAMC,17,350.00,5950.00,pending,2026-08-23 16:39:18.391945+08,2026-08-23 16:39:18.391945+08
2828,01M0MX49WMSDF1H9XC0B1SQD2W,4138050CXS9PQSNF661Q1A1F,15,140.00,2100.00,cancelled,2026-08-23 16:39:18.391945+08,2026-08-23 16:39:18.391945+08
2829,01M0MX49WM6C4MNAE6WYBCP8HW,408186TJ449WSVW673RWDK4X,14,30.00,420.00,delivered,2026-08-23 16:39:18.391945+08,2026-08-23 16:39:18.391945+08
2830,01M0MX49WM6C4MNAE6WYBCP8HW,411039DJMEE6FWS52GMATRN7,7,25.00,175.00,delivered,2026-08-23 16:39:18.391945+08,2026-08-23 16:39:18.391945+08
2831,01M0MX49WMTCPNMZ2DAK9KHZ9C,409420087QNW2D06G06MH7JS,12,350.00,4200.00,cancelled,2026-08-23 16:39:18.391945+08,2026-08-23 16:39:18.391945+08
2832,01M0MX49WMTCPNMZ2DAK9KHZ9C,407702R5D86R3CBB81E3X29M,11,350.00,3850.00,cancelled,2026-08-23 16:39:18.391945+08,2026-08-23 16:39:18.391945+08
2833,01M0MX49WM9X5DK4DM9RJ4R0CS,4162975Y25KN73W7KKDJGX6P,20,245.00,4900.00,confirmed,2026-08-23 16:39:18.391945+08,2026-08-23 16:39:18.391945+08
2834,01M0MX49WM9X5DK4DM9RJ4R0CS,413521JP1792738MBB68XMK5,12,350.00,4200.00,confirmed,2026-08-23 16:39:18.391945+08,2026-08-23 16:39:18.391945+08
2835,01M0MX49WMVX1G3NGA6NYYGJ9R,411039DJMEE6FWS52GMATRN7,4,25.00,100.00,cancelled,2026-08-23 16:39:18.391945+08,2026-08-23 16:39:18.391945+08
2836,01M0MX49WMVX1G3NGA6NYYGJ9R,4162975Y25KN73W7KKDJGX6P,10,245.00,2450.00,cancelled,2026-08-23 16:39:18.391945+08,2026-08-23 16:39:18.391945+08
2837,01M0MX49WMBW2V23MTGY78CJJ2,408186TJ449WSVW673RWDK4X,19,30.00,570.00,confirmed,2026-08-23 16:39:18.391945+08,2026-08-23 16:39:18.391945+08
2838,01M0MX49WMVF5ZJ6GN2AQRCT4H,413521JP1792738MBB68XMK5,10,350.00,3500.00,pending,2026-08-23 16:39:18.391945+08,2026-08-23 16:39:18.391945+08
2839,01M0MX49WMVF5ZJ6GN2AQRCT4H,411039DJMEE6FWS52GMATRN7,18,25.00,450.00,pending,2026-08-23 16:39:18.391945+08,2026-08-23 16:39:18.391945+08
2840,01M0MX49WMZHB9D72FA6PEEX8Y,4116065CZMHNTR71A86YWAMC,16,350.00,5600.00,confirmed,2026-08-23 16:39:18.391945+08,2026-08-23 16:39:18.391945+08
2841,01M0MX49WMZHB9D72FA6PEEX8Y,411039DJMEE6FWS52GMATRN7,18,25.00,450.00,confirmed,2026-08-23 16:39:18.391945+08,2026-08-23 16:39:18.391945+08
2842,01M0MX49WM3RDM7P6S9ND4AQGY,411039DJMEE6FWS52GMATRN7,3,25.00,75.00,confirmed,2026-08-23 16:39:18.391945+08,2026-08-23 16:39:18.391945+08
2843,01M0MX49WMEW8TJBVEVJ53BXFX,409420087QNW2D06G06MH7JS,6,350.00,2100.00,processing,2026-08-23 16:39:18.391945+08,2026-08-23 16:39:18.391945+08
2844,01M0MX49WMEW8TJBVEVJ53BXFX,409892D87XEVH1ZTZXV5F6C1,13,155.00,2015.00,processing,2026-08-23 16:39:18.391945+08,2026-08-23 16:39:18.391945+08
2845,01M0MX49WMEW8TJBVEVJ53BXFX,414773WE720HJ0P121AG8FHQ,8,350.00,2800.00,processing,2026-08-23 16:39:18.391945+08,2026-08-23 16:39:18.391945+08
2846,01M0MX49WMW67FF4D269FF6GYK,4116065CZMHNTR71A86YWAMC,5,350.00,1750.00,delivered,2026-08-23 16:39:18.391945+08,2026-08-23 16:39:18.391945+08
2847,01M0MX49WMW67FF4D269FF6GYK,410258ZSW0QAXSVS8S3VV7TE,16,35.00,560.00,delivered,2026-08-23 16:39:18.391945+08,2026-08-23 16:39:18.391945+08
2848,01M0MX49WMW67FF4D269FF6GYK,413521JP1792738MBB68XMK5,11,350.00,3850.00,delivered,2026-08-23 16:39:18.391945+08,2026-08-23 16:39:18.391945+08
2849,01M0MX49WM53V88YD3QW6DEEYE,413521JP1792738MBB68XMK5,11,350.00,3850.00,cancelled,2026-08-23 16:39:18.391945+08,2026-08-23 16:39:18.391945+08
2850,01M0MX49WM53V88YD3QW6DEEYE,4162975Y25KN73W7KKDJGX6P,13,245.00,3185.00,cancelled,2026-08-23 16:39:18.391945+08,2026-08-23 16:39:18.391945+08
2851,01M0MX49WM53V88YD3QW6DEEYE,413005KN3WGNAPH6NCQ5JCT9,18,350.00,6300.00,cancelled,2026-08-23 16:39:18.391945+08,2026-08-23 16:39:18.391945+08
2852,01M0MX49WMV5WPQRDBDEMV7WFT,414773WE720HJ0P121AG8FHQ,4,350.00,1400.00,delivered,2026-08-23 16:39:18.391945+08,2026-08-23 16:39:18.391945+08
2853,01M0MX49WMV87NT4SMSMPWX11T,409892D87XEVH1ZTZXV5F6C1,19,155.00,2945.00,pending,2026-08-23 16:39:18.391945+08,2026-08-23 16:39:18.391945+08
2854,01M0MX49WM8ZZ33BKAVKWWP5C6,412596TV7NC82RBGNTA0W8JZ,12,35.00,420.00,delivered,2026-08-23 16:39:18.391945+08,2026-08-23 16:39:18.391945+08
2855,01M0MX49WMKTST7A3BWAM4AQQC,412596TV7NC82RBGNTA0W8JZ,1,35.00,35.00,delivered,2026-08-23 16:39:18.391945+08,2026-08-23 16:39:18.391945+08
2856,01M0MX49WMKTST7A3BWAM4AQQC,416951J7FD3NBDV1MM1QS36H,2,415.00,830.00,delivered,2026-08-23 16:39:18.391945+08,2026-08-23 16:39:18.391945+08
2859,01M0MX49WMQ2EH85HYZ26G1VRR,4088862F2RR4FH8VD6HQ69ZM,4,350.00,1400.00,delivered,2026-08-23 16:39:18.391945+08,2026-08-23 16:39:18.391945+08
2860,01M0MX49WMQ2EH85HYZ26G1VRR,4162975Y25KN73W7KKDJGX6P,1,245.00,245.00,delivered,2026-08-23 16:39:18.391945+08,2026-08-23 16:39:18.391945+08
2861,01M0MX49WMQ2EH85HYZ26G1VRR,410258ZSW0QAXSVS8S3VV7TE,15,35.00,525.00,delivered,2026-08-23 16:39:18.391945+08,2026-08-23 16:39:18.391945+08
2862,01M0MX49WMP9MZHG5CF8EVZE6Q,4088862F2RR4FH8VD6HQ69ZM,16,350.00,5600.00,pending,2026-08-23 16:39:18.391945+08,2026-08-23 16:39:18.391945+08
2863,01M0MX49WMP9MZHG5CF8EVZE6Q,411039DJMEE6FWS52GMATRN7,15,25.00,375.00,pending,2026-08-23 16:39:18.391945+08,2026-08-23 16:39:18.391945+08
2865,01M0MX49WM6G6Q6MAK9QW9NYA1,41085841ZKREWJPCC4PWVWR7,4,15.00,60.00,confirmed,2026-08-23 16:39:18.391945+08,2026-08-23 16:39:18.391945+08
2866,01M0MX49WM6G6Q6MAK9QW9NYA1,414773WE720HJ0P121AG8FHQ,19,350.00,6650.00,confirmed,2026-08-23 16:39:18.391945+08,2026-08-23 16:39:18.391945+08
2867,01M0MX49WM6G6Q6MAK9QW9NYA1,411921G8X1MT1A4Z5EPH3YP4,7,30.00,210.00,confirmed,2026-08-23 16:39:18.391945+08,2026-08-23 16:39:18.391945+08
2868,01M0MX49WM3K47XJ0STGG49572,407702R5D86R3CBB81E3X29M,11,350.00,3850.00,confirmed,2026-08-23 16:39:18.391945+08,2026-08-23 16:39:18.391945+08
2869,01M0MX49WM3K47XJ0STGG49572,41511344QHQDJBZ4FRV45NKC,7,350.00,2450.00,confirmed,2026-08-23 16:39:18.391945+08,2026-08-23 16:39:18.391945+08
2870,01M0MX49WM0H3RR0HK18PG8DDE,417359ZGZV0QNH8M3DEYW8G5,16,350.00,5600.00,delivered,2026-08-23 16:39:18.391945+08,2026-08-23 16:39:18.391945+08
2871,01M0MX49WM22TRY4BE0YSW70A0,417359ZGZV0QNH8M3DEYW8G5,1,350.00,350.00,confirmed,2026-08-23 16:39:18.391945+08,2026-08-23 16:39:18.391945+08
2872,01M0MX49WM22TRY4BE0YSW70A0,410258ZSW0QAXSVS8S3VV7TE,13,35.00,455.00,confirmed,2026-08-23 16:39:18.391945+08,2026-08-23 16:39:18.391945+08
2873,01M0MX49WM22TRY4BE0YSW70A0,409892D87XEVH1ZTZXV5F6C1,14,155.00,2170.00,confirmed,2026-08-23 16:39:18.391945+08,2026-08-23 16:39:18.391945+08
2874,01M0MX49WMA2HSV3EJG7WXD93J,4162975Y25KN73W7KKDJGX6P,3,245.00,735.00,cancelled,2026-08-23 16:39:18.391945+08,2026-08-23 16:39:18.391945+08
2875,01M0MX49WMA2HSV3EJG7WXD93J,408186TJ449WSVW673RWDK4X,10,30.00,300.00,cancelled,2026-08-23 16:39:18.391945+08,2026-08-23 16:39:18.391945+08
2876,01M0MX49WM9QWJSN2WF6WHY0B1,41085841ZKREWJPCC4PWVWR7,18,15.00,270.00,delivered,2026-08-23 16:39:18.391945+08,2026-08-23 16:39:18.391945+08
2877,01M0MX49WMBQG2ZSDJXPWSZ6KS,412596TV7NC82RBGNTA0W8JZ,2,35.00,70.00,pending,2026-08-23 16:39:18.391945+08,2026-08-23 16:39:18.391945+08
2878,01M0MX49WMBQG2ZSDJXPWSZ6KS,41085841ZKREWJPCC4PWVWR7,10,15.00,150.00,pending,2026-08-23 16:39:18.391945+08,2026-08-23 16:39:18.391945+08
2879,01M0MX49WMM5XNEV9WSG0H843Q,41511344QHQDJBZ4FRV45NKC,15,350.00,5250.00,delivered,2026-08-23 16:39:18.391945+08,2026-08-23 16:39:18.391945+08
2880,01M0MX49WMM5XNEV9WSG0H843Q,41085841ZKREWJPCC4PWVWR7,16,15.00,240.00,delivered,2026-08-23 16:39:18.391945+08,2026-08-23 16:39:18.391945+08
2881,01M0MX49WMM5XNEV9WSG0H843Q,416951J7FD3NBDV1MM1QS36H,5,415.00,2075.00,delivered,2026-08-23 16:39:18.391945+08,2026-08-23 16:39:18.391945+08
2882,01M0MX49WM0N916AVA26JPPNHN,409339V9MK4RHRG0A0XWT91W,1,485.00,485.00,confirmed,2026-08-23 16:39:18.391945+08,2026-08-23 16:39:18.391945+08
2883,01M0MX49WM0N916AVA26JPPNHN,4138050CXS9PQSNF661Q1A1F,19,140.00,2660.00,confirmed,2026-08-23 16:39:18.391945+08,2026-08-23 16:39:18.391945+08
2884,01M0MX49WM0N916AVA26JPPNHN,4116065CZMHNTR71A86YWAMC,5,350.00,1750.00,confirmed,2026-08-23 16:39:18.391945+08,2026-08-23 16:39:18.391945+08
2885,01M0MX49WMYAG3W0V2J5201EZY,411039DJMEE6FWS52GMATRN7,6,25.00,150.00,cancelled,2026-08-23 16:39:18.391945+08,2026-08-23 16:39:18.391945+08
2886,01M0MX49WMYAG3W0V2J5201EZY,407702R5D86R3CBB81E3X29M,4,350.00,1400.00,cancelled,2026-08-23 16:39:18.391945+08,2026-08-23 16:39:18.391945+08
2887,01M0MX49WM1BNPZRE169ND3VK9,407702R5D86R3CBB81E3X29M,4,350.00,1400.00,cancelled,2026-08-23 16:39:18.391945+08,2026-08-23 16:39:18.391945+08
2888,01M0MX49WM8FSJ202YQT9NEPRG,41150684MEXX0KJ3HG4B279E,5,30.00,150.00,delivered,2026-08-23 16:39:18.391945+08,2026-08-23 16:39:18.391945+08
2889,01M0MX49WM8FSJ202YQT9NEPRG,413005KN3WGNAPH6NCQ5JCT9,13,350.00,4550.00,delivered,2026-08-23 16:39:18.391945+08,2026-08-23 16:39:18.391945+08
2890,01M0MX49WM8FSJ202YQT9NEPRG,4088862F2RR4FH8VD6HQ69ZM,2,350.00,700.00,delivered,2026-08-23 16:39:18.391945+08,2026-08-23 16:39:18.391945+08
2891,01M0MX49WM9KB9TA9TKNCXE8ER,416951J7FD3NBDV1MM1QS36H,20,415.00,8300.00,confirmed,2026-08-23 16:39:18.391945+08,2026-08-23 16:39:18.391945+08
2892,01M0MX49WM9KB9TA9TKNCXE8ER,417359ZGZV0QNH8M3DEYW8G5,13,350.00,4550.00,confirmed,2026-08-23 16:39:18.391945+08,2026-08-23 16:39:18.391945+08
2893,01M0MX49WMVTBPQ6HAHEKG66KE,4162975Y25KN73W7KKDJGX6P,9,245.00,2205.00,delivered,2026-08-23 16:39:18.391945+08,2026-08-23 16:39:18.391945+08
2894,01M0MX49WMVTBPQ6HAHEKG66KE,413005KN3WGNAPH6NCQ5JCT9,15,350.00,5250.00,delivered,2026-08-23 16:39:18.391945+08,2026-08-23 16:39:18.391945+08
2895,01M0MX49WMVTBPQ6HAHEKG66KE,4138050CXS9PQSNF661Q1A1F,1,140.00,140.00,delivered,2026-08-23 16:39:18.391945+08,2026-08-23 16:39:18.391945+08
2896,01M0MX49WMDJA7KM28Q4NVAV3T,411921G8X1MT1A4Z5EPH3YP4,17,30.00,510.00,pending,2026-08-23 16:39:18.391945+08,2026-08-23 16:39:18.391945+08
2897,01M0MX49WMK1QAN6YDQ8XXD084,412596TV7NC82RBGNTA0W8JZ,16,35.00,560.00,pending,2026-08-23 16:39:18.391945+08,2026-08-23 16:39:18.391945+08
2898,01M0MX49WMK1QAN6YDQ8XXD084,414773WE720HJ0P121AG8FHQ,4,350.00,1400.00,pending,2026-08-23 16:39:18.391945+08,2026-08-23 16:39:18.391945+08
2899,01M0MX49WMK1QAN6YDQ8XXD084,412596TV7NC82RBGNTA0W8JZ,6,35.00,210.00,pending,2026-08-23 16:39:18.391945+08,2026-08-23 16:39:18.391945+08
2903,01M0MX49WM9477JZS1MYD9QBW9,417359ZGZV0QNH8M3DEYW8G5,13,350.00,4550.00,pending,2026-08-23 16:39:18.391945+08,2026-08-23 16:39:18.391945+08
2904,01M0MX49WM9477JZS1MYD9QBW9,41085841ZKREWJPCC4PWVWR7,1,15.00,15.00,pending,2026-08-23 16:39:18.391945+08,2026-08-23 16:39:18.391945+08
2905,01M0MX49WM9477JZS1MYD9QBW9,4162975Y25KN73W7KKDJGX6P,18,245.00,4410.00,pending,2026-08-23 16:39:18.391945+08,2026-08-23 16:39:18.391945+08
2906,01M0MX49WM6GYEJKRRBDGCFX70,411921G8X1MT1A4Z5EPH3YP4,3,30.00,90.00,delivered,2026-08-23 16:39:18.391945+08,2026-08-23 16:39:18.391945+08
2907,01M0MX49WM6GYEJKRRBDGCFX70,408186TJ449WSVW673RWDK4X,19,30.00,570.00,delivered,2026-08-23 16:39:18.391945+08,2026-08-23 16:39:18.391945+08
2908,01M0MX49WM6GYEJKRRBDGCFX70,410258ZSW0QAXSVS8S3VV7TE,4,35.00,140.00,delivered,2026-08-23 16:39:18.391945+08,2026-08-23 16:39:18.391945+08
2909,01M0MX49WM7Y8SNF7JMMB7GWAS,417359ZGZV0QNH8M3DEYW8G5,20,350.00,7000.00,cancelled,2026-08-23 16:39:18.391945+08,2026-08-23 16:39:18.391945+08
2910,01M0MX49WMTHJSFXGXZMMBKTKN,409892D87XEVH1ZTZXV5F6C1,4,155.00,620.00,pending,2026-08-23 16:39:18.391945+08,2026-08-23 16:39:18.391945+08
2911,01M0MX49WMTHJSFXGXZMMBKTKN,407702R5D86R3CBB81E3X29M,5,350.00,1750.00,pending,2026-08-23 16:39:18.391945+08,2026-08-23 16:39:18.391945+08
2912,01M0MX49WMFH9N4NQ8Y0ENX4EZ,413521JP1792738MBB68XMK5,18,350.00,6300.00,confirmed,2026-08-23 16:39:18.391945+08,2026-08-23 16:39:18.391945+08
2913,01M0MX49WMCF4GY3NHQHA6W0TN,413521JP1792738MBB68XMK5,4,350.00,1400.00,delivered,2026-08-23 16:39:18.391945+08,2026-08-23 16:39:18.391945+08
2914,01M0MX49WMRP1E7XDD014C0T22,417359ZGZV0QNH8M3DEYW8G5,14,350.00,4900.00,confirmed,2026-08-23 16:39:18.391945+08,2026-08-23 16:39:18.391945+08
2915,01M0MX49WMRP1E7XDD014C0T22,411039DJMEE6FWS52GMATRN7,1,25.00,25.00,confirmed,2026-08-23 16:39:18.391945+08,2026-08-23 16:39:18.391945+08
2916,01M0MX49WMRP1E7XDD014C0T22,4088862F2RR4FH8VD6HQ69ZM,10,350.00,3500.00,confirmed,2026-08-23 16:39:18.391945+08,2026-08-23 16:39:18.391945+08
2917,01M0MX49WMKMQQ7PQ5X1R6T4KA,416951J7FD3NBDV1MM1QS36H,18,415.00,7470.00,cancelled,2026-08-23 16:39:18.391945+08,2026-08-23 16:39:18.391945+08
2918,01M0MX49WMKMQQ7PQ5X1R6T4KA,416496PKZM0T9NY433H8KP6M,5,30.00,150.00,cancelled,2026-08-23 16:39:18.391945+08,2026-08-23 16:39:18.391945+08
2919,01M0MX49WMKMQQ7PQ5X1R6T4KA,412596TV7NC82RBGNTA0W8JZ,16,35.00,560.00,cancelled,2026-08-23 16:39:18.391945+08,2026-08-23 16:39:18.391945+08
2922,01M0MX49WMJMJP3MP0875VSNNT,4088862F2RR4FH8VD6HQ69ZM,2,350.00,700.00,delivered,2026-08-23 16:39:18.391945+08,2026-08-23 16:39:18.391945+08
2923,01M0MX49WMP38TBZS0JAYY41SB,41511344QHQDJBZ4FRV45NKC,20,350.00,7000.00,pending,2026-08-23 16:39:18.391945+08,2026-08-23 16:39:18.391945+08
2924,01M0MX49WMY7R8PD0JZ3N65X8Q,414773WE720HJ0P121AG8FHQ,5,350.00,1750.00,confirmed,2026-08-23 16:39:18.391945+08,2026-08-23 16:39:18.391945+08
2925,01M0MX49WMY7R8PD0JZ3N65X8Q,4082223DQAKGCJ8P0XHQQNB2,14,112.00,1568.00,confirmed,2026-08-23 16:39:18.391945+08,2026-08-23 16:39:18.391945+08
2928,01M0MX49WMS8V2CEPB4V4J2Z7C,41150684MEXX0KJ3HG4B279E,5,30.00,150.00,cancelled,2026-08-23 16:39:18.391945+08,2026-08-23 16:39:18.391945+08
2929,01M0MX49WMS8V2CEPB4V4J2Z7C,410258ZSW0QAXSVS8S3VV7TE,7,35.00,245.00,cancelled,2026-08-23 16:39:18.391945+08,2026-08-23 16:39:18.391945+08
2930,01M0MX49WMS8V2CEPB4V4J2Z7C,413521JP1792738MBB68XMK5,9,350.00,3150.00,cancelled,2026-08-23 16:39:18.391945+08,2026-08-23 16:39:18.391945+08
2931,01M0MX49WMF0SE0TDYVTAXMVV4,411039DJMEE6FWS52GMATRN7,17,25.00,425.00,delivered,2026-08-23 16:39:18.391945+08,2026-08-23 16:39:18.391945+08
2932,01M0MX49WMF0SE0TDYVTAXMVV4,4082223DQAKGCJ8P0XHQQNB2,6,112.00,672.00,delivered,2026-08-23 16:39:18.391945+08,2026-08-23 16:39:18.391945+08
2933,01M0MX49WMF0SE0TDYVTAXMVV4,41150684MEXX0KJ3HG4B279E,5,30.00,150.00,delivered,2026-08-23 16:39:18.391945+08,2026-08-23 16:39:18.391945+08
2934,01M0MX49WMRQFBHPH5J59AC98N,4162975Y25KN73W7KKDJGX6P,1,245.00,245.00,cancelled,2026-08-23 16:39:18.391945+08,2026-08-23 16:39:18.391945+08
2935,01M0MX49WMRQFBHPH5J59AC98N,4082223DQAKGCJ8P0XHQQNB2,8,112.00,896.00,cancelled,2026-08-23 16:39:18.391945+08,2026-08-23 16:39:18.391945+08
2936,01M0MX49WMQR2VN4PXV11KMRQH,4116065CZMHNTR71A86YWAMC,18,350.00,6300.00,confirmed,2026-08-23 16:39:18.391945+08,2026-08-23 16:39:18.391945+08
2937,01M0MX49WMQR2VN4PXV11KMRQH,41150684MEXX0KJ3HG4B279E,3,30.00,90.00,confirmed,2026-08-23 16:39:18.391945+08,2026-08-23 16:39:18.391945+08
2938,01M0MX49WMQR2VN4PXV11KMRQH,409892D87XEVH1ZTZXV5F6C1,3,155.00,465.00,confirmed,2026-08-23 16:39:18.391945+08,2026-08-23 16:39:18.391945+08
2939,01M0MX49WMKPTF1MWPPN24N7V1,41511344QHQDJBZ4FRV45NKC,8,350.00,2800.00,delivered,2026-08-23 16:39:18.391945+08,2026-08-23 16:39:18.391945+08
2940,01M0MX49WMKPTF1MWPPN24N7V1,414773WE720HJ0P121AG8FHQ,1,350.00,350.00,delivered,2026-08-23 16:39:18.391945+08,2026-08-23 16:39:18.391945+08
2941,01M0MX49WMGZXNN0R0TF4W849R,4162975Y25KN73W7KKDJGX6P,4,245.00,980.00,processing,2026-08-23 16:39:18.391945+08,2026-08-23 16:39:18.391945+08
2942,01M0MX49WMWFK1F3P7P1PAARKA,416951J7FD3NBDV1MM1QS36H,19,415.00,7885.00,confirmed,2026-08-23 16:39:18.391945+08,2026-08-23 16:39:18.391945+08
2943,01M0MX49WMWFK1F3P7P1PAARKA,411921G8X1MT1A4Z5EPH3YP4,4,30.00,120.00,confirmed,2026-08-23 16:39:18.391945+08,2026-08-23 16:39:18.391945+08
2944,01M0MX49WMWFK1F3P7P1PAARKA,408186TJ449WSVW673RWDK4X,12,30.00,360.00,confirmed,2026-08-23 16:39:18.391945+08,2026-08-23 16:39:18.391945+08
2945,01M0MX49WMRQYKH1GS432DSFY0,414773WE720HJ0P121AG8FHQ,20,350.00,7000.00,delivered,2026-08-23 16:39:18.391945+08,2026-08-23 16:39:18.391945+08
2946,01M0MX49WMRQYKH1GS432DSFY0,4116065CZMHNTR71A86YWAMC,2,350.00,700.00,delivered,2026-08-23 16:39:18.391945+08,2026-08-23 16:39:18.391945+08
2947,01M0MX49WMRQYKH1GS432DSFY0,417359ZGZV0QNH8M3DEYW8G5,11,350.00,3850.00,delivered,2026-08-23 16:39:18.391945+08,2026-08-23 16:39:18.391945+08
2948,01M0MX49WM29PR3MFF36RVZMZH,411039DJMEE6FWS52GMATRN7,18,25.00,450.00,confirmed,2026-08-23 16:39:18.391945+08,2026-08-23 16:39:18.391945+08
2949,01M0MX49WM29PR3MFF36RVZMZH,410258ZSW0QAXSVS8S3VV7TE,20,35.00,700.00,confirmed,2026-08-23 16:39:18.391945+08,2026-08-23 16:39:18.391945+08
2950,01M0MX49WM29PR3MFF36RVZMZH,4162975Y25KN73W7KKDJGX6P,16,245.00,3920.00,confirmed,2026-08-23 16:39:18.391945+08,2026-08-23 16:39:18.391945+08
2951,01M0MX49WMX45TBJRS8ZBQVEVB,411039DJMEE6FWS52GMATRN7,17,25.00,425.00,pending,2026-08-23 16:39:18.391945+08,2026-08-23 16:39:18.391945+08
2952,01M0MX49WMYKEJYQ2GQ2N7TZE7,4162975Y25KN73W7KKDJGX6P,19,245.00,4655.00,delivered,2026-08-23 16:39:18.391945+08,2026-08-23 16:39:18.391945+08
2953,01M0MX49WM5BQ42Q9TNQQT0W5N,413005KN3WGNAPH6NCQ5JCT9,12,350.00,4200.00,pending,2026-08-23 16:39:18.391945+08,2026-08-23 16:39:18.391945+08
2954,01M0MX49WM5BQ42Q9TNQQT0W5N,41085841ZKREWJPCC4PWVWR7,8,15.00,120.00,pending,2026-08-23 16:39:18.391945+08,2026-08-23 16:39:18.391945+08
2955,01M0MX49WM5BQ42Q9TNQQT0W5N,411039DJMEE6FWS52GMATRN7,20,25.00,500.00,pending,2026-08-23 16:39:18.391945+08,2026-08-23 16:39:18.391945+08
2956,01M0MX49WMK886S7YRPR34B65Q,416496PKZM0T9NY433H8KP6M,12,30.00,360.00,delivered,2026-08-23 16:39:18.391945+08,2026-08-23 16:39:18.391945+08
2960,01M0MX49WM0P7K3G9CDNZTA3EB,413521JP1792738MBB68XMK5,3,350.00,1050.00,delivered,2026-08-23 16:39:18.391945+08,2026-08-23 16:39:18.391945+08
2961,01M0MX49WM0P7K3G9CDNZTA3EB,4088862F2RR4FH8VD6HQ69ZM,3,350.00,1050.00,delivered,2026-08-23 16:39:18.391945+08,2026-08-23 16:39:18.391945+08
2962,01M0MX49WM0P7K3G9CDNZTA3EB,417359ZGZV0QNH8M3DEYW8G5,19,350.00,6650.00,delivered,2026-08-23 16:39:18.391945+08,2026-08-23 16:39:18.391945+08
2963,01M0MX49WMT82KRWP77T0Z95MK,410258ZSW0QAXSVS8S3VV7TE,16,35.00,560.00,pending,2026-08-23 16:39:18.391945+08,2026-08-23 16:39:18.391945+08
2964,01M0MX49WMT82KRWP77T0Z95MK,409420087QNW2D06G06MH7JS,14,350.00,4900.00,pending,2026-08-23 16:39:18.391945+08,2026-08-23 16:39:18.391945+08
2965,01M0MX49WMQH3AJS4B0FRB46XE,411921G8X1MT1A4Z5EPH3YP4,16,30.00,480.00,cancelled,2026-08-23 16:39:18.391945+08,2026-08-23 16:39:18.391945+08
2966,01M0MX49WM6GXF9PSJWVPT6XD2,410258ZSW0QAXSVS8S3VV7TE,4,35.00,140.00,delivered,2026-08-23 16:39:18.391945+08,2026-08-23 16:39:18.391945+08
2967,01M0MX49WM6GXF9PSJWVPT6XD2,4162975Y25KN73W7KKDJGX6P,1,245.00,245.00,delivered,2026-08-23 16:39:18.391945+08,2026-08-23 16:39:18.391945+08
2968,01M0MX49WM6GXF9PSJWVPT6XD2,4082223DQAKGCJ8P0XHQQNB2,7,112.00,784.00,delivered,2026-08-23 16:39:18.391945+08,2026-08-23 16:39:18.391945+08
2969,01M0MX49WM7A19RQMP7JM7XMWQ,410258ZSW0QAXSVS8S3VV7TE,12,35.00,420.00,delivered,2026-08-23 16:39:18.391945+08,2026-08-23 16:39:18.391945+08
2970,01M0MX49WM7A19RQMP7JM7XMWQ,4088862F2RR4FH8VD6HQ69ZM,17,350.00,5950.00,delivered,2026-08-23 16:39:18.391945+08,2026-08-23 16:39:18.391945+08
2971,01M0MX49WM7A19RQMP7JM7XMWQ,411039DJMEE6FWS52GMATRN7,20,25.00,500.00,delivered,2026-08-23 16:39:18.391945+08,2026-08-23 16:39:18.391945+08
2973,01M0MX49WMS5ZR9MD770RCMKB6,41511344QHQDJBZ4FRV45NKC,17,350.00,5950.00,confirmed,2026-08-23 16:39:18.391945+08,2026-08-23 16:39:18.391945+08
2974,01M0MX49WMS5ZR9MD770RCMKB6,4138050CXS9PQSNF661Q1A1F,2,140.00,280.00,confirmed,2026-08-23 16:39:18.391945+08,2026-08-23 16:39:18.391945+08
2976,01M0MX49WM2TZ0JBXHXENJZCG6,410258ZSW0QAXSVS8S3VV7TE,4,35.00,140.00,delivered,2026-08-23 16:39:18.391945+08,2026-08-23 16:39:18.391945+08
2977,01M0MX49WM7JAKGBVX4B0D5R1G,414773WE720HJ0P121AG8FHQ,7,350.00,2450.00,confirmed,2026-08-23 16:39:18.391945+08,2026-08-23 16:39:18.391945+08
2978,01M0MX49WM7JAKGBVX4B0D5R1G,409420087QNW2D06G06MH7JS,19,350.00,6650.00,confirmed,2026-08-23 16:39:18.391945+08,2026-08-23 16:39:18.391945+08
2979,01M0MX49WM6E493X37YZMW8MX1,413005KN3WGNAPH6NCQ5JCT9,17,350.00,5950.00,confirmed,2026-08-23 16:39:18.391945+08,2026-08-23 16:39:18.391945+08
2980,01M0MX49WM6E493X37YZMW8MX1,407702R5D86R3CBB81E3X29M,15,350.00,5250.00,confirmed,2026-08-23 16:39:18.391945+08,2026-08-23 16:39:18.391945+08
2981,01M0MX49WMJ760XPRZACT0BPRE,4138050CXS9PQSNF661Q1A1F,1,140.00,140.00,delivered,2026-08-23 16:39:18.391945+08,2026-08-23 16:39:18.391945+08
2984,01M0MX49WMQNGD2QSD7KJENYEB,4116065CZMHNTR71A86YWAMC,14,350.00,4900.00,processing,2026-08-23 16:39:18.391945+08,2026-08-23 16:39:18.391945+08
2985,01M0MX49WMAVWN6X2QA49KQ7YY,408186TJ449WSVW673RWDK4X,5,30.00,150.00,confirmed,2026-08-23 16:39:18.391945+08,2026-08-23 16:39:18.391945+08
2986,01M0MX49WMAVWN6X2QA49KQ7YY,41150684MEXX0KJ3HG4B279E,4,30.00,120.00,confirmed,2026-08-23 16:39:18.391945+08,2026-08-23 16:39:18.391945+08
2987,01M0MX49WMAVWN6X2QA49KQ7YY,411921G8X1MT1A4Z5EPH3YP4,1,30.00,30.00,confirmed,2026-08-23 16:39:18.391945+08,2026-08-23 16:39:18.391945+08
2988,01M0MX49WMFPX165Q5EM9XKS9X,4088862F2RR4FH8VD6HQ69ZM,16,350.00,5600.00,delivered,2026-08-23 16:39:18.391945+08,2026-08-23 16:39:18.391945+08
2989,01M0MX49WMFPX165Q5EM9XKS9X,4162975Y25KN73W7KKDJGX6P,12,245.00,2940.00,delivered,2026-08-23 16:39:18.391945+08,2026-08-23 16:39:18.391945+08
2990,01M0MX49WMSE1MYN0TSEQ3C73X,410258ZSW0QAXSVS8S3VV7TE,9,35.00,315.00,processing,2026-08-23 16:39:18.391945+08,2026-08-23 16:39:18.391945+08
2991,01M0MX49WM86FPYNDKTW7HA62V,416496PKZM0T9NY433H8KP6M,6,30.00,180.00,cancelled,2026-08-23 16:39:18.391945+08,2026-08-23 16:39:18.391945+08
2992,01M0MX49WM86FPYNDKTW7HA62V,41511344QHQDJBZ4FRV45NKC,12,350.00,4200.00,cancelled,2026-08-23 16:39:18.391945+08,2026-08-23 16:39:18.391945+08
2993,01M0MX49WM86FPYNDKTW7HA62V,41150684MEXX0KJ3HG4B279E,1,30.00,30.00,cancelled,2026-08-23 16:39:18.391945+08,2026-08-23 16:39:18.391945+08
2994,01M0MX49WMQVTQR8X2AKKPKGV9,409339V9MK4RHRG0A0XWT91W,4,485.00,1940.00,delivered,2026-08-23 16:39:18.391945+08,2026-08-23 16:39:18.391945+08
2995,01M0MX49WMQVTQR8X2AKKPKGV9,409339V9MK4RHRG0A0XWT91W,10,485.00,4850.00,delivered,2026-08-23 16:39:18.391945+08,2026-08-23 16:39:18.391945+08
2996,01M0MX49WMQVTQR8X2AKKPKGV9,407702R5D86R3CBB81E3X29M,5,350.00,1750.00,delivered,2026-08-23 16:39:18.391945+08,2026-08-23 16:39:18.391945+08
2997,01M0MX49WM4AK3JZC0PBS231RM,407702R5D86R3CBB81E3X29M,6,350.00,2100.00,processing,2026-08-23 16:39:18.391945+08,2026-08-23 16:39:18.391945+08
2998,01M0MX49WM4AK3JZC0PBS231RM,411039DJMEE6FWS52GMATRN7,7,25.00,175.00,processing,2026-08-23 16:39:18.391945+08,2026-08-23 16:39:18.391945+08
2999,01M0MX49WM8XT0XC36N27TGTXG,4116065CZMHNTR71A86YWAMC,14,350.00,4900.00,cancelled,2026-08-23 16:39:18.391945+08,2026-08-23 16:39:18.391945+08
3000,01M0MX49WM8XT0XC36N27TGTXG,411921G8X1MT1A4Z5EPH3YP4,18,30.00,540.00,cancelled,2026-08-23 16:39:18.391945+08,2026-08-23 16:39:18.391945+08
3001,01M0MX49WMPWXT0DPNR4CEKAKY,41511344QHQDJBZ4FRV45NKC,11,350.00,3850.00,delivered,2026-08-23 16:39:18.391945+08,2026-08-23 16:39:18.391945+08
3002,01M0MX49WMPWXT0DPNR4CEKAKY,4162975Y25KN73W7KKDJGX6P,17,245.00,4165.00,delivered,2026-08-23 16:39:18.391945+08,2026-08-23 16:39:18.391945+08
3003,01M0MX49WMPWXT0DPNR4CEKAKY,4162975Y25KN73W7KKDJGX6P,5,245.00,1225.00,delivered,2026-08-23 16:39:18.391945+08,2026-08-23 16:39:18.391945+08
3004,01M0MX49WM8JJMNY4YM7X8C892,41511344QHQDJBZ4FRV45NKC,5,350.00,1750.00,cancelled,2026-08-23 16:39:18.391945+08,2026-08-23 16:39:18.391945+08
3008,01M0MX49WMHGM4BBFF0AF8DFRT,416951J7FD3NBDV1MM1QS36H,16,415.00,6640.00,processing,2026-08-23 16:39:18.391945+08,2026-08-23 16:39:18.391945+08
3009,01M0MX49WMHGM4BBFF0AF8DFRT,413521JP1792738MBB68XMK5,14,350.00,4900.00,processing,2026-08-23 16:39:18.391945+08,2026-08-23 16:39:18.391945+08
3013,01M0MX49WMN90F0MDSYV7KRCCT,409339V9MK4RHRG0A0XWT91W,16,485.00,7760.00,delivered,2026-08-23 16:39:18.391945+08,2026-08-23 16:39:18.391945+08
3014,01M0MX49WMN90F0MDSYV7KRCCT,41085841ZKREWJPCC4PWVWR7,4,15.00,60.00,delivered,2026-08-23 16:39:18.391945+08,2026-08-23 16:39:18.391945+08
3016,01M0MX49WMBCSG83HYM48YG0BA,407702R5D86R3CBB81E3X29M,9,350.00,3150.00,pending,2026-08-23 16:39:18.391945+08,2026-08-23 16:39:18.391945+08
3017,01M0MX49WMBCSG83HYM48YG0BA,409339V9MK4RHRG0A0XWT91W,5,485.00,2425.00,pending,2026-08-23 16:39:18.391945+08,2026-08-23 16:39:18.391945+08
3018,01M0MX49WMAYZVJJ176F08K85S,413521JP1792738MBB68XMK5,2,350.00,700.00,pending,2026-08-23 16:39:18.391945+08,2026-08-23 16:39:18.391945+08
3019,01M0MX49WMMR0724DZ4W21HZ88,41085841ZKREWJPCC4PWVWR7,8,15.00,120.00,processing,2026-08-23 16:39:18.391945+08,2026-08-23 16:39:18.391945+08
3020,01M0MX49WMMR0724DZ4W21HZ88,4088862F2RR4FH8VD6HQ69ZM,11,350.00,3850.00,processing,2026-08-23 16:39:18.391945+08,2026-08-23 16:39:18.391945+08
3024,01M0MX49WMVA46ATWMMG3VYWNK,41150684MEXX0KJ3HG4B279E,8,30.00,240.00,cancelled,2026-08-23 16:39:18.391945+08,2026-08-23 16:39:18.391945+08
3025,01M0MX49WMVA46ATWMMG3VYWNK,409892D87XEVH1ZTZXV5F6C1,2,155.00,310.00,cancelled,2026-08-23 16:39:18.391945+08,2026-08-23 16:39:18.391945+08
3026,01M0MX49WMVA46ATWMMG3VYWNK,417359ZGZV0QNH8M3DEYW8G5,2,350.00,700.00,cancelled,2026-08-23 16:39:18.391945+08,2026-08-23 16:39:18.391945+08
3027,01M0MX49WMA11XXRJYVY5GA58Z,409892D87XEVH1ZTZXV5F6C1,7,155.00,1085.00,pending,2026-08-23 16:39:18.391945+08,2026-08-23 16:39:18.391945+08
3028,01M0MX49WMA11XXRJYVY5GA58Z,416951J7FD3NBDV1MM1QS36H,16,415.00,6640.00,pending,2026-08-23 16:39:18.391945+08,2026-08-23 16:39:18.391945+08
3029,01M0MX49WMA11XXRJYVY5GA58Z,414773WE720HJ0P121AG8FHQ,20,350.00,7000.00,pending,2026-08-23 16:39:18.391945+08,2026-08-23 16:39:18.391945+08
3030,01M0MX49WMG35XGHHY56MSWS9J,411921G8X1MT1A4Z5EPH3YP4,12,30.00,360.00,processing,2026-08-23 16:39:18.391945+08,2026-08-23 16:39:18.391945+08
3031,01M0MX49WMG35XGHHY56MSWS9J,409892D87XEVH1ZTZXV5F6C1,10,155.00,1550.00,processing,2026-08-23 16:39:18.391945+08,2026-08-23 16:39:18.391945+08
3032,01M0MX49WM04G2XXKBQB3JBMP6,411039DJMEE6FWS52GMATRN7,18,25.00,450.00,pending,2026-08-23 16:39:18.391945+08,2026-08-23 16:39:18.391945+08
3033,01M0MX49WM2QW95TFBCHMR9HGN,4138050CXS9PQSNF661Q1A1F,19,140.00,2660.00,confirmed,2026-08-23 16:39:18.391945+08,2026-08-23 16:39:18.391945+08
3034,01M0MX49WM2QW95TFBCHMR9HGN,408186TJ449WSVW673RWDK4X,20,30.00,600.00,confirmed,2026-08-23 16:39:18.391945+08,2026-08-23 16:39:18.391945+08
3035,01M0MX49WM2QW95TFBCHMR9HGN,4138050CXS9PQSNF661Q1A1F,8,140.00,1120.00,confirmed,2026-08-23 16:39:18.391945+08,2026-08-23 16:39:18.391945+08
3036,01M0MX49WMA9E87SPW483A5B9P,413521JP1792738MBB68XMK5,4,350.00,1400.00,confirmed,2026-08-23 16:39:18.391945+08,2026-08-23 16:39:18.391945+08
3037,01M0MX49WMA9E87SPW483A5B9P,41511344QHQDJBZ4FRV45NKC,20,350.00,7000.00,confirmed,2026-08-23 16:39:18.391945+08,2026-08-23 16:39:18.391945+08
3038,01M0MX49WMTM5Q1ATNX1FGEAQQ,409339V9MK4RHRG0A0XWT91W,7,485.00,3395.00,pending,2026-08-23 16:39:18.391945+08,2026-08-23 16:39:18.391945+08
3039,01M0MX49WMTM5Q1ATNX1FGEAQQ,41085841ZKREWJPCC4PWVWR7,15,15.00,225.00,pending,2026-08-23 16:39:18.391945+08,2026-08-23 16:39:18.391945+08
3040,01M0MX49WMTM5Q1ATNX1FGEAQQ,4116065CZMHNTR71A86YWAMC,3,350.00,1050.00,pending,2026-08-23 16:39:18.391945+08,2026-08-23 16:39:18.391945+08
3043,01M0MX49WMG0XM6SGF29N03YXX,410258ZSW0QAXSVS8S3VV7TE,9,35.00,315.00,pending,2026-08-23 16:39:18.391945+08,2026-08-23 16:39:18.391945+08
3044,01M0MX49WMG0XM6SGF29N03YXX,410258ZSW0QAXSVS8S3VV7TE,12,35.00,420.00,pending,2026-08-23 16:39:18.391945+08,2026-08-23 16:39:18.391945+08
3045,01M0MX49WMVZS9B30166AJAM39,4116065CZMHNTR71A86YWAMC,14,350.00,4900.00,processing,2026-08-23 16:39:18.391945+08,2026-08-23 16:39:18.391945+08
3046,01M0MX49WMVZS9B30166AJAM39,413521JP1792738MBB68XMK5,16,350.00,5600.00,processing,2026-08-23 16:39:18.391945+08,2026-08-23 16:39:18.391945+08
3047,01M0MX49WMVZS9B30166AJAM39,41150684MEXX0KJ3HG4B279E,17,30.00,510.00,processing,2026-08-23 16:39:18.391945+08,2026-08-23 16:39:18.391945+08
3048,01M0MX49WMA7KYEZ0ZS45XA85X,4082223DQAKGCJ8P0XHQQNB2,9,112.00,1008.00,delivered,2026-08-23 16:39:18.391945+08,2026-08-23 16:39:18.391945+08
3049,01M0MX49WMX7BMF36CE4WA7JH0,407702R5D86R3CBB81E3X29M,7,350.00,2450.00,confirmed,2026-08-23 16:39:18.391945+08,2026-08-23 16:39:18.391945+08
3050,01M0MX49WMX7BMF36CE4WA7JH0,4162975Y25KN73W7KKDJGX6P,16,245.00,3920.00,confirmed,2026-08-23 16:39:18.391945+08,2026-08-23 16:39:18.391945+08
3051,01M0MX49WMX7BMF36CE4WA7JH0,411039DJMEE6FWS52GMATRN7,18,25.00,450.00,confirmed,2026-08-23 16:39:18.391945+08,2026-08-23 16:39:18.391945+08
3052,01M0MX49WM4G9Q4EXDTHXV99F0,416496PKZM0T9NY433H8KP6M,17,30.00,510.00,cancelled,2026-08-23 16:39:18.391945+08,2026-08-23 16:39:18.391945+08
3055,01M0MX49WM4RKTSQZ1CGQ0CM4D,409339V9MK4RHRG0A0XWT91W,19,485.00,9215.00,pending,2026-08-23 16:39:18.391945+08,2026-08-23 16:39:18.391945+08
3056,01M0MX49WM4RKTSQZ1CGQ0CM4D,41085841ZKREWJPCC4PWVWR7,1,15.00,15.00,pending,2026-08-23 16:39:18.391945+08,2026-08-23 16:39:18.391945+08
3057,01M0MX49WM4RKTSQZ1CGQ0CM4D,408186TJ449WSVW673RWDK4X,15,30.00,450.00,pending,2026-08-23 16:39:18.391945+08,2026-08-23 16:39:18.391945+08
3058,01M0MX49WM33E2AQ8QGEGSWMA7,414773WE720HJ0P121AG8FHQ,10,350.00,3500.00,delivered,2026-08-23 16:39:18.391945+08,2026-08-23 16:39:18.391945+08
3059,01M0MX49WM33E2AQ8QGEGSWMA7,4088862F2RR4FH8VD6HQ69ZM,10,350.00,3500.00,delivered,2026-08-23 16:39:18.391945+08,2026-08-23 16:39:18.391945+08
3060,01M0MX49WM33E2AQ8QGEGSWMA7,41085841ZKREWJPCC4PWVWR7,9,15.00,135.00,delivered,2026-08-23 16:39:18.391945+08,2026-08-23 16:39:18.391945+08
3061,01M0MX49WMR2GC7A5WGFQ23Q34,407702R5D86R3CBB81E3X29M,18,350.00,6300.00,pending,2026-08-23 16:39:18.391945+08,2026-08-23 16:39:18.391945+08
3062,01M0MX49WM5AMYX5Y5Y0G0RHYF,41511344QHQDJBZ4FRV45NKC,9,350.00,3150.00,confirmed,2026-08-23 16:39:18.391945+08,2026-08-23 16:39:18.391945+08
3063,01M0MX49WM5AMYX5Y5Y0G0RHYF,41511344QHQDJBZ4FRV45NKC,9,350.00,3150.00,confirmed,2026-08-23 16:39:18.391945+08,2026-08-23 16:39:18.391945+08
3064,01M0MX49WM5AMYX5Y5Y0G0RHYF,407702R5D86R3CBB81E3X29M,8,350.00,2800.00,confirmed,2026-08-23 16:39:18.391945+08,2026-08-23 16:39:18.391945+08
3066,01M0MX49WMRK5G6EJM9JDD3MF8,413521JP1792738MBB68XMK5,18,350.00,6300.00,cancelled,2026-08-23 16:39:18.391945+08,2026-08-23 16:39:18.391945+08
3067,01M0MX49WMRK5G6EJM9JDD3MF8,414773WE720HJ0P121AG8FHQ,5,350.00,1750.00,cancelled,2026-08-23 16:39:18.391945+08,2026-08-23 16:39:18.391945+08
3068,01M0MX49WMKDW9BJ59YPPBXRVC,409892D87XEVH1ZTZXV5F6C1,2,155.00,310.00,delivered,2026-08-23 16:39:18.391945+08,2026-08-23 16:39:18.391945+08
3069,01M0MX49WMKDW9BJ59YPPBXRVC,413005KN3WGNAPH6NCQ5JCT9,1,350.00,350.00,delivered,2026-08-23 16:39:18.391945+08,2026-08-23 16:39:18.391945+08
3070,01M0MX49WMVN5WSNHK94VACY7F,417359ZGZV0QNH8M3DEYW8G5,9,350.00,3150.00,confirmed,2026-08-23 16:39:18.391945+08,2026-08-23 16:39:18.391945+08
3071,01M0MX49WMVN5WSNHK94VACY7F,409420087QNW2D06G06MH7JS,18,350.00,6300.00,confirmed,2026-08-23 16:39:18.391945+08,2026-08-23 16:39:18.391945+08
3072,01M0MX49WMZ1TQ9G9Z1NMYZXMX,41085841ZKREWJPCC4PWVWR7,13,15.00,195.00,pending,2026-08-23 16:39:18.391945+08,2026-08-23 16:39:18.391945+08
3073,01M0MX49WMZ1TQ9G9Z1NMYZXMX,413005KN3WGNAPH6NCQ5JCT9,9,350.00,3150.00,pending,2026-08-23 16:39:18.391945+08,2026-08-23 16:39:18.391945+08
3074,01M0MX49WMZ1TQ9G9Z1NMYZXMX,413005KN3WGNAPH6NCQ5JCT9,20,350.00,7000.00,pending,2026-08-23 16:39:18.391945+08,2026-08-23 16:39:18.391945+08
3075,01M0MX49WM8SP4CRNKM9E4JC46,4088862F2RR4FH8VD6HQ69ZM,11,350.00,3850.00,confirmed,2026-08-23 16:39:18.391945+08,2026-08-23 16:39:18.391945+08
3076,01M0MX49WM8SP4CRNKM9E4JC46,414773WE720HJ0P121AG8FHQ,7,350.00,2450.00,confirmed,2026-08-23 16:39:18.391945+08,2026-08-23 16:39:18.391945+08
3079,01M0MX49WMXRWVR9968C0XT5NA,413521JP1792738MBB68XMK5,16,350.00,5600.00,pending,2026-08-23 16:39:18.391945+08,2026-08-23 16:39:18.391945+08
3080,01M0MX49WMXRWVR9968C0XT5NA,417359ZGZV0QNH8M3DEYW8G5,15,350.00,5250.00,pending,2026-08-23 16:39:18.391945+08,2026-08-23 16:39:18.391945+08
3081,01M0MX49WMMC6RRWCH8NNQJ160,409339V9MK4RHRG0A0XWT91W,19,485.00,9215.00,delivered,2026-08-23 16:39:18.391945+08,2026-08-23 16:39:18.391945+08
3082,01M0MX49WM6BPA9KBQWCYCZN5E,413005KN3WGNAPH6NCQ5JCT9,10,350.00,3500.00,cancelled,2026-08-23 16:39:18.391945+08,2026-08-23 16:39:18.391945+08
3083,01M0MX49WMGFQ6GJJWBA5ADWNQ,4162975Y25KN73W7KKDJGX6P,20,245.00,4900.00,confirmed,2026-08-23 16:39:18.391945+08,2026-08-23 16:39:18.391945+08
3084,01M0MX49WMR32NGX37FDMHRNA7,41150684MEXX0KJ3HG4B279E,8,30.00,240.00,pending,2026-08-23 16:39:18.391945+08,2026-08-23 16:39:18.391945+08
3085,01M0MX49WMX01C374PGMAH1DK8,4116065CZMHNTR71A86YWAMC,17,350.00,5950.00,delivered,2026-08-23 16:39:18.391945+08,2026-08-23 16:39:18.391945+08
3086,01M0MX49WMX01C374PGMAH1DK8,41511344QHQDJBZ4FRV45NKC,1,350.00,350.00,delivered,2026-08-23 16:39:18.391945+08,2026-08-23 16:39:18.391945+08
3087,01M0MX49WM8WQ7M9F0X958EQTJ,409420087QNW2D06G06MH7JS,4,350.00,1400.00,pending,2026-08-23 16:39:18.391945+08,2026-08-23 16:39:18.391945+08
3088,01M0MX49WM8WQ7M9F0X958EQTJ,409420087QNW2D06G06MH7JS,2,350.00,700.00,pending,2026-08-23 16:39:18.391945+08,2026-08-23 16:39:18.391945+08
3089,01M0MX49WMJ9D3X9V58W4X3VR4,414773WE720HJ0P121AG8FHQ,5,350.00,1750.00,confirmed,2026-08-23 16:39:18.391945+08,2026-08-23 16:39:18.391945+08
3090,01M0MX49WMM6X9DBKKH506C0XG,4116065CZMHNTR71A86YWAMC,18,350.00,6300.00,pending,2026-08-23 16:39:18.391945+08,2026-08-23 16:39:18.391945+08
3091,01M0MX49WMZYCKQNZ30N80FFKT,409339V9MK4RHRG0A0XWT91W,5,485.00,2425.00,delivered,2026-08-23 16:39:18.391945+08,2026-08-23 16:39:18.391945+08
3092,01M0MX49WMQJ5R75TMS11KGA1Y,417359ZGZV0QNH8M3DEYW8G5,10,350.00,3500.00,delivered,2026-08-23 16:39:18.391945+08,2026-08-23 16:39:18.391945+08
3093,01M0MX49WMQJ5R75TMS11KGA1Y,409892D87XEVH1ZTZXV5F6C1,16,155.00,2480.00,delivered,2026-08-23 16:39:18.391945+08,2026-08-23 16:39:18.391945+08
3094,01M0MX49WM0272H3F5167C12GR,41085841ZKREWJPCC4PWVWR7,9,15.00,135.00,confirmed,2026-08-23 16:39:18.391945+08,2026-08-23 16:39:18.391945+08
3095,01M0MX49WM0272H3F5167C12GR,413005KN3WGNAPH6NCQ5JCT9,18,350.00,6300.00,confirmed,2026-08-23 16:39:18.391945+08,2026-08-23 16:39:18.391945+08
3096,01M0MX49WM0272H3F5167C12GR,4116065CZMHNTR71A86YWAMC,1,350.00,350.00,confirmed,2026-08-23 16:39:18.391945+08,2026-08-23 16:39:18.391945+08
3097,01M0MX49WM2P89HS7Y4Q20Q164,4116065CZMHNTR71A86YWAMC,17,350.00,5950.00,pending,2026-08-23 16:39:18.391945+08,2026-08-23 16:39:18.391945+08
3098,01M0MX49WM2P89HS7Y4Q20Q164,41150684MEXX0KJ3HG4B279E,5,30.00,150.00,pending,2026-08-23 16:39:18.391945+08,2026-08-23 16:39:18.391945+08
3099,01M0MX49WMD5HFVGN2WP6MR42M,4088862F2RR4FH8VD6HQ69ZM,14,350.00,4900.00,delivered,2026-08-23 16:39:18.391945+08,2026-08-23 16:39:18.391945+08
3100,01M0MX49WM06WBFECPSJXSXGZM,416951J7FD3NBDV1MM1QS36H,8,415.00,3320.00,pending,2026-08-23 16:39:18.391945+08,2026-08-23 16:39:18.391945+08
3101,01M0MX49WM06WBFECPSJXSXGZM,411039DJMEE6FWS52GMATRN7,13,25.00,325.00,pending,2026-08-23 16:39:18.391945+08,2026-08-23 16:39:18.391945+08
3102,01M0MX49WM06WBFECPSJXSXGZM,411039DJMEE6FWS52GMATRN7,4,25.00,100.00,pending,2026-08-23 16:39:18.391945+08,2026-08-23 16:39:18.391945+08
3103,01M0MX49WMYYKQJCMS3RKJNNCT,4088862F2RR4FH8VD6HQ69ZM,4,350.00,1400.00,confirmed,2026-08-23 16:39:18.391945+08,2026-08-23 16:39:18.391945+08
3104,01M0MX49WMV9D49ZEQ87M8M0VG,409892D87XEVH1ZTZXV5F6C1,4,155.00,620.00,processing,2026-08-23 16:39:18.391945+08,2026-08-23 16:39:18.391945+08
3105,01M0MX49WMV9D49ZEQ87M8M0VG,4138050CXS9PQSNF661Q1A1F,3,140.00,420.00,processing,2026-08-23 16:39:18.391945+08,2026-08-23 16:39:18.391945+08
3106,01M0MX49WMV9D49ZEQ87M8M0VG,407702R5D86R3CBB81E3X29M,20,350.00,7000.00,processing,2026-08-23 16:39:18.391945+08,2026-08-23 16:39:18.391945+08
3107,01M0MX49WM602T5BN2C1TGEXS4,409892D87XEVH1ZTZXV5F6C1,20,155.00,3100.00,confirmed,2026-08-23 16:39:18.391945+08,2026-08-23 16:39:18.391945+08
3108,01M0MX49WM602T5BN2C1TGEXS4,417359ZGZV0QNH8M3DEYW8G5,14,350.00,4900.00,confirmed,2026-08-23 16:39:18.391945+08,2026-08-23 16:39:18.391945+08
3109,01M0MX49WM602T5BN2C1TGEXS4,41511344QHQDJBZ4FRV45NKC,10,350.00,3500.00,confirmed,2026-08-23 16:39:18.391945+08,2026-08-23 16:39:18.391945+08
3110,01M0MX49WMVF6RM7ZHX3HV8DRZ,4116065CZMHNTR71A86YWAMC,9,350.00,3150.00,delivered,2026-08-23 16:39:18.391945+08,2026-08-23 16:39:18.391945+08
3111,01M0MX49WMVF6RM7ZHX3HV8DRZ,411921G8X1MT1A4Z5EPH3YP4,12,30.00,360.00,delivered,2026-08-23 16:39:18.391945+08,2026-08-23 16:39:18.391945+08
3112,01M0MX49WM5HJFJE6AA4WTZSTP,413521JP1792738MBB68XMK5,1,350.00,350.00,delivered,2026-08-23 16:39:18.391945+08,2026-08-23 16:39:18.391945+08
3113,01M0MX49WM5HJFJE6AA4WTZSTP,41511344QHQDJBZ4FRV45NKC,5,350.00,1750.00,delivered,2026-08-23 16:39:18.391945+08,2026-08-23 16:39:18.391945+08
3114,01M0MX49WM5HJFJE6AA4WTZSTP,409892D87XEVH1ZTZXV5F6C1,5,155.00,775.00,delivered,2026-08-23 16:39:18.391945+08,2026-08-23 16:39:18.391945+08
3115,01M0MX49WMXKEZB9HH5H3AMY47,413521JP1792738MBB68XMK5,4,350.00,1400.00,processing,2026-08-23 16:39:18.391945+08,2026-08-23 16:39:18.391945+08
3116,01M0MX49WMXKEZB9HH5H3AMY47,412596TV7NC82RBGNTA0W8JZ,14,35.00,490.00,processing,2026-08-23 16:39:18.391945+08,2026-08-23 16:39:18.391945+08
3117,01M0MX49WM8PZZ4GGFEX12QE5D,41511344QHQDJBZ4FRV45NKC,6,350.00,2100.00,pending,2026-08-23 16:39:18.391945+08,2026-08-23 16:39:18.391945+08
3118,01M0MX49WM8PZZ4GGFEX12QE5D,4162975Y25KN73W7KKDJGX6P,12,245.00,2940.00,pending,2026-08-23 16:39:18.391945+08,2026-08-23 16:39:18.391945+08
3121,01M0MX49WMHM2BHYG5VEWT1189,4088862F2RR4FH8VD6HQ69ZM,13,350.00,4550.00,delivered,2026-08-23 16:39:18.391945+08,2026-08-23 16:39:18.391945+08
3122,01M0MX49WMHM2BHYG5VEWT1189,41150684MEXX0KJ3HG4B279E,18,30.00,540.00,delivered,2026-08-23 16:39:18.391945+08,2026-08-23 16:39:18.391945+08
3123,01M0MX49WMHM2BHYG5VEWT1189,411921G8X1MT1A4Z5EPH3YP4,18,30.00,540.00,delivered,2026-08-23 16:39:18.391945+08,2026-08-23 16:39:18.391945+08
3130,01M0MX49WM9AEJA46CB29A9NQ7,41511344QHQDJBZ4FRV45NKC,4,350.00,1400.00,processing,2026-08-23 16:39:18.391945+08,2026-08-23 16:39:18.391945+08
3131,01M0MX49WM9AEJA46CB29A9NQ7,407702R5D86R3CBB81E3X29M,12,350.00,4200.00,processing,2026-08-23 16:39:18.391945+08,2026-08-23 16:39:18.391945+08
3132,01M0MX49WM7A0DVQ4JQRK76CVM,416951J7FD3NBDV1MM1QS36H,15,415.00,6225.00,delivered,2026-08-23 16:39:18.391945+08,2026-08-23 16:39:18.391945+08
3133,01M0MX49WMZQMEH6613CH8HTWV,41150684MEXX0KJ3HG4B279E,8,30.00,240.00,delivered,2026-08-23 16:39:18.391945+08,2026-08-23 16:39:18.391945+08
3134,01M0MX49WMZQMEH6613CH8HTWV,409339V9MK4RHRG0A0XWT91W,8,485.00,3880.00,delivered,2026-08-23 16:39:18.391945+08,2026-08-23 16:39:18.391945+08
3135,01M0MX49WMZQMEH6613CH8HTWV,407702R5D86R3CBB81E3X29M,5,350.00,1750.00,delivered,2026-08-23 16:39:18.391945+08,2026-08-23 16:39:18.391945+08
3136,01M0MX49WM6QT6T289B2CG3Z1A,41511344QHQDJBZ4FRV45NKC,13,350.00,4550.00,cancelled,2026-08-23 16:39:18.391945+08,2026-08-23 16:39:18.391945+08
3137,01M0MX49WM6QT6T289B2CG3Z1A,409420087QNW2D06G06MH7JS,14,350.00,4900.00,cancelled,2026-08-23 16:39:18.391945+08,2026-08-23 16:39:18.391945+08
3138,01M0MX49WM6QT6T289B2CG3Z1A,4138050CXS9PQSNF661Q1A1F,2,140.00,280.00,cancelled,2026-08-23 16:39:18.391945+08,2026-08-23 16:39:18.391945+08
3139,01M0MX49WMJ95WW8DCQM52DZEK,411921G8X1MT1A4Z5EPH3YP4,20,30.00,600.00,delivered,2026-08-23 16:39:18.391945+08,2026-08-23 16:39:18.391945+08
3140,01M0MX49WMDRX4RN0BGXFDF8GX,41511344QHQDJBZ4FRV45NKC,3,350.00,1050.00,pending,2026-08-23 16:39:18.391945+08,2026-08-23 16:39:18.391945+08
3141,01M0MX49WMDRX4RN0BGXFDF8GX,4088862F2RR4FH8VD6HQ69ZM,3,350.00,1050.00,pending,2026-08-23 16:39:18.391945+08,2026-08-23 16:39:18.391945+08
3144,01M0MX49WMKG2XCPW4JQF4581Q,411921G8X1MT1A4Z5EPH3YP4,14,30.00,420.00,delivered,2026-08-23 16:39:18.391945+08,2026-08-23 16:39:18.391945+08
3145,01M0MX49WMKG2XCPW4JQF4581Q,409892D87XEVH1ZTZXV5F6C1,15,155.00,2325.00,delivered,2026-08-23 16:39:18.391945+08,2026-08-23 16:39:18.391945+08
3146,01M0MX49WMK85858E4V03HY26R,407702R5D86R3CBB81E3X29M,2,350.00,700.00,confirmed,2026-08-23 16:39:18.391945+08,2026-08-23 16:39:18.391945+08
3147,01M0MX49WM13T4Z7F0VZ18D5YB,417359ZGZV0QNH8M3DEYW8G5,1,350.00,350.00,delivered,2026-08-23 16:39:18.391945+08,2026-08-23 16:39:18.391945+08
3148,01M0MX49WM13T4Z7F0VZ18D5YB,4162975Y25KN73W7KKDJGX6P,14,245.00,3430.00,delivered,2026-08-23 16:39:18.391945+08,2026-08-23 16:39:18.391945+08
3149,01M0MX49WM13T4Z7F0VZ18D5YB,411039DJMEE6FWS52GMATRN7,15,25.00,375.00,delivered,2026-08-23 16:39:18.391945+08,2026-08-23 16:39:18.391945+08
3150,01M0MX49WMFC1HP0Q0W73RN595,412596TV7NC82RBGNTA0W8JZ,17,35.00,595.00,delivered,2026-08-23 16:39:18.391945+08,2026-08-23 16:39:18.391945+08
3151,01M0MX49WMFC1HP0Q0W73RN595,416951J7FD3NBDV1MM1QS36H,8,415.00,3320.00,delivered,2026-08-23 16:39:18.391945+08,2026-08-23 16:39:18.391945+08
3152,01M0MX49WMEZ1BMCSNFW42S5PB,413521JP1792738MBB68XMK5,17,350.00,5950.00,cancelled,2026-08-23 16:39:18.391945+08,2026-08-23 16:39:18.391945+08
3153,01M0MX49WMEZ1BMCSNFW42S5PB,4162975Y25KN73W7KKDJGX6P,5,245.00,1225.00,cancelled,2026-08-23 16:39:18.391945+08,2026-08-23 16:39:18.391945+08
3154,01M0MX49WM5FDYCT75Z24EFS24,4088862F2RR4FH8VD6HQ69ZM,13,350.00,4550.00,processing,2026-08-23 16:39:18.391945+08,2026-08-23 16:39:18.391945+08
3155,01M0MX49WM7WTF2V37XETXT3QS,4082223DQAKGCJ8P0XHQQNB2,3,112.00,336.00,delivered,2026-08-23 16:39:18.391945+08,2026-08-23 16:39:18.391945+08
3156,01M0MX49WM7WTF2V37XETXT3QS,41085841ZKREWJPCC4PWVWR7,15,15.00,225.00,delivered,2026-08-23 16:39:18.391945+08,2026-08-23 16:39:18.391945+08
3157,01M0MX49WM7WTF2V37XETXT3QS,411921G8X1MT1A4Z5EPH3YP4,11,30.00,330.00,delivered,2026-08-23 16:39:18.391945+08,2026-08-23 16:39:18.391945+08
3158,01M0MX49WMH9YKWP9F3VPJEZM5,407702R5D86R3CBB81E3X29M,12,350.00,4200.00,delivered,2026-08-23 16:39:18.391945+08,2026-08-23 16:39:18.391945+08
3159,01M0MX49WMM31P5YFQA71M7V9R,4116065CZMHNTR71A86YWAMC,3,350.00,1050.00,confirmed,2026-08-23 16:39:18.391945+08,2026-08-23 16:39:18.391945+08
3162,01M0MX49WMQH269SSCEMWVA8JK,4082223DQAKGCJ8P0XHQQNB2,1,112.00,112.00,pending,2026-08-23 16:39:18.391945+08,2026-08-23 16:39:18.391945+08
3163,01M0MX49WMYMZRAAT27EY3JFVG,413005KN3WGNAPH6NCQ5JCT9,2,350.00,700.00,confirmed,2026-08-23 16:39:18.391945+08,2026-08-23 16:39:18.391945+08
3164,01M0MX49WMV8A8V36J40WPY12W,412596TV7NC82RBGNTA0W8JZ,2,35.00,70.00,confirmed,2026-08-23 16:39:18.391945+08,2026-08-23 16:39:18.391945+08
3165,01M0MX49WMV8A8V36J40WPY12W,412596TV7NC82RBGNTA0W8JZ,16,35.00,560.00,confirmed,2026-08-23 16:39:18.391945+08,2026-08-23 16:39:18.391945+08
3166,01M0MX49WMV8A8V36J40WPY12W,407702R5D86R3CBB81E3X29M,2,350.00,700.00,confirmed,2026-08-23 16:39:18.391945+08,2026-08-23 16:39:18.391945+08
3167,01M0MX49WMKN6CK5BJCFB1FRE0,409420087QNW2D06G06MH7JS,12,350.00,4200.00,pending,2026-08-23 16:39:18.391945+08,2026-08-23 16:39:18.391945+08
3168,01M0MX49WMKN6CK5BJCFB1FRE0,416951J7FD3NBDV1MM1QS36H,13,415.00,5395.00,pending,2026-08-23 16:39:18.391945+08,2026-08-23 16:39:18.391945+08
3169,01M0MX49WMED3DC374GC0MB3XC,4138050CXS9PQSNF661Q1A1F,5,140.00,700.00,confirmed,2026-08-23 16:39:18.391945+08,2026-08-23 16:39:18.391945+08
3170,01M0MX49WMED3DC374GC0MB3XC,41085841ZKREWJPCC4PWVWR7,4,15.00,60.00,confirmed,2026-08-23 16:39:18.391945+08,2026-08-23 16:39:18.391945+08
3171,01M0MX49WMTXM8MAWVK2RKYP1R,408186TJ449WSVW673RWDK4X,4,30.00,120.00,processing,2026-08-23 16:39:18.391945+08,2026-08-23 16:39:18.391945+08
3172,01M0MX49WMTXM8MAWVK2RKYP1R,408186TJ449WSVW673RWDK4X,5,30.00,150.00,processing,2026-08-23 16:39:18.391945+08,2026-08-23 16:39:18.391945+08
3173,01M0MX49WMTXM8MAWVK2RKYP1R,409420087QNW2D06G06MH7JS,19,350.00,6650.00,processing,2026-08-23 16:39:18.391945+08,2026-08-23 16:39:18.391945+08
3175,01M0MX49WMFR4GZZ24MGX71XDF,413005KN3WGNAPH6NCQ5JCT9,3,350.00,1050.00,delivered,2026-08-23 16:39:18.391945+08,2026-08-23 16:39:18.391945+08
3176,01M0MX49WMBSQ38GC8QHXJY4NG,413005KN3WGNAPH6NCQ5JCT9,5,350.00,1750.00,delivered,2026-08-23 16:39:18.391945+08,2026-08-23 16:39:18.391945+08
3177,01M0MX49WMBSQ38GC8QHXJY4NG,41085841ZKREWJPCC4PWVWR7,6,15.00,90.00,delivered,2026-08-23 16:39:18.391945+08,2026-08-23 16:39:18.391945+08
3178,01M0MX49WMBSQ38GC8QHXJY4NG,408186TJ449WSVW673RWDK4X,17,30.00,510.00,delivered,2026-08-23 16:39:18.391945+08,2026-08-23 16:39:18.391945+08
3179,01M0MX49WMJ9VB2YQ6GEAT1MWW,416496PKZM0T9NY433H8KP6M,5,30.00,150.00,delivered,2026-08-23 16:39:18.391945+08,2026-08-23 16:39:18.391945+08
3180,01M0MX49WMJ9VB2YQ6GEAT1MWW,409892D87XEVH1ZTZXV5F6C1,10,155.00,1550.00,delivered,2026-08-23 16:39:18.391945+08,2026-08-23 16:39:18.391945+08
3184,01M0MX49WM01A6J7YXTR6JNWV2,416951J7FD3NBDV1MM1QS36H,18,415.00,7470.00,delivered,2026-08-23 16:39:18.391945+08,2026-08-23 16:39:18.391945+08
3187,01M0MX49WM3DXKYARBCEX9QN12,4138050CXS9PQSNF661Q1A1F,3,140.00,420.00,confirmed,2026-08-23 16:39:18.391945+08,2026-08-23 16:39:18.391945+08
3188,01M0MX49WM3DXKYARBCEX9QN12,413521JP1792738MBB68XMK5,6,350.00,2100.00,confirmed,2026-08-23 16:39:18.391945+08,2026-08-23 16:39:18.391945+08
3189,01M0MX49WM4PCX9N5WXTS6H83S,414773WE720HJ0P121AG8FHQ,15,350.00,5250.00,confirmed,2026-08-23 16:39:18.391945+08,2026-08-23 16:39:18.391945+08
3190,01M0MX49WM4PCX9N5WXTS6H83S,413005KN3WGNAPH6NCQ5JCT9,5,350.00,1750.00,confirmed,2026-08-23 16:39:18.391945+08,2026-08-23 16:39:18.391945+08
3191,01M0MX49WM0SEV42YNTGXKNGG5,407702R5D86R3CBB81E3X29M,12,350.00,4200.00,cancelled,2026-08-23 16:39:18.391945+08,2026-08-23 16:39:18.391945+08
3192,01M0MX49WM0SEV42YNTGXKNGG5,416951J7FD3NBDV1MM1QS36H,13,415.00,5395.00,cancelled,2026-08-23 16:39:18.391945+08,2026-08-23 16:39:18.391945+08
3193,01M0MX49WMTM9W5DJPZ8Y6G1Z6,41511344QHQDJBZ4FRV45NKC,15,350.00,5250.00,delivered,2026-08-23 16:39:18.391945+08,2026-08-23 16:39:18.391945+08
3194,01M0MX49WMTM9W5DJPZ8Y6G1Z6,4138050CXS9PQSNF661Q1A1F,17,140.00,2380.00,delivered,2026-08-23 16:39:18.391945+08,2026-08-23 16:39:18.391945+08
3195,01M0MX49WMTM9W5DJPZ8Y6G1Z6,4082223DQAKGCJ8P0XHQQNB2,11,112.00,1232.00,delivered,2026-08-23 16:39:18.391945+08,2026-08-23 16:39:18.391945+08
3196,01M0MX49WM3H5SXVZVQXW14YYD,408186TJ449WSVW673RWDK4X,15,30.00,450.00,pending,2026-08-23 16:39:18.391945+08,2026-08-23 16:39:18.391945+08
3197,01M0MX49WM3H5SXVZVQXW14YYD,414773WE720HJ0P121AG8FHQ,2,350.00,700.00,pending,2026-08-23 16:39:18.391945+08,2026-08-23 16:39:18.391945+08
3198,01M0MX49WMHR78BMWEV1CRK3W8,4088862F2RR4FH8VD6HQ69ZM,18,350.00,6300.00,cancelled,2026-08-23 16:39:18.391945+08,2026-08-23 16:39:18.391945+08
3199,01M0MX49WM2SREVEYS8YQG7VXJ,416951J7FD3NBDV1MM1QS36H,13,415.00,5395.00,confirmed,2026-08-23 16:39:18.391945+08,2026-08-23 16:39:18.391945+08
3201,01M0MX49WMYMH67K62698T5P4H,416496PKZM0T9NY433H8KP6M,15,30.00,450.00,delivered,2026-08-23 16:39:18.391945+08,2026-08-23 16:39:18.391945+08
3202,01M0MX49WMYMH67K62698T5P4H,413005KN3WGNAPH6NCQ5JCT9,18,350.00,6300.00,delivered,2026-08-23 16:39:18.391945+08,2026-08-23 16:39:18.391945+08
3203,01M0MX49WMDSRK53FAR1GA8SPZ,4116065CZMHNTR71A86YWAMC,13,350.00,4550.00,pending,2026-08-23 16:39:18.391945+08,2026-08-23 16:39:18.391945+08
3204,01M0MX49WM1EEH4X9RR9GQ1H36,413521JP1792738MBB68XMK5,11,350.00,3850.00,confirmed,2026-08-23 16:39:18.391945+08,2026-08-23 16:39:18.391945+08
3205,01M0MX49WM1EEH4X9RR9GQ1H36,409892D87XEVH1ZTZXV5F6C1,20,155.00,3100.00,confirmed,2026-08-23 16:39:18.391945+08,2026-08-23 16:39:18.391945+08
3206,01M0MX49WMMRPD9BPBT5PQFGT6,411921G8X1MT1A4Z5EPH3YP4,4,30.00,120.00,confirmed,2026-08-23 16:39:18.391945+08,2026-08-23 16:39:18.391945+08
3207,01M0MX49WMMRPD9BPBT5PQFGT6,414773WE720HJ0P121AG8FHQ,15,350.00,5250.00,confirmed,2026-08-23 16:39:18.391945+08,2026-08-23 16:39:18.391945+08
3208,01M0MX49WMMRPD9BPBT5PQFGT6,407702R5D86R3CBB81E3X29M,18,350.00,6300.00,confirmed,2026-08-23 16:39:18.391945+08,2026-08-23 16:39:18.391945+08
3209,01M0MX49WM6AJKYCKVS6SDEA4G,413005KN3WGNAPH6NCQ5JCT9,7,350.00,2450.00,cancelled,2026-08-23 16:39:18.391945+08,2026-08-23 16:39:18.391945+08
3213,01M0MX49WMDVQDFBRWRP1V6D2R,411039DJMEE6FWS52GMATRN7,14,25.00,350.00,confirmed,2026-08-23 16:39:18.391945+08,2026-08-23 16:39:18.391945+08
3214,01M0MX49WM8W0G0T9GJR10CAFR,413521JP1792738MBB68XMK5,5,350.00,1750.00,confirmed,2026-08-23 16:39:18.391945+08,2026-08-23 16:39:18.391945+08
3215,01M0MX49WMM7SM4KN68GCVNNJ0,416951J7FD3NBDV1MM1QS36H,15,415.00,6225.00,confirmed,2026-08-23 16:39:18.391945+08,2026-08-23 16:39:18.391945+08
3219,01M0MX49WMQR7D1187G7PB16GZ,41150684MEXX0KJ3HG4B279E,16,30.00,480.00,confirmed,2026-08-23 16:39:18.391945+08,2026-08-23 16:39:18.391945+08
3220,01M0MX49WMQR7D1187G7PB16GZ,411921G8X1MT1A4Z5EPH3YP4,18,30.00,540.00,confirmed,2026-08-23 16:39:18.391945+08,2026-08-23 16:39:18.391945+08
3221,01M0MX49WMDVFAHQ2F6DAHW5Z5,4138050CXS9PQSNF661Q1A1F,19,140.00,2660.00,cancelled,2026-08-23 16:39:18.391945+08,2026-08-23 16:39:18.391945+08
3222,01M0MX49WMDVFAHQ2F6DAHW5Z5,4162975Y25KN73W7KKDJGX6P,1,245.00,245.00,cancelled,2026-08-23 16:39:18.391945+08,2026-08-23 16:39:18.391945+08
3223,01M0MX49WMH5VFJ16QKTM1J08G,409339V9MK4RHRG0A0XWT91W,3,485.00,1455.00,delivered,2026-08-23 16:39:18.391945+08,2026-08-23 16:39:18.391945+08
3224,01M0MX49WMH5VFJ16QKTM1J08G,411039DJMEE6FWS52GMATRN7,19,25.00,475.00,delivered,2026-08-23 16:39:18.391945+08,2026-08-23 16:39:18.391945+08
3225,01M0MX49WMH5VFJ16QKTM1J08G,4082223DQAKGCJ8P0XHQQNB2,5,112.00,560.00,delivered,2026-08-23 16:39:18.391945+08,2026-08-23 16:39:18.391945+08
3226,01M0MX49WMTJA8MNMEQGT1J67J,409892D87XEVH1ZTZXV5F6C1,1,155.00,155.00,delivered,2026-08-23 16:39:18.391945+08,2026-08-23 16:39:18.391945+08
3227,01M0MX49WMTJA8MNMEQGT1J67J,41511344QHQDJBZ4FRV45NKC,15,350.00,5250.00,delivered,2026-08-23 16:39:18.391945+08,2026-08-23 16:39:18.391945+08
3228,01M0MX49WMTJA8MNMEQGT1J67J,41511344QHQDJBZ4FRV45NKC,16,350.00,5600.00,delivered,2026-08-23 16:39:18.391945+08,2026-08-23 16:39:18.391945+08
3229,01M0MX49WMFCYZBR5QMZKHWG7Z,41150684MEXX0KJ3HG4B279E,9,30.00,270.00,pending,2026-08-23 16:39:18.391945+08,2026-08-23 16:39:18.391945+08
3230,01M0MX49WMFCYZBR5QMZKHWG7Z,408186TJ449WSVW673RWDK4X,1,30.00,30.00,pending,2026-08-23 16:39:18.391945+08,2026-08-23 16:39:18.391945+08
3231,01M0MX49WMFCYZBR5QMZKHWG7Z,416496PKZM0T9NY433H8KP6M,5,30.00,150.00,pending,2026-08-23 16:39:18.391945+08,2026-08-23 16:39:18.391945+08
3236,01M0MX49WM85TXE0S5273E6FDG,409420087QNW2D06G06MH7JS,12,350.00,4200.00,cancelled,2026-08-23 16:39:18.391945+08,2026-08-23 16:39:18.391945+08
3237,01M0MX49WM85TXE0S5273E6FDG,4138050CXS9PQSNF661Q1A1F,1,140.00,140.00,cancelled,2026-08-23 16:39:18.391945+08,2026-08-23 16:39:18.391945+08
3238,01M0MX49WM85TXE0S5273E6FDG,416951J7FD3NBDV1MM1QS36H,10,415.00,4150.00,cancelled,2026-08-23 16:39:18.391945+08,2026-08-23 16:39:18.391945+08
3239,01M0MX49WMSKCGT81KJA15KH5J,41085841ZKREWJPCC4PWVWR7,16,15.00,240.00,delivered,2026-08-23 16:39:18.391945+08,2026-08-23 16:39:18.391945+08
3240,01M0MX49WM5ZBTYA0K81J2VRAW,4138050CXS9PQSNF661Q1A1F,18,140.00,2520.00,processing,2026-08-23 16:39:18.391945+08,2026-08-23 16:39:18.391945+08
3241,01M0MX49WM5ZBTYA0K81J2VRAW,41150684MEXX0KJ3HG4B279E,17,30.00,510.00,processing,2026-08-23 16:39:18.391945+08,2026-08-23 16:39:18.391945+08
3242,01M0MX49WMPF20J1Z913YYJH04,416496PKZM0T9NY433H8KP6M,14,30.00,420.00,pending,2026-08-23 16:39:18.391945+08,2026-08-23 16:39:18.391945+08
3243,01M0MX49WMGHGQEPDFQMV2SA7J,417359ZGZV0QNH8M3DEYW8G5,18,350.00,6300.00,confirmed,2026-08-23 16:39:18.391945+08,2026-08-23 16:39:18.391945+08
3244,01M0MX49WMGHGQEPDFQMV2SA7J,41150684MEXX0KJ3HG4B279E,13,30.00,390.00,confirmed,2026-08-23 16:39:18.391945+08,2026-08-23 16:39:18.391945+08
3245,01M0MX49WMGHGQEPDFQMV2SA7J,416951J7FD3NBDV1MM1QS36H,14,415.00,5810.00,confirmed,2026-08-23 16:39:18.391945+08,2026-08-23 16:39:18.391945+08
3246,01M0MX49WMPBTNFT3JD5X4E9R4,413521JP1792738MBB68XMK5,4,350.00,1400.00,delivered,2026-08-23 16:39:18.391945+08,2026-08-23 16:39:18.391945+08
3251,01M0MX49WMC2274D1DQHXP1F5P,410258ZSW0QAXSVS8S3VV7TE,13,35.00,455.00,confirmed,2026-08-23 16:39:18.391945+08,2026-08-23 16:39:18.391945+08
3252,01M0MX49WMC2274D1DQHXP1F5P,4116065CZMHNTR71A86YWAMC,7,350.00,2450.00,confirmed,2026-08-23 16:39:18.391945+08,2026-08-23 16:39:18.391945+08
3253,01M0MX49WMHWRH48FTYCDHX9QH,416496PKZM0T9NY433H8KP6M,14,30.00,420.00,cancelled,2026-08-23 16:39:18.391945+08,2026-08-23 16:39:18.391945+08
3254,01M0MX49WMHWRH48FTYCDHX9QH,413005KN3WGNAPH6NCQ5JCT9,13,350.00,4550.00,cancelled,2026-08-23 16:39:18.391945+08,2026-08-23 16:39:18.391945+08
3255,01M0MX49WM0VSX2SA37K3F4XR7,408186TJ449WSVW673RWDK4X,10,30.00,300.00,cancelled,2026-08-23 16:39:18.391945+08,2026-08-23 16:39:18.391945+08
3256,01M0MX49WM8Q94SZSCNEHMYEND,416951J7FD3NBDV1MM1QS36H,14,415.00,5810.00,delivered,2026-08-23 16:39:18.391945+08,2026-08-23 16:39:18.391945+08
3257,01M0MX49WM8Q94SZSCNEHMYEND,411039DJMEE6FWS52GMATRN7,8,25.00,200.00,delivered,2026-08-23 16:39:18.391945+08,2026-08-23 16:39:18.391945+08
3258,01M0MX49WMVMV7CVAJ9ZMFY8F9,407702R5D86R3CBB81E3X29M,1,350.00,350.00,delivered,2026-08-23 16:39:18.391945+08,2026-08-23 16:39:18.391945+08
3259,01M0MX49WMVMV7CVAJ9ZMFY8F9,409420087QNW2D06G06MH7JS,5,350.00,1750.00,delivered,2026-08-23 16:39:18.391945+08,2026-08-23 16:39:18.391945+08
3260,01M0MX49WM87C8HETE6R4XZ5P6,4082223DQAKGCJ8P0XHQQNB2,11,112.00,1232.00,delivered,2026-08-23 16:39:18.391945+08,2026-08-23 16:39:18.391945+08
3261,01M0MX49WM87C8HETE6R4XZ5P6,409892D87XEVH1ZTZXV5F6C1,6,155.00,930.00,delivered,2026-08-23 16:39:18.391945+08,2026-08-23 16:39:18.391945+08
3262,01M0MX49WM87C8HETE6R4XZ5P6,412596TV7NC82RBGNTA0W8JZ,14,35.00,490.00,delivered,2026-08-23 16:39:18.391945+08,2026-08-23 16:39:18.391945+08
3265,01M0MX49WMWG09F3DXFJZP4YRE,41150684MEXX0KJ3HG4B279E,5,30.00,150.00,delivered,2026-08-23 16:39:18.391945+08,2026-08-23 16:39:18.391945+08
3266,01M0MX49WMWG09F3DXFJZP4YRE,413005KN3WGNAPH6NCQ5JCT9,13,350.00,4550.00,delivered,2026-08-23 16:39:18.391945+08,2026-08-23 16:39:18.391945+08
3267,01M0MX49WMWG09F3DXFJZP4YRE,417359ZGZV0QNH8M3DEYW8G5,13,350.00,4550.00,delivered,2026-08-23 16:39:18.391945+08,2026-08-23 16:39:18.391945+08
3270,01M0MX49WM5E4BEJSWE6MRBPXD,4162975Y25KN73W7KKDJGX6P,9,245.00,2205.00,pending,2026-08-23 16:39:18.391945+08,2026-08-23 16:39:18.391945+08
3271,01M0MX49WM5E4BEJSWE6MRBPXD,410258ZSW0QAXSVS8S3VV7TE,6,35.00,210.00,pending,2026-08-23 16:39:18.391945+08,2026-08-23 16:39:18.391945+08
3272,01M0MX49WM5E4BEJSWE6MRBPXD,409892D87XEVH1ZTZXV5F6C1,7,155.00,1085.00,pending,2026-08-23 16:39:18.391945+08,2026-08-23 16:39:18.391945+08
3273,01M0MX49WM6FY4NXTHVTF4JD23,409420087QNW2D06G06MH7JS,19,350.00,6650.00,pending,2026-08-23 16:39:18.391945+08,2026-08-23 16:39:18.391945+08
3274,01M0MX49WM6FY4NXTHVTF4JD23,41511344QHQDJBZ4FRV45NKC,1,350.00,350.00,pending,2026-08-23 16:39:18.391945+08,2026-08-23 16:39:18.391945+08
3275,01M0MX49WMSAXZGX8AKGYNC63Q,412596TV7NC82RBGNTA0W8JZ,13,35.00,455.00,delivered,2026-08-23 16:39:18.391945+08,2026-08-23 16:39:18.391945+08
3276,01M0MX49WMKMCSC9NZT39FT3PX,416496PKZM0T9NY433H8KP6M,12,30.00,360.00,delivered,2026-08-23 16:39:18.391945+08,2026-08-23 16:39:18.391945+08
3277,01M0MX49WMSFKVA0FN2F6VDC3E,416951J7FD3NBDV1MM1QS36H,7,415.00,2905.00,confirmed,2026-08-23 16:39:18.391945+08,2026-08-23 16:39:18.391945+08
3278,01M0MX49WMW90BQYPNES5A752Z,4162975Y25KN73W7KKDJGX6P,9,245.00,2205.00,delivered,2026-08-23 16:39:18.391945+08,2026-08-23 16:39:18.391945+08
3279,01M0MX49WMW90BQYPNES5A752Z,411039DJMEE6FWS52GMATRN7,2,25.00,50.00,delivered,2026-08-23 16:39:18.391945+08,2026-08-23 16:39:18.391945+08
3280,01M0MX49WMW90BQYPNES5A752Z,414773WE720HJ0P121AG8FHQ,3,350.00,1050.00,delivered,2026-08-23 16:39:18.391945+08,2026-08-23 16:39:18.391945+08
3284,01M0MX49WMDP27MKDT50WVMN84,417359ZGZV0QNH8M3DEYW8G5,3,350.00,1050.00,pending,2026-08-23 16:39:18.391945+08,2026-08-23 16:39:18.391945+08
3285,01M0MX49WMDP27MKDT50WVMN84,413521JP1792738MBB68XMK5,16,350.00,5600.00,pending,2026-08-23 16:39:18.391945+08,2026-08-23 16:39:18.391945+08
3286,01M0MX49WMWRE6X1B7PR1N85DK,4162975Y25KN73W7KKDJGX6P,4,245.00,980.00,delivered,2026-08-23 16:39:18.391945+08,2026-08-23 16:39:18.391945+08
3287,01M0MX49WM8XHYKHA9VC4H613P,413521JP1792738MBB68XMK5,16,350.00,5600.00,delivered,2026-08-23 16:39:18.391945+08,2026-08-23 16:39:18.391945+08
3288,01M0MX49WM8XHYKHA9VC4H613P,413005KN3WGNAPH6NCQ5JCT9,3,350.00,1050.00,delivered,2026-08-23 16:39:18.391945+08,2026-08-23 16:39:18.391945+08
3289,01M0MX49WMMTCQ9ZEZYC9C0SHA,409892D87XEVH1ZTZXV5F6C1,15,155.00,2325.00,delivered,2026-08-23 16:39:18.391945+08,2026-08-23 16:39:18.391945+08
3290,01M0MX49WMMTCQ9ZEZYC9C0SHA,417359ZGZV0QNH8M3DEYW8G5,6,350.00,2100.00,delivered,2026-08-23 16:39:18.391945+08,2026-08-23 16:39:18.391945+08
3291,01M0MX49WMERFHF01S35G3VQ89,411039DJMEE6FWS52GMATRN7,19,25.00,475.00,pending,2026-08-23 16:39:18.391945+08,2026-08-23 16:39:18.391945+08
3292,01M0MX49WMXHWPA8CZKYPKNNKK,409892D87XEVH1ZTZXV5F6C1,12,155.00,1860.00,delivered,2026-08-23 16:39:18.391945+08,2026-08-23 16:39:18.391945+08
3293,01M0MX49WMBD33QSAGDEASJ8Y8,410258ZSW0QAXSVS8S3VV7TE,1,35.00,35.00,cancelled,2026-08-23 16:39:18.391945+08,2026-08-23 16:39:18.391945+08
3294,01M0MX49WMBD33QSAGDEASJ8Y8,417359ZGZV0QNH8M3DEYW8G5,17,350.00,5950.00,cancelled,2026-08-23 16:39:18.391945+08,2026-08-23 16:39:18.391945+08
3295,01M0MX49WMBD33QSAGDEASJ8Y8,414773WE720HJ0P121AG8FHQ,4,350.00,1400.00,cancelled,2026-08-23 16:39:18.391945+08,2026-08-23 16:39:18.391945+08
3299,01M0MX49WMM9PWSBYHD04QHQMQ,409892D87XEVH1ZTZXV5F6C1,5,155.00,775.00,delivered,2026-08-23 16:39:18.391945+08,2026-08-23 16:39:18.391945+08
3300,01M0MX49WM3Z0S3P9QFABQ467C,41511344QHQDJBZ4FRV45NKC,9,350.00,3150.00,pending,2026-08-23 16:39:18.391945+08,2026-08-23 16:39:18.391945+08
3301,01M0MX49WM3Z0S3P9QFABQ467C,414773WE720HJ0P121AG8FHQ,16,350.00,5600.00,pending,2026-08-23 16:39:18.391945+08,2026-08-23 16:39:18.391945+08
3302,01M0MX49WM3Z0S3P9QFABQ467C,409339V9MK4RHRG0A0XWT91W,3,485.00,1455.00,pending,2026-08-23 16:39:18.391945+08,2026-08-23 16:39:18.391945+08
3303,01M0MX49WM4F7XAZJYFAVZGZBV,416951J7FD3NBDV1MM1QS36H,15,415.00,6225.00,delivered,2026-08-23 16:39:18.391945+08,2026-08-23 16:39:18.391945+08
3304,01M0MX49WM4F7XAZJYFAVZGZBV,411921G8X1MT1A4Z5EPH3YP4,14,30.00,420.00,delivered,2026-08-23 16:39:18.391945+08,2026-08-23 16:39:18.391945+08
3305,01M0MX49WM4F7XAZJYFAVZGZBV,408186TJ449WSVW673RWDK4X,13,30.00,390.00,delivered,2026-08-23 16:39:18.391945+08,2026-08-23 16:39:18.391945+08
3306,01M0MX49WM68NZ9D7C4YNZ9Q2F,411039DJMEE6FWS52GMATRN7,9,25.00,225.00,confirmed,2026-08-23 16:39:18.391945+08,2026-08-23 16:39:18.391945+08
3307,01M0MX49WMWH2X6Y2WNQPSNDSW,416951J7FD3NBDV1MM1QS36H,6,415.00,2490.00,pending,2026-08-23 16:39:18.391945+08,2026-08-23 16:39:18.391945+08
3308,01M0MX49WMWH2X6Y2WNQPSNDSW,409339V9MK4RHRG0A0XWT91W,16,485.00,7760.00,pending,2026-08-23 16:39:18.391945+08,2026-08-23 16:39:18.391945+08
3309,01M0MX49WMWH2X6Y2WNQPSNDSW,41150684MEXX0KJ3HG4B279E,15,30.00,450.00,pending,2026-08-23 16:39:18.391945+08,2026-08-23 16:39:18.391945+08
3312,01M0MX49WMEB0486S9D47GS6Q5,4138050CXS9PQSNF661Q1A1F,12,140.00,1680.00,processing,2026-08-23 16:39:18.391945+08,2026-08-23 16:39:18.391945+08
3313,01M0MX49WMEB0486S9D47GS6Q5,413005KN3WGNAPH6NCQ5JCT9,3,350.00,1050.00,processing,2026-08-23 16:39:18.391945+08,2026-08-23 16:39:18.391945+08
3314,01M0MX49WMEB0486S9D47GS6Q5,416496PKZM0T9NY433H8KP6M,6,30.00,180.00,processing,2026-08-23 16:39:18.391945+08,2026-08-23 16:39:18.391945+08
3315,01M0MX49WMKD7R9D2YA64FA4VC,412596TV7NC82RBGNTA0W8JZ,14,35.00,490.00,cancelled,2026-08-23 16:39:18.391945+08,2026-08-23 16:39:18.391945+08
3316,01M0MX49WMKD7R9D2YA64FA4VC,416951J7FD3NBDV1MM1QS36H,20,415.00,8300.00,cancelled,2026-08-23 16:39:18.391945+08,2026-08-23 16:39:18.391945+08
3317,01M0MX49WMA5BNTW6VRG0T1761,4116065CZMHNTR71A86YWAMC,6,350.00,2100.00,processing,2026-08-23 16:39:18.391945+08,2026-08-23 16:39:18.391945+08
3318,01M0MX49WM3MGRS7P7KMHAS7PN,4138050CXS9PQSNF661Q1A1F,8,140.00,1120.00,processing,2026-08-23 16:39:18.391945+08,2026-08-23 16:39:18.391945+08
3319,01M0MX49WMGJKPC3K2N79BJZHV,4138050CXS9PQSNF661Q1A1F,5,140.00,700.00,confirmed,2026-08-23 16:39:18.391945+08,2026-08-23 16:39:18.391945+08
3320,01M0MX49WMGJKPC3K2N79BJZHV,409892D87XEVH1ZTZXV5F6C1,4,155.00,620.00,confirmed,2026-08-23 16:39:18.391945+08,2026-08-23 16:39:18.391945+08
3321,01M0MX49WMSRJ148H5YDHFS36J,41085841ZKREWJPCC4PWVWR7,11,15.00,165.00,confirmed,2026-08-23 16:39:18.391945+08,2026-08-23 16:39:18.391945+08
3330,01M0MX49WM22KCGYEVCPKNF8VK,407702R5D86R3CBB81E3X29M,9,350.00,3150.00,delivered,2026-08-23 16:39:18.391945+08,2026-08-23 16:39:18.391945+08
3331,01M0MX49WM22KCGYEVCPKNF8VK,41150684MEXX0KJ3HG4B279E,4,30.00,120.00,delivered,2026-08-23 16:39:18.391945+08,2026-08-23 16:39:18.391945+08
3335,01M0MX49WMSCNG77F3092T22N0,409420087QNW2D06G06MH7JS,15,350.00,5250.00,pending,2026-08-23 16:39:18.391945+08,2026-08-23 16:39:18.391945+08
3336,01M0MX49WMSCNG77F3092T22N0,416951J7FD3NBDV1MM1QS36H,5,415.00,2075.00,pending,2026-08-23 16:39:18.391945+08,2026-08-23 16:39:18.391945+08
3337,01M0MX49WMSCNG77F3092T22N0,4162975Y25KN73W7KKDJGX6P,2,245.00,490.00,pending,2026-08-23 16:39:18.391945+08,2026-08-23 16:39:18.391945+08
3338,01M0MX49WMA9S4NF3NX4581E25,409892D87XEVH1ZTZXV5F6C1,1,155.00,155.00,delivered,2026-08-23 16:39:18.391945+08,2026-08-23 16:39:18.391945+08
3341,01M0MX49WMYMRJF6NEZCHFHQJ6,411921G8X1MT1A4Z5EPH3YP4,20,30.00,600.00,pending,2026-08-23 16:39:18.391945+08,2026-08-23 16:39:18.391945+08
3342,01M0MX49WMYMRJF6NEZCHFHQJ6,407702R5D86R3CBB81E3X29M,13,350.00,4550.00,pending,2026-08-23 16:39:18.391945+08,2026-08-23 16:39:18.391945+08
3343,01M0MX49WM0RFV5FYEWZSQ8KB7,411921G8X1MT1A4Z5EPH3YP4,4,30.00,120.00,delivered,2026-08-23 16:39:18.391945+08,2026-08-23 16:39:18.391945+08
3344,01M0MX49WM0RFV5FYEWZSQ8KB7,4138050CXS9PQSNF661Q1A1F,20,140.00,2800.00,delivered,2026-08-23 16:39:18.391945+08,2026-08-23 16:39:18.391945+08
3345,01M0MX49WM65XESSB5ZJ9GME7F,409420087QNW2D06G06MH7JS,5,350.00,1750.00,pending,2026-08-23 16:39:18.391945+08,2026-08-23 16:39:18.391945+08
3346,01M0MX49WMPS4K0Z55ZA6GQEZR,41150684MEXX0KJ3HG4B279E,8,30.00,240.00,cancelled,2026-08-23 16:39:18.391945+08,2026-08-23 16:39:18.391945+08
3347,01M0MX49WMPS4K0Z55ZA6GQEZR,417359ZGZV0QNH8M3DEYW8G5,3,350.00,1050.00,cancelled,2026-08-23 16:39:18.391945+08,2026-08-23 16:39:18.391945+08
3348,01M0MX49WMPS4K0Z55ZA6GQEZR,409339V9MK4RHRG0A0XWT91W,12,485.00,5820.00,cancelled,2026-08-23 16:39:18.391945+08,2026-08-23 16:39:18.391945+08
3349,01M0MX49WMSZY5NK4S90412TCX,407702R5D86R3CBB81E3X29M,9,350.00,3150.00,cancelled,2026-08-23 16:39:18.391945+08,2026-08-23 16:39:18.391945+08
3350,01M0MX49WMSZY5NK4S90412TCX,407702R5D86R3CBB81E3X29M,4,350.00,1400.00,cancelled,2026-08-23 16:39:18.391945+08,2026-08-23 16:39:18.391945+08
3351,01M0MX49WMSZY5NK4S90412TCX,407702R5D86R3CBB81E3X29M,10,350.00,3500.00,cancelled,2026-08-23 16:39:18.391945+08,2026-08-23 16:39:18.391945+08
3352,01M0MX49WMYEE7R6A68C81RX16,4082223DQAKGCJ8P0XHQQNB2,13,112.00,1456.00,confirmed,2026-08-23 16:39:18.391945+08,2026-08-23 16:39:18.391945+08
3353,01M0MX49WMYEE7R6A68C81RX16,414773WE720HJ0P121AG8FHQ,6,350.00,2100.00,confirmed,2026-08-23 16:39:18.391945+08,2026-08-23 16:39:18.391945+08
3354,01M0MX49WMYEE7R6A68C81RX16,41511344QHQDJBZ4FRV45NKC,19,350.00,6650.00,confirmed,2026-08-23 16:39:18.391945+08,2026-08-23 16:39:18.391945+08
3355,01M0MX49WMHNCK77SY2T160J5B,41511344QHQDJBZ4FRV45NKC,19,350.00,6650.00,pending,2026-08-23 16:39:18.391945+08,2026-08-23 16:39:18.391945+08
3356,01M0MX49WMHNCK77SY2T160J5B,41150684MEXX0KJ3HG4B279E,15,30.00,450.00,pending,2026-08-23 16:39:18.391945+08,2026-08-23 16:39:18.391945+08
3358,01M0MX49WM9GHFSEY21748C4E4,411921G8X1MT1A4Z5EPH3YP4,8,30.00,240.00,cancelled,2026-08-23 16:39:18.391945+08,2026-08-23 16:39:18.391945+08
3359,01M0MX49WM9GHFSEY21748C4E4,413521JP1792738MBB68XMK5,9,350.00,3150.00,cancelled,2026-08-23 16:39:18.391945+08,2026-08-23 16:39:18.391945+08
3360,01M0MX49WM2QA77H81V097QS5T,410258ZSW0QAXSVS8S3VV7TE,8,35.00,280.00,delivered,2026-08-23 16:39:18.391945+08,2026-08-23 16:39:18.391945+08
3361,01M0MX49WM2QA77H81V097QS5T,411039DJMEE6FWS52GMATRN7,7,25.00,175.00,delivered,2026-08-23 16:39:18.391945+08,2026-08-23 16:39:18.391945+08
3362,01M0MX49WM4M4V8KB378TC1G4J,407702R5D86R3CBB81E3X29M,7,350.00,2450.00,pending,2026-08-23 16:39:18.391945+08,2026-08-23 16:39:18.391945+08
3363,01M0MX49WM4M4V8KB378TC1G4J,409420087QNW2D06G06MH7JS,7,350.00,2450.00,pending,2026-08-23 16:39:18.391945+08,2026-08-23 16:39:18.391945+08
3364,01M0MX49WMMP647SE7NZNNQYPG,411921G8X1MT1A4Z5EPH3YP4,4,30.00,120.00,delivered,2026-08-23 16:39:18.391945+08,2026-08-23 16:39:18.391945+08
3365,01M0MX49WMYN9JY7HV7WDSMNJ0,408186TJ449WSVW673RWDK4X,17,30.00,510.00,confirmed,2026-08-23 16:39:18.391945+08,2026-08-23 16:39:18.391945+08
3366,01M0MX49WMYN9JY7HV7WDSMNJ0,409892D87XEVH1ZTZXV5F6C1,10,155.00,1550.00,confirmed,2026-08-23 16:39:18.391945+08,2026-08-23 16:39:18.391945+08
3367,01M0MX49WMYN9JY7HV7WDSMNJ0,41085841ZKREWJPCC4PWVWR7,15,15.00,225.00,confirmed,2026-08-23 16:39:18.391945+08,2026-08-23 16:39:18.391945+08
3368,01M0MX49WMEZ3VFE85MRGMNPGX,41511344QHQDJBZ4FRV45NKC,8,350.00,2800.00,delivered,2026-08-23 16:39:18.391945+08,2026-08-23 16:39:18.391945+08
3369,01M0MX49WMJYA2C2GCBCVE1YJZ,4082223DQAKGCJ8P0XHQQNB2,17,112.00,1904.00,processing,2026-08-23 16:39:18.391945+08,2026-08-23 16:39:18.391945+08
3370,01M0MX49WMJYA2C2GCBCVE1YJZ,409339V9MK4RHRG0A0XWT91W,13,485.00,6305.00,processing,2026-08-23 16:39:18.391945+08,2026-08-23 16:39:18.391945+08
3371,01M0MX49WMVY0R7NMMAQXQ383B,417359ZGZV0QNH8M3DEYW8G5,10,350.00,3500.00,pending,2026-08-23 16:39:18.391945+08,2026-08-23 16:39:18.391945+08
3372,01M0MX49WMVY0R7NMMAQXQ383B,412596TV7NC82RBGNTA0W8JZ,4,35.00,140.00,pending,2026-08-23 16:39:18.391945+08,2026-08-23 16:39:18.391945+08
3374,01M0MX49WMR9CR323TCF45G3TH,414773WE720HJ0P121AG8FHQ,1,350.00,350.00,delivered,2026-08-23 16:39:18.391945+08,2026-08-23 16:39:18.391945+08
3375,01M0MX49WMV7WQ04R4SR7DB13V,4138050CXS9PQSNF661Q1A1F,9,140.00,1260.00,delivered,2026-08-23 16:39:18.391945+08,2026-08-23 16:39:18.391945+08
3376,01M0MX49WMV7WQ04R4SR7DB13V,4116065CZMHNTR71A86YWAMC,18,350.00,6300.00,delivered,2026-08-23 16:39:18.391945+08,2026-08-23 16:39:18.391945+08
3377,01M0MX49WMADV6EXXNYZ5K6S8R,41511344QHQDJBZ4FRV45NKC,13,350.00,4550.00,processing,2026-08-23 16:39:18.391945+08,2026-08-23 16:39:18.391945+08
3378,01M0MX49WMH6KJVAGGMEMNTDJC,407702R5D86R3CBB81E3X29M,15,350.00,5250.00,processing,2026-08-23 16:39:18.391945+08,2026-08-23 16:39:18.391945+08
3379,01M0MX49WMH6KJVAGGMEMNTDJC,414773WE720HJ0P121AG8FHQ,12,350.00,4200.00,processing,2026-08-23 16:39:18.391945+08,2026-08-23 16:39:18.391945+08
3380,01M0MX49WMN4CHPP49ZJCR33HT,41150684MEXX0KJ3HG4B279E,7,30.00,210.00,pending,2026-08-23 16:39:18.391945+08,2026-08-23 16:39:18.391945+08
3381,01M0MX49WMN4CHPP49ZJCR33HT,416951J7FD3NBDV1MM1QS36H,7,415.00,2905.00,pending,2026-08-23 16:39:18.391945+08,2026-08-23 16:39:18.391945+08
3382,01M0MX49WMPPD5HBX7TW3V4C5B,408186TJ449WSVW673RWDK4X,20,30.00,600.00,confirmed,2026-08-23 16:39:18.391945+08,2026-08-23 16:39:18.391945+08
3383,01M0MX49WMPPD5HBX7TW3V4C5B,411921G8X1MT1A4Z5EPH3YP4,17,30.00,510.00,confirmed,2026-08-23 16:39:18.391945+08,2026-08-23 16:39:18.391945+08
3384,01M0MX49WMEB4FHWNJAN9CPKF2,413005KN3WGNAPH6NCQ5JCT9,8,350.00,2800.00,pending,2026-08-23 16:39:18.391945+08,2026-08-23 16:39:18.391945+08
3385,01M0MX49WMYRB906X81G2Z1X9H,407702R5D86R3CBB81E3X29M,19,350.00,6650.00,confirmed,2026-08-23 16:39:18.391945+08,2026-08-23 16:39:18.391945+08
3386,01M0MX49WMD2TKSFJ0XJ91PX84,4116065CZMHNTR71A86YWAMC,9,350.00,3150.00,confirmed,2026-08-23 16:39:18.391945+08,2026-08-23 16:39:18.391945+08
3387,01M0MX49WMD2TKSFJ0XJ91PX84,4088862F2RR4FH8VD6HQ69ZM,20,350.00,7000.00,confirmed,2026-08-23 16:39:18.391945+08,2026-08-23 16:39:18.391945+08
3388,01M0MX49WMD2TKSFJ0XJ91PX84,41085841ZKREWJPCC4PWVWR7,13,15.00,195.00,confirmed,2026-08-23 16:39:18.391945+08,2026-08-23 16:39:18.391945+08
3389,01M0MX49WMHJ41HJGRQ0ZP7XD3,41085841ZKREWJPCC4PWVWR7,9,15.00,135.00,processing,2026-08-23 16:39:18.391945+08,2026-08-23 16:39:18.391945+08
3390,01M0MX49WMRRXM9B0M705QDQRR,4138050CXS9PQSNF661Q1A1F,10,140.00,1400.00,confirmed,2026-08-23 16:39:18.391945+08,2026-08-23 16:39:18.391945+08
3391,01M0MX49WMBW56H3T4R5FT1GN5,4116065CZMHNTR71A86YWAMC,6,350.00,2100.00,confirmed,2026-08-23 16:39:18.391945+08,2026-08-23 16:39:18.391945+08
3392,01M0MX49WMB1Z4FFJF09F2G6F8,411921G8X1MT1A4Z5EPH3YP4,10,30.00,300.00,delivered,2026-08-23 16:39:18.391945+08,2026-08-23 16:39:18.391945+08
3393,01M0MX49WMB1Z4FFJF09F2G6F8,41085841ZKREWJPCC4PWVWR7,8,15.00,120.00,delivered,2026-08-23 16:39:18.391945+08,2026-08-23 16:39:18.391945+08
3394,01M0MX49WMB1Z4FFJF09F2G6F8,417359ZGZV0QNH8M3DEYW8G5,11,350.00,3850.00,delivered,2026-08-23 16:39:18.391945+08,2026-08-23 16:39:18.391945+08
3395,01M0MX49WMPEH16T97HNST5QWM,416496PKZM0T9NY433H8KP6M,5,30.00,150.00,confirmed,2026-08-23 16:39:18.391945+08,2026-08-23 16:39:18.391945+08
3396,01M0MX49WMPEH16T97HNST5QWM,409420087QNW2D06G06MH7JS,16,350.00,5600.00,confirmed,2026-08-23 16:39:18.391945+08,2026-08-23 16:39:18.391945+08
3397,01M0MX49WMWNT4SETMKBZRCZCE,414773WE720HJ0P121AG8FHQ,3,350.00,1050.00,confirmed,2026-08-23 16:39:18.391945+08,2026-08-23 16:39:18.391945+08
3398,01M0MX49WMHNWQH2N57F01AX6J,4082223DQAKGCJ8P0XHQQNB2,12,112.00,1344.00,delivered,2026-08-23 16:39:18.391945+08,2026-08-23 16:39:18.391945+08
3403,01M0MX49WM00TVA3AN2KSGJC7M,416951J7FD3NBDV1MM1QS36H,11,415.00,4565.00,delivered,2026-08-23 16:39:18.391945+08,2026-08-23 16:39:18.391945+08
3406,01M0MX49WMNP8GBD3MXZXQ20SJ,4138050CXS9PQSNF661Q1A1F,10,140.00,1400.00,processing,2026-08-23 16:39:18.391945+08,2026-08-23 16:39:18.391945+08
3407,01M0MX49WM623WSJMHHQZBMR7T,4082223DQAKGCJ8P0XHQQNB2,16,112.00,1792.00,delivered,2026-08-23 16:39:18.391945+08,2026-08-23 16:39:18.391945+08
3408,01M0MX49WM623WSJMHHQZBMR7T,4116065CZMHNTR71A86YWAMC,9,350.00,3150.00,delivered,2026-08-23 16:39:18.391945+08,2026-08-23 16:39:18.391945+08
3409,01M0MX49WM623WSJMHHQZBMR7T,411039DJMEE6FWS52GMATRN7,17,25.00,425.00,delivered,2026-08-23 16:39:18.391945+08,2026-08-23 16:39:18.391945+08
3410,01M0MX49WMQQMJKGPWWBR3ZWBZ,4088862F2RR4FH8VD6HQ69ZM,5,350.00,1750.00,pending,2026-08-23 16:39:18.391945+08,2026-08-23 16:39:18.391945+08
3411,01M0MX49WMQQMJKGPWWBR3ZWBZ,4138050CXS9PQSNF661Q1A1F,16,140.00,2240.00,pending,2026-08-23 16:39:18.391945+08,2026-08-23 16:39:18.391945+08
3412,01M0MX49WMYM847J1H4VJXKFQS,41085841ZKREWJPCC4PWVWR7,14,15.00,210.00,confirmed,2026-08-23 16:39:18.391945+08,2026-08-23 16:39:18.391945+08
3413,01M0MX49WMYM847J1H4VJXKFQS,4138050CXS9PQSNF661Q1A1F,7,140.00,980.00,confirmed,2026-08-23 16:39:18.391945+08,2026-08-23 16:39:18.391945+08
3414,01M0MX49WMYM847J1H4VJXKFQS,413521JP1792738MBB68XMK5,7,350.00,2450.00,confirmed,2026-08-23 16:39:18.391945+08,2026-08-23 16:39:18.391945+08
3417,01M0MX49WMZMFCR0W4DNRTT608,4138050CXS9PQSNF661Q1A1F,11,140.00,1540.00,confirmed,2026-08-23 16:39:18.391945+08,2026-08-23 16:39:18.391945+08
3418,01M0MX49WMZMFCR0W4DNRTT608,4162975Y25KN73W7KKDJGX6P,19,245.00,4655.00,confirmed,2026-08-23 16:39:18.391945+08,2026-08-23 16:39:18.391945+08
3419,01M0MX49WMZMFCR0W4DNRTT608,41150684MEXX0KJ3HG4B279E,9,30.00,270.00,confirmed,2026-08-23 16:39:18.391945+08,2026-08-23 16:39:18.391945+08
3420,01M0MX49WMNWCZNKA4PXBHRZFW,408186TJ449WSVW673RWDK4X,11,30.00,330.00,confirmed,2026-08-23 16:39:18.391945+08,2026-08-23 16:39:18.391945+08
3421,01M0MX49WMNWCZNKA4PXBHRZFW,4082223DQAKGCJ8P0XHQQNB2,4,112.00,448.00,confirmed,2026-08-23 16:39:18.391945+08,2026-08-23 16:39:18.391945+08
3422,01M0MX49WMNWCZNKA4PXBHRZFW,41150684MEXX0KJ3HG4B279E,15,30.00,450.00,confirmed,2026-08-23 16:39:18.391945+08,2026-08-23 16:39:18.391945+08
3423,01M0MX49WMR90Q9FV2BX580A30,416951J7FD3NBDV1MM1QS36H,4,415.00,1660.00,cancelled,2026-08-23 16:39:18.391945+08,2026-08-23 16:39:18.391945+08
3424,01M0MX49WMR90Q9FV2BX580A30,409420087QNW2D06G06MH7JS,16,350.00,5600.00,cancelled,2026-08-23 16:39:18.391945+08,2026-08-23 16:39:18.391945+08
3427,01M0MX49WMWX0246HKCNRWQF40,409420087QNW2D06G06MH7JS,15,350.00,5250.00,pending,2026-08-23 16:39:18.391945+08,2026-08-23 16:39:18.391945+08
3428,01M0MX49WMWX0246HKCNRWQF40,407702R5D86R3CBB81E3X29M,7,350.00,2450.00,pending,2026-08-23 16:39:18.391945+08,2026-08-23 16:39:18.391945+08
3429,01M0MX49WMY4VQF1TYH1WJCDAN,407702R5D86R3CBB81E3X29M,16,350.00,5600.00,delivered,2026-08-23 16:39:18.391945+08,2026-08-23 16:39:18.391945+08
3430,01M0MX49WMF79EAAVE9FE77CKJ,411039DJMEE6FWS52GMATRN7,1,25.00,25.00,pending,2026-08-23 16:39:18.391945+08,2026-08-23 16:39:18.391945+08
3431,01M0MX49WMF79EAAVE9FE77CKJ,407702R5D86R3CBB81E3X29M,9,350.00,3150.00,pending,2026-08-23 16:39:18.391945+08,2026-08-23 16:39:18.391945+08
3432,01M0MX49WM6THV3V64EMY4TZG2,408186TJ449WSVW673RWDK4X,18,30.00,540.00,processing,2026-08-23 16:39:18.391945+08,2026-08-23 16:39:18.391945+08
3433,01M0MX49WM6THV3V64EMY4TZG2,41511344QHQDJBZ4FRV45NKC,3,350.00,1050.00,processing,2026-08-23 16:39:18.391945+08,2026-08-23 16:39:18.391945+08
3434,01M0MX49WM8RBKPBH7CP7AEM8T,409339V9MK4RHRG0A0XWT91W,14,485.00,6790.00,pending,2026-08-23 16:39:18.391945+08,2026-08-23 16:39:18.391945+08
3435,01M0MX49WM8RBKPBH7CP7AEM8T,412596TV7NC82RBGNTA0W8JZ,3,35.00,105.00,pending,2026-08-23 16:39:18.391945+08,2026-08-23 16:39:18.391945+08
3436,01M0MX49WM8RBKPBH7CP7AEM8T,416951J7FD3NBDV1MM1QS36H,8,415.00,3320.00,pending,2026-08-23 16:39:18.391945+08,2026-08-23 16:39:18.391945+08
3439,01M0MX49WMTVT2H4XB2Z6H52E3,4082223DQAKGCJ8P0XHQQNB2,10,112.00,1120.00,delivered,2026-08-23 16:39:18.391945+08,2026-08-23 16:39:18.391945+08
3440,01M0MX49WMTVT2H4XB2Z6H52E3,417359ZGZV0QNH8M3DEYW8G5,19,350.00,6650.00,delivered,2026-08-23 16:39:18.391945+08,2026-08-23 16:39:18.391945+08
3441,01M0MX49WMMZAXSZG6AP4P9KS7,412596TV7NC82RBGNTA0W8JZ,5,35.00,175.00,delivered,2026-08-23 16:39:18.391945+08,2026-08-23 16:39:18.391945+08
3442,01M0MX49WMMZAXSZG6AP4P9KS7,411039DJMEE6FWS52GMATRN7,7,25.00,175.00,delivered,2026-08-23 16:39:18.391945+08,2026-08-23 16:39:18.391945+08
3443,01M0MX49WM0HX12DXYJ4E5RHYR,409339V9MK4RHRG0A0XWT91W,10,485.00,4850.00,pending,2026-08-23 16:39:18.391945+08,2026-08-23 16:39:18.391945+08
3444,01M0MX49WM0HX12DXYJ4E5RHYR,416951J7FD3NBDV1MM1QS36H,3,415.00,1245.00,pending,2026-08-23 16:39:18.391945+08,2026-08-23 16:39:18.391945+08
3445,01M0MX49WM0HX12DXYJ4E5RHYR,416951J7FD3NBDV1MM1QS36H,19,415.00,7885.00,pending,2026-08-23 16:39:18.391945+08,2026-08-23 16:39:18.391945+08
3448,01M0MX49WMDWJYBZTAMVJD80SS,411039DJMEE6FWS52GMATRN7,12,25.00,300.00,delivered,2026-08-23 16:39:18.391945+08,2026-08-23 16:39:18.391945+08
3449,01M0MX49WMDWJYBZTAMVJD80SS,416496PKZM0T9NY433H8KP6M,12,30.00,360.00,delivered,2026-08-23 16:39:18.391945+08,2026-08-23 16:39:18.391945+08
3450,01M0MX49WMDWJYBZTAMVJD80SS,41150684MEXX0KJ3HG4B279E,15,30.00,450.00,delivered,2026-08-23 16:39:18.391945+08,2026-08-23 16:39:18.391945+08
3451,01M0MX49WMSN69Y0Y5RPTB4Y5P,409420087QNW2D06G06MH7JS,18,350.00,6300.00,cancelled,2026-08-23 16:39:18.391945+08,2026-08-23 16:39:18.391945+08
3452,01M0MX49WMSN69Y0Y5RPTB4Y5P,409420087QNW2D06G06MH7JS,14,350.00,4900.00,cancelled,2026-08-23 16:39:18.391945+08,2026-08-23 16:39:18.391945+08
3453,01M0MX49WMFA1YVNDTBMKWBNXX,416951J7FD3NBDV1MM1QS36H,8,415.00,3320.00,delivered,2026-08-23 16:39:18.391945+08,2026-08-23 16:39:18.391945+08
3454,01M0MX49WMFA1YVNDTBMKWBNXX,412596TV7NC82RBGNTA0W8JZ,17,35.00,595.00,delivered,2026-08-23 16:39:18.391945+08,2026-08-23 16:39:18.391945+08
3455,01M0MX49WMFA1YVNDTBMKWBNXX,4138050CXS9PQSNF661Q1A1F,5,140.00,700.00,delivered,2026-08-23 16:39:18.391945+08,2026-08-23 16:39:18.391945+08
3459,01M0MX49WMM6WWA1V179Y123Y9,416496PKZM0T9NY433H8KP6M,2,30.00,60.00,delivered,2026-08-23 16:39:18.391945+08,2026-08-23 16:39:18.391945+08
3460,01M0MX49WMM6WWA1V179Y123Y9,413521JP1792738MBB68XMK5,2,350.00,700.00,delivered,2026-08-23 16:39:18.391945+08,2026-08-23 16:39:18.391945+08
3461,01M0MX49WMM6WWA1V179Y123Y9,414773WE720HJ0P121AG8FHQ,4,350.00,1400.00,delivered,2026-08-23 16:39:18.391945+08,2026-08-23 16:39:18.391945+08
3464,01M0MX49WMKD2AF167XZK83B04,411039DJMEE6FWS52GMATRN7,17,25.00,425.00,pending,2026-08-23 16:39:18.391945+08,2026-08-23 16:39:18.391945+08
3465,01M0MX49WMKD2AF167XZK83B04,41085841ZKREWJPCC4PWVWR7,2,15.00,30.00,pending,2026-08-23 16:39:18.391945+08,2026-08-23 16:39:18.391945+08
3466,01M0MX49WMKD2AF167XZK83B04,41085841ZKREWJPCC4PWVWR7,7,15.00,105.00,pending,2026-08-23 16:39:18.391945+08,2026-08-23 16:39:18.391945+08
3467,01M0MX49WM6C2SK3XR7JMY7667,411921G8X1MT1A4Z5EPH3YP4,5,30.00,150.00,pending,2026-08-23 16:39:18.391945+08,2026-08-23 16:39:18.391945+08
3468,01M0MX49WM6C2SK3XR7JMY7667,4088862F2RR4FH8VD6HQ69ZM,5,350.00,1750.00,pending,2026-08-23 16:39:18.391945+08,2026-08-23 16:39:18.391945+08
3469,01M0MX49WM6C2SK3XR7JMY7667,416951J7FD3NBDV1MM1QS36H,10,415.00,4150.00,pending,2026-08-23 16:39:18.391945+08,2026-08-23 16:39:18.391945+08
3470,01M0MX49WMD97B85ZWHHAHJFT2,41085841ZKREWJPCC4PWVWR7,7,15.00,105.00,delivered,2026-08-23 16:39:18.391945+08,2026-08-23 16:39:18.391945+08
3471,01M0MX49WMD97B85ZWHHAHJFT2,4116065CZMHNTR71A86YWAMC,3,350.00,1050.00,delivered,2026-08-23 16:39:18.391945+08,2026-08-23 16:39:18.391945+08
3472,01M0MX49WMD97B85ZWHHAHJFT2,409420087QNW2D06G06MH7JS,5,350.00,1750.00,delivered,2026-08-23 16:39:18.391945+08,2026-08-23 16:39:18.391945+08
3473,01M0MX49WNXWKCCDY633JSW2SA,4116065CZMHNTR71A86YWAMC,8,350.00,2800.00,delivered,2026-08-23 16:39:18.391945+08,2026-08-23 16:39:18.391945+08
3474,01M0MX49WNXWKCCDY633JSW2SA,409339V9MK4RHRG0A0XWT91W,4,485.00,1940.00,delivered,2026-08-23 16:39:18.391945+08,2026-08-23 16:39:18.391945+08
3475,01M0MX49WNXWKCCDY633JSW2SA,411921G8X1MT1A4Z5EPH3YP4,1,30.00,30.00,delivered,2026-08-23 16:39:18.391945+08,2026-08-23 16:39:18.391945+08
3476,01M0MX49WNA7DS4NE9Y5NPGTN7,4116065CZMHNTR71A86YWAMC,10,350.00,3500.00,processing,2026-08-23 16:39:18.391945+08,2026-08-23 16:39:18.391945+08
3478,01M0MX49WNEY25ABC6KYZ9YV07,416496PKZM0T9NY433H8KP6M,20,30.00,600.00,delivered,2026-08-23 16:39:18.391945+08,2026-08-23 16:39:18.391945+08
3479,01M0MX49WNEY25ABC6KYZ9YV07,4116065CZMHNTR71A86YWAMC,14,350.00,4900.00,delivered,2026-08-23 16:39:18.391945+08,2026-08-23 16:39:18.391945+08
3480,01M0MX49WNEY25ABC6KYZ9YV07,41511344QHQDJBZ4FRV45NKC,1,350.00,350.00,delivered,2026-08-23 16:39:18.391945+08,2026-08-23 16:39:18.391945+08
3481,01M0MX49WN78V3BCZN3M6264ZX,411039DJMEE6FWS52GMATRN7,8,25.00,200.00,pending,2026-08-23 16:39:18.391945+08,2026-08-23 16:39:18.391945+08
3482,01M0MX49WN78V3BCZN3M6264ZX,417359ZGZV0QNH8M3DEYW8G5,17,350.00,5950.00,pending,2026-08-23 16:39:18.391945+08,2026-08-23 16:39:18.391945+08
3483,01M0MX49WN78V3BCZN3M6264ZX,41085841ZKREWJPCC4PWVWR7,18,15.00,270.00,pending,2026-08-23 16:39:18.391945+08,2026-08-23 16:39:18.391945+08
3486,01M0MX49WNS8ZSSKP5HGTGAYV4,4162975Y25KN73W7KKDJGX6P,4,245.00,980.00,delivered,2026-08-23 16:39:18.391945+08,2026-08-23 16:39:18.391945+08
3487,01M0MX49WNS8ZSSKP5HGTGAYV4,416496PKZM0T9NY433H8KP6M,14,30.00,420.00,delivered,2026-08-23 16:39:18.391945+08,2026-08-23 16:39:18.391945+08
3488,01M0MX49WN6VMDQ7AX8T7PEKPX,416496PKZM0T9NY433H8KP6M,4,30.00,120.00,pending,2026-08-23 16:39:18.391945+08,2026-08-23 16:39:18.391945+08
3489,01M0MX49WN6VMDQ7AX8T7PEKPX,412596TV7NC82RBGNTA0W8JZ,13,35.00,455.00,pending,2026-08-23 16:39:18.391945+08,2026-08-23 16:39:18.391945+08
3491,01M0MX49WNJQ2JNWDXWS5WJ3SJ,41511344QHQDJBZ4FRV45NKC,15,350.00,5250.00,pending,2026-08-23 16:39:18.391945+08,2026-08-23 16:39:18.391945+08
3492,01M0MX49WNJQ2JNWDXWS5WJ3SJ,416496PKZM0T9NY433H8KP6M,9,30.00,270.00,pending,2026-08-23 16:39:18.391945+08,2026-08-23 16:39:18.391945+08
3493,01M0MX49WNRQC21MWFYG39DKQR,408186TJ449WSVW673RWDK4X,17,30.00,510.00,cancelled,2026-08-23 16:39:18.391945+08,2026-08-23 16:39:18.391945+08
3494,01M0MX49WNRQC21MWFYG39DKQR,409339V9MK4RHRG0A0XWT91W,12,485.00,5820.00,cancelled,2026-08-23 16:39:18.391945+08,2026-08-23 16:39:18.391945+08
3495,01M0MX49WNQMRW74ATQZNTWXMR,417359ZGZV0QNH8M3DEYW8G5,5,350.00,1750.00,processing,2026-08-23 16:39:18.391945+08,2026-08-23 16:39:18.391945+08
3496,01M0MX49WNVFDW3R5GNXSSAWEM,409892D87XEVH1ZTZXV5F6C1,15,155.00,2325.00,delivered,2026-08-23 16:39:18.391945+08,2026-08-23 16:39:18.391945+08
3497,01M0MX49WNVFDW3R5GNXSSAWEM,41085841ZKREWJPCC4PWVWR7,5,15.00,75.00,delivered,2026-08-23 16:39:18.391945+08,2026-08-23 16:39:18.391945+08
3498,01M0MX49WNVFDW3R5GNXSSAWEM,414773WE720HJ0P121AG8FHQ,10,350.00,3500.00,delivered,2026-08-23 16:39:18.391945+08,2026-08-23 16:39:18.391945+08
3499,01M0MX49WN0717943D6X27FVZ2,411921G8X1MT1A4Z5EPH3YP4,13,30.00,390.00,pending,2026-08-23 16:39:18.391945+08,2026-08-23 16:39:18.391945+08
3500,01M0MX49WN0717943D6X27FVZ2,411921G8X1MT1A4Z5EPH3YP4,20,30.00,600.00,pending,2026-08-23 16:39:18.391945+08,2026-08-23 16:39:18.391945+08
3501,01M0MX49WN0717943D6X27FVZ2,411039DJMEE6FWS52GMATRN7,6,25.00,150.00,pending,2026-08-23 16:39:18.391945+08,2026-08-23 16:39:18.391945+08
3502,01M0MX49WN06SZNT4G4B8A10RW,411039DJMEE6FWS52GMATRN7,17,25.00,425.00,delivered,2026-08-23 16:39:18.391945+08,2026-08-23 16:39:18.391945+08
3503,01M0MX49WN06SZNT4G4B8A10RW,414773WE720HJ0P121AG8FHQ,5,350.00,1750.00,delivered,2026-08-23 16:39:18.391945+08,2026-08-23 16:39:18.391945+08
3504,01M0MX49WN06SZNT4G4B8A10RW,41085841ZKREWJPCC4PWVWR7,11,15.00,165.00,delivered,2026-08-23 16:39:18.391945+08,2026-08-23 16:39:18.391945+08
3505,01M0MX49WNDP6CC3RP9P456PTY,412596TV7NC82RBGNTA0W8JZ,20,35.00,700.00,cancelled,2026-08-23 16:39:18.391945+08,2026-08-23 16:39:18.391945+08
3506,01M0MX49WNDP6CC3RP9P456PTY,4162975Y25KN73W7KKDJGX6P,3,245.00,735.00,cancelled,2026-08-23 16:39:18.391945+08,2026-08-23 16:39:18.391945+08
3507,01M0MX49WNZE1XJM85CJ5B24TQ,417359ZGZV0QNH8M3DEYW8G5,8,350.00,2800.00,pending,2026-08-23 16:39:18.391945+08,2026-08-23 16:39:18.391945+08
3508,01M0MX49WNZE1XJM85CJ5B24TQ,4116065CZMHNTR71A86YWAMC,4,350.00,1400.00,pending,2026-08-23 16:39:18.391945+08,2026-08-23 16:39:18.391945+08
3509,01M0MX49WNZE1XJM85CJ5B24TQ,411921G8X1MT1A4Z5EPH3YP4,16,30.00,480.00,pending,2026-08-23 16:39:18.391945+08,2026-08-23 16:39:18.391945+08
3510,01M0MX49WN8GKHFM47VVTS78SN,4088862F2RR4FH8VD6HQ69ZM,4,350.00,1400.00,delivered,2026-08-23 16:39:18.391945+08,2026-08-23 16:39:18.391945+08
3511,01M0MX49WN8GKHFM47VVTS78SN,417359ZGZV0QNH8M3DEYW8G5,13,350.00,4550.00,delivered,2026-08-23 16:39:18.391945+08,2026-08-23 16:39:18.391945+08
3512,01M0MX49WN8GKHFM47VVTS78SN,41150684MEXX0KJ3HG4B279E,3,30.00,90.00,delivered,2026-08-23 16:39:18.391945+08,2026-08-23 16:39:18.391945+08
3514,01M0MX49WNP2SFN1WGQA67WW17,413005KN3WGNAPH6NCQ5JCT9,1,350.00,350.00,delivered,2026-08-23 16:39:18.391945+08,2026-08-23 16:39:18.391945+08
3515,01M0MX49WNP2SFN1WGQA67WW17,417359ZGZV0QNH8M3DEYW8G5,11,350.00,3850.00,delivered,2026-08-23 16:39:18.391945+08,2026-08-23 16:39:18.391945+08
3516,01M0MX49WNP2SFN1WGQA67WW17,4116065CZMHNTR71A86YWAMC,15,350.00,5250.00,delivered,2026-08-23 16:39:18.391945+08,2026-08-23 16:39:18.391945+08
3517,01M0MX49WNEKCCBT6SWHZ1SD45,412596TV7NC82RBGNTA0W8JZ,18,35.00,630.00,pending,2026-08-23 16:39:18.391945+08,2026-08-23 16:39:18.391945+08
3518,01M0MX49WNEKCCBT6SWHZ1SD45,409339V9MK4RHRG0A0XWT91W,7,485.00,3395.00,pending,2026-08-23 16:39:18.391945+08,2026-08-23 16:39:18.391945+08
3519,01M0MX49WNEKCCBT6SWHZ1SD45,414773WE720HJ0P121AG8FHQ,16,350.00,5600.00,pending,2026-08-23 16:39:18.391945+08,2026-08-23 16:39:18.391945+08
3520,01M0MX49WNH76VP0RE3GYK2FQ4,409339V9MK4RHRG0A0XWT91W,6,485.00,2910.00,delivered,2026-08-23 16:39:18.391945+08,2026-08-23 16:39:18.391945+08
3521,01M0MX49WNT50TDVFNMG4604W4,413521JP1792738MBB68XMK5,19,350.00,6650.00,delivered,2026-08-23 16:39:18.391945+08,2026-08-23 16:39:18.391945+08
3527,01M0MX49WN29RXM3PMXPZ1AB0B,410258ZSW0QAXSVS8S3VV7TE,5,35.00,175.00,processing,2026-08-23 16:39:18.391945+08,2026-08-23 16:39:18.391945+08
3528,01M0MX49WN29RXM3PMXPZ1AB0B,413521JP1792738MBB68XMK5,15,350.00,5250.00,processing,2026-08-23 16:39:18.391945+08,2026-08-23 16:39:18.391945+08
3529,01M0MX49WN29RXM3PMXPZ1AB0B,41150684MEXX0KJ3HG4B279E,13,30.00,390.00,processing,2026-08-23 16:39:18.391945+08,2026-08-23 16:39:18.391945+08
3531,01M0MX49WNTMDV7A33HQMBH3C3,407702R5D86R3CBB81E3X29M,20,350.00,7000.00,pending,2026-08-23 16:39:18.391945+08,2026-08-23 16:39:18.391945+08
3532,01M0MX49WN5JM2CFPK98TW0T59,416951J7FD3NBDV1MM1QS36H,9,415.00,3735.00,confirmed,2026-08-23 16:39:18.391945+08,2026-08-23 16:39:18.391945+08
3533,01M0MX49WN88K71ZZS7ZR8DMPA,417359ZGZV0QNH8M3DEYW8G5,10,350.00,3500.00,delivered,2026-08-23 16:39:18.391945+08,2026-08-23 16:39:18.391945+08
3535,01M0MX49WNK5GDANHG7WT6TFDK,407702R5D86R3CBB81E3X29M,18,350.00,6300.00,confirmed,2026-08-23 16:39:18.391945+08,2026-08-23 16:39:18.391945+08
3536,01M0MX49WNK5GDANHG7WT6TFDK,41085841ZKREWJPCC4PWVWR7,4,15.00,60.00,confirmed,2026-08-23 16:39:18.391945+08,2026-08-23 16:39:18.391945+08
3537,01M0MX49WNK5GDANHG7WT6TFDK,412596TV7NC82RBGNTA0W8JZ,16,35.00,560.00,confirmed,2026-08-23 16:39:18.391945+08,2026-08-23 16:39:18.391945+08
3538,01M0MX49WNMJVK6TJ3EGF492V2,409892D87XEVH1ZTZXV5F6C1,14,155.00,2170.00,delivered,2026-08-23 16:39:18.391945+08,2026-08-23 16:39:18.391945+08
3539,01M0MX49WNJM3VWRNW3TVNMWGB,41511344QHQDJBZ4FRV45NKC,7,350.00,2450.00,confirmed,2026-08-23 16:39:18.391945+08,2026-08-23 16:39:18.391945+08
3540,01M0MX49WN24M7FNP2NF2WHFQ9,411039DJMEE6FWS52GMATRN7,2,25.00,50.00,delivered,2026-08-23 16:39:18.391945+08,2026-08-23 16:39:18.391945+08
3541,01M0MX49WN24M7FNP2NF2WHFQ9,4088862F2RR4FH8VD6HQ69ZM,16,350.00,5600.00,delivered,2026-08-23 16:39:18.391945+08,2026-08-23 16:39:18.391945+08
3542,01M0MX49WNB55E21PDAF7JHAJ1,4082223DQAKGCJ8P0XHQQNB2,2,112.00,224.00,delivered,2026-08-23 16:39:18.391945+08,2026-08-23 16:39:18.391945+08
3543,01M0MX49WNB55E21PDAF7JHAJ1,4138050CXS9PQSNF661Q1A1F,3,140.00,420.00,delivered,2026-08-23 16:39:18.391945+08,2026-08-23 16:39:18.391945+08
3544,01M0MX49WNB55E21PDAF7JHAJ1,41150684MEXX0KJ3HG4B279E,20,30.00,600.00,delivered,2026-08-23 16:39:18.391945+08,2026-08-23 16:39:18.391945+08
3545,01M0MX49WN017AMDE8Y3QYXXXV,411921G8X1MT1A4Z5EPH3YP4,5,30.00,150.00,delivered,2026-08-23 16:39:18.391945+08,2026-08-23 16:39:18.391945+08
3546,01M0MX49WN017AMDE8Y3QYXXXV,414773WE720HJ0P121AG8FHQ,2,350.00,700.00,delivered,2026-08-23 16:39:18.391945+08,2026-08-23 16:39:18.391945+08
3547,01M0MX49WN017AMDE8Y3QYXXXV,4116065CZMHNTR71A86YWAMC,2,350.00,700.00,delivered,2026-08-23 16:39:18.391945+08,2026-08-23 16:39:18.391945+08
3551,01M0MX49WNGV2K8V577JP7FXVN,410258ZSW0QAXSVS8S3VV7TE,20,35.00,700.00,pending,2026-08-23 16:39:18.391945+08,2026-08-23 16:39:18.391945+08
3552,01M0MX49WNS662JHN6X5A8S9F6,409420087QNW2D06G06MH7JS,18,350.00,6300.00,delivered,2026-08-23 16:39:18.391945+08,2026-08-23 16:39:18.391945+08
3553,01M0MX49WNS662JHN6X5A8S9F6,411921G8X1MT1A4Z5EPH3YP4,2,30.00,60.00,delivered,2026-08-23 16:39:18.391945+08,2026-08-23 16:39:18.391945+08
3554,01M0MX49WNS662JHN6X5A8S9F6,4162975Y25KN73W7KKDJGX6P,13,245.00,3185.00,delivered,2026-08-23 16:39:18.391945+08,2026-08-23 16:39:18.391945+08
3555,01M0MX49WNBXTVM9KWVFCFBCFK,410258ZSW0QAXSVS8S3VV7TE,5,35.00,175.00,processing,2026-08-23 16:39:18.391945+08,2026-08-23 16:39:18.391945+08
3556,01M0MX49WNBXTVM9KWVFCFBCFK,4116065CZMHNTR71A86YWAMC,15,350.00,5250.00,processing,2026-08-23 16:39:18.391945+08,2026-08-23 16:39:18.391945+08
3557,01M0MX49WN8XRTVHK8J0VK1TBP,4138050CXS9PQSNF661Q1A1F,7,140.00,980.00,delivered,2026-08-23 16:39:18.391945+08,2026-08-23 16:39:18.391945+08
3558,01M0MX49WN8XRTVHK8J0VK1TBP,409892D87XEVH1ZTZXV5F6C1,14,155.00,2170.00,delivered,2026-08-23 16:39:18.391945+08,2026-08-23 16:39:18.391945+08
3559,01M0MX49WNK6MKS4HP4TKCGQQ5,412596TV7NC82RBGNTA0W8JZ,1,35.00,35.00,confirmed,2026-08-23 16:39:18.391945+08,2026-08-23 16:39:18.391945+08
3560,01M0MX49WN2AYM852FVS9QVWGH,412596TV7NC82RBGNTA0W8JZ,2,35.00,70.00,processing,2026-08-23 16:39:18.391945+08,2026-08-23 16:39:18.391945+08
3561,01M0MX49WN2AYM852FVS9QVWGH,409420087QNW2D06G06MH7JS,8,350.00,2800.00,processing,2026-08-23 16:39:18.391945+08,2026-08-23 16:39:18.391945+08
3562,01M0MX49WN2AYM852FVS9QVWGH,407702R5D86R3CBB81E3X29M,3,350.00,1050.00,processing,2026-08-23 16:39:18.391945+08,2026-08-23 16:39:18.391945+08
3563,01M0MX49WN99TMAYANT5RA3KM6,416951J7FD3NBDV1MM1QS36H,2,415.00,830.00,pending,2026-08-23 16:39:18.391945+08,2026-08-23 16:39:18.391945+08
3564,01M0MX49WNZBZ5CHGEVQE8GCN8,4088862F2RR4FH8VD6HQ69ZM,10,350.00,3500.00,confirmed,2026-08-23 16:39:18.391945+08,2026-08-23 16:39:18.391945+08
3565,01M0MX49WNZBZ5CHGEVQE8GCN8,41511344QHQDJBZ4FRV45NKC,20,350.00,7000.00,confirmed,2026-08-23 16:39:18.391945+08,2026-08-23 16:39:18.391945+08
3566,01M0MX49WNZBZ5CHGEVQE8GCN8,4162975Y25KN73W7KKDJGX6P,16,245.00,3920.00,confirmed,2026-08-23 16:39:18.391945+08,2026-08-23 16:39:18.391945+08
3567,01M0MX49WNWG0ZC8Y7424HRAE1,414773WE720HJ0P121AG8FHQ,18,350.00,6300.00,delivered,2026-08-23 16:39:18.391945+08,2026-08-23 16:39:18.391945+08
3571,01M0MX49WNSHGS5YRWAZ8RR60Q,408186TJ449WSVW673RWDK4X,9,30.00,270.00,delivered,2026-08-23 16:39:18.391945+08,2026-08-23 16:39:18.391945+08
3572,01M0MX49WNE0DTXBCK3KAR94E9,4116065CZMHNTR71A86YWAMC,2,350.00,700.00,delivered,2026-08-23 16:39:18.391945+08,2026-08-23 16:39:18.391945+08
3573,01M0MX49WNE0DTXBCK3KAR94E9,4138050CXS9PQSNF661Q1A1F,14,140.00,1960.00,delivered,2026-08-23 16:39:18.391945+08,2026-08-23 16:39:18.391945+08
3574,01M0MX49WNE0DTXBCK3KAR94E9,41085841ZKREWJPCC4PWVWR7,20,15.00,300.00,delivered,2026-08-23 16:39:18.391945+08,2026-08-23 16:39:18.391945+08
3575,01M0MX49WNSK49JFBJDAF8EGH5,41511344QHQDJBZ4FRV45NKC,17,350.00,5950.00,confirmed,2026-08-23 16:39:18.391945+08,2026-08-23 16:39:18.391945+08
3576,01M0MX49WNBVVJ0FV6SY3AJKYA,409339V9MK4RHRG0A0XWT91W,4,485.00,1940.00,confirmed,2026-08-23 16:39:18.391945+08,2026-08-23 16:39:18.391945+08
3577,01M0MX49WNBVVJ0FV6SY3AJKYA,4138050CXS9PQSNF661Q1A1F,5,140.00,700.00,confirmed,2026-08-23 16:39:18.391945+08,2026-08-23 16:39:18.391945+08
3578,01M0MX49WNBVVJ0FV6SY3AJKYA,407702R5D86R3CBB81E3X29M,8,350.00,2800.00,confirmed,2026-08-23 16:39:18.391945+08,2026-08-23 16:39:18.391945+08
3581,01M0MX49WNKN3WR97TPVTDBS2J,416951J7FD3NBDV1MM1QS36H,3,415.00,1245.00,confirmed,2026-08-23 16:39:18.391945+08,2026-08-23 16:39:18.391945+08
3582,01M0MX49WNKN3WR97TPVTDBS2J,407702R5D86R3CBB81E3X29M,9,350.00,3150.00,confirmed,2026-08-23 16:39:18.391945+08,2026-08-23 16:39:18.391945+08
3583,01M0MX49WN0W00D4TETS6PR9PK,4162975Y25KN73W7KKDJGX6P,13,245.00,3185.00,processing,2026-08-23 16:39:18.391945+08,2026-08-23 16:39:18.391945+08
3584,01M0MX49WN7HJVTZPE18T5JSBK,4162975Y25KN73W7KKDJGX6P,6,245.00,1470.00,pending,2026-08-23 16:39:18.391945+08,2026-08-23 16:39:18.391945+08
3588,01M0MX49WNS3PDG6B6MTHX1GGT,412596TV7NC82RBGNTA0W8JZ,7,35.00,245.00,delivered,2026-08-23 16:39:18.391945+08,2026-08-23 16:39:18.391945+08
3589,01M0MX49WNS3PDG6B6MTHX1GGT,409420087QNW2D06G06MH7JS,11,350.00,3850.00,delivered,2026-08-23 16:39:18.391945+08,2026-08-23 16:39:18.391945+08
3590,01M0MX49WNCESBAJSBZ4VGZM7K,407702R5D86R3CBB81E3X29M,4,350.00,1400.00,processing,2026-08-23 16:39:18.391945+08,2026-08-23 16:39:18.391945+08
3591,01M0MX49WNCESBAJSBZ4VGZM7K,410258ZSW0QAXSVS8S3VV7TE,13,35.00,455.00,processing,2026-08-23 16:39:18.391945+08,2026-08-23 16:39:18.391945+08
3592,01M0MX49WNN5MNNYRV9J8508CW,416496PKZM0T9NY433H8KP6M,14,30.00,420.00,delivered,2026-08-23 16:39:18.391945+08,2026-08-23 16:39:18.391945+08
3593,01M0MX49WNN5MNNYRV9J8508CW,412596TV7NC82RBGNTA0W8JZ,19,35.00,665.00,delivered,2026-08-23 16:39:18.391945+08,2026-08-23 16:39:18.391945+08
3594,01M0MX49WNN5MNNYRV9J8508CW,408186TJ449WSVW673RWDK4X,9,30.00,270.00,delivered,2026-08-23 16:39:18.391945+08,2026-08-23 16:39:18.391945+08
3595,01M0MX49WN7YAS1DC3M09T1FV8,4088862F2RR4FH8VD6HQ69ZM,5,350.00,1750.00,cancelled,2026-08-23 16:39:18.391945+08,2026-08-23 16:39:18.391945+08
3596,01M0MX49WN7YAS1DC3M09T1FV8,409420087QNW2D06G06MH7JS,9,350.00,3150.00,cancelled,2026-08-23 16:39:18.391945+08,2026-08-23 16:39:18.391945+08
3597,01M0MX49WN8VH5NHXGMBXSD2D3,410258ZSW0QAXSVS8S3VV7TE,10,35.00,350.00,pending,2026-08-23 16:39:18.391945+08,2026-08-23 16:39:18.391945+08
3599,01M0MX49WN5WT2MSQRWG9JB4KW,413005KN3WGNAPH6NCQ5JCT9,20,350.00,7000.00,confirmed,2026-08-23 16:39:18.391945+08,2026-08-23 16:39:18.391945+08
3600,01M0MX49WN5WT2MSQRWG9JB4KW,409420087QNW2D06G06MH7JS,4,350.00,1400.00,confirmed,2026-08-23 16:39:18.391945+08,2026-08-23 16:39:18.391945+08
3603,01M0MX49WN9G4ZYW9ACVHPD1YT,407702R5D86R3CBB81E3X29M,12,350.00,4200.00,processing,2026-08-23 16:39:18.391945+08,2026-08-23 16:39:18.391945+08
3604,01M0MX49WN9G4ZYW9ACVHPD1YT,411921G8X1MT1A4Z5EPH3YP4,18,30.00,540.00,processing,2026-08-23 16:39:18.391945+08,2026-08-23 16:39:18.391945+08
3605,01M0MX49WN86X8N85M721RWPHX,413521JP1792738MBB68XMK5,9,350.00,3150.00,processing,2026-08-23 16:39:18.391945+08,2026-08-23 16:39:18.391945+08
3606,01M0MX49WN86X8N85M721RWPHX,4082223DQAKGCJ8P0XHQQNB2,18,112.00,2016.00,processing,2026-08-23 16:39:18.391945+08,2026-08-23 16:39:18.391945+08
3607,01M0MX49WN86X8N85M721RWPHX,409892D87XEVH1ZTZXV5F6C1,3,155.00,465.00,processing,2026-08-23 16:39:18.391945+08,2026-08-23 16:39:18.391945+08
3608,01M0MX49WNNXWB7F70675G0J1E,414773WE720HJ0P121AG8FHQ,16,350.00,5600.00,confirmed,2026-08-23 16:39:18.391945+08,2026-08-23 16:39:18.391945+08
3609,01M0MX49WNNXWB7F70675G0J1E,41511344QHQDJBZ4FRV45NKC,8,350.00,2800.00,confirmed,2026-08-23 16:39:18.391945+08,2026-08-23 16:39:18.391945+08
3610,01M0MX49WNWPE7TSCC7BGXC8PA,413005KN3WGNAPH6NCQ5JCT9,2,350.00,700.00,pending,2026-08-23 16:39:18.391945+08,2026-08-23 16:39:18.391945+08
3611,01M0MX49WNWPE7TSCC7BGXC8PA,4088862F2RR4FH8VD6HQ69ZM,4,350.00,1400.00,pending,2026-08-23 16:39:18.391945+08,2026-08-23 16:39:18.391945+08
3612,01M0MX49WNWPE7TSCC7BGXC8PA,413005KN3WGNAPH6NCQ5JCT9,2,350.00,700.00,pending,2026-08-23 16:39:18.391945+08,2026-08-23 16:39:18.391945+08
3613,01M0MX49WNYTY2B185NS2TH7HY,412596TV7NC82RBGNTA0W8JZ,11,35.00,385.00,delivered,2026-08-23 16:39:18.391945+08,2026-08-23 16:39:18.391945+08
3614,01M0MX49WNYTY2B185NS2TH7HY,407702R5D86R3CBB81E3X29M,18,350.00,6300.00,delivered,2026-08-23 16:39:18.391945+08,2026-08-23 16:39:18.391945+08
3615,01M0MX49WN3AZNXAPTZZMXT279,414773WE720HJ0P121AG8FHQ,9,350.00,3150.00,pending,2026-08-23 16:39:18.391945+08,2026-08-23 16:39:18.391945+08
3616,01M0MX49WN3AZNXAPTZZMXT279,409420087QNW2D06G06MH7JS,12,350.00,4200.00,pending,2026-08-23 16:39:18.391945+08,2026-08-23 16:39:18.391945+08
3617,01M0MX49WN3AZNXAPTZZMXT279,410258ZSW0QAXSVS8S3VV7TE,2,35.00,70.00,pending,2026-08-23 16:39:18.391945+08,2026-08-23 16:39:18.391945+08
3618,01M0MX49WNR52C7K08S1CADJR4,413521JP1792738MBB68XMK5,17,350.00,5950.00,confirmed,2026-08-23 16:39:18.391945+08,2026-08-23 16:39:18.391945+08
3619,01M0MX49WNC499BZBNMYV8WVH3,4088862F2RR4FH8VD6HQ69ZM,7,350.00,2450.00,pending,2026-08-23 16:39:18.391945+08,2026-08-23 16:39:18.391945+08
3623,01M0MX49WN90R8M9FB7T1TYRRK,409892D87XEVH1ZTZXV5F6C1,14,155.00,2170.00,confirmed,2026-08-23 16:39:18.391945+08,2026-08-23 16:39:18.391945+08
3624,01M0MX49WN90R8M9FB7T1TYRRK,413005KN3WGNAPH6NCQ5JCT9,12,350.00,4200.00,confirmed,2026-08-23 16:39:18.391945+08,2026-08-23 16:39:18.391945+08
3625,01M0MX49WNPTPE61KF2N9ZDBGA,4082223DQAKGCJ8P0XHQQNB2,1,112.00,112.00,cancelled,2026-08-23 16:39:18.391945+08,2026-08-23 16:39:18.391945+08
3626,01M0MX49WNPTPE61KF2N9ZDBGA,417359ZGZV0QNH8M3DEYW8G5,12,350.00,4200.00,cancelled,2026-08-23 16:39:18.391945+08,2026-08-23 16:39:18.391945+08
3627,01M0MX49WNT3MXPF1WSKKGWDWZ,412596TV7NC82RBGNTA0W8JZ,1,35.00,35.00,confirmed,2026-08-23 16:39:18.391945+08,2026-08-23 16:39:18.391945+08
3630,01M0MX49WNRMAK5YR1RPYPE0TH,407702R5D86R3CBB81E3X29M,5,350.00,1750.00,processing,2026-08-23 16:39:18.391945+08,2026-08-23 16:39:18.391945+08
3631,01M0MX49WNRMAK5YR1RPYPE0TH,4162975Y25KN73W7KKDJGX6P,3,245.00,735.00,processing,2026-08-23 16:39:18.391945+08,2026-08-23 16:39:18.391945+08
3632,01M0MX49WNRMAK5YR1RPYPE0TH,413521JP1792738MBB68XMK5,8,350.00,2800.00,processing,2026-08-23 16:39:18.391945+08,2026-08-23 16:39:18.391945+08
3639,01M0MX49WN7N4028055Q3A7YT0,409892D87XEVH1ZTZXV5F6C1,8,155.00,1240.00,confirmed,2026-08-23 16:39:18.391945+08,2026-08-23 16:39:18.391945+08
3640,01M0MX49WN48WZ2R9D38XBVWT6,4116065CZMHNTR71A86YWAMC,8,350.00,2800.00,confirmed,2026-08-23 16:39:18.391945+08,2026-08-23 16:39:18.391945+08
3641,01M0MX49WN48WZ2R9D38XBVWT6,416496PKZM0T9NY433H8KP6M,14,30.00,420.00,confirmed,2026-08-23 16:39:18.391945+08,2026-08-23 16:39:18.391945+08
3642,01M0MX49WN5HTPATYMC6FCBK4P,408186TJ449WSVW673RWDK4X,3,30.00,90.00,pending,2026-08-23 16:39:18.391945+08,2026-08-23 16:39:18.391945+08
3643,01M0MX49WN5HTPATYMC6FCBK4P,4138050CXS9PQSNF661Q1A1F,16,140.00,2240.00,pending,2026-08-23 16:39:18.391945+08,2026-08-23 16:39:18.391945+08
3644,01M0MX49WN5HTPATYMC6FCBK4P,4082223DQAKGCJ8P0XHQQNB2,8,112.00,896.00,pending,2026-08-23 16:39:18.391945+08,2026-08-23 16:39:18.391945+08
3645,01M0MX49WNMX1RX4QEXJWB5YAJ,412596TV7NC82RBGNTA0W8JZ,5,35.00,175.00,delivered,2026-08-23 16:39:18.391945+08,2026-08-23 16:39:18.391945+08
3646,01M0MX49WNJVNASN7AFP5A35C7,411039DJMEE6FWS52GMATRN7,19,25.00,475.00,confirmed,2026-08-23 16:39:18.391945+08,2026-08-23 16:39:18.391945+08
3647,01M0MX49WNJVNASN7AFP5A35C7,411039DJMEE6FWS52GMATRN7,5,25.00,125.00,confirmed,2026-08-23 16:39:18.391945+08,2026-08-23 16:39:18.391945+08
3648,01M0MX49WNG51N1MBGD1ZWP81C,409892D87XEVH1ZTZXV5F6C1,11,155.00,1705.00,confirmed,2026-08-23 16:39:18.391945+08,2026-08-23 16:39:18.391945+08
3649,01M0MX49WNG51N1MBGD1ZWP81C,4116065CZMHNTR71A86YWAMC,3,350.00,1050.00,confirmed,2026-08-23 16:39:18.391945+08,2026-08-23 16:39:18.391945+08
3650,01M0MX49WNSPBZQ3VVFNW8YX9C,412596TV7NC82RBGNTA0W8JZ,16,35.00,560.00,processing,2026-08-23 16:39:18.391945+08,2026-08-23 16:39:18.391945+08
3651,01M0MX49WNEBFW849H9AEE9YG0,409420087QNW2D06G06MH7JS,6,350.00,2100.00,delivered,2026-08-23 16:39:18.391945+08,2026-08-23 16:39:18.391945+08
3652,01M0MX49WNEBFW849H9AEE9YG0,4116065CZMHNTR71A86YWAMC,14,350.00,4900.00,delivered,2026-08-23 16:39:18.391945+08,2026-08-23 16:39:18.391945+08
3653,01M0MX49WNRXYYB21SS9TV5FED,411921G8X1MT1A4Z5EPH3YP4,4,30.00,120.00,delivered,2026-08-23 16:39:18.391945+08,2026-08-23 16:39:18.391945+08
3654,01M0MX49WNRXYYB21SS9TV5FED,41511344QHQDJBZ4FRV45NKC,2,350.00,700.00,delivered,2026-08-23 16:39:18.391945+08,2026-08-23 16:39:18.391945+08
3655,01M0MX49WNRXYYB21SS9TV5FED,41150684MEXX0KJ3HG4B279E,1,30.00,30.00,delivered,2026-08-23 16:39:18.391945+08,2026-08-23 16:39:18.391945+08
3656,01M0MX49WNS1JJTJS3QZTRSCE0,408186TJ449WSVW673RWDK4X,17,30.00,510.00,cancelled,2026-08-23 16:39:18.391945+08,2026-08-23 16:39:18.391945+08
3657,01M0MX49WNMMRKZQWF3285867J,41511344QHQDJBZ4FRV45NKC,13,350.00,4550.00,delivered,2026-08-23 16:39:18.391945+08,2026-08-23 16:39:18.391945+08
3658,01M0MX49WNMMRKZQWF3285867J,41085841ZKREWJPCC4PWVWR7,18,15.00,270.00,delivered,2026-08-23 16:39:18.391945+08,2026-08-23 16:39:18.391945+08
3659,01M0MX49WN70GW3Y1WGN34Z1SE,409892D87XEVH1ZTZXV5F6C1,11,155.00,1705.00,delivered,2026-08-23 16:39:18.391945+08,2026-08-23 16:39:18.391945+08
3661,01M0MX49WNCAMAC1QKKDTB2PK3,413005KN3WGNAPH6NCQ5JCT9,15,350.00,5250.00,cancelled,2026-08-23 16:39:18.391945+08,2026-08-23 16:39:18.391945+08
3662,01M0MX49WNCAMAC1QKKDTB2PK3,41150684MEXX0KJ3HG4B279E,10,30.00,300.00,cancelled,2026-08-23 16:39:18.391945+08,2026-08-23 16:39:18.391945+08
3663,01M0MX49WNJF8FHQ297QJ0ZEJ0,417359ZGZV0QNH8M3DEYW8G5,19,350.00,6650.00,delivered,2026-08-23 16:39:18.391945+08,2026-08-23 16:39:18.391945+08
3664,01M0MX49WNJF8FHQ297QJ0ZEJ0,408186TJ449WSVW673RWDK4X,3,30.00,90.00,delivered,2026-08-23 16:39:18.391945+08,2026-08-23 16:39:18.391945+08
3665,01M0MX49WNJF8FHQ297QJ0ZEJ0,41511344QHQDJBZ4FRV45NKC,1,350.00,350.00,delivered,2026-08-23 16:39:18.391945+08,2026-08-23 16:39:18.391945+08
3669,01M0MX49WNWSEF9T1Y971N6V8K,4116065CZMHNTR71A86YWAMC,8,350.00,2800.00,delivered,2026-08-23 16:39:18.391945+08,2026-08-23 16:39:18.391945+08
3670,01M0MX49WNWSEF9T1Y971N6V8K,416951J7FD3NBDV1MM1QS36H,16,415.00,6640.00,delivered,2026-08-23 16:39:18.391945+08,2026-08-23 16:39:18.391945+08
3671,01M0MX49WNFS7K9KJJVA8TWGZZ,408186TJ449WSVW673RWDK4X,19,30.00,570.00,pending,2026-08-23 16:39:18.391945+08,2026-08-23 16:39:18.391945+08
3672,01M0MX49WNFS7K9KJJVA8TWGZZ,408186TJ449WSVW673RWDK4X,14,30.00,420.00,pending,2026-08-23 16:39:18.391945+08,2026-08-23 16:39:18.391945+08
3673,01M0MX49WNFS7K9KJJVA8TWGZZ,416951J7FD3NBDV1MM1QS36H,11,415.00,4565.00,pending,2026-08-23 16:39:18.391945+08,2026-08-23 16:39:18.391945+08
3674,01M0MX49WNW0MN5N2V95CWYJFY,41511344QHQDJBZ4FRV45NKC,2,350.00,700.00,confirmed,2026-08-23 16:39:18.391945+08,2026-08-23 16:39:18.391945+08
3675,01M0MX49WN5GTTQNQ7WJ3P63YW,412596TV7NC82RBGNTA0W8JZ,20,35.00,700.00,processing,2026-08-23 16:39:18.391945+08,2026-08-23 16:39:18.391945+08
3676,01M0MX49WN5GTTQNQ7WJ3P63YW,409892D87XEVH1ZTZXV5F6C1,4,155.00,620.00,processing,2026-08-23 16:39:18.391945+08,2026-08-23 16:39:18.391945+08
3677,01M0MX49WNCVJQP7RWNE2AGMRE,416951J7FD3NBDV1MM1QS36H,9,415.00,3735.00,confirmed,2026-08-23 16:39:18.391945+08,2026-08-23 16:39:18.391945+08
3678,01M0MX49WNSTDYT2RK1HSBH893,416951J7FD3NBDV1MM1QS36H,9,415.00,3735.00,processing,2026-08-23 16:39:18.391945+08,2026-08-23 16:39:18.391945+08
3679,01M0MX49WNHXYPE9SZ8PAM0WF2,411039DJMEE6FWS52GMATRN7,9,25.00,225.00,delivered,2026-08-23 16:39:18.391945+08,2026-08-23 16:39:18.391945+08
3680,01M0MX49WN81HN95M2Z098XHVH,408186TJ449WSVW673RWDK4X,6,30.00,180.00,pending,2026-08-23 16:39:18.391945+08,2026-08-23 16:39:18.391945+08
3681,01M0MX49WN81HN95M2Z098XHVH,409420087QNW2D06G06MH7JS,20,350.00,7000.00,pending,2026-08-23 16:39:18.391945+08,2026-08-23 16:39:18.391945+08
3682,01M0MX49WN81HN95M2Z098XHVH,407702R5D86R3CBB81E3X29M,18,350.00,6300.00,pending,2026-08-23 16:39:18.391945+08,2026-08-23 16:39:18.391945+08
3683,01M0MX49WN931C7482QEAS9TF3,411921G8X1MT1A4Z5EPH3YP4,1,30.00,30.00,delivered,2026-08-23 16:39:18.391945+08,2026-08-23 16:39:18.391945+08
3684,01M0MX49WN2J6M5HBBPMF5X6EA,41150684MEXX0KJ3HG4B279E,15,30.00,450.00,confirmed,2026-08-23 16:39:18.391945+08,2026-08-23 16:39:18.391945+08
3685,01M0MX49WN2J6M5HBBPMF5X6EA,408186TJ449WSVW673RWDK4X,5,30.00,150.00,confirmed,2026-08-23 16:39:18.391945+08,2026-08-23 16:39:18.391945+08
3686,01M0MX49WN2J6M5HBBPMF5X6EA,416496PKZM0T9NY433H8KP6M,10,30.00,300.00,confirmed,2026-08-23 16:39:18.391945+08,2026-08-23 16:39:18.391945+08
3687,01M0MX49WN8TTRY37E303VYJMQ,416496PKZM0T9NY433H8KP6M,14,30.00,420.00,delivered,2026-08-23 16:39:18.391945+08,2026-08-23 16:39:18.391945+08
3688,01M0MX49WN44YEY6CAKPNAYRV1,414773WE720HJ0P121AG8FHQ,4,350.00,1400.00,confirmed,2026-08-23 16:39:18.391945+08,2026-08-23 16:39:18.391945+08
3689,01M0MX49WN4SM6K5BBX845FK3A,4088862F2RR4FH8VD6HQ69ZM,3,350.00,1050.00,delivered,2026-08-23 16:39:18.391945+08,2026-08-23 16:39:18.391945+08
3690,01M0MX49WN4SM6K5BBX845FK3A,409892D87XEVH1ZTZXV5F6C1,6,155.00,930.00,delivered,2026-08-23 16:39:18.391945+08,2026-08-23 16:39:18.391945+08
3691,01M0MX49WN4SM6K5BBX845FK3A,408186TJ449WSVW673RWDK4X,11,30.00,330.00,delivered,2026-08-23 16:39:18.391945+08,2026-08-23 16:39:18.391945+08
3695,01M0MX49WN70J37KENK5624DM9,409892D87XEVH1ZTZXV5F6C1,7,155.00,1085.00,cancelled,2026-08-23 16:39:18.391945+08,2026-08-23 16:39:18.391945+08
3696,01M0MX49WN70J37KENK5624DM9,410258ZSW0QAXSVS8S3VV7TE,2,35.00,70.00,cancelled,2026-08-23 16:39:18.391945+08,2026-08-23 16:39:18.391945+08
3697,01M0MX49WN70J37KENK5624DM9,413005KN3WGNAPH6NCQ5JCT9,1,350.00,350.00,cancelled,2026-08-23 16:39:18.391945+08,2026-08-23 16:39:18.391945+08
3698,01M0MX49WNEWG3QN8S5XRGF8YP,4088862F2RR4FH8VD6HQ69ZM,7,350.00,2450.00,pending,2026-08-23 16:39:18.391945+08,2026-08-23 16:39:18.391945+08
3699,01M0MX49WNEWG3QN8S5XRGF8YP,414773WE720HJ0P121AG8FHQ,16,350.00,5600.00,pending,2026-08-23 16:39:18.391945+08,2026-08-23 16:39:18.391945+08
3701,01M0MX49WNGAS4M8RV5J0HTBSF,408186TJ449WSVW673RWDK4X,7,30.00,210.00,confirmed,2026-08-23 16:39:18.391945+08,2026-08-23 16:39:18.391945+08
3702,01M0MX49WNPYAW7V76EEQ367CW,410258ZSW0QAXSVS8S3VV7TE,20,35.00,700.00,processing,2026-08-23 16:39:18.391945+08,2026-08-23 16:39:18.391945+08
3703,01M0MX49WNPYAW7V76EEQ367CW,409339V9MK4RHRG0A0XWT91W,6,485.00,2910.00,processing,2026-08-23 16:39:18.391945+08,2026-08-23 16:39:18.391945+08
3704,01M0MX49WNGR9DMBB88EZRDB3K,4082223DQAKGCJ8P0XHQQNB2,13,112.00,1456.00,processing,2026-08-23 16:39:18.391945+08,2026-08-23 16:39:18.391945+08
3705,01M0MX49WNGR9DMBB88EZRDB3K,413005KN3WGNAPH6NCQ5JCT9,19,350.00,6650.00,processing,2026-08-23 16:39:18.391945+08,2026-08-23 16:39:18.391945+08
3708,01M0MX49WNW9ZHEFT3R3TC55MW,413005KN3WGNAPH6NCQ5JCT9,13,350.00,4550.00,delivered,2026-08-23 16:39:18.391945+08,2026-08-23 16:39:18.391945+08
3709,01M0MX49WNW9ZHEFT3R3TC55MW,4082223DQAKGCJ8P0XHQQNB2,12,112.00,1344.00,delivered,2026-08-23 16:39:18.391945+08,2026-08-23 16:39:18.391945+08
3711,01M0MX49WNQXKVZJAM12P4VVX6,409892D87XEVH1ZTZXV5F6C1,8,155.00,1240.00,processing,2026-08-23 16:39:18.391945+08,2026-08-23 16:39:18.391945+08
3712,01M0MX49WNQXKVZJAM12P4VVX6,411039DJMEE6FWS52GMATRN7,14,25.00,350.00,processing,2026-08-23 16:39:18.391945+08,2026-08-23 16:39:18.391945+08
3713,01M0MX49WNQD3WXV9GD3WP2D3F,411039DJMEE6FWS52GMATRN7,4,25.00,100.00,confirmed,2026-08-23 16:39:18.391945+08,2026-08-23 16:39:18.391945+08
3714,01M0MX49WNQD3WXV9GD3WP2D3F,4138050CXS9PQSNF661Q1A1F,13,140.00,1820.00,confirmed,2026-08-23 16:39:18.391945+08,2026-08-23 16:39:18.391945+08
3715,01M0MX49WNFZMEWKRNGPBPKT6D,411921G8X1MT1A4Z5EPH3YP4,20,30.00,600.00,delivered,2026-08-23 16:39:18.391945+08,2026-08-23 16:39:18.391945+08
3716,01M0MX49WNFZMEWKRNGPBPKT6D,41150684MEXX0KJ3HG4B279E,8,30.00,240.00,delivered,2026-08-23 16:39:18.391945+08,2026-08-23 16:39:18.391945+08
3717,01M0MX49WN4QMYA5KRYVYFW331,409339V9MK4RHRG0A0XWT91W,14,485.00,6790.00,confirmed,2026-08-23 16:39:18.391945+08,2026-08-23 16:39:18.391945+08
3718,01M0MX49WN4QMYA5KRYVYFW331,407702R5D86R3CBB81E3X29M,18,350.00,6300.00,confirmed,2026-08-23 16:39:18.391945+08,2026-08-23 16:39:18.391945+08
3719,01M0MX49WN4QMYA5KRYVYFW331,409892D87XEVH1ZTZXV5F6C1,9,155.00,1395.00,confirmed,2026-08-23 16:39:18.391945+08,2026-08-23 16:39:18.391945+08
3720,01M0MX49WNDQZEFGFMTVF4PP86,41150684MEXX0KJ3HG4B279E,13,30.00,390.00,processing,2026-08-23 16:39:18.391945+08,2026-08-23 16:39:18.391945+08
3721,01M0MX49WNDQZEFGFMTVF4PP86,414773WE720HJ0P121AG8FHQ,2,350.00,700.00,processing,2026-08-23 16:39:18.391945+08,2026-08-23 16:39:18.391945+08
3723,01M0MX49WNG8ZCD5C8N6GZ3V8B,412596TV7NC82RBGNTA0W8JZ,6,35.00,210.00,processing,2026-08-23 16:39:18.391945+08,2026-08-23 16:39:18.391945+08
3724,01M0MX49WND7T82KP3JMKHNM37,4116065CZMHNTR71A86YWAMC,20,350.00,7000.00,confirmed,2026-08-23 16:39:18.391945+08,2026-08-23 16:39:18.391945+08
3725,01M0MX49WND7T82KP3JMKHNM37,4082223DQAKGCJ8P0XHQQNB2,11,112.00,1232.00,confirmed,2026-08-23 16:39:18.391945+08,2026-08-23 16:39:18.391945+08
3726,01M0MX49WND7T82KP3JMKHNM37,41511344QHQDJBZ4FRV45NKC,20,350.00,7000.00,confirmed,2026-08-23 16:39:18.391945+08,2026-08-23 16:39:18.391945+08
3727,01M0MX49WNZZN0Y5DCQA9QJ875,409420087QNW2D06G06MH7JS,13,350.00,4550.00,pending,2026-08-23 16:39:18.391945+08,2026-08-23 16:39:18.391945+08
3728,01M0MX49WNZZN0Y5DCQA9QJ875,413521JP1792738MBB68XMK5,11,350.00,3850.00,pending,2026-08-23 16:39:18.391945+08,2026-08-23 16:39:18.391945+08
3729,01M0MX49WNZZN0Y5DCQA9QJ875,4138050CXS9PQSNF661Q1A1F,18,140.00,2520.00,pending,2026-08-23 16:39:18.391945+08,2026-08-23 16:39:18.391945+08
3730,01M0MX49WNWMQ3AT8N1E7HGBNS,409339V9MK4RHRG0A0XWT91W,12,485.00,5820.00,delivered,2026-08-23 16:39:18.391945+08,2026-08-23 16:39:18.391945+08
3731,01M0MX49WNWMQ3AT8N1E7HGBNS,410258ZSW0QAXSVS8S3VV7TE,7,35.00,245.00,delivered,2026-08-23 16:39:18.391945+08,2026-08-23 16:39:18.391945+08
3732,01M0MX49WNWMQ3AT8N1E7HGBNS,417359ZGZV0QNH8M3DEYW8G5,18,350.00,6300.00,delivered,2026-08-23 16:39:18.391945+08,2026-08-23 16:39:18.391945+08
3733,01M0MX49WN0CR7F2GYPSKY4NAR,416951J7FD3NBDV1MM1QS36H,6,415.00,2490.00,delivered,2026-08-23 16:39:18.391945+08,2026-08-23 16:39:18.391945+08
3734,01M0MX49WNJ8WT3XV9TGP18HEY,410258ZSW0QAXSVS8S3VV7TE,8,35.00,280.00,confirmed,2026-08-23 16:39:18.391945+08,2026-08-23 16:39:18.391945+08
3735,01M0MX49WN07DSF4TWQE14ZAY5,408186TJ449WSVW673RWDK4X,4,30.00,120.00,pending,2026-08-23 16:39:18.391945+08,2026-08-23 16:39:18.391945+08
3736,01M0MX49WN9RNAECG0J4H1AKBH,407702R5D86R3CBB81E3X29M,6,350.00,2100.00,processing,2026-08-23 16:39:18.391945+08,2026-08-23 16:39:18.391945+08
3737,01M0MX49WN9RNAECG0J4H1AKBH,416951J7FD3NBDV1MM1QS36H,10,415.00,4150.00,processing,2026-08-23 16:39:18.391945+08,2026-08-23 16:39:18.391945+08
3738,01M0MX49WNS87GCKC3C5WX70S2,4088862F2RR4FH8VD6HQ69ZM,2,350.00,700.00,confirmed,2026-08-23 16:39:18.391945+08,2026-08-23 16:39:18.391945+08
3739,01M0MX49WNS87GCKC3C5WX70S2,414773WE720HJ0P121AG8FHQ,4,350.00,1400.00,confirmed,2026-08-23 16:39:18.391945+08,2026-08-23 16:39:18.391945+08
3740,01M0MX49WNS87GCKC3C5WX70S2,4162975Y25KN73W7KKDJGX6P,13,245.00,3185.00,confirmed,2026-08-23 16:39:18.391945+08,2026-08-23 16:39:18.391945+08
3741,01M0MX49WN6FF0KQBCMMVPQHBK,413521JP1792738MBB68XMK5,3,350.00,1050.00,delivered,2026-08-23 16:39:18.391945+08,2026-08-23 16:39:18.391945+08
3742,01M0MX49WN6FF0KQBCMMVPQHBK,413521JP1792738MBB68XMK5,17,350.00,5950.00,delivered,2026-08-23 16:39:18.391945+08,2026-08-23 16:39:18.391945+08
3743,01M0MX49WN4TJ0WNY7HTTFK8JW,410258ZSW0QAXSVS8S3VV7TE,20,35.00,700.00,pending,2026-08-23 16:39:18.391945+08,2026-08-23 16:39:18.391945+08
3744,01M0MX49WN4TJ0WNY7HTTFK8JW,41511344QHQDJBZ4FRV45NKC,4,350.00,1400.00,pending,2026-08-23 16:39:18.391945+08,2026-08-23 16:39:18.391945+08
3745,01M0MX49WN4TJ0WNY7HTTFK8JW,412596TV7NC82RBGNTA0W8JZ,13,35.00,455.00,pending,2026-08-23 16:39:18.391945+08,2026-08-23 16:39:18.391945+08
3746,01M0MX49WN4B843TD6DZKZTQ3D,409892D87XEVH1ZTZXV5F6C1,14,155.00,2170.00,delivered,2026-08-23 16:39:18.391945+08,2026-08-23 16:39:18.391945+08
3747,01M0MX49WN4B843TD6DZKZTQ3D,408186TJ449WSVW673RWDK4X,1,30.00,30.00,delivered,2026-08-23 16:39:18.391945+08,2026-08-23 16:39:18.391945+08
3748,01M0MX49WNJSNM38RKHTY9YM0E,4116065CZMHNTR71A86YWAMC,9,350.00,3150.00,confirmed,2026-08-23 16:39:18.391945+08,2026-08-23 16:39:18.391945+08
3751,01M0MX49WNA7VJMR4WG442JKGK,41085841ZKREWJPCC4PWVWR7,18,15.00,270.00,confirmed,2026-08-23 16:39:18.391945+08,2026-08-23 16:39:18.391945+08
3752,01M0MX49WNA7VJMR4WG442JKGK,408186TJ449WSVW673RWDK4X,8,30.00,240.00,confirmed,2026-08-23 16:39:18.391945+08,2026-08-23 16:39:18.391945+08
3753,01M0MX49WN4DZ7H8JWR1TYKCSQ,4162975Y25KN73W7KKDJGX6P,12,245.00,2940.00,pending,2026-08-23 16:39:18.391945+08,2026-08-23 16:39:18.391945+08
3754,01M0MX49WN4DZ7H8JWR1TYKCSQ,410258ZSW0QAXSVS8S3VV7TE,4,35.00,140.00,pending,2026-08-23 16:39:18.391945+08,2026-08-23 16:39:18.391945+08
3755,01M0MX49WNSS80M1Q8YCND1DGA,4162975Y25KN73W7KKDJGX6P,8,245.00,1960.00,confirmed,2026-08-23 16:39:18.391945+08,2026-08-23 16:39:18.391945+08
3756,01M0MX49WNE2HPSCW5VBVBJ3XT,4116065CZMHNTR71A86YWAMC,10,350.00,3500.00,processing,2026-08-23 16:39:18.391945+08,2026-08-23 16:39:18.391945+08
3757,01M0MX49WNE2HPSCW5VBVBJ3XT,409892D87XEVH1ZTZXV5F6C1,5,155.00,775.00,processing,2026-08-23 16:39:18.391945+08,2026-08-23 16:39:18.391945+08
3758,01M0MX49WNE2HPSCW5VBVBJ3XT,413005KN3WGNAPH6NCQ5JCT9,3,350.00,1050.00,processing,2026-08-23 16:39:18.391945+08,2026-08-23 16:39:18.391945+08
3760,01M0MX49WN4Y4TCDY5GFT99Q0Q,4082223DQAKGCJ8P0XHQQNB2,16,112.00,1792.00,pending,2026-08-23 16:39:18.391945+08,2026-08-23 16:39:18.391945+08
3761,01M0MX49WN4Y4TCDY5GFT99Q0Q,408186TJ449WSVW673RWDK4X,19,30.00,570.00,pending,2026-08-23 16:39:18.391945+08,2026-08-23 16:39:18.391945+08
3762,01M0MX49WN06SJQSAS8M5B28TP,414773WE720HJ0P121AG8FHQ,14,350.00,4900.00,pending,2026-08-23 16:39:18.391945+08,2026-08-23 16:39:18.391945+08
3763,01M0MX49WN06SJQSAS8M5B28TP,416951J7FD3NBDV1MM1QS36H,11,415.00,4565.00,pending,2026-08-23 16:39:18.391945+08,2026-08-23 16:39:18.391945+08
3764,01M0MX49WNAYRS2WSPKA59EG80,412596TV7NC82RBGNTA0W8JZ,20,35.00,700.00,pending,2026-08-23 16:39:18.391945+08,2026-08-23 16:39:18.391945+08
3765,01M0MX49WNAYRS2WSPKA59EG80,41150684MEXX0KJ3HG4B279E,1,30.00,30.00,pending,2026-08-23 16:39:18.391945+08,2026-08-23 16:39:18.391945+08
3766,01M0MX49WNAYRS2WSPKA59EG80,414773WE720HJ0P121AG8FHQ,7,350.00,2450.00,pending,2026-08-23 16:39:18.391945+08,2026-08-23 16:39:18.391945+08
3767,01M0MX49WNJEST9JJZBNCRB6FX,411921G8X1MT1A4Z5EPH3YP4,11,30.00,330.00,delivered,2026-08-23 16:39:18.391945+08,2026-08-23 16:39:18.391945+08
3768,01M0MX49WNJEST9JJZBNCRB6FX,413005KN3WGNAPH6NCQ5JCT9,8,350.00,2800.00,delivered,2026-08-23 16:39:18.391945+08,2026-08-23 16:39:18.391945+08
3769,01M0MX49WNJEST9JJZBNCRB6FX,409892D87XEVH1ZTZXV5F6C1,15,155.00,2325.00,delivered,2026-08-23 16:39:18.391945+08,2026-08-23 16:39:18.391945+08
3773,01M0MX49WNE9ZFV5YSJDXHHPJ6,4116065CZMHNTR71A86YWAMC,6,350.00,2100.00,confirmed,2026-08-23 16:39:18.391945+08,2026-08-23 16:39:18.391945+08
3774,01M0MX49WNE9ZFV5YSJDXHHPJ6,409339V9MK4RHRG0A0XWT91W,15,485.00,7275.00,confirmed,2026-08-23 16:39:18.391945+08,2026-08-23 16:39:18.391945+08
3775,01M0MX49WNE9ZFV5YSJDXHHPJ6,4116065CZMHNTR71A86YWAMC,2,350.00,700.00,confirmed,2026-08-23 16:39:18.391945+08,2026-08-23 16:39:18.391945+08
3779,01M0MX49WN8YBNPPG8E9WH5EKA,416951J7FD3NBDV1MM1QS36H,9,415.00,3735.00,confirmed,2026-08-23 16:39:18.391945+08,2026-08-23 16:39:18.391945+08
3780,01M0MX49WN8YBNPPG8E9WH5EKA,408186TJ449WSVW673RWDK4X,11,30.00,330.00,confirmed,2026-08-23 16:39:18.391945+08,2026-08-23 16:39:18.391945+08
3781,01M0MX49WNAGF1HA6B9XVYBNJ3,413005KN3WGNAPH6NCQ5JCT9,6,350.00,2100.00,delivered,2026-08-23 16:39:18.391945+08,2026-08-23 16:39:18.391945+08
3782,01M0MX49WNAGF1HA6B9XVYBNJ3,41511344QHQDJBZ4FRV45NKC,10,350.00,3500.00,delivered,2026-08-23 16:39:18.391945+08,2026-08-23 16:39:18.391945+08
3783,01M0MX49WNAGF1HA6B9XVYBNJ3,408186TJ449WSVW673RWDK4X,7,30.00,210.00,delivered,2026-08-23 16:39:18.391945+08,2026-08-23 16:39:18.391945+08
3784,01M0MX49WN0MNDSDVMTWJ2CTT9,408186TJ449WSVW673RWDK4X,20,30.00,600.00,cancelled,2026-08-23 16:39:18.391945+08,2026-08-23 16:39:18.391945+08
3785,01M0MX49WN0MNDSDVMTWJ2CTT9,414773WE720HJ0P121AG8FHQ,16,350.00,5600.00,cancelled,2026-08-23 16:39:18.391945+08,2026-08-23 16:39:18.391945+08
3786,01M0MX49WNKDE476ZW8YM3CGWQ,41511344QHQDJBZ4FRV45NKC,6,350.00,2100.00,confirmed,2026-08-23 16:39:18.391945+08,2026-08-23 16:39:18.391945+08
3787,01M0MX49WNKDE476ZW8YM3CGWQ,408186TJ449WSVW673RWDK4X,16,30.00,480.00,confirmed,2026-08-23 16:39:18.391945+08,2026-08-23 16:39:18.391945+08
3788,01M0MX49WNF6FAG2A4JCG61X89,41511344QHQDJBZ4FRV45NKC,16,350.00,5600.00,confirmed,2026-08-23 16:39:18.391945+08,2026-08-23 16:39:18.391945+08
3789,01M0MX49WN9ZGHCRPE0ZMAZ9K0,416951J7FD3NBDV1MM1QS36H,7,415.00,2905.00,cancelled,2026-08-23 16:39:18.391945+08,2026-08-23 16:39:18.391945+08
3790,01M0MX49WNC6SV188GPQT1DANK,416496PKZM0T9NY433H8KP6M,11,30.00,330.00,delivered,2026-08-23 16:39:18.391945+08,2026-08-23 16:39:18.391945+08
3791,01M0MX49WNC6SV188GPQT1DANK,4116065CZMHNTR71A86YWAMC,2,350.00,700.00,delivered,2026-08-23 16:39:18.391945+08,2026-08-23 16:39:18.391945+08
3792,01M0MX49WNC6SV188GPQT1DANK,4082223DQAKGCJ8P0XHQQNB2,15,112.00,1680.00,delivered,2026-08-23 16:39:18.391945+08,2026-08-23 16:39:18.391945+08
3793,01M0MX49WNAQSSH7NQG6P1GPG7,413005KN3WGNAPH6NCQ5JCT9,18,350.00,6300.00,confirmed,2026-08-23 16:39:18.391945+08,2026-08-23 16:39:18.391945+08
3794,01M0MX49WNAQSSH7NQG6P1GPG7,4088862F2RR4FH8VD6HQ69ZM,12,350.00,4200.00,confirmed,2026-08-23 16:39:18.391945+08,2026-08-23 16:39:18.391945+08
3795,01M0MX49WNXRS44ZRHPVN57MTY,416951J7FD3NBDV1MM1QS36H,14,415.00,5810.00,delivered,2026-08-23 16:39:18.391945+08,2026-08-23 16:39:18.391945+08
3796,01M0MX49WNXRS44ZRHPVN57MTY,412596TV7NC82RBGNTA0W8JZ,10,35.00,350.00,delivered,2026-08-23 16:39:18.391945+08,2026-08-23 16:39:18.391945+08
3800,01M0MX49WN96HK2JMD9W08JJ4S,41511344QHQDJBZ4FRV45NKC,17,350.00,5950.00,confirmed,2026-08-23 16:39:18.391945+08,2026-08-23 16:39:18.391945+08
3803,01M0MX49WNQQ00KAXG25N8BP3X,4082223DQAKGCJ8P0XHQQNB2,16,112.00,1792.00,cancelled,2026-08-23 16:39:18.391945+08,2026-08-23 16:39:18.391945+08
3804,01M0MX49WNQQ00KAXG25N8BP3X,409339V9MK4RHRG0A0XWT91W,6,485.00,2910.00,cancelled,2026-08-23 16:39:18.391945+08,2026-08-23 16:39:18.391945+08
3805,01M0MX49WNQQ00KAXG25N8BP3X,409420087QNW2D06G06MH7JS,8,350.00,2800.00,cancelled,2026-08-23 16:39:18.391945+08,2026-08-23 16:39:18.391945+08
3806,01M0MX49WN3QEY23AZA5WBNH15,41511344QHQDJBZ4FRV45NKC,5,350.00,1750.00,pending,2026-08-23 16:39:18.391945+08,2026-08-23 16:39:18.391945+08
3807,01M0MX49WN3QEY23AZA5WBNH15,417359ZGZV0QNH8M3DEYW8G5,16,350.00,5600.00,pending,2026-08-23 16:39:18.391945+08,2026-08-23 16:39:18.391945+08
3808,01M0MX49WN3QEY23AZA5WBNH15,409420087QNW2D06G06MH7JS,11,350.00,3850.00,pending,2026-08-23 16:39:18.391945+08,2026-08-23 16:39:18.391945+08
3809,01M0MX49WNGBQMK8Y5WM9J06BC,41511344QHQDJBZ4FRV45NKC,17,350.00,5950.00,delivered,2026-08-23 16:39:18.391945+08,2026-08-23 16:39:18.391945+08
3810,01M0MX49WNCC7ZN7MJCVT4DMCY,409892D87XEVH1ZTZXV5F6C1,10,155.00,1550.00,processing,2026-08-23 16:39:18.391945+08,2026-08-23 16:39:18.391945+08
3811,01M0MX49WNCC7ZN7MJCVT4DMCY,408186TJ449WSVW673RWDK4X,4,30.00,120.00,processing,2026-08-23 16:39:18.391945+08,2026-08-23 16:39:18.391945+08
3814,01M0MX49WNPQY50Q65Q09CYDQJ,4082223DQAKGCJ8P0XHQQNB2,7,112.00,784.00,confirmed,2026-08-23 16:39:18.391945+08,2026-08-23 16:39:18.391945+08
3815,01M0MX49WNY5JRZ9PWPB97DKAW,41085841ZKREWJPCC4PWVWR7,5,15.00,75.00,cancelled,2026-08-23 16:39:18.391945+08,2026-08-23 16:39:18.391945+08
3816,01M0MX49WNY5JRZ9PWPB97DKAW,41150684MEXX0KJ3HG4B279E,18,30.00,540.00,cancelled,2026-08-23 16:39:18.391945+08,2026-08-23 16:39:18.391945+08
3819,01M0MX49WNA0H4BX8KHA9YNH4S,416496PKZM0T9NY433H8KP6M,12,30.00,360.00,confirmed,2026-08-23 16:39:18.391945+08,2026-08-23 16:39:18.391945+08
3820,01M0MX49WNA0H4BX8KHA9YNH4S,41150684MEXX0KJ3HG4B279E,7,30.00,210.00,confirmed,2026-08-23 16:39:18.391945+08,2026-08-23 16:39:18.391945+08
3822,01M0MX49WNKC6VEW89FH1MKYFY,409339V9MK4RHRG0A0XWT91W,15,485.00,7275.00,cancelled,2026-08-23 16:39:18.391945+08,2026-08-23 16:39:18.391945+08
3824,01M0MX49WNJBZ9FG7E58WSJVN5,414773WE720HJ0P121AG8FHQ,17,350.00,5950.00,pending,2026-08-23 16:39:18.391945+08,2026-08-23 16:39:18.391945+08
3825,01M0MX49WNJBZ9FG7E58WSJVN5,409420087QNW2D06G06MH7JS,20,350.00,7000.00,pending,2026-08-23 16:39:18.391945+08,2026-08-23 16:39:18.391945+08
3826,01M0MX49WN4JP9KQ3JMXM6R68P,413005KN3WGNAPH6NCQ5JCT9,16,350.00,5600.00,pending,2026-08-23 16:39:18.391945+08,2026-08-23 16:39:18.391945+08
3827,01M0MX49WN4JP9KQ3JMXM6R68P,4162975Y25KN73W7KKDJGX6P,2,245.00,490.00,pending,2026-08-23 16:39:18.391945+08,2026-08-23 16:39:18.391945+08
3828,01M0MX49WN8ZAAD94E01P3T00C,412596TV7NC82RBGNTA0W8JZ,1,35.00,35.00,confirmed,2026-08-23 16:39:18.391945+08,2026-08-23 16:39:18.391945+08
3829,01M0MX49WNTKZQ7FWTNA6H34N9,416496PKZM0T9NY433H8KP6M,16,30.00,480.00,cancelled,2026-08-23 16:39:18.391945+08,2026-08-23 16:39:18.391945+08
3830,01M0MX49WNTKZQ7FWTNA6H34N9,417359ZGZV0QNH8M3DEYW8G5,16,350.00,5600.00,cancelled,2026-08-23 16:39:18.391945+08,2026-08-23 16:39:18.391945+08
3831,01M0MX49WNTKZQ7FWTNA6H34N9,413005KN3WGNAPH6NCQ5JCT9,18,350.00,6300.00,cancelled,2026-08-23 16:39:18.391945+08,2026-08-23 16:39:18.391945+08
3832,01M0MX49WN1TCBJQEAZR44Z8WC,4082223DQAKGCJ8P0XHQQNB2,5,112.00,560.00,pending,2026-08-23 16:39:18.391945+08,2026-08-23 16:39:18.391945+08
3833,01M0MX49WNB8SQCFT6YMEJWP21,413521JP1792738MBB68XMK5,14,350.00,4900.00,delivered,2026-08-23 16:39:18.391945+08,2026-08-23 16:39:18.391945+08
3834,01M0MX49WNRF267Z9DB0NGVX7P,41085841ZKREWJPCC4PWVWR7,2,15.00,30.00,pending,2026-08-23 16:39:18.391945+08,2026-08-23 16:39:18.391945+08
3835,01M0MX49WNRF267Z9DB0NGVX7P,409892D87XEVH1ZTZXV5F6C1,4,155.00,620.00,pending,2026-08-23 16:39:18.391945+08,2026-08-23 16:39:18.391945+08
3836,01M0MX49WNRF267Z9DB0NGVX7P,410258ZSW0QAXSVS8S3VV7TE,9,35.00,315.00,pending,2026-08-23 16:39:18.391945+08,2026-08-23 16:39:18.391945+08
3837,01M0MX49WNDG08X5HMXES38QME,409420087QNW2D06G06MH7JS,11,350.00,3850.00,delivered,2026-08-23 16:39:18.391945+08,2026-08-23 16:39:18.391945+08
3838,01M0MX49WNDG08X5HMXES38QME,411039DJMEE6FWS52GMATRN7,11,25.00,275.00,delivered,2026-08-23 16:39:18.391945+08,2026-08-23 16:39:18.391945+08
3839,01M0MX49WNDG08X5HMXES38QME,41085841ZKREWJPCC4PWVWR7,6,15.00,90.00,delivered,2026-08-23 16:39:18.391945+08,2026-08-23 16:39:18.391945+08
3840,01M0MX49WN87ZQB5YGJRNJAYYF,408186TJ449WSVW673RWDK4X,1,30.00,30.00,delivered,2026-08-23 16:39:18.391945+08,2026-08-23 16:39:18.391945+08
3841,01M0MX49WN87ZQB5YGJRNJAYYF,411039DJMEE6FWS52GMATRN7,13,25.00,325.00,delivered,2026-08-23 16:39:18.391945+08,2026-08-23 16:39:18.391945+08
3842,01M0MX49WNN7H42D0ZMWBTCWFZ,407702R5D86R3CBB81E3X29M,3,350.00,1050.00,delivered,2026-08-23 16:39:18.391945+08,2026-08-23 16:39:18.391945+08
3843,01M0MX49WNN7H42D0ZMWBTCWFZ,409339V9MK4RHRG0A0XWT91W,17,485.00,8245.00,delivered,2026-08-23 16:39:18.391945+08,2026-08-23 16:39:18.391945+08
3844,01M0MX49WNN7H42D0ZMWBTCWFZ,41511344QHQDJBZ4FRV45NKC,9,350.00,3150.00,delivered,2026-08-23 16:39:18.391945+08,2026-08-23 16:39:18.391945+08
3845,01M0MX49WN584Q5WVJ66RNTBP0,414773WE720HJ0P121AG8FHQ,20,350.00,7000.00,confirmed,2026-08-23 16:39:18.391945+08,2026-08-23 16:39:18.391945+08
3846,01M0MX49WN626P1N2QAVJZF1F1,417359ZGZV0QNH8M3DEYW8G5,1,350.00,350.00,delivered,2026-08-23 16:39:18.391945+08,2026-08-23 16:39:18.391945+08
3847,01M0MX49WN626P1N2QAVJZF1F1,416951J7FD3NBDV1MM1QS36H,9,415.00,3735.00,delivered,2026-08-23 16:39:18.391945+08,2026-08-23 16:39:18.391945+08
3848,01M0MX49WN71KEYS4M41P234G0,416496PKZM0T9NY433H8KP6M,19,30.00,570.00,processing,2026-08-23 16:39:18.391945+08,2026-08-23 16:39:18.391945+08
3849,01M0MX49WN71KEYS4M41P234G0,41085841ZKREWJPCC4PWVWR7,3,15.00,45.00,processing,2026-08-23 16:39:18.391945+08,2026-08-23 16:39:18.391945+08
3850,01M0MX49WN9PTQRPQ3VAYFZYC6,4116065CZMHNTR71A86YWAMC,3,350.00,1050.00,cancelled,2026-08-23 16:39:18.391945+08,2026-08-23 16:39:18.391945+08
3851,01M0MX49WN9D58JM2EGX1SZ1GW,409892D87XEVH1ZTZXV5F6C1,19,155.00,2945.00,delivered,2026-08-23 16:39:18.391945+08,2026-08-23 16:39:18.391945+08
3852,01M0MX49WNDWVS74TAR7T905CQ,409339V9MK4RHRG0A0XWT91W,12,485.00,5820.00,delivered,2026-08-23 16:39:18.391945+08,2026-08-23 16:39:18.391945+08
3853,01M0MX49WN29FN63TDBFWB4MPK,4088862F2RR4FH8VD6HQ69ZM,10,350.00,3500.00,pending,2026-08-23 16:39:18.391945+08,2026-08-23 16:39:18.391945+08
3854,01M0MX49WN29FN63TDBFWB4MPK,411039DJMEE6FWS52GMATRN7,7,25.00,175.00,pending,2026-08-23 16:39:18.391945+08,2026-08-23 16:39:18.391945+08
3855,01M0MX49WN29FN63TDBFWB4MPK,41511344QHQDJBZ4FRV45NKC,10,350.00,3500.00,pending,2026-08-23 16:39:18.391945+08,2026-08-23 16:39:18.391945+08
3856,01M0MX49WNC6ZG6B7032EQZYFH,417359ZGZV0QNH8M3DEYW8G5,9,350.00,3150.00,processing,2026-08-23 16:39:18.391945+08,2026-08-23 16:39:18.391945+08
3857,01M0MX49WNC6ZG6B7032EQZYFH,41511344QHQDJBZ4FRV45NKC,19,350.00,6650.00,processing,2026-08-23 16:39:18.391945+08,2026-08-23 16:39:18.391945+08
3858,01M0MX49WNYJG44J77WMPZ41SH,414773WE720HJ0P121AG8FHQ,7,350.00,2450.00,processing,2026-08-23 16:39:18.391945+08,2026-08-23 16:39:18.391945+08
3859,01M0MX49WNDBK885T5R55SB9YC,41085841ZKREWJPCC4PWVWR7,15,15.00,225.00,cancelled,2026-08-23 16:39:18.391945+08,2026-08-23 16:39:18.391945+08
3860,01M0MX49WNDBK885T5R55SB9YC,414773WE720HJ0P121AG8FHQ,3,350.00,1050.00,cancelled,2026-08-23 16:39:18.391945+08,2026-08-23 16:39:18.391945+08
3861,01M0MX49WNM2DWAZNNFDXC4GN4,4138050CXS9PQSNF661Q1A1F,17,140.00,2380.00,processing,2026-08-23 16:39:18.391945+08,2026-08-23 16:39:18.391945+08
3862,01M0MX49WNM2DWAZNNFDXC4GN4,416496PKZM0T9NY433H8KP6M,6,30.00,180.00,processing,2026-08-23 16:39:18.391945+08,2026-08-23 16:39:18.391945+08
3863,01M0MX49WNEHGKM3XH4GJJVZXZ,4162975Y25KN73W7KKDJGX6P,5,245.00,1225.00,cancelled,2026-08-23 16:39:18.391945+08,2026-08-23 16:39:18.391945+08
3864,01M0MX49WNEHGKM3XH4GJJVZXZ,410258ZSW0QAXSVS8S3VV7TE,19,35.00,665.00,cancelled,2026-08-23 16:39:18.391945+08,2026-08-23 16:39:18.391945+08
3865,01M0MX49WNEHGKM3XH4GJJVZXZ,409339V9MK4RHRG0A0XWT91W,14,485.00,6790.00,cancelled,2026-08-23 16:39:18.391945+08,2026-08-23 16:39:18.391945+08
3870,01M0MX49WN2JHYMNA682EJZK6J,408186TJ449WSVW673RWDK4X,6,30.00,180.00,confirmed,2026-08-23 16:39:18.391945+08,2026-08-23 16:39:18.391945+08
3871,01M0MX49WNTTA4F3VVMKGG15VN,409892D87XEVH1ZTZXV5F6C1,12,155.00,1860.00,pending,2026-08-23 16:39:18.391945+08,2026-08-23 16:39:18.391945+08
3872,01M0MX49WNTTA4F3VVMKGG15VN,412596TV7NC82RBGNTA0W8JZ,13,35.00,455.00,pending,2026-08-23 16:39:18.391945+08,2026-08-23 16:39:18.391945+08
3873,01M0MX49WNTTA4F3VVMKGG15VN,411039DJMEE6FWS52GMATRN7,19,25.00,475.00,pending,2026-08-23 16:39:18.391945+08,2026-08-23 16:39:18.391945+08
3874,01M0MX49WNHE3FQFAXW58WT6DW,413005KN3WGNAPH6NCQ5JCT9,12,350.00,4200.00,confirmed,2026-08-23 16:39:18.391945+08,2026-08-23 16:39:18.391945+08
3875,01M0MX49WNK30X1ZNJ2D09V3N5,409892D87XEVH1ZTZXV5F6C1,11,155.00,1705.00,confirmed,2026-08-23 16:39:18.391945+08,2026-08-23 16:39:18.391945+08
3876,01M0MX49WNK30X1ZNJ2D09V3N5,413005KN3WGNAPH6NCQ5JCT9,4,350.00,1400.00,confirmed,2026-08-23 16:39:18.391945+08,2026-08-23 16:39:18.391945+08
3877,01M0MX49WNFDA9584KJ8FG6RCH,417359ZGZV0QNH8M3DEYW8G5,15,350.00,5250.00,delivered,2026-08-23 16:39:18.391945+08,2026-08-23 16:39:18.391945+08
3878,01M0MX49WNFDA9584KJ8FG6RCH,410258ZSW0QAXSVS8S3VV7TE,6,35.00,210.00,delivered,2026-08-23 16:39:18.391945+08,2026-08-23 16:39:18.391945+08
3879,01M0MX49WNTWW4A7GGDHEE6J0G,416496PKZM0T9NY433H8KP6M,19,30.00,570.00,processing,2026-08-23 16:39:18.391945+08,2026-08-23 16:39:18.391945+08
3880,01M0MX49WNTWW4A7GGDHEE6J0G,412596TV7NC82RBGNTA0W8JZ,14,35.00,490.00,processing,2026-08-23 16:39:18.391945+08,2026-08-23 16:39:18.391945+08
3881,01M0MX49WNTWW4A7GGDHEE6J0G,4162975Y25KN73W7KKDJGX6P,16,245.00,3920.00,processing,2026-08-23 16:39:18.391945+08,2026-08-23 16:39:18.391945+08
3882,01M0MX49WNX9W0F0TAHBGMHQPP,4082223DQAKGCJ8P0XHQQNB2,11,112.00,1232.00,confirmed,2026-08-23 16:39:18.391945+08,2026-08-23 16:39:18.391945+08
3883,01M0MX49WNX9W0F0TAHBGMHQPP,411921G8X1MT1A4Z5EPH3YP4,13,30.00,390.00,confirmed,2026-08-23 16:39:18.391945+08,2026-08-23 16:39:18.391945+08
3884,01M0MX49WN5Z48RXJDFP5VTD3N,408186TJ449WSVW673RWDK4X,4,30.00,120.00,pending,2026-08-23 16:39:18.391945+08,2026-08-23 16:39:18.391945+08
3885,01M0MX49WNRBE7PS86EZS0B53R,412596TV7NC82RBGNTA0W8JZ,13,35.00,455.00,processing,2026-08-23 16:39:18.391945+08,2026-08-23 16:39:18.391945+08
3886,01M0MX49WNRBE7PS86EZS0B53R,412596TV7NC82RBGNTA0W8JZ,1,35.00,35.00,processing,2026-08-23 16:39:18.391945+08,2026-08-23 16:39:18.391945+08
3889,01M0MX49WND5VVE3MAKZV4Y5JC,407702R5D86R3CBB81E3X29M,3,350.00,1050.00,pending,2026-08-23 16:39:18.391945+08,2026-08-23 16:39:18.391945+08
3890,01M0MX49WND5VVE3MAKZV4Y5JC,416951J7FD3NBDV1MM1QS36H,5,415.00,2075.00,pending,2026-08-23 16:39:18.391945+08,2026-08-23 16:39:18.391945+08
3892,01M0MX49WN0X50QT262G086RWA,416951J7FD3NBDV1MM1QS36H,10,415.00,4150.00,confirmed,2026-08-23 16:39:18.391945+08,2026-08-23 16:39:18.391945+08
3893,01M0MX49WNPE93C8ZC21NQ77H0,41150684MEXX0KJ3HG4B279E,3,30.00,90.00,confirmed,2026-08-23 16:39:18.391945+08,2026-08-23 16:39:18.391945+08
3894,01M0MX49WNJYC3HRYYC8VEVEZW,4138050CXS9PQSNF661Q1A1F,1,140.00,140.00,confirmed,2026-08-23 16:39:18.391945+08,2026-08-23 16:39:18.391945+08
3895,01M0MX49WNJYC3HRYYC8VEVEZW,411921G8X1MT1A4Z5EPH3YP4,6,30.00,180.00,confirmed,2026-08-23 16:39:18.391945+08,2026-08-23 16:39:18.391945+08
3896,01M0MX49WNJYC3HRYYC8VEVEZW,4138050CXS9PQSNF661Q1A1F,4,140.00,560.00,confirmed,2026-08-23 16:39:18.391945+08,2026-08-23 16:39:18.391945+08
3899,01M0MX49WNGS7Q25SDETB18XMB,4162975Y25KN73W7KKDJGX6P,5,245.00,1225.00,delivered,2026-08-23 16:39:18.391945+08,2026-08-23 16:39:18.391945+08
3900,01M0MX49WNA7F5FT1Y1FYFTGN4,4162975Y25KN73W7KKDJGX6P,11,245.00,2695.00,delivered,2026-08-23 16:39:18.391945+08,2026-08-23 16:39:18.391945+08
3901,01M0MX49WN65HPHT2CZ979ZW2A,41150684MEXX0KJ3HG4B279E,20,30.00,600.00,delivered,2026-08-23 16:39:18.391945+08,2026-08-23 16:39:18.391945+08
3902,01M0MX49WN65HPHT2CZ979ZW2A,4162975Y25KN73W7KKDJGX6P,18,245.00,4410.00,delivered,2026-08-23 16:39:18.391945+08,2026-08-23 16:39:18.391945+08
3903,01M0MX49WN65HPHT2CZ979ZW2A,413521JP1792738MBB68XMK5,12,350.00,4200.00,delivered,2026-08-23 16:39:18.391945+08,2026-08-23 16:39:18.391945+08
3904,01M0MX49WND9KHBBZT81XAAY0P,409420087QNW2D06G06MH7JS,8,350.00,2800.00,delivered,2026-08-23 16:39:18.391945+08,2026-08-23 16:39:18.391945+08
3905,01M0MX49WND9KHBBZT81XAAY0P,4082223DQAKGCJ8P0XHQQNB2,6,112.00,672.00,delivered,2026-08-23 16:39:18.391945+08,2026-08-23 16:39:18.391945+08
3906,01M0MX49WND9KHBBZT81XAAY0P,4088862F2RR4FH8VD6HQ69ZM,12,350.00,4200.00,delivered,2026-08-23 16:39:18.391945+08,2026-08-23 16:39:18.391945+08
3907,01M0MX49WN2YZMEDV81P3BM71Q,4082223DQAKGCJ8P0XHQQNB2,20,112.00,2240.00,confirmed,2026-08-23 16:39:18.391945+08,2026-08-23 16:39:18.391945+08
3908,01M0MX49WNN7CWBTV3J0RB81FB,4088862F2RR4FH8VD6HQ69ZM,5,350.00,1750.00,delivered,2026-08-23 16:39:18.391945+08,2026-08-23 16:39:18.391945+08
3909,01M0MX49WNN7CWBTV3J0RB81FB,411921G8X1MT1A4Z5EPH3YP4,7,30.00,210.00,delivered,2026-08-23 16:39:18.391945+08,2026-08-23 16:39:18.391945+08
3910,01M0MX49WNN7CWBTV3J0RB81FB,407702R5D86R3CBB81E3X29M,7,350.00,2450.00,delivered,2026-08-23 16:39:18.391945+08,2026-08-23 16:39:18.391945+08
3911,01M0MX49WNCAHDWV4GBS9Q8BBR,4162975Y25KN73W7KKDJGX6P,6,245.00,1470.00,processing,2026-08-23 16:39:18.391945+08,2026-08-23 16:39:18.391945+08
3912,01M0MX49WNCAHDWV4GBS9Q8BBR,41150684MEXX0KJ3HG4B279E,5,30.00,150.00,processing,2026-08-23 16:39:18.391945+08,2026-08-23 16:39:18.391945+08
3913,01M0MX49WNP1D19F83HGZFSFEJ,411921G8X1MT1A4Z5EPH3YP4,2,30.00,60.00,confirmed,2026-08-23 16:39:18.391945+08,2026-08-23 16:39:18.391945+08
3914,01M0MX49WNP1D19F83HGZFSFEJ,414773WE720HJ0P121AG8FHQ,14,350.00,4900.00,confirmed,2026-08-23 16:39:18.391945+08,2026-08-23 16:39:18.391945+08
3915,01M0MX49WNP1D19F83HGZFSFEJ,417359ZGZV0QNH8M3DEYW8G5,6,350.00,2100.00,confirmed,2026-08-23 16:39:18.391945+08,2026-08-23 16:39:18.391945+08
3916,01M0MX49WN3Q55CX4MCSQRNX7P,416496PKZM0T9NY433H8KP6M,3,30.00,90.00,delivered,2026-08-23 16:39:18.391945+08,2026-08-23 16:39:18.391945+08
3917,01M0MX49WNTJHHWHAMRWD7P3Z5,413005KN3WGNAPH6NCQ5JCT9,13,350.00,4550.00,delivered,2026-08-23 16:39:18.391945+08,2026-08-23 16:39:18.391945+08
3918,01M0MX49WNT46YCAG7CJKKNVSD,412596TV7NC82RBGNTA0W8JZ,17,35.00,595.00,confirmed,2026-08-23 16:39:18.391945+08,2026-08-23 16:39:18.391945+08
3919,01M0MX49WNKKFKERYWWQF6HESB,411921G8X1MT1A4Z5EPH3YP4,13,30.00,390.00,delivered,2026-08-23 16:39:18.391945+08,2026-08-23 16:39:18.391945+08
3920,01M0MX49WNDCC5NYWY4249AJWZ,41150684MEXX0KJ3HG4B279E,9,30.00,270.00,delivered,2026-08-23 16:39:18.391945+08,2026-08-23 16:39:18.391945+08
3921,01M0MX49WNDCC5NYWY4249AJWZ,413005KN3WGNAPH6NCQ5JCT9,4,350.00,1400.00,delivered,2026-08-23 16:39:18.391945+08,2026-08-23 16:39:18.391945+08
3922,01M0MX49WN5TQEH6D0BASCCJ3W,408186TJ449WSVW673RWDK4X,12,30.00,360.00,delivered,2026-08-23 16:39:18.391945+08,2026-08-23 16:39:18.391945+08
3923,01M0MX49WN5TQEH6D0BASCCJ3W,411921G8X1MT1A4Z5EPH3YP4,11,30.00,330.00,delivered,2026-08-23 16:39:18.391945+08,2026-08-23 16:39:18.391945+08
3924,01M0MX49WN22TFCC9KQ6RAF64Z,417359ZGZV0QNH8M3DEYW8G5,14,350.00,4900.00,cancelled,2026-08-23 16:39:18.391945+08,2026-08-23 16:39:18.391945+08
3925,01M0MX49WN8WYG8CYEMM0VGGV9,413521JP1792738MBB68XMK5,5,350.00,1750.00,delivered,2026-08-23 16:39:18.391945+08,2026-08-23 16:39:18.391945+08
3926,01M0MX49WN8WYG8CYEMM0VGGV9,409420087QNW2D06G06MH7JS,11,350.00,3850.00,delivered,2026-08-23 16:39:18.391945+08,2026-08-23 16:39:18.391945+08
3927,01M0MX49WN8WYG8CYEMM0VGGV9,41085841ZKREWJPCC4PWVWR7,19,15.00,285.00,delivered,2026-08-23 16:39:18.391945+08,2026-08-23 16:39:18.391945+08
3928,01M0MX49WNRD2YBZ7FTQ885T3X,416496PKZM0T9NY433H8KP6M,14,30.00,420.00,confirmed,2026-08-23 16:39:18.391945+08,2026-08-23 16:39:18.391945+08
3929,01M0MX49WNRD2YBZ7FTQ885T3X,407702R5D86R3CBB81E3X29M,15,350.00,5250.00,confirmed,2026-08-23 16:39:18.391945+08,2026-08-23 16:39:18.391945+08
3930,01M0MX49WNRD2YBZ7FTQ885T3X,416951J7FD3NBDV1MM1QS36H,2,415.00,830.00,confirmed,2026-08-23 16:39:18.391945+08,2026-08-23 16:39:18.391945+08
3931,01M0MX49WNR3Y90W5TNN70TB6H,4138050CXS9PQSNF661Q1A1F,2,140.00,280.00,delivered,2026-08-23 16:39:18.391945+08,2026-08-23 16:39:18.391945+08
3932,01M0MX49WNR3Y90W5TNN70TB6H,4082223DQAKGCJ8P0XHQQNB2,12,112.00,1344.00,delivered,2026-08-23 16:39:18.391945+08,2026-08-23 16:39:18.391945+08
3933,01M0MX49WNZ0E1HCPCXE4CG2HT,416951J7FD3NBDV1MM1QS36H,1,415.00,415.00,processing,2026-08-23 16:39:18.391945+08,2026-08-23 16:39:18.391945+08
3934,01M0MX49WNZ0E1HCPCXE4CG2HT,410258ZSW0QAXSVS8S3VV7TE,9,35.00,315.00,processing,2026-08-23 16:39:18.391945+08,2026-08-23 16:39:18.391945+08
3935,01M0MX49WNZ0E1HCPCXE4CG2HT,417359ZGZV0QNH8M3DEYW8G5,10,350.00,3500.00,processing,2026-08-23 16:39:18.391945+08,2026-08-23 16:39:18.391945+08
3936,01M0MX49WNSDA9FVJ6EQBKA0E3,409892D87XEVH1ZTZXV5F6C1,10,155.00,1550.00,processing,2026-08-23 16:39:18.391945+08,2026-08-23 16:39:18.391945+08
3937,01M0MX49WNSDA9FVJ6EQBKA0E3,413005KN3WGNAPH6NCQ5JCT9,2,350.00,700.00,processing,2026-08-23 16:39:18.391945+08,2026-08-23 16:39:18.391945+08
3938,01M0MX49WNCQP4K3PAB00TBBKW,407702R5D86R3CBB81E3X29M,18,350.00,6300.00,pending,2026-08-23 16:39:18.391945+08,2026-08-23 16:39:18.391945+08
3939,01M0MX49WNCQP4K3PAB00TBBKW,4162975Y25KN73W7KKDJGX6P,8,245.00,1960.00,pending,2026-08-23 16:39:18.391945+08,2026-08-23 16:39:18.391945+08
3940,01M0MX49WNCQP4K3PAB00TBBKW,417359ZGZV0QNH8M3DEYW8G5,3,350.00,1050.00,pending,2026-08-23 16:39:18.391945+08,2026-08-23 16:39:18.391945+08
3941,01M0MX49WNZRTW1ZAQERJAY67D,41511344QHQDJBZ4FRV45NKC,16,350.00,5600.00,pending,2026-08-23 16:39:18.391945+08,2026-08-23 16:39:18.391945+08
3942,01M0MX49WNZRTW1ZAQERJAY67D,41150684MEXX0KJ3HG4B279E,9,30.00,270.00,pending,2026-08-23 16:39:18.391945+08,2026-08-23 16:39:18.391945+08
3943,01M0MX49WNZRTW1ZAQERJAY67D,4138050CXS9PQSNF661Q1A1F,15,140.00,2100.00,pending,2026-08-23 16:39:18.391945+08,2026-08-23 16:39:18.391945+08
3944,01M0MX49WNWFQJ710AEMVYC406,408186TJ449WSVW673RWDK4X,19,30.00,570.00,confirmed,2026-08-23 16:39:18.391945+08,2026-08-23 16:39:18.391945+08
3945,01M0MX49WNWFQJ710AEMVYC406,416496PKZM0T9NY433H8KP6M,2,30.00,60.00,confirmed,2026-08-23 16:39:18.391945+08,2026-08-23 16:39:18.391945+08
3946,01M0MX49WNWFQJ710AEMVYC406,413521JP1792738MBB68XMK5,11,350.00,3850.00,confirmed,2026-08-23 16:39:18.391945+08,2026-08-23 16:39:18.391945+08
3947,01M0MX49WNZW6ZCHP1J8VRFN6T,413005KN3WGNAPH6NCQ5JCT9,4,350.00,1400.00,pending,2026-08-23 16:39:18.391945+08,2026-08-23 16:39:18.391945+08
3948,01M0MX49WNZW6ZCHP1J8VRFN6T,4162975Y25KN73W7KKDJGX6P,17,245.00,4165.00,pending,2026-08-23 16:39:18.391945+08,2026-08-23 16:39:18.391945+08
3949,01M0MX49WNZW6ZCHP1J8VRFN6T,413521JP1792738MBB68XMK5,11,350.00,3850.00,pending,2026-08-23 16:39:18.391945+08,2026-08-23 16:39:18.391945+08
3950,01M0MX49WNXPFYDDRM5ZY4GQRV,417359ZGZV0QNH8M3DEYW8G5,9,350.00,3150.00,processing,2026-08-23 16:39:18.391945+08,2026-08-23 16:39:18.391945+08
3951,01M0MX49WN8S0HQCE60QX46VZR,4116065CZMHNTR71A86YWAMC,7,350.00,2450.00,delivered,2026-08-23 16:39:18.391945+08,2026-08-23 16:39:18.391945+08
3952,01M0MX49WN8S0HQCE60QX46VZR,412596TV7NC82RBGNTA0W8JZ,9,35.00,315.00,delivered,2026-08-23 16:39:18.391945+08,2026-08-23 16:39:18.391945+08
3956,01M0MX49WNWF868SYCT1RM0Q8F,417359ZGZV0QNH8M3DEYW8G5,9,350.00,3150.00,confirmed,2026-08-23 16:39:18.391945+08,2026-08-23 16:39:18.391945+08
3957,01M0MX49WNWF868SYCT1RM0Q8F,408186TJ449WSVW673RWDK4X,2,30.00,60.00,confirmed,2026-08-23 16:39:18.391945+08,2026-08-23 16:39:18.391945+08
3958,01M0MX49WNWF868SYCT1RM0Q8F,4082223DQAKGCJ8P0XHQQNB2,13,112.00,1456.00,confirmed,2026-08-23 16:39:18.391945+08,2026-08-23 16:39:18.391945+08
3959,01M0MX49WN468M0CVZZBVNTDRZ,409420087QNW2D06G06MH7JS,14,350.00,4900.00,delivered,2026-08-23 16:39:18.391945+08,2026-08-23 16:39:18.391945+08
3960,01M0MX49WN468M0CVZZBVNTDRZ,409339V9MK4RHRG0A0XWT91W,1,485.00,485.00,delivered,2026-08-23 16:39:18.391945+08,2026-08-23 16:39:18.391945+08
3961,01M0MX49WNPRDTS0R8ETVGXPZ9,414773WE720HJ0P121AG8FHQ,15,350.00,5250.00,delivered,2026-08-23 16:39:18.391945+08,2026-08-23 16:39:18.391945+08
3962,01M0MX49WNPRDTS0R8ETVGXPZ9,4082223DQAKGCJ8P0XHQQNB2,11,112.00,1232.00,delivered,2026-08-23 16:39:18.391945+08,2026-08-23 16:39:18.391945+08
3963,01M0MX49WN9JF5FSYS1G69E6AP,41085841ZKREWJPCC4PWVWR7,11,15.00,165.00,confirmed,2026-08-23 16:39:18.391945+08,2026-08-23 16:39:18.391945+08
3964,01M0MX49WN62MD7BR1Z2F714Y4,41085841ZKREWJPCC4PWVWR7,20,15.00,300.00,pending,2026-08-23 16:39:18.391945+08,2026-08-23 16:39:18.391945+08
3965,01M0MX49WN62MD7BR1Z2F714Y4,416496PKZM0T9NY433H8KP6M,19,30.00,570.00,pending,2026-08-23 16:39:18.391945+08,2026-08-23 16:39:18.391945+08
3968,01M0MX49WNKPZ89PJ0NY42P7G3,4138050CXS9PQSNF661Q1A1F,15,140.00,2100.00,confirmed,2026-08-23 16:39:18.391945+08,2026-08-23 16:39:18.391945+08
3969,01M0MX49WNKPZ89PJ0NY42P7G3,41511344QHQDJBZ4FRV45NKC,15,350.00,5250.00,confirmed,2026-08-23 16:39:18.391945+08,2026-08-23 16:39:18.391945+08
3970,01M0MX49WNAEX4WNB28B0VYXTW,417359ZGZV0QNH8M3DEYW8G5,13,350.00,4550.00,confirmed,2026-08-23 16:39:18.391945+08,2026-08-23 16:39:18.391945+08
3971,01M0MX49WNAEX4WNB28B0VYXTW,414773WE720HJ0P121AG8FHQ,13,350.00,4550.00,confirmed,2026-08-23 16:39:18.391945+08,2026-08-23 16:39:18.391945+08
3972,01M0MX49WNAEX4WNB28B0VYXTW,407702R5D86R3CBB81E3X29M,19,350.00,6650.00,confirmed,2026-08-23 16:39:18.391945+08,2026-08-23 16:39:18.391945+08
3976,01M0MX49WNF4XWXBHQGZXT0FCH,411039DJMEE6FWS52GMATRN7,15,25.00,375.00,delivered,2026-08-23 16:39:18.391945+08,2026-08-23 16:39:18.391945+08
3977,01M0MX49WNF4XWXBHQGZXT0FCH,409420087QNW2D06G06MH7JS,5,350.00,1750.00,delivered,2026-08-23 16:39:18.391945+08,2026-08-23 16:39:18.391945+08
3981,01M0MX49WNCN4V8RJ6N9M9E2N4,4162975Y25KN73W7KKDJGX6P,18,245.00,4410.00,delivered,2026-08-23 16:39:18.391945+08,2026-08-23 16:39:18.391945+08
3982,01M0MX49WNY3XTQNJ3YZ2JADMW,4116065CZMHNTR71A86YWAMC,13,350.00,4550.00,processing,2026-08-23 16:39:18.391945+08,2026-08-23 16:39:18.391945+08
3983,01M0MX49WNR41328D0T5C117B0,412596TV7NC82RBGNTA0W8JZ,10,35.00,350.00,confirmed,2026-08-23 16:39:18.391945+08,2026-08-23 16:39:18.391945+08
3984,01M0MX49WN1EGRWD9J9SANCSW2,4162975Y25KN73W7KKDJGX6P,18,245.00,4410.00,delivered,2026-08-23 16:39:18.391945+08,2026-08-23 16:39:18.391945+08
3985,01M0MX49WN1EGRWD9J9SANCSW2,41150684MEXX0KJ3HG4B279E,12,30.00,360.00,delivered,2026-08-23 16:39:18.391945+08,2026-08-23 16:39:18.391945+08
3986,01M0MX49WN1EGRWD9J9SANCSW2,409339V9MK4RHRG0A0XWT91W,14,485.00,6790.00,delivered,2026-08-23 16:39:18.391945+08,2026-08-23 16:39:18.391945+08
3987,01M0MX49WNCTHB50RETBFQB9W4,413005KN3WGNAPH6NCQ5JCT9,4,350.00,1400.00,confirmed,2026-08-23 16:39:18.391945+08,2026-08-23 16:39:18.391945+08
3988,01M0MX49WNCTHB50RETBFQB9W4,411039DJMEE6FWS52GMATRN7,11,25.00,275.00,confirmed,2026-08-23 16:39:18.391945+08,2026-08-23 16:39:18.391945+08
3991,01M0MX49WNY53RGWVKX41N007W,417359ZGZV0QNH8M3DEYW8G5,6,350.00,2100.00,delivered,2026-08-23 16:39:18.391945+08,2026-08-23 16:39:18.391945+08
3992,01M0MX49WNY53RGWVKX41N007W,4162975Y25KN73W7KKDJGX6P,10,245.00,2450.00,delivered,2026-08-23 16:39:18.391945+08,2026-08-23 16:39:18.391945+08
3997,01M0MX49WN49D91MDTW56CFJHR,4082223DQAKGCJ8P0XHQQNB2,17,112.00,1904.00,confirmed,2026-08-23 16:39:18.391945+08,2026-08-23 16:39:18.391945+08
3998,01M0MX49WN49D91MDTW56CFJHR,413521JP1792738MBB68XMK5,20,350.00,7000.00,confirmed,2026-08-23 16:39:18.391945+08,2026-08-23 16:39:18.391945+08
3999,01M0MX49WN49D91MDTW56CFJHR,412596TV7NC82RBGNTA0W8JZ,14,35.00,490.00,confirmed,2026-08-23 16:39:18.391945+08,2026-08-23 16:39:18.391945+08
4000,01M0MX49WNW92RSH8979Q0DM5Z,417359ZGZV0QNH8M3DEYW8G5,19,350.00,6650.00,confirmed,2026-08-23 16:39:18.391945+08,2026-08-23 16:39:18.391945+08
4001,01M0MX49WNW1AGSZX7832ZT7F7,409420087QNW2D06G06MH7JS,20,350.00,7000.00,delivered,2026-08-23 16:39:18.391945+08,2026-08-23 16:39:18.391945+08
4002,01M0MX49WNW1AGSZX7832ZT7F7,413005KN3WGNAPH6NCQ5JCT9,13,350.00,4550.00,delivered,2026-08-23 16:39:18.391945+08,2026-08-23 16:39:18.391945+08
4004,01M0MX49WNBD7T5CNT6T6A3R9Y,417359ZGZV0QNH8M3DEYW8G5,16,350.00,5600.00,delivered,2026-08-23 16:39:18.391945+08,2026-08-23 16:39:18.391945+08
4005,01M0MX49WNBC6AQ72NK376SHJE,413521JP1792738MBB68XMK5,1,350.00,350.00,confirmed,2026-08-23 16:39:18.391945+08,2026-08-23 16:39:18.391945+08
4006,01M0MX49WNBC6AQ72NK376SHJE,409339V9MK4RHRG0A0XWT91W,19,485.00,9215.00,confirmed,2026-08-23 16:39:18.391945+08,2026-08-23 16:39:18.391945+08
4010,01M0MX49WNXQWXM0ZX4JQ7MGTZ,417359ZGZV0QNH8M3DEYW8G5,8,350.00,2800.00,delivered,2026-08-23 16:39:18.391945+08,2026-08-23 16:39:18.391945+08
4011,01M0MX49WNXQWXM0ZX4JQ7MGTZ,416496PKZM0T9NY433H8KP6M,3,30.00,90.00,delivered,2026-08-23 16:39:18.391945+08,2026-08-23 16:39:18.391945+08
4012,01M0MX49WN5TAP02K05B8C18MG,411039DJMEE6FWS52GMATRN7,14,25.00,350.00,delivered,2026-08-23 16:39:18.391945+08,2026-08-23 16:39:18.391945+08
4013,01M0MX49WN5TAP02K05B8C18MG,408186TJ449WSVW673RWDK4X,16,30.00,480.00,delivered,2026-08-23 16:39:18.391945+08,2026-08-23 16:39:18.391945+08
4014,01M0MX49WN5TAP02K05B8C18MG,4162975Y25KN73W7KKDJGX6P,3,245.00,735.00,delivered,2026-08-23 16:39:18.391945+08,2026-08-23 16:39:18.391945+08
4015,01M0MX49WN2GRJVR2R8HMJ6RR1,410258ZSW0QAXSVS8S3VV7TE,4,35.00,140.00,cancelled,2026-08-23 16:39:18.391945+08,2026-08-23 16:39:18.391945+08
4016,01M0MX49WN2GRJVR2R8HMJ6RR1,41085841ZKREWJPCC4PWVWR7,20,15.00,300.00,cancelled,2026-08-23 16:39:18.391945+08,2026-08-23 16:39:18.391945+08
4017,01M0MX49WN2GRJVR2R8HMJ6RR1,413005KN3WGNAPH6NCQ5JCT9,18,350.00,6300.00,cancelled,2026-08-23 16:39:18.391945+08,2026-08-23 16:39:18.391945+08
4018,01M0MX49WN0ESMTRNTJCZP8DS2,407702R5D86R3CBB81E3X29M,10,350.00,3500.00,processing,2026-08-23 16:39:18.391945+08,2026-08-23 16:39:18.391945+08
4019,01M0MX49WN0ESMTRNTJCZP8DS2,4162975Y25KN73W7KKDJGX6P,2,245.00,490.00,processing,2026-08-23 16:39:18.391945+08,2026-08-23 16:39:18.391945+08
4020,01M0MX49WN0ESMTRNTJCZP8DS2,4138050CXS9PQSNF661Q1A1F,13,140.00,1820.00,processing,2026-08-23 16:39:18.391945+08,2026-08-23 16:39:18.391945+08
4023,01M0MX49WNQAY0W27FFR64B4T9,4116065CZMHNTR71A86YWAMC,6,350.00,2100.00,delivered,2026-08-23 16:39:18.391945+08,2026-08-23 16:39:18.391945+08
4024,01M0MX49WNQAY0W27FFR64B4T9,4138050CXS9PQSNF661Q1A1F,14,140.00,1960.00,delivered,2026-08-23 16:39:18.391945+08,2026-08-23 16:39:18.391945+08
4025,01M0MX49WNQAY0W27FFR64B4T9,411039DJMEE6FWS52GMATRN7,11,25.00,275.00,delivered,2026-08-23 16:39:18.391945+08,2026-08-23 16:39:18.391945+08
4026,01M0MX49WN1KM1179DN5J8V6MV,409339V9MK4RHRG0A0XWT91W,9,485.00,4365.00,delivered,2026-08-23 16:39:18.391945+08,2026-08-23 16:39:18.391945+08
4027,01M0MX49WN1KM1179DN5J8V6MV,4116065CZMHNTR71A86YWAMC,11,350.00,3850.00,delivered,2026-08-23 16:39:18.391945+08,2026-08-23 16:39:18.391945+08
4031,01M0MX49WN61N2W8M1QZY6H3WA,414773WE720HJ0P121AG8FHQ,19,350.00,6650.00,delivered,2026-08-23 16:39:18.391945+08,2026-08-23 16:39:18.391945+08
4032,01M0MX49WN61N2W8M1QZY6H3WA,414773WE720HJ0P121AG8FHQ,20,350.00,7000.00,delivered,2026-08-23 16:39:18.391945+08,2026-08-23 16:39:18.391945+08
4033,01M0MX49WN61N2W8M1QZY6H3WA,407702R5D86R3CBB81E3X29M,5,350.00,1750.00,delivered,2026-08-23 16:39:18.391945+08,2026-08-23 16:39:18.391945+08
4035,01M0MX49WN6DF5T336J68CTN6A,416951J7FD3NBDV1MM1QS36H,6,415.00,2490.00,processing,2026-08-23 16:39:18.391945+08,2026-08-23 16:39:18.391945+08
4036,01M0MX49WN6DF5T336J68CTN6A,412596TV7NC82RBGNTA0W8JZ,10,35.00,350.00,processing,2026-08-23 16:39:18.391945+08,2026-08-23 16:39:18.391945+08
4037,01M0MX49WNMY3NJBHM2M7JRWQT,416951J7FD3NBDV1MM1QS36H,5,415.00,2075.00,delivered,2026-08-23 16:39:18.391945+08,2026-08-23 16:39:18.391945+08
4038,01M0MX49WNMY3NJBHM2M7JRWQT,41085841ZKREWJPCC4PWVWR7,5,15.00,75.00,delivered,2026-08-23 16:39:18.391945+08,2026-08-23 16:39:18.391945+08
4039,01M0MX49WNMY3NJBHM2M7JRWQT,41511344QHQDJBZ4FRV45NKC,20,350.00,7000.00,delivered,2026-08-23 16:39:18.391945+08,2026-08-23 16:39:18.391945+08
4040,01M0MX49WNB2Z1CWD5HQ7WXEJ3,413005KN3WGNAPH6NCQ5JCT9,8,350.00,2800.00,delivered,2026-08-23 16:39:18.391945+08,2026-08-23 16:39:18.391945+08
4041,01M0MX49WNB2Z1CWD5HQ7WXEJ3,409420087QNW2D06G06MH7JS,7,350.00,2450.00,delivered,2026-08-23 16:39:18.391945+08,2026-08-23 16:39:18.391945+08
4042,01M0MX49WNB0XJDYEDH4EZW4J4,409420087QNW2D06G06MH7JS,9,350.00,3150.00,confirmed,2026-08-23 16:39:18.391945+08,2026-08-23 16:39:18.391945+08
4043,01M0MX49WNB0XJDYEDH4EZW4J4,4138050CXS9PQSNF661Q1A1F,17,140.00,2380.00,confirmed,2026-08-23 16:39:18.391945+08,2026-08-23 16:39:18.391945+08
4044,01M0MX49WNB0XJDYEDH4EZW4J4,408186TJ449WSVW673RWDK4X,13,30.00,390.00,confirmed,2026-08-23 16:39:18.391945+08,2026-08-23 16:39:18.391945+08
4046,01M0MX49WNJ0W6TE6AQ5BS07ST,408186TJ449WSVW673RWDK4X,12,30.00,360.00,delivered,2026-08-23 16:39:18.391945+08,2026-08-23 16:39:18.391945+08
4047,01M0MX49WNJ0W6TE6AQ5BS07ST,4162975Y25KN73W7KKDJGX6P,16,245.00,3920.00,delivered,2026-08-23 16:39:18.391945+08,2026-08-23 16:39:18.391945+08
4048,01M0MX49WN1BK1JNATM8HVX77H,417359ZGZV0QNH8M3DEYW8G5,16,350.00,5600.00,delivered,2026-08-23 16:39:18.391945+08,2026-08-23 16:39:18.391945+08
4049,01M0MX49WN1BK1JNATM8HVX77H,4162975Y25KN73W7KKDJGX6P,1,245.00,245.00,delivered,2026-08-23 16:39:18.391945+08,2026-08-23 16:39:18.391945+08
4050,01M0MX49WNVBR32QZSEMH96NYD,409339V9MK4RHRG0A0XWT91W,8,485.00,3880.00,confirmed,2026-08-23 16:39:18.391945+08,2026-08-23 16:39:18.391945+08
4051,01M0MX49WNVBR32QZSEMH96NYD,41511344QHQDJBZ4FRV45NKC,9,350.00,3150.00,confirmed,2026-08-23 16:39:18.391945+08,2026-08-23 16:39:18.391945+08
4052,01M0MX49WNG7G20QNXC97AXPNG,413005KN3WGNAPH6NCQ5JCT9,7,350.00,2450.00,delivered,2026-08-23 16:39:18.391945+08,2026-08-23 16:39:18.391945+08
4056,01M0MX49WN24WRKEG2VNMWQGNV,409892D87XEVH1ZTZXV5F6C1,17,155.00,2635.00,processing,2026-08-23 16:39:18.391945+08,2026-08-23 16:39:18.391945+08
4057,01M0MX49WNGFHHN5QE5ADA9B1M,410258ZSW0QAXSVS8S3VV7TE,3,35.00,105.00,confirmed,2026-08-23 16:39:18.391945+08,2026-08-23 16:39:18.391945+08
4058,01M0MX49WNGFHHN5QE5ADA9B1M,407702R5D86R3CBB81E3X29M,15,350.00,5250.00,confirmed,2026-08-23 16:39:18.391945+08,2026-08-23 16:39:18.391945+08
4059,01M0MX49WNGFHHN5QE5ADA9B1M,412596TV7NC82RBGNTA0W8JZ,17,35.00,595.00,confirmed,2026-08-23 16:39:18.391945+08,2026-08-23 16:39:18.391945+08
4060,01M0MX49WNJVDPNFN6ZG2YX8CQ,417359ZGZV0QNH8M3DEYW8G5,8,350.00,2800.00,confirmed,2026-08-23 16:39:18.391945+08,2026-08-23 16:39:18.391945+08
4061,01M0MX49WNJVDPNFN6ZG2YX8CQ,4088862F2RR4FH8VD6HQ69ZM,15,350.00,5250.00,confirmed,2026-08-23 16:39:18.391945+08,2026-08-23 16:39:18.391945+08
4062,01M0MX49WNJVDPNFN6ZG2YX8CQ,417359ZGZV0QNH8M3DEYW8G5,2,350.00,700.00,confirmed,2026-08-23 16:39:18.391945+08,2026-08-23 16:39:18.391945+08
4063,01M0MX49WNWTCHJTT9QH6X0FHK,413521JP1792738MBB68XMK5,7,350.00,2450.00,confirmed,2026-08-23 16:39:18.391945+08,2026-08-23 16:39:18.391945+08
4064,01M0MX49WNWTCHJTT9QH6X0FHK,413521JP1792738MBB68XMK5,5,350.00,1750.00,confirmed,2026-08-23 16:39:18.391945+08,2026-08-23 16:39:18.391945+08
4065,01M0MX49WNQAT2CQ7W3NXVX6RS,4088862F2RR4FH8VD6HQ69ZM,8,350.00,2800.00,confirmed,2026-08-23 16:39:18.391945+08,2026-08-23 16:39:18.391945+08
4066,01M0MX49WNECC0TV79Y1074JB2,416496PKZM0T9NY433H8KP6M,4,30.00,120.00,delivered,2026-08-23 16:39:18.391945+08,2026-08-23 16:39:18.391945+08
4067,01M0MX49WNECC0TV79Y1074JB2,410258ZSW0QAXSVS8S3VV7TE,2,35.00,70.00,delivered,2026-08-23 16:39:18.391945+08,2026-08-23 16:39:18.391945+08
4068,01M0MX49WNZK4G940NV95TX32Q,409339V9MK4RHRG0A0XWT91W,16,485.00,7760.00,delivered,2026-08-23 16:39:18.391945+08,2026-08-23 16:39:18.391945+08
4069,01M0MX49WNSQEEV4WHK1NEHGJR,409339V9MK4RHRG0A0XWT91W,4,485.00,1940.00,processing,2026-08-23 16:39:18.391945+08,2026-08-23 16:39:18.391945+08
4070,01M0MX49WNSQEEV4WHK1NEHGJR,410258ZSW0QAXSVS8S3VV7TE,19,35.00,665.00,processing,2026-08-23 16:39:18.391945+08,2026-08-23 16:39:18.391945+08
4073,01M0MX49WN3GPB5QBKQHNK352W,413005KN3WGNAPH6NCQ5JCT9,7,350.00,2450.00,delivered,2026-08-23 16:39:18.391945+08,2026-08-23 16:39:18.391945+08
4074,01M0MX49WN3GPB5QBKQHNK352W,412596TV7NC82RBGNTA0W8JZ,20,35.00,700.00,delivered,2026-08-23 16:39:18.391945+08,2026-08-23 16:39:18.391945+08
4075,01M0MX49WNHJQ9Y2TRJT4EFSKA,41150684MEXX0KJ3HG4B279E,20,30.00,600.00,cancelled,2026-08-23 16:39:18.391945+08,2026-08-23 16:39:18.391945+08
4076,01M0MX49WNHJQ9Y2TRJT4EFSKA,414773WE720HJ0P121AG8FHQ,16,350.00,5600.00,cancelled,2026-08-23 16:39:18.391945+08,2026-08-23 16:39:18.391945+08
4077,01M0MX49WN2J58M6CV04XN7WCP,408186TJ449WSVW673RWDK4X,10,30.00,300.00,confirmed,2026-08-23 16:39:18.391945+08,2026-08-23 16:39:18.391945+08
4078,01M0MX49WN2J58M6CV04XN7WCP,413005KN3WGNAPH6NCQ5JCT9,10,350.00,3500.00,confirmed,2026-08-23 16:39:18.391945+08,2026-08-23 16:39:18.391945+08
4079,01M0MX49WNZ7XYQ29BZ2VMG8VJ,409892D87XEVH1ZTZXV5F6C1,9,155.00,1395.00,delivered,2026-08-23 16:39:18.391945+08,2026-08-23 16:39:18.391945+08
4084,01M0MX49WNT4G5K2EJHQE12RG6,416496PKZM0T9NY433H8KP6M,11,30.00,330.00,delivered,2026-08-23 16:39:18.391945+08,2026-08-23 16:39:18.391945+08
4085,01M0MX49WPDAWE736Y9DMDJCJF,4116065CZMHNTR71A86YWAMC,8,350.00,2800.00,delivered,2026-08-23 16:39:18.391945+08,2026-08-23 16:39:18.391945+08
4086,01M0MX49WPEH8WCTVP7647P35T,409892D87XEVH1ZTZXV5F6C1,17,155.00,2635.00,confirmed,2026-08-23 16:39:18.391945+08,2026-08-23 16:39:18.391945+08
4087,01M0MX49WPEH8WCTVP7647P35T,411921G8X1MT1A4Z5EPH3YP4,4,30.00,120.00,confirmed,2026-08-23 16:39:18.391945+08,2026-08-23 16:39:18.391945+08
4088,01M0MX49WP739QM7NWFQYB5Q7B,412596TV7NC82RBGNTA0W8JZ,5,35.00,175.00,delivered,2026-08-23 16:39:18.391945+08,2026-08-23 16:39:18.391945+08
4089,01M0MX49WP7HFYTPM5CMPFY60N,417359ZGZV0QNH8M3DEYW8G5,6,350.00,2100.00,confirmed,2026-08-23 16:39:18.391945+08,2026-08-23 16:39:18.391945+08
4090,01M0MX49WP7HFYTPM5CMPFY60N,4082223DQAKGCJ8P0XHQQNB2,6,112.00,672.00,confirmed,2026-08-23 16:39:18.391945+08,2026-08-23 16:39:18.391945+08
4091,01M0MX49WPRFPR6EQB4SBJ7D40,413005KN3WGNAPH6NCQ5JCT9,20,350.00,7000.00,cancelled,2026-08-23 16:39:18.391945+08,2026-08-23 16:39:18.391945+08
4092,01M0MX49WPRFPR6EQB4SBJ7D40,41150684MEXX0KJ3HG4B279E,9,30.00,270.00,cancelled,2026-08-23 16:39:18.391945+08,2026-08-23 16:39:18.391945+08
4093,01M0MX49WP0Z5HJG0AW20HSTTN,416951J7FD3NBDV1MM1QS36H,12,415.00,4980.00,cancelled,2026-08-23 16:39:18.391945+08,2026-08-23 16:39:18.391945+08
4094,01M0MX49WP0Z5HJG0AW20HSTTN,41511344QHQDJBZ4FRV45NKC,10,350.00,3500.00,cancelled,2026-08-23 16:39:18.391945+08,2026-08-23 16:39:18.391945+08
4095,01M0MX49WP5NAJ0HMXJ904V2AM,409892D87XEVH1ZTZXV5F6C1,15,155.00,2325.00,delivered,2026-08-23 16:39:18.391945+08,2026-08-23 16:39:18.391945+08
4096,01M0MX49WP5NAJ0HMXJ904V2AM,416951J7FD3NBDV1MM1QS36H,14,415.00,5810.00,delivered,2026-08-23 16:39:18.391945+08,2026-08-23 16:39:18.391945+08
4097,01M0MX49WP5NAJ0HMXJ904V2AM,412596TV7NC82RBGNTA0W8JZ,13,35.00,455.00,delivered,2026-08-23 16:39:18.391945+08,2026-08-23 16:39:18.391945+08
4098,01M0MX49WPW3ECFENARB4C8TEH,407702R5D86R3CBB81E3X29M,14,350.00,4900.00,pending,2026-08-23 16:39:18.391945+08,2026-08-23 16:39:18.391945+08
4099,01M0MX49WPW3ECFENARB4C8TEH,4138050CXS9PQSNF661Q1A1F,5,140.00,700.00,pending,2026-08-23 16:39:18.391945+08,2026-08-23 16:39:18.391945+08
4100,01M0MX49WP55HGWJZWPQCG5BY3,41085841ZKREWJPCC4PWVWR7,7,15.00,105.00,delivered,2026-08-23 16:39:18.391945+08,2026-08-23 16:39:18.391945+08
4101,01M0MX49WPPK9N5RCAT3WBX2YV,416951J7FD3NBDV1MM1QS36H,12,415.00,4980.00,delivered,2026-08-23 16:39:18.391945+08,2026-08-23 16:39:18.391945+08
4102,01M0MX49WPPK9N5RCAT3WBX2YV,409420087QNW2D06G06MH7JS,11,350.00,3850.00,delivered,2026-08-23 16:39:18.391945+08,2026-08-23 16:39:18.391945+08
4103,01M0MX49WPKGDG9BKED5C9W29B,410258ZSW0QAXSVS8S3VV7TE,18,35.00,630.00,delivered,2026-08-23 16:39:18.391945+08,2026-08-23 16:39:18.391945+08
4104,01M0MX49WPKGDG9BKED5C9W29B,409339V9MK4RHRG0A0XWT91W,7,485.00,3395.00,delivered,2026-08-23 16:39:18.391945+08,2026-08-23 16:39:18.391945+08
4107,01M0MX49WPFC4DPWWGHRMR5JWS,412596TV7NC82RBGNTA0W8JZ,16,35.00,560.00,delivered,2026-08-23 16:39:18.391945+08,2026-08-23 16:39:18.391945+08
4108,01M0MX49WPFC4DPWWGHRMR5JWS,407702R5D86R3CBB81E3X29M,13,350.00,4550.00,delivered,2026-08-23 16:39:18.391945+08,2026-08-23 16:39:18.391945+08
4109,01M0MX49WPFC4DPWWGHRMR5JWS,41085841ZKREWJPCC4PWVWR7,16,15.00,240.00,delivered,2026-08-23 16:39:18.391945+08,2026-08-23 16:39:18.391945+08
4110,01M0MX49WP6MG12ZFTTF0GRNPS,412596TV7NC82RBGNTA0W8JZ,13,35.00,455.00,confirmed,2026-08-23 16:39:18.391945+08,2026-08-23 16:39:18.391945+08
4111,01M0MX49WP6MG12ZFTTF0GRNPS,407702R5D86R3CBB81E3X29M,4,350.00,1400.00,confirmed,2026-08-23 16:39:18.391945+08,2026-08-23 16:39:18.391945+08
4112,01M0MX49WP6MG12ZFTTF0GRNPS,407702R5D86R3CBB81E3X29M,11,350.00,3850.00,confirmed,2026-08-23 16:39:18.391945+08,2026-08-23 16:39:18.391945+08
4115,01M0MX49WP258PCV9FC1JCZJVG,41150684MEXX0KJ3HG4B279E,5,30.00,150.00,confirmed,2026-08-23 16:39:18.391945+08,2026-08-23 16:39:18.391945+08
4116,01M0MX49WP258PCV9FC1JCZJVG,41511344QHQDJBZ4FRV45NKC,19,350.00,6650.00,confirmed,2026-08-23 16:39:18.391945+08,2026-08-23 16:39:18.391945+08
4117,01M0MX49WP258PCV9FC1JCZJVG,416951J7FD3NBDV1MM1QS36H,19,415.00,7885.00,confirmed,2026-08-23 16:39:18.391945+08,2026-08-23 16:39:18.391945+08
4122,01M0MX49WPQRT0ANHET6DGD46H,416496PKZM0T9NY433H8KP6M,7,30.00,210.00,cancelled,2026-08-23 16:39:18.391945+08,2026-08-23 16:39:18.391945+08
4123,01M0MX49WPQRT0ANHET6DGD46H,417359ZGZV0QNH8M3DEYW8G5,11,350.00,3850.00,cancelled,2026-08-23 16:39:18.391945+08,2026-08-23 16:39:18.391945+08
4124,01M0MX49WPRFMY8GPRS8VD5HKE,409892D87XEVH1ZTZXV5F6C1,7,155.00,1085.00,confirmed,2026-08-23 16:39:18.391945+08,2026-08-23 16:39:18.391945+08
4125,01M0MX49WPRFMY8GPRS8VD5HKE,411039DJMEE6FWS52GMATRN7,9,25.00,225.00,confirmed,2026-08-23 16:39:18.391945+08,2026-08-23 16:39:18.391945+08
4127,01M0MX49WPNBVW3NPP0XRFR5FH,407702R5D86R3CBB81E3X29M,17,350.00,5950.00,processing,2026-08-23 16:39:18.391945+08,2026-08-23 16:39:18.391945+08
4128,01M0MX49WPNBVW3NPP0XRFR5FH,407702R5D86R3CBB81E3X29M,17,350.00,5950.00,processing,2026-08-23 16:39:18.391945+08,2026-08-23 16:39:18.391945+08
4129,01M0MX49WPWMHXQBB9NF69N4RX,407702R5D86R3CBB81E3X29M,17,350.00,5950.00,pending,2026-08-23 16:39:18.391945+08,2026-08-23 16:39:18.391945+08
4130,01M0MX49WPWMHXQBB9NF69N4RX,409892D87XEVH1ZTZXV5F6C1,18,155.00,2790.00,pending,2026-08-23 16:39:18.391945+08,2026-08-23 16:39:18.391945+08
4131,01M0MX49WPR79723GYYV8D04X3,413005KN3WGNAPH6NCQ5JCT9,3,350.00,1050.00,confirmed,2026-08-23 16:39:18.391945+08,2026-08-23 16:39:18.391945+08
4132,01M0MX49WPR79723GYYV8D04X3,413521JP1792738MBB68XMK5,19,350.00,6650.00,confirmed,2026-08-23 16:39:18.391945+08,2026-08-23 16:39:18.391945+08
4133,01M0MX49WPFJSPXMTFWNM5ZR98,410258ZSW0QAXSVS8S3VV7TE,6,35.00,210.00,cancelled,2026-08-23 16:39:18.391945+08,2026-08-23 16:39:18.391945+08
4134,01M0MX49WP94HNFBX117ZQF6CW,412596TV7NC82RBGNTA0W8JZ,15,35.00,525.00,delivered,2026-08-23 16:39:18.391945+08,2026-08-23 16:39:18.391945+08
4135,01M0MX49WPWVCX6R8K18RRKTCH,413521JP1792738MBB68XMK5,14,350.00,4900.00,delivered,2026-08-23 16:39:18.391945+08,2026-08-23 16:39:18.391945+08
4142,01M0MX49WPA7TQW2AAJVW9CQBE,409420087QNW2D06G06MH7JS,8,350.00,2800.00,delivered,2026-08-23 16:39:18.391945+08,2026-08-23 16:39:18.391945+08
4143,01M0MX49WPWNEYE4M7PQQ0M8Y0,4088862F2RR4FH8VD6HQ69ZM,19,350.00,6650.00,processing,2026-08-23 16:39:18.391945+08,2026-08-23 16:39:18.391945+08
4144,01M0MX49WPWNEYE4M7PQQ0M8Y0,411039DJMEE6FWS52GMATRN7,11,25.00,275.00,processing,2026-08-23 16:39:18.391945+08,2026-08-23 16:39:18.391945+08
4148,01M0MX49WP08D28H5RQ8WP723S,4116065CZMHNTR71A86YWAMC,1,350.00,350.00,confirmed,2026-08-23 16:39:18.391945+08,2026-08-23 16:39:18.391945+08
4150,01M0MX49WP6PVBFYNQVW5TA4PC,409892D87XEVH1ZTZXV5F6C1,8,155.00,1240.00,cancelled,2026-08-23 16:39:18.391945+08,2026-08-23 16:39:18.391945+08
4151,01M0MX49WP6PVBFYNQVW5TA4PC,411039DJMEE6FWS52GMATRN7,7,25.00,175.00,cancelled,2026-08-23 16:39:18.391945+08,2026-08-23 16:39:18.391945+08
4152,01M0MX49WPSGECXPWENHR35769,414773WE720HJ0P121AG8FHQ,8,350.00,2800.00,confirmed,2026-08-23 16:39:18.391945+08,2026-08-23 16:39:18.391945+08
4153,01M0MX49WPSGECXPWENHR35769,409339V9MK4RHRG0A0XWT91W,12,485.00,5820.00,confirmed,2026-08-23 16:39:18.391945+08,2026-08-23 16:39:18.391945+08
4154,01M0MX49WPTRXCS89SCV5TWQJG,4116065CZMHNTR71A86YWAMC,13,350.00,4550.00,pending,2026-08-23 16:39:18.391945+08,2026-08-23 16:39:18.391945+08
4155,01M0MX49WPTRXCS89SCV5TWQJG,409420087QNW2D06G06MH7JS,15,350.00,5250.00,pending,2026-08-23 16:39:18.391945+08,2026-08-23 16:39:18.391945+08
4156,01M0MX49WPC597HC49D67N331M,416496PKZM0T9NY433H8KP6M,13,30.00,390.00,processing,2026-08-23 16:39:18.391945+08,2026-08-23 16:39:18.391945+08
4157,01M0MX49WPC597HC49D67N331M,409339V9MK4RHRG0A0XWT91W,7,485.00,3395.00,processing,2026-08-23 16:39:18.391945+08,2026-08-23 16:39:18.391945+08
4159,01M0MX49WPPQBT0A1MSYHJATWA,408186TJ449WSVW673RWDK4X,4,30.00,120.00,delivered,2026-08-23 16:39:18.391945+08,2026-08-23 16:39:18.391945+08
4160,01M0MX49WPPQBT0A1MSYHJATWA,417359ZGZV0QNH8M3DEYW8G5,7,350.00,2450.00,delivered,2026-08-23 16:39:18.391945+08,2026-08-23 16:39:18.391945+08
4161,01M0MX49WPPQBT0A1MSYHJATWA,4116065CZMHNTR71A86YWAMC,16,350.00,5600.00,delivered,2026-08-23 16:39:18.391945+08,2026-08-23 16:39:18.391945+08
4162,01M0MX49WPAFCNGBNMYZ05H7CE,41150684MEXX0KJ3HG4B279E,7,30.00,210.00,processing,2026-08-23 16:39:18.391945+08,2026-08-23 16:39:18.391945+08
4163,01M0MX49WPAFCNGBNMYZ05H7CE,409339V9MK4RHRG0A0XWT91W,3,485.00,1455.00,processing,2026-08-23 16:39:18.391945+08,2026-08-23 16:39:18.391945+08
4164,01M0MX49WPZ4CA2JQBDSC5MTAR,408186TJ449WSVW673RWDK4X,4,30.00,120.00,processing,2026-08-23 16:39:18.391945+08,2026-08-23 16:39:18.391945+08
4165,01M0MX49WPZ4CA2JQBDSC5MTAR,416496PKZM0T9NY433H8KP6M,1,30.00,30.00,processing,2026-08-23 16:39:18.391945+08,2026-08-23 16:39:18.391945+08
4166,01M0MX49WPRG2PESCNBYSQ0E62,4162975Y25KN73W7KKDJGX6P,4,245.00,980.00,processing,2026-08-23 16:39:18.391945+08,2026-08-23 16:39:18.391945+08
4167,01M0MX49WPRG2PESCNBYSQ0E62,4138050CXS9PQSNF661Q1A1F,12,140.00,1680.00,processing,2026-08-23 16:39:18.391945+08,2026-08-23 16:39:18.391945+08
4168,01M0MX49WPE8BEE0HJWXED5HBS,413005KN3WGNAPH6NCQ5JCT9,10,350.00,3500.00,delivered,2026-08-23 16:39:18.391945+08,2026-08-23 16:39:18.391945+08
4169,01M0MX49WPE8BEE0HJWXED5HBS,4088862F2RR4FH8VD6HQ69ZM,3,350.00,1050.00,delivered,2026-08-23 16:39:18.391945+08,2026-08-23 16:39:18.391945+08
4170,01M0MX49WPM3CZGMZ60FR3KCW9,414773WE720HJ0P121AG8FHQ,11,350.00,3850.00,delivered,2026-08-23 16:39:18.391945+08,2026-08-23 16:39:18.391945+08
4171,01M0MX49WPDYDAS4TH4JFBR52S,417359ZGZV0QNH8M3DEYW8G5,19,350.00,6650.00,pending,2026-08-23 16:39:18.391945+08,2026-08-23 16:39:18.391945+08
4172,01M0MX49WPG4YR94T5SK19M5Q6,41511344QHQDJBZ4FRV45NKC,16,350.00,5600.00,pending,2026-08-23 16:39:18.391945+08,2026-08-23 16:39:18.391945+08
4173,01M0MX49WPWP7XCX3RQYJPJWQK,411039DJMEE6FWS52GMATRN7,10,25.00,250.00,pending,2026-08-23 16:39:18.391945+08,2026-08-23 16:39:18.391945+08
4175,01M0MX49WPQ94M5C8KH1KVN3KJ,411039DJMEE6FWS52GMATRN7,6,25.00,150.00,cancelled,2026-08-23 16:39:18.391945+08,2026-08-23 16:39:18.391945+08
4176,01M0MX49WPEB57HHQK5ZVJZCM5,417359ZGZV0QNH8M3DEYW8G5,1,350.00,350.00,delivered,2026-08-23 16:39:18.391945+08,2026-08-23 16:39:18.391945+08
4177,01M0MX49WPKKQSK6YVT7TN7QY1,413005KN3WGNAPH6NCQ5JCT9,12,350.00,4200.00,confirmed,2026-08-23 16:39:18.391945+08,2026-08-23 16:39:18.391945+08
4178,01M0MX49WPKKQSK6YVT7TN7QY1,414773WE720HJ0P121AG8FHQ,20,350.00,7000.00,confirmed,2026-08-23 16:39:18.391945+08,2026-08-23 16:39:18.391945+08
4179,01M0MX49WPY9FEA3R9ENQV9C1S,409892D87XEVH1ZTZXV5F6C1,1,155.00,155.00,pending,2026-08-23 16:39:18.391945+08,2026-08-23 16:39:18.391945+08
4180,01M0MX49WPTKBFDK982T8B6Z4V,41150684MEXX0KJ3HG4B279E,2,30.00,60.00,pending,2026-08-23 16:39:18.391945+08,2026-08-23 16:39:18.391945+08
4181,01M0MX49WPXME4A9EZ1K50CEZA,408186TJ449WSVW673RWDK4X,6,30.00,180.00,processing,2026-08-23 16:39:18.391945+08,2026-08-23 16:39:18.391945+08
4182,01M0MX49WPXME4A9EZ1K50CEZA,417359ZGZV0QNH8M3DEYW8G5,4,350.00,1400.00,processing,2026-08-23 16:39:18.391945+08,2026-08-23 16:39:18.391945+08
4183,01M0MX49WPXME4A9EZ1K50CEZA,409420087QNW2D06G06MH7JS,12,350.00,4200.00,processing,2026-08-23 16:39:18.391945+08,2026-08-23 16:39:18.391945+08
4184,01M0MX49WPQMB0YM8DASCJC4EN,4116065CZMHNTR71A86YWAMC,16,350.00,5600.00,pending,2026-08-23 16:39:18.391945+08,2026-08-23 16:39:18.391945+08
4185,01M0MX49WPQ5D18WGWD9YKFM87,416496PKZM0T9NY433H8KP6M,5,30.00,150.00,cancelled,2026-08-23 16:39:18.391945+08,2026-08-23 16:39:18.391945+08
4186,01M0MX49WPQ5D18WGWD9YKFM87,4082223DQAKGCJ8P0XHQQNB2,1,112.00,112.00,cancelled,2026-08-23 16:39:18.391945+08,2026-08-23 16:39:18.391945+08
4187,01M0MX49WPQ5D18WGWD9YKFM87,416951J7FD3NBDV1MM1QS36H,16,415.00,6640.00,cancelled,2026-08-23 16:39:18.391945+08,2026-08-23 16:39:18.391945+08
4188,01M0MX49WPX60RZ67DQJXZ764B,41511344QHQDJBZ4FRV45NKC,11,350.00,3850.00,delivered,2026-08-23 16:39:18.391945+08,2026-08-23 16:39:18.391945+08
4189,01M0MX49WPX60RZ67DQJXZ764B,411039DJMEE6FWS52GMATRN7,18,25.00,450.00,delivered,2026-08-23 16:39:18.391945+08,2026-08-23 16:39:18.391945+08
4190,01M0MX49WP1NE0EN9G3NVXT0BG,41085841ZKREWJPCC4PWVWR7,4,15.00,60.00,cancelled,2026-08-23 16:39:18.391945+08,2026-08-23 16:39:18.391945+08
4191,01M0MX49WP1NE0EN9G3NVXT0BG,411921G8X1MT1A4Z5EPH3YP4,16,30.00,480.00,cancelled,2026-08-23 16:39:18.391945+08,2026-08-23 16:39:18.391945+08
4192,01M0MX49WP1NE0EN9G3NVXT0BG,412596TV7NC82RBGNTA0W8JZ,7,35.00,245.00,cancelled,2026-08-23 16:39:18.391945+08,2026-08-23 16:39:18.391945+08
4193,01M0MX49WPDDTGQH7Y6HPT6J79,41511344QHQDJBZ4FRV45NKC,8,350.00,2800.00,confirmed,2026-08-23 16:39:18.391945+08,2026-08-23 16:39:18.391945+08
4194,01M0MX49WPYEY0E1YB1RN3ADJJ,4162975Y25KN73W7KKDJGX6P,10,245.00,2450.00,delivered,2026-08-23 16:39:18.391945+08,2026-08-23 16:39:18.391945+08
4195,01M0MX49WPYEY0E1YB1RN3ADJJ,4082223DQAKGCJ8P0XHQQNB2,4,112.00,448.00,delivered,2026-08-23 16:39:18.391945+08,2026-08-23 16:39:18.391945+08
4196,01M0MX49WPYEY0E1YB1RN3ADJJ,4088862F2RR4FH8VD6HQ69ZM,8,350.00,2800.00,delivered,2026-08-23 16:39:18.391945+08,2026-08-23 16:39:18.391945+08
4197,01M0MX49WPCQHHFMTFD7KFTPQS,416951J7FD3NBDV1MM1QS36H,11,415.00,4565.00,confirmed,2026-08-23 16:39:18.391945+08,2026-08-23 16:39:18.391945+08
4198,01M0MX49WPCQHHFMTFD7KFTPQS,41085841ZKREWJPCC4PWVWR7,15,15.00,225.00,confirmed,2026-08-23 16:39:18.391945+08,2026-08-23 16:39:18.391945+08
4199,01M0MX49WPCQHHFMTFD7KFTPQS,411039DJMEE6FWS52GMATRN7,19,25.00,475.00,confirmed,2026-08-23 16:39:18.391945+08,2026-08-23 16:39:18.391945+08
4203,01M0MX49WP4JA04H6Q708TPK7C,41511344QHQDJBZ4FRV45NKC,2,350.00,700.00,cancelled,2026-08-23 16:39:18.391945+08,2026-08-23 16:39:18.391945+08
4204,01M0MX49WP6SDCAV2PGMN7VY00,409420087QNW2D06G06MH7JS,19,350.00,6650.00,confirmed,2026-08-23 16:39:18.391945+08,2026-08-23 16:39:18.391945+08
4205,01M0MX49WP6SDCAV2PGMN7VY00,411921G8X1MT1A4Z5EPH3YP4,16,30.00,480.00,confirmed,2026-08-23 16:39:18.391945+08,2026-08-23 16:39:18.391945+08
4206,01M0MX49WPHGMP53TN29J3B9F0,4162975Y25KN73W7KKDJGX6P,15,245.00,3675.00,confirmed,2026-08-23 16:39:18.391945+08,2026-08-23 16:39:18.391945+08
4207,01M0MX49WPHGMP53TN29J3B9F0,409339V9MK4RHRG0A0XWT91W,15,485.00,7275.00,confirmed,2026-08-23 16:39:18.391945+08,2026-08-23 16:39:18.391945+08
4208,01M0MX49WPHGMP53TN29J3B9F0,4082223DQAKGCJ8P0XHQQNB2,9,112.00,1008.00,confirmed,2026-08-23 16:39:18.391945+08,2026-08-23 16:39:18.391945+08
4209,01M0MX49WPAJBVQS2NTKCVF8G7,414773WE720HJ0P121AG8FHQ,17,350.00,5950.00,processing,2026-08-23 16:39:18.391945+08,2026-08-23 16:39:18.391945+08
4210,01M0MX49WPAJBVQS2NTKCVF8G7,409892D87XEVH1ZTZXV5F6C1,11,155.00,1705.00,processing,2026-08-23 16:39:18.391945+08,2026-08-23 16:39:18.391945+08
4211,01M0MX49WPAJBVQS2NTKCVF8G7,417359ZGZV0QNH8M3DEYW8G5,9,350.00,3150.00,processing,2026-08-23 16:39:18.391945+08,2026-08-23 16:39:18.391945+08
4212,01M0MX49WPYCQ8EME28Z3BRKSM,410258ZSW0QAXSVS8S3VV7TE,15,35.00,525.00,delivered,2026-08-23 16:39:18.391945+08,2026-08-23 16:39:18.391945+08
4213,01M0MX49WPYCQ8EME28Z3BRKSM,411039DJMEE6FWS52GMATRN7,4,25.00,100.00,delivered,2026-08-23 16:39:18.391945+08,2026-08-23 16:39:18.391945+08
4214,01M0MX49WPJ494KXWJ5JREB3Q0,413521JP1792738MBB68XMK5,12,350.00,4200.00,delivered,2026-08-23 16:39:18.391945+08,2026-08-23 16:39:18.391945+08
4215,01M0MX49WPJ494KXWJ5JREB3Q0,41150684MEXX0KJ3HG4B279E,1,30.00,30.00,delivered,2026-08-23 16:39:18.391945+08,2026-08-23 16:39:18.391945+08
4216,01M0MX49WPG5D28QW05A9HHM7J,416496PKZM0T9NY433H8KP6M,4,30.00,120.00,pending,2026-08-23 16:39:18.391945+08,2026-08-23 16:39:18.391945+08
4220,01M0MX49WPGQFB47J1ZTR02PHC,409339V9MK4RHRG0A0XWT91W,5,485.00,2425.00,delivered,2026-08-23 16:39:18.391945+08,2026-08-23 16:39:18.391945+08
4221,01M0MX49WPGQFB47J1ZTR02PHC,411039DJMEE6FWS52GMATRN7,8,25.00,200.00,delivered,2026-08-23 16:39:18.391945+08,2026-08-23 16:39:18.391945+08
4222,01M0MX49WPGQFB47J1ZTR02PHC,409420087QNW2D06G06MH7JS,7,350.00,2450.00,delivered,2026-08-23 16:39:18.391945+08,2026-08-23 16:39:18.391945+08
4224,01M0MX49WPE1913T8SWN8ADYYF,4138050CXS9PQSNF661Q1A1F,18,140.00,2520.00,pending,2026-08-23 16:39:18.391945+08,2026-08-23 16:39:18.391945+08
4225,01M0MX49WPE1913T8SWN8ADYYF,4088862F2RR4FH8VD6HQ69ZM,17,350.00,5950.00,pending,2026-08-23 16:39:18.391945+08,2026-08-23 16:39:18.391945+08
4226,01M0MX49WPE1913T8SWN8ADYYF,417359ZGZV0QNH8M3DEYW8G5,12,350.00,4200.00,pending,2026-08-23 16:39:18.391945+08,2026-08-23 16:39:18.391945+08
4227,01M0MX49WP5RJBZFZES5D2B9Q6,413005KN3WGNAPH6NCQ5JCT9,20,350.00,7000.00,pending,2026-08-23 16:39:18.391945+08,2026-08-23 16:39:18.391945+08
4228,01M0MX49WPYXVXE0KTFBVP5469,41511344QHQDJBZ4FRV45NKC,18,350.00,6300.00,delivered,2026-08-23 16:39:18.391945+08,2026-08-23 16:39:18.391945+08
4229,01M0MX49WPYXVXE0KTFBVP5469,4082223DQAKGCJ8P0XHQQNB2,14,112.00,1568.00,delivered,2026-08-23 16:39:18.391945+08,2026-08-23 16:39:18.391945+08
4230,01M0MX49WPYXVXE0KTFBVP5469,409339V9MK4RHRG0A0XWT91W,9,485.00,4365.00,delivered,2026-08-23 16:39:18.391945+08,2026-08-23 16:39:18.391945+08
4231,01M0MX49WPPPAVE8B6G9ZSDNNZ,416951J7FD3NBDV1MM1QS36H,13,415.00,5395.00,cancelled,2026-08-23 16:39:18.391945+08,2026-08-23 16:39:18.391945+08
4232,01M0MX49WPPPAVE8B6G9ZSDNNZ,408186TJ449WSVW673RWDK4X,14,30.00,420.00,cancelled,2026-08-23 16:39:18.391945+08,2026-08-23 16:39:18.391945+08
4234,01M0MX49WP3AXW6KJ9DYP754DQ,411039DJMEE6FWS52GMATRN7,10,25.00,250.00,confirmed,2026-08-23 16:39:18.391945+08,2026-08-23 16:39:18.391945+08
4235,01M0MX49WP3AXW6KJ9DYP754DQ,409339V9MK4RHRG0A0XWT91W,20,485.00,9700.00,confirmed,2026-08-23 16:39:18.391945+08,2026-08-23 16:39:18.391945+08
4236,01M0MX49WP3AXW6KJ9DYP754DQ,4082223DQAKGCJ8P0XHQQNB2,3,112.00,336.00,confirmed,2026-08-23 16:39:18.391945+08,2026-08-23 16:39:18.391945+08
4237,01M0MX49WPJCS2YFMJB8032RVF,41511344QHQDJBZ4FRV45NKC,16,350.00,5600.00,delivered,2026-08-23 16:39:18.391945+08,2026-08-23 16:39:18.391945+08
4238,01M0MX49WP5PN4E244DKK5Q3RE,4162975Y25KN73W7KKDJGX6P,6,245.00,1470.00,delivered,2026-08-23 16:39:18.391945+08,2026-08-23 16:39:18.391945+08
4239,01M0MX49WPY1MMMSFC6FACZQFS,4088862F2RR4FH8VD6HQ69ZM,12,350.00,4200.00,processing,2026-08-23 16:39:18.391945+08,2026-08-23 16:39:18.391945+08
4240,01M0MX49WPXJBVS0B6FF3C9ZWF,41511344QHQDJBZ4FRV45NKC,13,350.00,4550.00,confirmed,2026-08-23 16:39:18.391945+08,2026-08-23 16:39:18.391945+08
4241,01M0MX49WPXJBVS0B6FF3C9ZWF,4116065CZMHNTR71A86YWAMC,19,350.00,6650.00,confirmed,2026-08-23 16:39:18.391945+08,2026-08-23 16:39:18.391945+08
4242,01M0MX49WPXWRZ1TVM66PBH33M,411039DJMEE6FWS52GMATRN7,9,25.00,225.00,confirmed,2026-08-23 16:39:18.391945+08,2026-08-23 16:39:18.391945+08
4243,01M0MX49WPRZZFDE5SQY8AEVC4,408186TJ449WSVW673RWDK4X,10,30.00,300.00,pending,2026-08-23 16:39:18.391945+08,2026-08-23 16:39:18.391945+08
4244,01M0MX49WP9KQWTAPM6C30BTRQ,4082223DQAKGCJ8P0XHQQNB2,16,112.00,1792.00,pending,2026-08-23 16:39:18.391945+08,2026-08-23 16:39:18.391945+08
4245,01M0MX49WP9KQWTAPM6C30BTRQ,4088862F2RR4FH8VD6HQ69ZM,15,350.00,5250.00,pending,2026-08-23 16:39:18.391945+08,2026-08-23 16:39:18.391945+08
4246,01M0MX49WP9KQWTAPM6C30BTRQ,416951J7FD3NBDV1MM1QS36H,4,415.00,1660.00,pending,2026-08-23 16:39:18.391945+08,2026-08-23 16:39:18.391945+08
4247,01M0MX49WPRRKP29907N27WFBJ,41511344QHQDJBZ4FRV45NKC,3,350.00,1050.00,delivered,2026-08-23 16:39:18.391945+08,2026-08-23 16:39:18.391945+08
4248,01M0MX49WPRRKP29907N27WFBJ,409892D87XEVH1ZTZXV5F6C1,9,155.00,1395.00,delivered,2026-08-23 16:39:18.391945+08,2026-08-23 16:39:18.391945+08
4249,01M0MX49WPJZ9P89XF6X6N24VC,4116065CZMHNTR71A86YWAMC,15,350.00,5250.00,processing,2026-08-23 16:39:18.391945+08,2026-08-23 16:39:18.391945+08
4250,01M0MX49WPJZ9P89XF6X6N24VC,41150684MEXX0KJ3HG4B279E,19,30.00,570.00,processing,2026-08-23 16:39:18.391945+08,2026-08-23 16:39:18.391945+08
4251,01M0MX49WP1D2QWT2SY1C1GYD2,411921G8X1MT1A4Z5EPH3YP4,10,30.00,300.00,delivered,2026-08-23 16:39:18.391945+08,2026-08-23 16:39:18.391945+08
4252,01M0MX49WP1D2QWT2SY1C1GYD2,4088862F2RR4FH8VD6HQ69ZM,17,350.00,5950.00,delivered,2026-08-23 16:39:18.391945+08,2026-08-23 16:39:18.391945+08
4253,01M0MX49WP1D2QWT2SY1C1GYD2,4116065CZMHNTR71A86YWAMC,3,350.00,1050.00,delivered,2026-08-23 16:39:18.391945+08,2026-08-23 16:39:18.391945+08
4254,01M0MX49WPY7K4X118T4JX4MJ4,4088862F2RR4FH8VD6HQ69ZM,16,350.00,5600.00,cancelled,2026-08-23 16:39:18.391945+08,2026-08-23 16:39:18.391945+08
4255,01M0MX49WPY7K4X118T4JX4MJ4,41085841ZKREWJPCC4PWVWR7,14,15.00,210.00,cancelled,2026-08-23 16:39:18.391945+08,2026-08-23 16:39:18.391945+08
4256,01M0MX49WPR86GT3R57ESQSHW0,414773WE720HJ0P121AG8FHQ,9,350.00,3150.00,pending,2026-08-23 16:39:18.391945+08,2026-08-23 16:39:18.391945+08
4259,01M0MX49WP51XQH7G3Z8C9H3KC,4088862F2RR4FH8VD6HQ69ZM,19,350.00,6650.00,pending,2026-08-23 16:39:18.391945+08,2026-08-23 16:39:18.391945+08
4260,01M0MX49WP51XQH7G3Z8C9H3KC,411921G8X1MT1A4Z5EPH3YP4,8,30.00,240.00,pending,2026-08-23 16:39:18.391945+08,2026-08-23 16:39:18.391945+08
4261,01M0MX49WP422BXC4JF2H3TEBB,4116065CZMHNTR71A86YWAMC,16,350.00,5600.00,processing,2026-08-23 16:39:18.391945+08,2026-08-23 16:39:18.391945+08
4262,01M0MX49WP422BXC4JF2H3TEBB,410258ZSW0QAXSVS8S3VV7TE,20,35.00,700.00,processing,2026-08-23 16:39:18.391945+08,2026-08-23 16:39:18.391945+08
4263,01M0MX49WPENP63PAJSVMZ1A29,411039DJMEE6FWS52GMATRN7,13,25.00,325.00,processing,2026-08-23 16:39:18.391945+08,2026-08-23 16:39:18.391945+08
4264,01M0MX49WPENP63PAJSVMZ1A29,407702R5D86R3CBB81E3X29M,20,350.00,7000.00,processing,2026-08-23 16:39:18.391945+08,2026-08-23 16:39:18.391945+08
4265,01M0MX49WPENP63PAJSVMZ1A29,4116065CZMHNTR71A86YWAMC,19,350.00,6650.00,processing,2026-08-23 16:39:18.391945+08,2026-08-23 16:39:18.391945+08
4267,01M0MX49WPJJY1V10J4SGBJAAD,41150684MEXX0KJ3HG4B279E,13,30.00,390.00,delivered,2026-08-23 16:39:18.391945+08,2026-08-23 16:39:18.391945+08
4268,01M0MX49WPJJY1V10J4SGBJAAD,41085841ZKREWJPCC4PWVWR7,2,15.00,30.00,delivered,2026-08-23 16:39:18.391945+08,2026-08-23 16:39:18.391945+08
4269,01M0MX49WPJJY1V10J4SGBJAAD,4138050CXS9PQSNF661Q1A1F,15,140.00,2100.00,delivered,2026-08-23 16:39:18.391945+08,2026-08-23 16:39:18.391945+08
4274,01M0MX49WP2ZTJ0BT5PZV4HBNC,409420087QNW2D06G06MH7JS,15,350.00,5250.00,confirmed,2026-08-23 16:39:18.391945+08,2026-08-23 16:39:18.391945+08
4275,01M0MX49WP2ZTJ0BT5PZV4HBNC,414773WE720HJ0P121AG8FHQ,12,350.00,4200.00,confirmed,2026-08-23 16:39:18.391945+08,2026-08-23 16:39:18.391945+08
4276,01M0MX49WP39ECDEWQBN9BBJ3G,414773WE720HJ0P121AG8FHQ,15,350.00,5250.00,processing,2026-08-23 16:39:18.391945+08,2026-08-23 16:39:18.391945+08
4277,01M0MX49WPFZZAJT5JCZP1WJMX,413005KN3WGNAPH6NCQ5JCT9,9,350.00,3150.00,confirmed,2026-08-23 16:39:18.391945+08,2026-08-23 16:39:18.391945+08
4278,01M0MX49WPFZZAJT5JCZP1WJMX,417359ZGZV0QNH8M3DEYW8G5,7,350.00,2450.00,confirmed,2026-08-23 16:39:18.391945+08,2026-08-23 16:39:18.391945+08
4279,01M0MX49WPFZZAJT5JCZP1WJMX,410258ZSW0QAXSVS8S3VV7TE,18,35.00,630.00,confirmed,2026-08-23 16:39:18.391945+08,2026-08-23 16:39:18.391945+08
4280,01M0MX49WPNPV1FRD9BBW3DT25,417359ZGZV0QNH8M3DEYW8G5,16,350.00,5600.00,delivered,2026-08-23 16:39:18.391945+08,2026-08-23 16:39:18.391945+08
4281,01M0MX49WPNPV1FRD9BBW3DT25,413521JP1792738MBB68XMK5,11,350.00,3850.00,delivered,2026-08-23 16:39:18.391945+08,2026-08-23 16:39:18.391945+08
4288,01M0MX49WPJYGWGP3E2J0MDD6P,4138050CXS9PQSNF661Q1A1F,6,140.00,840.00,confirmed,2026-08-23 16:39:18.391945+08,2026-08-23 16:39:18.391945+08
4289,01M0MX49WPJYGWGP3E2J0MDD6P,417359ZGZV0QNH8M3DEYW8G5,11,350.00,3850.00,confirmed,2026-08-23 16:39:18.391945+08,2026-08-23 16:39:18.391945+08
4290,01M0MX49WPTZEZX84ED3H2PG0Q,416951J7FD3NBDV1MM1QS36H,17,415.00,7055.00,pending,2026-08-23 16:39:18.391945+08,2026-08-23 16:39:18.391945+08
4291,01M0MX49WPTZEZX84ED3H2PG0Q,41085841ZKREWJPCC4PWVWR7,18,15.00,270.00,pending,2026-08-23 16:39:18.391945+08,2026-08-23 16:39:18.391945+08
4292,01M0MX49WPTZEZX84ED3H2PG0Q,416951J7FD3NBDV1MM1QS36H,18,415.00,7470.00,pending,2026-08-23 16:39:18.391945+08,2026-08-23 16:39:18.391945+08
4293,01M0MX49WP38B3VTWZKVBMENYJ,41085841ZKREWJPCC4PWVWR7,3,15.00,45.00,confirmed,2026-08-23 16:39:18.391945+08,2026-08-23 16:39:18.391945+08
4294,01M0MX49WP38B3VTWZKVBMENYJ,409339V9MK4RHRG0A0XWT91W,3,485.00,1455.00,confirmed,2026-08-23 16:39:18.391945+08,2026-08-23 16:39:18.391945+08
4295,01M0MX49WP38B3VTWZKVBMENYJ,413521JP1792738MBB68XMK5,20,350.00,7000.00,confirmed,2026-08-23 16:39:18.391945+08,2026-08-23 16:39:18.391945+08
4296,01M0MX49WPSZJ2BFQ2V9SY4R2T,41085841ZKREWJPCC4PWVWR7,11,15.00,165.00,delivered,2026-08-23 16:39:18.391945+08,2026-08-23 16:39:18.391945+08
4297,01M0MX49WPYRABW5QTZ4EQPHV3,4162975Y25KN73W7KKDJGX6P,4,245.00,980.00,processing,2026-08-23 16:39:18.391945+08,2026-08-23 16:39:18.391945+08
4299,01M0MX49WPYEFYFEGTN9N1GPCQ,410258ZSW0QAXSVS8S3VV7TE,5,35.00,175.00,delivered,2026-08-23 16:39:18.391945+08,2026-08-23 16:39:18.391945+08
4300,01M0MX49WP0DZ8A0TYN1QDJKS0,41085841ZKREWJPCC4PWVWR7,8,15.00,120.00,pending,2026-08-23 16:39:18.391945+08,2026-08-23 16:39:18.391945+08
4301,01M0MX49WP5CE74MCNX5ZXQBJR,413005KN3WGNAPH6NCQ5JCT9,7,350.00,2450.00,delivered,2026-08-23 16:39:18.391945+08,2026-08-23 16:39:18.391945+08
4302,01M0MX49WP5CE74MCNX5ZXQBJR,41511344QHQDJBZ4FRV45NKC,1,350.00,350.00,delivered,2026-08-23 16:39:18.391945+08,2026-08-23 16:39:18.391945+08
4303,01M0MX49WP81M84FHVFVFSCS0X,4082223DQAKGCJ8P0XHQQNB2,16,112.00,1792.00,confirmed,2026-08-23 16:39:18.391945+08,2026-08-23 16:39:18.391945+08
4304,01M0MX49WPPDEGAP93DRV3TXXD,412596TV7NC82RBGNTA0W8JZ,7,35.00,245.00,processing,2026-08-23 16:39:18.391945+08,2026-08-23 16:39:18.391945+08
4305,01M0MX49WPPDEGAP93DRV3TXXD,41150684MEXX0KJ3HG4B279E,6,30.00,180.00,processing,2026-08-23 16:39:18.391945+08,2026-08-23 16:39:18.391945+08
4306,01M0MX49WPPDEGAP93DRV3TXXD,408186TJ449WSVW673RWDK4X,19,30.00,570.00,processing,2026-08-23 16:39:18.391945+08,2026-08-23 16:39:18.391945+08
4309,01M0MX49WPCMYSRQCJH49MNCNN,409892D87XEVH1ZTZXV5F6C1,18,155.00,2790.00,processing,2026-08-23 16:39:18.391945+08,2026-08-23 16:39:18.391945+08
4310,01M0MX49WPZDGJWE9D1H7E1YD0,41511344QHQDJBZ4FRV45NKC,11,350.00,3850.00,pending,2026-08-23 16:39:18.391945+08,2026-08-23 16:39:18.391945+08
4311,01M0MX49WPZDGJWE9D1H7E1YD0,41085841ZKREWJPCC4PWVWR7,8,15.00,120.00,pending,2026-08-23 16:39:18.391945+08,2026-08-23 16:39:18.391945+08
4312,01M0MX49WPZDGJWE9D1H7E1YD0,410258ZSW0QAXSVS8S3VV7TE,19,35.00,665.00,pending,2026-08-23 16:39:18.391945+08,2026-08-23 16:39:18.391945+08
4313,01M0MX49WPAMS285691BEQ2Z36,41085841ZKREWJPCC4PWVWR7,16,15.00,240.00,pending,2026-08-23 16:39:18.391945+08,2026-08-23 16:39:18.391945+08
4314,01M0MX49WPAMS285691BEQ2Z36,410258ZSW0QAXSVS8S3VV7TE,11,35.00,385.00,pending,2026-08-23 16:39:18.391945+08,2026-08-23 16:39:18.391945+08
4315,01M0MX49WPAMS285691BEQ2Z36,4116065CZMHNTR71A86YWAMC,20,350.00,7000.00,pending,2026-08-23 16:39:18.391945+08,2026-08-23 16:39:18.391945+08
4316,01M0MX49WPDBAY06MCSZ5ABZH5,41085841ZKREWJPCC4PWVWR7,18,15.00,270.00,delivered,2026-08-23 16:39:18.391945+08,2026-08-23 16:39:18.391945+08
4317,01M0MX49WPDBAY06MCSZ5ABZH5,4088862F2RR4FH8VD6HQ69ZM,15,350.00,5250.00,delivered,2026-08-23 16:39:18.391945+08,2026-08-23 16:39:18.391945+08
4318,01M0MX49WPDBAY06MCSZ5ABZH5,414773WE720HJ0P121AG8FHQ,19,350.00,6650.00,delivered,2026-08-23 16:39:18.391945+08,2026-08-23 16:39:18.391945+08
4321,01M0MX49WP9JRF55PW0KBM36Q0,410258ZSW0QAXSVS8S3VV7TE,2,35.00,70.00,pending,2026-08-23 16:39:18.391945+08,2026-08-23 16:39:18.391945+08
4322,01M0MX49WP9JRF55PW0KBM36Q0,4138050CXS9PQSNF661Q1A1F,16,140.00,2240.00,pending,2026-08-23 16:39:18.391945+08,2026-08-23 16:39:18.391945+08
4323,01M0MX49WP0HWTVAZVQ3GDZH1F,413521JP1792738MBB68XMK5,9,350.00,3150.00,pending,2026-08-23 16:39:18.391945+08,2026-08-23 16:39:18.391945+08
4324,01M0MX49WP0HWTVAZVQ3GDZH1F,412596TV7NC82RBGNTA0W8JZ,9,35.00,315.00,pending,2026-08-23 16:39:18.391945+08,2026-08-23 16:39:18.391945+08
4325,01M0MX49WPYEJN4EHDPBJCNZEP,41150684MEXX0KJ3HG4B279E,5,30.00,150.00,delivered,2026-08-23 16:39:18.391945+08,2026-08-23 16:39:18.391945+08
4326,01M0MX49WPYEJN4EHDPBJCNZEP,4162975Y25KN73W7KKDJGX6P,7,245.00,1715.00,delivered,2026-08-23 16:39:18.391945+08,2026-08-23 16:39:18.391945+08
4327,01M0MX49WPTBNAY89E961X1JT5,411039DJMEE6FWS52GMATRN7,10,25.00,250.00,confirmed,2026-08-23 16:39:18.391945+08,2026-08-23 16:39:18.391945+08
4328,01M0MX49WPTBNAY89E961X1JT5,409892D87XEVH1ZTZXV5F6C1,8,155.00,1240.00,confirmed,2026-08-23 16:39:18.391945+08,2026-08-23 16:39:18.391945+08
4329,01M0MX49WPTBNAY89E961X1JT5,412596TV7NC82RBGNTA0W8JZ,17,35.00,595.00,confirmed,2026-08-23 16:39:18.391945+08,2026-08-23 16:39:18.391945+08
4330,01M0MX49WPD89F6RX6RN0CDVZA,411039DJMEE6FWS52GMATRN7,19,25.00,475.00,pending,2026-08-23 16:39:18.391945+08,2026-08-23 16:39:18.391945+08
4331,01M0MX49WPD89F6RX6RN0CDVZA,409892D87XEVH1ZTZXV5F6C1,1,155.00,155.00,pending,2026-08-23 16:39:18.391945+08,2026-08-23 16:39:18.391945+08
4332,01M0MX49WPD89F6RX6RN0CDVZA,4082223DQAKGCJ8P0XHQQNB2,2,112.00,224.00,pending,2026-08-23 16:39:18.391945+08,2026-08-23 16:39:18.391945+08
4334,01M0MX49WPYD647D9CN6X8E6AZ,409339V9MK4RHRG0A0XWT91W,8,485.00,3880.00,processing,2026-08-23 16:39:18.391945+08,2026-08-23 16:39:18.391945+08
4335,01M0MX49WP6FC5KM8AE3EF7QN9,417359ZGZV0QNH8M3DEYW8G5,1,350.00,350.00,delivered,2026-08-23 16:39:18.391945+08,2026-08-23 16:39:18.391945+08
4336,01M0MX49WPRT3ZETVA0T30VQY0,413521JP1792738MBB68XMK5,4,350.00,1400.00,delivered,2026-08-23 16:39:18.391945+08,2026-08-23 16:39:18.391945+08
4337,01M0MX49WPRT3ZETVA0T30VQY0,4162975Y25KN73W7KKDJGX6P,19,245.00,4655.00,delivered,2026-08-23 16:39:18.391945+08,2026-08-23 16:39:18.391945+08
4338,01M0MX49WP5SEVAWFXPMAZ97N7,41085841ZKREWJPCC4PWVWR7,16,15.00,240.00,delivered,2026-08-23 16:39:18.391945+08,2026-08-23 16:39:18.391945+08
4339,01M0MX49WP5SEVAWFXPMAZ97N7,41511344QHQDJBZ4FRV45NKC,11,350.00,3850.00,delivered,2026-08-23 16:39:18.391945+08,2026-08-23 16:39:18.391945+08
4340,01M0MX49WP6JDSJMJHVTGXVN5N,417359ZGZV0QNH8M3DEYW8G5,14,350.00,4900.00,pending,2026-08-23 16:39:18.391945+08,2026-08-23 16:39:18.391945+08
4341,01M0MX49WP6JDSJMJHVTGXVN5N,414773WE720HJ0P121AG8FHQ,16,350.00,5600.00,pending,2026-08-23 16:39:18.391945+08,2026-08-23 16:39:18.391945+08
4342,01M0MX49WPZJXJ0S56D9MG6V4Z,409339V9MK4RHRG0A0XWT91W,8,485.00,3880.00,confirmed,2026-08-23 16:39:18.391945+08,2026-08-23 16:39:18.391945+08
4343,01M0MX49WPZJXJ0S56D9MG6V4Z,4138050CXS9PQSNF661Q1A1F,3,140.00,420.00,confirmed,2026-08-23 16:39:18.391945+08,2026-08-23 16:39:18.391945+08
4345,01M0MX49WPTQKWBCEQNM1YS055,410258ZSW0QAXSVS8S3VV7TE,2,35.00,70.00,delivered,2026-08-23 16:39:18.391945+08,2026-08-23 16:39:18.391945+08
4346,01M0MX49WP0D1MFYMYMNQ3Y2A4,408186TJ449WSVW673RWDK4X,1,30.00,30.00,pending,2026-08-23 16:39:18.391945+08,2026-08-23 16:39:18.391945+08
4347,01M0MX49WPJD3REJTDZAVPJV78,409420087QNW2D06G06MH7JS,19,350.00,6650.00,confirmed,2026-08-23 16:39:18.391945+08,2026-08-23 16:39:18.391945+08
4348,01M0MX49WPJD3REJTDZAVPJV78,412596TV7NC82RBGNTA0W8JZ,12,35.00,420.00,confirmed,2026-08-23 16:39:18.391945+08,2026-08-23 16:39:18.391945+08
4349,01M0MX49WP67W0Q2NH1HEHM0ZA,413005KN3WGNAPH6NCQ5JCT9,20,350.00,7000.00,cancelled,2026-08-23 16:39:18.391945+08,2026-08-23 16:39:18.391945+08
4350,01M0MX49WP7WJWJ6AK7PV8A702,4138050CXS9PQSNF661Q1A1F,4,140.00,560.00,confirmed,2026-08-23 16:39:18.391945+08,2026-08-23 16:39:18.391945+08
4354,01M0MX49WPRP1E4AMWXFC650Y9,410258ZSW0QAXSVS8S3VV7TE,4,35.00,140.00,pending,2026-08-23 16:39:18.391945+08,2026-08-23 16:39:18.391945+08
4355,01M0MX49WP9HSGHZ14QP8HQW8A,4138050CXS9PQSNF661Q1A1F,6,140.00,840.00,cancelled,2026-08-23 16:39:18.391945+08,2026-08-23 16:39:18.391945+08
1,01M0MX49WGWSFKGNZF15XEYKA5,4088862F2RR4FH8VD6HQ69ZM,4,350.00,1400.00,delivered,2026-08-23 16:39:18.391945+08,2026-08-23 16:39:18.391945+08
2,01M0MX49WGWSFKGNZF15XEYKA5,416496PKZM0T9NY433H8KP6M,5,30.00,150.00,delivered,2026-08-23 16:39:18.391945+08,2026-08-23 16:39:18.391945+08
3,01M0MX49WGWSFKGNZF15XEYKA5,416496PKZM0T9NY433H8KP6M,17,30.00,510.00,delivered,2026-08-23 16:39:18.391945+08,2026-08-23 16:39:18.391945+08
4,01M0MX49WG004SBCYTBYJH705R,4082223DQAKGCJ8P0XHQQNB2,17,112.00,1904.00,delivered,2026-08-23 16:39:18.391945+08,2026-08-23 16:39:18.391945+08
5,01M0MX49WG004SBCYTBYJH705R,41150684MEXX0KJ3HG4B279E,18,30.00,540.00,delivered,2026-08-23 16:39:18.391945+08,2026-08-23 16:39:18.391945+08
9,01M0MX49WGMY6DHVRP45WDQZ6H,414773WE720HJ0P121AG8FHQ,15,350.00,5250.00,delivered,2026-08-23 16:39:18.391945+08,2026-08-23 16:39:18.391945+08
23,01M0MX49WGH0D3RCEBTBRXTDD4,409420087QNW2D06G06MH7JS,3,350.00,1050.00,delivered,2026-08-23 16:39:18.391945+08,2026-08-23 16:39:18.391945+08
24,01M0MX49WGH0D3RCEBTBRXTDD4,413005KN3WGNAPH6NCQ5JCT9,14,350.00,4900.00,delivered,2026-08-23 16:39:18.391945+08,2026-08-23 16:39:18.391945+08
25,01M0MX49WGH0D3RCEBTBRXTDD4,41511344QHQDJBZ4FRV45NKC,15,350.00,5250.00,delivered,2026-08-23 16:39:18.391945+08,2026-08-23 16:39:18.391945+08
39,01M0MX49WGDNVXP0NK8Y3ENK5B,4162975Y25KN73W7KKDJGX6P,7,245.00,1715.00,delivered,2026-08-23 16:39:18.391945+08,2026-08-23 16:39:18.391945+08
40,01M0MX49WGDNVXP0NK8Y3ENK5B,413521JP1792738MBB68XMK5,19,350.00,6650.00,delivered,2026-08-23 16:39:18.391945+08,2026-08-23 16:39:18.391945+08
56,01M0MX49WGC9GDS8XV7XBE4DG3,414773WE720HJ0P121AG8FHQ,11,350.00,3850.00,delivered,2026-08-23 16:39:18.391945+08,2026-08-23 16:39:18.391945+08
57,01M0MX49WGC9GDS8XV7XBE4DG3,414773WE720HJ0P121AG8FHQ,20,350.00,7000.00,delivered,2026-08-23 16:39:18.391945+08,2026-08-23 16:39:18.391945+08
58,01M0MX49WGXQMD67E82YWBV9A6,409339V9MK4RHRG0A0XWT91W,3,485.00,1455.00,delivered,2026-08-23 16:39:18.391945+08,2026-08-23 16:39:18.391945+08
59,01M0MX49WGXQMD67E82YWBV9A6,4088862F2RR4FH8VD6HQ69ZM,14,350.00,4900.00,delivered,2026-08-23 16:39:18.391945+08,2026-08-23 16:39:18.391945+08
60,01M0MX49WGXQMD67E82YWBV9A6,411921G8X1MT1A4Z5EPH3YP4,18,30.00,540.00,delivered,2026-08-23 16:39:18.391945+08,2026-08-23 16:39:18.391945+08
65,01M0MX49WGYD1YF88F6QNM3YET,4138050CXS9PQSNF661Q1A1F,14,140.00,1960.00,delivered,2026-08-23 16:39:18.391945+08,2026-08-23 16:39:18.391945+08
66,01M0MX49WGYD1YF88F6QNM3YET,410258ZSW0QAXSVS8S3VV7TE,11,35.00,385.00,delivered,2026-08-23 16:39:18.391945+08,2026-08-23 16:39:18.391945+08
67,01M0MX49WGYD1YF88F6QNM3YET,4138050CXS9PQSNF661Q1A1F,15,140.00,2100.00,delivered,2026-08-23 16:39:18.391945+08,2026-08-23 16:39:18.391945+08
77,01M0MX49WGJHBW8YNE1ZSP57NW,4116065CZMHNTR71A86YWAMC,1,350.00,350.00,delivered,2026-08-23 16:39:18.391945+08,2026-08-23 16:39:18.391945+08
78,01M0MX49WGJHBW8YNE1ZSP57NW,412596TV7NC82RBGNTA0W8JZ,10,35.00,350.00,delivered,2026-08-23 16:39:18.391945+08,2026-08-23 16:39:18.391945+08
79,01M0MX49WGRCJD3Y4TMDVMKAMM,417359ZGZV0QNH8M3DEYW8G5,2,350.00,700.00,delivered,2026-08-23 16:39:18.391945+08,2026-08-23 16:39:18.391945+08
80,01M0MX49WGRCJD3Y4TMDVMKAMM,414773WE720HJ0P121AG8FHQ,16,350.00,5600.00,delivered,2026-08-23 16:39:18.391945+08,2026-08-23 16:39:18.391945+08
86,01M0MX49WG9H8QETP1BVK1THR4,4088862F2RR4FH8VD6HQ69ZM,17,350.00,5950.00,delivered,2026-08-23 16:39:18.391945+08,2026-08-23 16:39:18.391945+08
87,01M0MX49WG9H8QETP1BVK1THR4,4162975Y25KN73W7KKDJGX6P,15,245.00,3675.00,delivered,2026-08-23 16:39:18.391945+08,2026-08-23 16:39:18.391945+08
88,01M0MX49WG9H8QETP1BVK1THR4,416496PKZM0T9NY433H8KP6M,10,30.00,300.00,delivered,2026-08-23 16:39:18.391945+08,2026-08-23 16:39:18.391945+08
94,01M0MX49WGA9SEAX50N0ZVB0WJ,4088862F2RR4FH8VD6HQ69ZM,10,350.00,3500.00,delivered,2026-08-23 16:39:18.391945+08,2026-08-23 16:39:18.391945+08
127,01M0MX49WGREXZ6NJYZYTVZP4Q,41150684MEXX0KJ3HG4B279E,3,30.00,90.00,delivered,2026-08-23 16:39:18.391945+08,2026-08-23 16:39:18.391945+08
128,01M0MX49WGREXZ6NJYZYTVZP4Q,4088862F2RR4FH8VD6HQ69ZM,4,350.00,1400.00,delivered,2026-08-23 16:39:18.391945+08,2026-08-23 16:39:18.391945+08
129,01M0MX49WGREXZ6NJYZYTVZP4Q,416496PKZM0T9NY433H8KP6M,4,30.00,120.00,delivered,2026-08-23 16:39:18.391945+08,2026-08-23 16:39:18.391945+08
130,01M0MX49WGJ400FMXNGNC52VYE,416951J7FD3NBDV1MM1QS36H,17,415.00,7055.00,delivered,2026-08-23 16:39:18.391945+08,2026-08-23 16:39:18.391945+08
131,01M0MX49WGJ400FMXNGNC52VYE,41085841ZKREWJPCC4PWVWR7,9,15.00,135.00,delivered,2026-08-23 16:39:18.391945+08,2026-08-23 16:39:18.391945+08
132,01M0MX49WGJ400FMXNGNC52VYE,41150684MEXX0KJ3HG4B279E,16,30.00,480.00,delivered,2026-08-23 16:39:18.391945+08,2026-08-23 16:39:18.391945+08
154,01M0MX49WG4DNT9NVSVA0KH6QS,411039DJMEE6FWS52GMATRN7,18,25.00,450.00,delivered,2026-08-23 16:39:18.391945+08,2026-08-23 16:39:18.391945+08
155,01M0MX49WG4DNT9NVSVA0KH6QS,4162975Y25KN73W7KKDJGX6P,11,245.00,2695.00,delivered,2026-08-23 16:39:18.391945+08,2026-08-23 16:39:18.391945+08
157,01M0MX49WGS0B084H9FVN04BJ0,4088862F2RR4FH8VD6HQ69ZM,3,350.00,1050.00,delivered,2026-08-23 16:39:18.391945+08,2026-08-23 16:39:18.391945+08
158,01M0MX49WGS0B084H9FVN04BJ0,41150684MEXX0KJ3HG4B279E,4,30.00,120.00,delivered,2026-08-23 16:39:18.391945+08,2026-08-23 16:39:18.391945+08
163,01M0MX49WGMR8F23VDTQ3AXMCB,417359ZGZV0QNH8M3DEYW8G5,6,350.00,2100.00,delivered,2026-08-23 16:39:18.391945+08,2026-08-23 16:39:18.391945+08
164,01M0MX49WG52GYDJCVHPWWMT9T,4082223DQAKGCJ8P0XHQQNB2,8,112.00,896.00,delivered,2026-08-23 16:39:18.391945+08,2026-08-23 16:39:18.391945+08
165,01M0MX49WG52GYDJCVHPWWMT9T,411921G8X1MT1A4Z5EPH3YP4,19,30.00,570.00,delivered,2026-08-23 16:39:18.391945+08,2026-08-23 16:39:18.391945+08
171,01M0MX49WG6NQ4TT9391X6B0SY,409339V9MK4RHRG0A0XWT91W,13,485.00,6305.00,delivered,2026-08-23 16:39:18.391945+08,2026-08-23 16:39:18.391945+08
172,01M0MX49WG6NQ4TT9391X6B0SY,411921G8X1MT1A4Z5EPH3YP4,4,30.00,120.00,delivered,2026-08-23 16:39:18.391945+08,2026-08-23 16:39:18.391945+08
180,01M0MX49WG94YG90DV8KYQB38S,411039DJMEE6FWS52GMATRN7,5,25.00,125.00,delivered,2026-08-23 16:39:18.391945+08,2026-08-23 16:39:18.391945+08
181,01M0MX49WG94YG90DV8KYQB38S,413005KN3WGNAPH6NCQ5JCT9,4,350.00,1400.00,delivered,2026-08-23 16:39:18.391945+08,2026-08-23 16:39:18.391945+08
182,01M0MX49WG94YG90DV8KYQB38S,413005KN3WGNAPH6NCQ5JCT9,2,350.00,700.00,delivered,2026-08-23 16:39:18.391945+08,2026-08-23 16:39:18.391945+08
199,01M0MX49WGBSMXJ7AQZE1SF4RM,41511344QHQDJBZ4FRV45NKC,2,350.00,700.00,delivered,2026-08-23 16:39:18.391945+08,2026-08-23 16:39:18.391945+08
223,01M0MX49WG3VN6466DQWFHYC7B,416496PKZM0T9NY433H8KP6M,17,30.00,510.00,delivered,2026-08-23 16:39:18.391945+08,2026-08-23 16:39:18.391945+08
225,01M0MX49WGWREM4YEJ3BF0549V,407702R5D86R3CBB81E3X29M,16,350.00,5600.00,delivered,2026-08-23 16:39:18.391945+08,2026-08-23 16:39:18.391945+08
229,01M0MX49WG98YJSPJECPT94ADA,410258ZSW0QAXSVS8S3VV7TE,11,35.00,385.00,delivered,2026-08-23 16:39:18.391945+08,2026-08-23 16:39:18.391945+08
230,01M0MX49WG98YJSPJECPT94ADA,4162975Y25KN73W7KKDJGX6P,20,245.00,4900.00,delivered,2026-08-23 16:39:18.391945+08,2026-08-23 16:39:18.391945+08
231,01M0MX49WG98YJSPJECPT94ADA,408186TJ449WSVW673RWDK4X,10,30.00,300.00,delivered,2026-08-23 16:39:18.391945+08,2026-08-23 16:39:18.391945+08
232,01M0MX49WGP1W1PG1N4QYCS2MD,4116065CZMHNTR71A86YWAMC,4,350.00,1400.00,delivered,2026-08-23 16:39:18.391945+08,2026-08-23 16:39:18.391945+08
233,01M0MX49WGP1W1PG1N4QYCS2MD,413005KN3WGNAPH6NCQ5JCT9,18,350.00,6300.00,delivered,2026-08-23 16:39:18.391945+08,2026-08-23 16:39:18.391945+08
243,01M0MX49WGVXQCQE3Q8RXQYXBC,4116065CZMHNTR71A86YWAMC,14,350.00,4900.00,delivered,2026-08-23 16:39:18.391945+08,2026-08-23 16:39:18.391945+08
244,01M0MX49WGVXQCQE3Q8RXQYXBC,4138050CXS9PQSNF661Q1A1F,14,140.00,1960.00,delivered,2026-08-23 16:39:18.391945+08,2026-08-23 16:39:18.391945+08
245,01M0MX49WGVXQCQE3Q8RXQYXBC,407702R5D86R3CBB81E3X29M,10,350.00,3500.00,delivered,2026-08-23 16:39:18.391945+08,2026-08-23 16:39:18.391945+08
251,01M0MX49WGQ1GF74CR8QCBT3BE,410258ZSW0QAXSVS8S3VV7TE,1,35.00,35.00,delivered,2026-08-23 16:39:18.391945+08,2026-08-23 16:39:18.391945+08
252,01M0MX49WGQ1GF74CR8QCBT3BE,4082223DQAKGCJ8P0XHQQNB2,9,112.00,1008.00,delivered,2026-08-23 16:39:18.391945+08,2026-08-23 16:39:18.391945+08
253,01M0MX49WGQ1GF74CR8QCBT3BE,409420087QNW2D06G06MH7JS,6,350.00,2100.00,delivered,2026-08-23 16:39:18.391945+08,2026-08-23 16:39:18.391945+08
256,01M0MX49WGHM8SJF6A7GGRKXN3,413521JP1792738MBB68XMK5,5,350.00,1750.00,delivered,2026-08-23 16:39:18.391945+08,2026-08-23 16:39:18.391945+08
257,01M0MX49WGHM8SJF6A7GGRKXN3,413005KN3WGNAPH6NCQ5JCT9,1,350.00,350.00,delivered,2026-08-23 16:39:18.391945+08,2026-08-23 16:39:18.391945+08
275,01M0MX49WG80W50B138SXHBW3F,409892D87XEVH1ZTZXV5F6C1,19,155.00,2945.00,delivered,2026-08-23 16:39:18.391945+08,2026-08-23 16:39:18.391945+08
276,01M0MX49WGVNYFKC4X8XN8FH6S,413005KN3WGNAPH6NCQ5JCT9,14,350.00,4900.00,delivered,2026-08-23 16:39:18.391945+08,2026-08-23 16:39:18.391945+08
277,01M0MX49WGVNYFKC4X8XN8FH6S,416951J7FD3NBDV1MM1QS36H,4,415.00,1660.00,delivered,2026-08-23 16:39:18.391945+08,2026-08-23 16:39:18.391945+08
278,01M0MX49WGVNYFKC4X8XN8FH6S,4162975Y25KN73W7KKDJGX6P,1,245.00,245.00,delivered,2026-08-23 16:39:18.391945+08,2026-08-23 16:39:18.391945+08
282,01M0MX49WG21RBK7ST2VH8P7SG,413521JP1792738MBB68XMK5,13,350.00,4550.00,delivered,2026-08-23 16:39:18.391945+08,2026-08-23 16:39:18.391945+08
283,01M0MX49WG21RBK7ST2VH8P7SG,416951J7FD3NBDV1MM1QS36H,11,415.00,4565.00,delivered,2026-08-23 16:39:18.391945+08,2026-08-23 16:39:18.391945+08
284,01M0MX49WG21RBK7ST2VH8P7SG,4088862F2RR4FH8VD6HQ69ZM,11,350.00,3850.00,delivered,2026-08-23 16:39:18.391945+08,2026-08-23 16:39:18.391945+08
289,01M0MX49WG1H44DNBD5KMKXHPX,413521JP1792738MBB68XMK5,6,350.00,2100.00,delivered,2026-08-23 16:39:18.391945+08,2026-08-23 16:39:18.391945+08
290,01M0MX49WG1H44DNBD5KMKXHPX,413005KN3WGNAPH6NCQ5JCT9,16,350.00,5600.00,delivered,2026-08-23 16:39:18.391945+08,2026-08-23 16:39:18.391945+08
291,01M0MX49WG1H44DNBD5KMKXHPX,416496PKZM0T9NY433H8KP6M,19,30.00,570.00,delivered,2026-08-23 16:39:18.391945+08,2026-08-23 16:39:18.391945+08
295,01M0MX49WG8EM6ZCKFEZ8HF4QK,416951J7FD3NBDV1MM1QS36H,9,415.00,3735.00,delivered,2026-08-23 16:39:18.391945+08,2026-08-23 16:39:18.391945+08
296,01M0MX49WG8EM6ZCKFEZ8HF4QK,412596TV7NC82RBGNTA0W8JZ,2,35.00,70.00,delivered,2026-08-23 16:39:18.391945+08,2026-08-23 16:39:18.391945+08
297,01M0MX49WG8EM6ZCKFEZ8HF4QK,4138050CXS9PQSNF661Q1A1F,17,140.00,2380.00,delivered,2026-08-23 16:39:18.391945+08,2026-08-23 16:39:18.391945+08
300,01M0MX49WGETXHY9Q3XJZ4T7AS,4082223DQAKGCJ8P0XHQQNB2,20,112.00,2240.00,delivered,2026-08-23 16:39:18.391945+08,2026-08-23 16:39:18.391945+08
304,01M0MX49WGYGHZDHJTENKDFFFP,41511344QHQDJBZ4FRV45NKC,2,350.00,700.00,delivered,2026-08-23 16:39:18.391945+08,2026-08-23 16:39:18.391945+08
305,01M0MX49WGYGHZDHJTENKDFFFP,416496PKZM0T9NY433H8KP6M,4,30.00,120.00,delivered,2026-08-23 16:39:18.391945+08,2026-08-23 16:39:18.391945+08
306,01M0MX49WGYGHZDHJTENKDFFFP,409892D87XEVH1ZTZXV5F6C1,3,155.00,465.00,delivered,2026-08-23 16:39:18.391945+08,2026-08-23 16:39:18.391945+08
307,01M0MX49WGTGT0RN5W6EPDPANS,4088862F2RR4FH8VD6HQ69ZM,15,350.00,5250.00,delivered,2026-08-23 16:39:18.391945+08,2026-08-23 16:39:18.391945+08
308,01M0MX49WGXMDCRXGJJNMYREG4,417359ZGZV0QNH8M3DEYW8G5,12,350.00,4200.00,delivered,2026-08-23 16:39:18.391945+08,2026-08-23 16:39:18.391945+08
309,01M0MX49WGXMDCRXGJJNMYREG4,4138050CXS9PQSNF661Q1A1F,10,140.00,1400.00,delivered,2026-08-23 16:39:18.391945+08,2026-08-23 16:39:18.391945+08
310,01M0MX49WGXMDCRXGJJNMYREG4,4162975Y25KN73W7KKDJGX6P,14,245.00,3430.00,delivered,2026-08-23 16:39:18.391945+08,2026-08-23 16:39:18.391945+08
318,01M0MX49WG2SS6V97TFMTDBRF7,416951J7FD3NBDV1MM1QS36H,18,415.00,7470.00,delivered,2026-08-23 16:39:18.391945+08,2026-08-23 16:39:18.391945+08
319,01M0MX49WGA7WH80042NC4PQ0G,41511344QHQDJBZ4FRV45NKC,17,350.00,5950.00,delivered,2026-08-23 16:39:18.391945+08,2026-08-23 16:39:18.391945+08
320,01M0MX49WGA7WH80042NC4PQ0G,413521JP1792738MBB68XMK5,14,350.00,4900.00,delivered,2026-08-23 16:39:18.391945+08,2026-08-23 16:39:18.391945+08
334,01M0MX49WGZQ0GCT5ZAR3CXZ9G,4162975Y25KN73W7KKDJGX6P,17,245.00,4165.00,delivered,2026-08-23 16:39:18.391945+08,2026-08-23 16:39:18.391945+08
335,01M0MX49WGZQ0GCT5ZAR3CXZ9G,408186TJ449WSVW673RWDK4X,14,30.00,420.00,delivered,2026-08-23 16:39:18.391945+08,2026-08-23 16:39:18.391945+08
349,01M0MX49WGADXAVKGFWJRW1MDT,409420087QNW2D06G06MH7JS,9,350.00,3150.00,delivered,2026-08-23 16:39:18.391945+08,2026-08-23 16:39:18.391945+08
357,01M0MX49WG6A0DYGZZV8FG4HN4,412596TV7NC82RBGNTA0W8JZ,14,35.00,490.00,delivered,2026-08-23 16:39:18.391945+08,2026-08-23 16:39:18.391945+08
362,01M0MX49WGZ5BMFA9DEAQR4YF3,414773WE720HJ0P121AG8FHQ,1,350.00,350.00,delivered,2026-08-23 16:39:18.391945+08,2026-08-23 16:39:18.391945+08
363,01M0MX49WGZ5BMFA9DEAQR4YF3,4138050CXS9PQSNF661Q1A1F,3,140.00,420.00,delivered,2026-08-23 16:39:18.391945+08,2026-08-23 16:39:18.391945+08
367,01M0MX49WGK3VT3BP5Z76RKX0H,417359ZGZV0QNH8M3DEYW8G5,15,350.00,5250.00,delivered,2026-08-23 16:39:18.391945+08,2026-08-23 16:39:18.391945+08
368,01M0MX49WGK3VT3BP5Z76RKX0H,41085841ZKREWJPCC4PWVWR7,16,15.00,240.00,delivered,2026-08-23 16:39:18.391945+08,2026-08-23 16:39:18.391945+08
369,01M0MX49WGK3VT3BP5Z76RKX0H,413005KN3WGNAPH6NCQ5JCT9,6,350.00,2100.00,delivered,2026-08-23 16:39:18.391945+08,2026-08-23 16:39:18.391945+08
410,01M0MX49WG4PF56ECMBJ580233,416951J7FD3NBDV1MM1QS36H,6,415.00,2490.00,delivered,2026-08-23 16:39:18.391945+08,2026-08-23 16:39:18.391945+08
411,01M0MX49WG4PF56ECMBJ580233,41085841ZKREWJPCC4PWVWR7,6,15.00,90.00,delivered,2026-08-23 16:39:18.391945+08,2026-08-23 16:39:18.391945+08
412,01M0MX49WGKB9WBNR487HNB0YA,409339V9MK4RHRG0A0XWT91W,5,485.00,2425.00,delivered,2026-08-23 16:39:18.391945+08,2026-08-23 16:39:18.391945+08
417,01M0MX49WGBQ71SM2Q89BQYEES,412596TV7NC82RBGNTA0W8JZ,3,35.00,105.00,delivered,2026-08-23 16:39:18.391945+08,2026-08-23 16:39:18.391945+08
418,01M0MX49WGBQ71SM2Q89BQYEES,41511344QHQDJBZ4FRV45NKC,11,350.00,3850.00,delivered,2026-08-23 16:39:18.391945+08,2026-08-23 16:39:18.391945+08
431,01M0MX49WGP1CDVYKGQK3G9RHQ,41511344QHQDJBZ4FRV45NKC,6,350.00,2100.00,delivered,2026-08-23 16:39:18.391945+08,2026-08-23 16:39:18.391945+08
432,01M0MX49WGP1CDVYKGQK3G9RHQ,411039DJMEE6FWS52GMATRN7,20,25.00,500.00,delivered,2026-08-23 16:39:18.391945+08,2026-08-23 16:39:18.391945+08
433,01M0MX49WGP1CDVYKGQK3G9RHQ,4082223DQAKGCJ8P0XHQQNB2,11,112.00,1232.00,delivered,2026-08-23 16:39:18.391945+08,2026-08-23 16:39:18.391945+08
436,01M0MX49WG7SVTW1WBGME5XFYB,413005KN3WGNAPH6NCQ5JCT9,18,350.00,6300.00,delivered,2026-08-23 16:39:18.391945+08,2026-08-23 16:39:18.391945+08
437,01M0MX49WG7SVTW1WBGME5XFYB,416951J7FD3NBDV1MM1QS36H,10,415.00,4150.00,delivered,2026-08-23 16:39:18.391945+08,2026-08-23 16:39:18.391945+08
464,01M0MX49WG5TXSGJ7V3D45NXKF,414773WE720HJ0P121AG8FHQ,20,350.00,7000.00,delivered,2026-08-23 16:39:18.391945+08,2026-08-23 16:39:18.391945+08
465,01M0MX49WG5TXSGJ7V3D45NXKF,411039DJMEE6FWS52GMATRN7,20,25.00,500.00,delivered,2026-08-23 16:39:18.391945+08,2026-08-23 16:39:18.391945+08
466,01M0MX49WG5TXSGJ7V3D45NXKF,4116065CZMHNTR71A86YWAMC,5,350.00,1750.00,delivered,2026-08-23 16:39:18.391945+08,2026-08-23 16:39:18.391945+08
469,01M0MX49WGY94APPV4FZHM5264,407702R5D86R3CBB81E3X29M,2,350.00,700.00,delivered,2026-08-23 16:39:18.391945+08,2026-08-23 16:39:18.391945+08
470,01M0MX49WGY94APPV4FZHM5264,407702R5D86R3CBB81E3X29M,5,350.00,1750.00,delivered,2026-08-23 16:39:18.391945+08,2026-08-23 16:39:18.391945+08
471,01M0MX49WGY94APPV4FZHM5264,41085841ZKREWJPCC4PWVWR7,11,15.00,165.00,delivered,2026-08-23 16:39:18.391945+08,2026-08-23 16:39:18.391945+08
472,01M0MX49WG4FBTJGSPSB6FD3TT,4082223DQAKGCJ8P0XHQQNB2,17,112.00,1904.00,delivered,2026-08-23 16:39:18.391945+08,2026-08-23 16:39:18.391945+08
476,01M0MX49WGWHEB6MYGPG23D05E,410258ZSW0QAXSVS8S3VV7TE,16,35.00,560.00,delivered,2026-08-23 16:39:18.391945+08,2026-08-23 16:39:18.391945+08
477,01M0MX49WGWHEB6MYGPG23D05E,41085841ZKREWJPCC4PWVWR7,19,15.00,285.00,delivered,2026-08-23 16:39:18.391945+08,2026-08-23 16:39:18.391945+08
478,01M0MX49WGWHEB6MYGPG23D05E,416951J7FD3NBDV1MM1QS36H,16,415.00,6640.00,delivered,2026-08-23 16:39:18.391945+08,2026-08-23 16:39:18.391945+08
482,01M0MX49WGZAD6GFEDKKJX47JD,412596TV7NC82RBGNTA0W8JZ,19,35.00,665.00,delivered,2026-08-23 16:39:18.391945+08,2026-08-23 16:39:18.391945+08
483,01M0MX49WGZAD6GFEDKKJX47JD,4088862F2RR4FH8VD6HQ69ZM,2,350.00,700.00,delivered,2026-08-23 16:39:18.391945+08,2026-08-23 16:39:18.391945+08
484,01M0MX49WGZAD6GFEDKKJX47JD,412596TV7NC82RBGNTA0W8JZ,16,35.00,560.00,delivered,2026-08-23 16:39:18.391945+08,2026-08-23 16:39:18.391945+08
485,01M0MX49WGYQDJVEV99QJT4JS8,4082223DQAKGCJ8P0XHQQNB2,13,112.00,1456.00,delivered,2026-08-23 16:39:18.391945+08,2026-08-23 16:39:18.391945+08
486,01M0MX49WGYQDJVEV99QJT4JS8,41511344QHQDJBZ4FRV45NKC,8,350.00,2800.00,delivered,2026-08-23 16:39:18.391945+08,2026-08-23 16:39:18.391945+08
487,01M0MX49WGYQDJVEV99QJT4JS8,407702R5D86R3CBB81E3X29M,19,350.00,6650.00,delivered,2026-08-23 16:39:18.391945+08,2026-08-23 16:39:18.391945+08
517,01M0MX49WGDKC6YP1E32SM8V24,413005KN3WGNAPH6NCQ5JCT9,19,350.00,6650.00,delivered,2026-08-23 16:39:18.391945+08,2026-08-23 16:39:18.391945+08
518,01M0MX49WGGVJXMNC0HT7XFZR3,407702R5D86R3CBB81E3X29M,6,350.00,2100.00,delivered,2026-08-23 16:39:18.391945+08,2026-08-23 16:39:18.391945+08
519,01M0MX49WGGVJXMNC0HT7XFZR3,41150684MEXX0KJ3HG4B279E,6,30.00,180.00,delivered,2026-08-23 16:39:18.391945+08,2026-08-23 16:39:18.391945+08
520,01M0MX49WGGVJXMNC0HT7XFZR3,407702R5D86R3CBB81E3X29M,13,350.00,4550.00,delivered,2026-08-23 16:39:18.391945+08,2026-08-23 16:39:18.391945+08
526,01M0MX49WGPC3J2G9Z047721KV,408186TJ449WSVW673RWDK4X,15,30.00,450.00,delivered,2026-08-23 16:39:18.391945+08,2026-08-23 16:39:18.391945+08
528,01M0MX49WGQMGXGQAJ1S8QJTZM,417359ZGZV0QNH8M3DEYW8G5,1,350.00,350.00,delivered,2026-08-23 16:39:18.391945+08,2026-08-23 16:39:18.391945+08
529,01M0MX49WGQMGXGQAJ1S8QJTZM,409892D87XEVH1ZTZXV5F6C1,10,155.00,1550.00,delivered,2026-08-23 16:39:18.391945+08,2026-08-23 16:39:18.391945+08
530,01M0MX49WGQMGXGQAJ1S8QJTZM,412596TV7NC82RBGNTA0W8JZ,7,35.00,245.00,delivered,2026-08-23 16:39:18.391945+08,2026-08-23 16:39:18.391945+08
531,01M0MX49WGASYXZCQM93HPM55K,4162975Y25KN73W7KKDJGX6P,14,245.00,3430.00,delivered,2026-08-23 16:39:18.391945+08,2026-08-23 16:39:18.391945+08
532,01M0MX49WGASYXZCQM93HPM55K,408186TJ449WSVW673RWDK4X,11,30.00,330.00,delivered,2026-08-23 16:39:18.391945+08,2026-08-23 16:39:18.391945+08
533,01M0MX49WGASYXZCQM93HPM55K,413521JP1792738MBB68XMK5,13,350.00,4550.00,delivered,2026-08-23 16:39:18.391945+08,2026-08-23 16:39:18.391945+08
537,01M0MX49WGRJQ2SS17Y1ZY49VG,409420087QNW2D06G06MH7JS,9,350.00,3150.00,delivered,2026-08-23 16:39:18.391945+08,2026-08-23 16:39:18.391945+08
538,01M0MX49WGRJQ2SS17Y1ZY49VG,413005KN3WGNAPH6NCQ5JCT9,12,350.00,4200.00,delivered,2026-08-23 16:39:18.391945+08,2026-08-23 16:39:18.391945+08
539,01M0MX49WGRJQ2SS17Y1ZY49VG,41085841ZKREWJPCC4PWVWR7,8,15.00,120.00,delivered,2026-08-23 16:39:18.391945+08,2026-08-23 16:39:18.391945+08
561,01M0MX49WGTBWG5C3D3RF8ZBD6,41150684MEXX0KJ3HG4B279E,12,30.00,360.00,delivered,2026-08-23 16:39:18.391945+08,2026-08-23 16:39:18.391945+08
562,01M0MX49WG5X816QCVQXES3D4E,413521JP1792738MBB68XMK5,16,350.00,5600.00,delivered,2026-08-23 16:39:18.391945+08,2026-08-23 16:39:18.391945+08
569,01M0MX49WGFSZDK4TF559DVCHK,410258ZSW0QAXSVS8S3VV7TE,14,35.00,490.00,delivered,2026-08-23 16:39:18.391945+08,2026-08-23 16:39:18.391945+08
570,01M0MX49WGFSZDK4TF559DVCHK,410258ZSW0QAXSVS8S3VV7TE,13,35.00,455.00,delivered,2026-08-23 16:39:18.391945+08,2026-08-23 16:39:18.391945+08
571,01M0MX49WGFSZDK4TF559DVCHK,4088862F2RR4FH8VD6HQ69ZM,8,350.00,2800.00,delivered,2026-08-23 16:39:18.391945+08,2026-08-23 16:39:18.391945+08
577,01M0MX49WGJB4CQKTYDDM1QZ7A,41511344QHQDJBZ4FRV45NKC,17,350.00,5950.00,delivered,2026-08-23 16:39:18.391945+08,2026-08-23 16:39:18.391945+08
584,01M0MX49WG0V6AHZKNTR5FPZE8,4138050CXS9PQSNF661Q1A1F,13,140.00,1820.00,delivered,2026-08-23 16:39:18.391945+08,2026-08-23 16:39:18.391945+08
594,01M0MX49WGXV27WA2KPMQFZAY4,407702R5D86R3CBB81E3X29M,9,350.00,3150.00,delivered,2026-08-23 16:39:18.391945+08,2026-08-23 16:39:18.391945+08
598,01M0MX49WGQ1KAYZNN8Y9EV6T3,416951J7FD3NBDV1MM1QS36H,1,415.00,415.00,delivered,2026-08-23 16:39:18.391945+08,2026-08-23 16:39:18.391945+08
599,01M0MX49WGQ1KAYZNN8Y9EV6T3,409339V9MK4RHRG0A0XWT91W,7,485.00,3395.00,delivered,2026-08-23 16:39:18.391945+08,2026-08-23 16:39:18.391945+08
615,01M0MX49WG1WEM26E65614E0CD,4138050CXS9PQSNF661Q1A1F,6,140.00,840.00,delivered,2026-08-23 16:39:18.391945+08,2026-08-23 16:39:18.391945+08
616,01M0MX49WG1WEM26E65614E0CD,41511344QHQDJBZ4FRV45NKC,18,350.00,6300.00,delivered,2026-08-23 16:39:18.391945+08,2026-08-23 16:39:18.391945+08
617,01M0MX49WG1WEM26E65614E0CD,411921G8X1MT1A4Z5EPH3YP4,6,30.00,180.00,delivered,2026-08-23 16:39:18.391945+08,2026-08-23 16:39:18.391945+08
626,01M0MX49WGSXKZA1CWBJ4Y8ZY2,409420087QNW2D06G06MH7JS,17,350.00,5950.00,delivered,2026-08-23 16:39:18.391945+08,2026-08-23 16:39:18.391945+08
627,01M0MX49WGSY7HYMZSYQKM7NTC,409420087QNW2D06G06MH7JS,17,350.00,5950.00,delivered,2026-08-23 16:39:18.391945+08,2026-08-23 16:39:18.391945+08
628,01M0MX49WGSY7HYMZSYQKM7NTC,41085841ZKREWJPCC4PWVWR7,14,15.00,210.00,delivered,2026-08-23 16:39:18.391945+08,2026-08-23 16:39:18.391945+08
633,01M0MX49WG59S9HVD4RPVMYVAR,41085841ZKREWJPCC4PWVWR7,8,15.00,120.00,delivered,2026-08-23 16:39:18.391945+08,2026-08-23 16:39:18.391945+08
641,01M0MX49WGV63PKVM3GKMH06ND,417359ZGZV0QNH8M3DEYW8G5,11,350.00,3850.00,delivered,2026-08-23 16:39:18.391945+08,2026-08-23 16:39:18.391945+08
645,01M0MX49WGYGXQAMC629Z7BG52,411039DJMEE6FWS52GMATRN7,18,25.00,450.00,delivered,2026-08-23 16:39:18.391945+08,2026-08-23 16:39:18.391945+08
646,01M0MX49WGYGXQAMC629Z7BG52,409892D87XEVH1ZTZXV5F6C1,13,155.00,2015.00,delivered,2026-08-23 16:39:18.391945+08,2026-08-23 16:39:18.391945+08
719,01M0MX49WG3AKC87PSZYM05A00,417359ZGZV0QNH8M3DEYW8G5,11,350.00,3850.00,delivered,2026-08-23 16:39:18.391945+08,2026-08-23 16:39:18.391945+08
720,01M0MX49WG3AKC87PSZYM05A00,410258ZSW0QAXSVS8S3VV7TE,14,35.00,490.00,delivered,2026-08-23 16:39:18.391945+08,2026-08-23 16:39:18.391945+08
721,01M0MX49WG3AKC87PSZYM05A00,416496PKZM0T9NY433H8KP6M,8,30.00,240.00,delivered,2026-08-23 16:39:18.391945+08,2026-08-23 16:39:18.391945+08
722,01M0MX49WG8329D7DG765H9ESX,413005KN3WGNAPH6NCQ5JCT9,14,350.00,4900.00,delivered,2026-08-23 16:39:18.391945+08,2026-08-23 16:39:18.391945+08
734,01M0MX49WGYGFH6KKJDZFX0F33,41511344QHQDJBZ4FRV45NKC,11,350.00,3850.00,delivered,2026-08-23 16:39:18.391945+08,2026-08-23 16:39:18.391945+08
735,01M0MX49WGYGFH6KKJDZFX0F33,4116065CZMHNTR71A86YWAMC,8,350.00,2800.00,delivered,2026-08-23 16:39:18.391945+08,2026-08-23 16:39:18.391945+08
736,01M0MX49WGYGFH6KKJDZFX0F33,416951J7FD3NBDV1MM1QS36H,4,415.00,1660.00,delivered,2026-08-23 16:39:18.391945+08,2026-08-23 16:39:18.391945+08
738,01M0MX49WGSFR5BABX53DWZ84Z,4162975Y25KN73W7KKDJGX6P,14,245.00,3430.00,delivered,2026-08-23 16:39:18.391945+08,2026-08-23 16:39:18.391945+08
739,01M0MX49WGSFR5BABX53DWZ84Z,417359ZGZV0QNH8M3DEYW8G5,16,350.00,5600.00,delivered,2026-08-23 16:39:18.391945+08,2026-08-23 16:39:18.391945+08
740,01M0MX49WGSFR5BABX53DWZ84Z,413005KN3WGNAPH6NCQ5JCT9,18,350.00,6300.00,delivered,2026-08-23 16:39:18.391945+08,2026-08-23 16:39:18.391945+08
741,01M0MX49WGJBCK0J3CXN4VS3SV,416951J7FD3NBDV1MM1QS36H,5,415.00,2075.00,delivered,2026-08-23 16:39:18.391945+08,2026-08-23 16:39:18.391945+08
742,01M0MX49WGJBCK0J3CXN4VS3SV,417359ZGZV0QNH8M3DEYW8G5,11,350.00,3850.00,delivered,2026-08-23 16:39:18.391945+08,2026-08-23 16:39:18.391945+08
743,01M0MX49WGVHX8MYGQ5VMZ0TD1,409420087QNW2D06G06MH7JS,16,350.00,5600.00,delivered,2026-08-23 16:39:18.391945+08,2026-08-23 16:39:18.391945+08
744,01M0MX49WGVHX8MYGQ5VMZ0TD1,41511344QHQDJBZ4FRV45NKC,7,350.00,2450.00,delivered,2026-08-23 16:39:18.391945+08,2026-08-23 16:39:18.391945+08
753,01M0MX49WGQ1MGH7YVP4QSC351,410258ZSW0QAXSVS8S3VV7TE,12,35.00,420.00,delivered,2026-08-23 16:39:18.391945+08,2026-08-23 16:39:18.391945+08
754,01M0MX49WGQ1MGH7YVP4QSC351,410258ZSW0QAXSVS8S3VV7TE,2,35.00,70.00,delivered,2026-08-23 16:39:18.391945+08,2026-08-23 16:39:18.391945+08
755,01M0MX49WGB1SF24ZG0EQF3JEE,4116065CZMHNTR71A86YWAMC,8,350.00,2800.00,delivered,2026-08-23 16:39:18.391945+08,2026-08-23 16:39:18.391945+08
756,01M0MX49WGB1SF24ZG0EQF3JEE,416951J7FD3NBDV1MM1QS36H,2,415.00,830.00,delivered,2026-08-23 16:39:18.391945+08,2026-08-23 16:39:18.391945+08
761,01M0MX49WG9ZSVD7VQ6G8EYQ2R,409339V9MK4RHRG0A0XWT91W,2,485.00,970.00,delivered,2026-08-23 16:39:18.391945+08,2026-08-23 16:39:18.391945+08
773,01M0MX49WGHMEFEXPCBPEDV7RW,41085841ZKREWJPCC4PWVWR7,12,15.00,180.00,delivered,2026-08-23 16:39:18.391945+08,2026-08-23 16:39:18.391945+08
774,01M0MX49WGHMEFEXPCBPEDV7RW,416496PKZM0T9NY433H8KP6M,16,30.00,480.00,delivered,2026-08-23 16:39:18.391945+08,2026-08-23 16:39:18.391945+08
775,01M0MX49WGY9VP8VTRTAZT2729,413521JP1792738MBB68XMK5,15,350.00,5250.00,delivered,2026-08-23 16:39:18.391945+08,2026-08-23 16:39:18.391945+08
776,01M0MX49WGY9VP8VTRTAZT2729,413005KN3WGNAPH6NCQ5JCT9,12,350.00,4200.00,delivered,2026-08-23 16:39:18.391945+08,2026-08-23 16:39:18.391945+08
777,01M0MX49WGY9VP8VTRTAZT2729,413521JP1792738MBB68XMK5,18,350.00,6300.00,delivered,2026-08-23 16:39:18.391945+08,2026-08-23 16:39:18.391945+08
798,01M0MX49WGWY8P72HKH6F8VFTA,4162975Y25KN73W7KKDJGX6P,3,245.00,735.00,delivered,2026-08-23 16:39:18.391945+08,2026-08-23 16:39:18.391945+08
804,01M0MX49WGYJXZBT2FZCCSWD8W,41150684MEXX0KJ3HG4B279E,20,30.00,600.00,delivered,2026-08-23 16:39:18.391945+08,2026-08-23 16:39:18.391945+08
806,01M0MX49WGEJMYDQENB7683PBF,4138050CXS9PQSNF661Q1A1F,14,140.00,1960.00,delivered,2026-08-23 16:39:18.391945+08,2026-08-23 16:39:18.391945+08
807,01M0MX49WGEJMYDQENB7683PBF,409892D87XEVH1ZTZXV5F6C1,5,155.00,775.00,delivered,2026-08-23 16:39:18.391945+08,2026-08-23 16:39:18.391945+08
809,01M0MX49WGYY6SR74T80DH0BDX,416951J7FD3NBDV1MM1QS36H,1,415.00,415.00,delivered,2026-08-23 16:39:18.391945+08,2026-08-23 16:39:18.391945+08
810,01M0MX49WGYY6SR74T80DH0BDX,411039DJMEE6FWS52GMATRN7,10,25.00,250.00,delivered,2026-08-23 16:39:18.391945+08,2026-08-23 16:39:18.391945+08
811,01M0MX49WGYY6SR74T80DH0BDX,409339V9MK4RHRG0A0XWT91W,17,485.00,8245.00,delivered,2026-08-23 16:39:18.391945+08,2026-08-23 16:39:18.391945+08
812,01M0MX49WGB1J7YFJF9D0T4XF0,4162975Y25KN73W7KKDJGX6P,10,245.00,2450.00,delivered,2026-08-23 16:39:18.391945+08,2026-08-23 16:39:18.391945+08
813,01M0MX49WGB1J7YFJF9D0T4XF0,413005KN3WGNAPH6NCQ5JCT9,2,350.00,700.00,delivered,2026-08-23 16:39:18.391945+08,2026-08-23 16:39:18.391945+08
814,01M0MX49WGB1J7YFJF9D0T4XF0,4088862F2RR4FH8VD6HQ69ZM,16,350.00,5600.00,delivered,2026-08-23 16:39:18.391945+08,2026-08-23 16:39:18.391945+08
819,01M0MX49WG8HJ6FYFVCXZX0ZEX,411921G8X1MT1A4Z5EPH3YP4,3,30.00,90.00,delivered,2026-08-23 16:39:18.391945+08,2026-08-23 16:39:18.391945+08
820,01M0MX49WG9W23ZN2C5EQ133PJ,414773WE720HJ0P121AG8FHQ,7,350.00,2450.00,delivered,2026-08-23 16:39:18.391945+08,2026-08-23 16:39:18.391945+08
839,01M0MX49WGG15HDH87YQQWB00Y,41085841ZKREWJPCC4PWVWR7,19,15.00,285.00,delivered,2026-08-23 16:39:18.391945+08,2026-08-23 16:39:18.391945+08
840,01M0MX49WGG15HDH87YQQWB00Y,413005KN3WGNAPH6NCQ5JCT9,3,350.00,1050.00,delivered,2026-08-23 16:39:18.391945+08,2026-08-23 16:39:18.391945+08
841,01M0MX49WGRJWN1VXVQB2YDYGX,407702R5D86R3CBB81E3X29M,16,350.00,5600.00,delivered,2026-08-23 16:39:18.391945+08,2026-08-23 16:39:18.391945+08
842,01M0MX49WGRJWN1VXVQB2YDYGX,412596TV7NC82RBGNTA0W8JZ,6,35.00,210.00,delivered,2026-08-23 16:39:18.391945+08,2026-08-23 16:39:18.391945+08
851,01M0MX49WGGKC52WMZY6R4BMZE,417359ZGZV0QNH8M3DEYW8G5,8,350.00,2800.00,delivered,2026-08-23 16:39:18.391945+08,2026-08-23 16:39:18.391945+08
865,01M0MX49WGNDC1XP58RDFK3TEK,41150684MEXX0KJ3HG4B279E,16,30.00,480.00,delivered,2026-08-23 16:39:18.391945+08,2026-08-23 16:39:18.391945+08
868,01M0MX49WGY7SAPBC0WGWYTPTG,413521JP1792738MBB68XMK5,19,350.00,6650.00,delivered,2026-08-23 16:39:18.391945+08,2026-08-23 16:39:18.391945+08
869,01M0MX49WGY7SAPBC0WGWYTPTG,4116065CZMHNTR71A86YWAMC,17,350.00,5950.00,delivered,2026-08-23 16:39:18.391945+08,2026-08-23 16:39:18.391945+08
870,01M0MX49WGY7SAPBC0WGWYTPTG,41511344QHQDJBZ4FRV45NKC,13,350.00,4550.00,delivered,2026-08-23 16:39:18.391945+08,2026-08-23 16:39:18.391945+08
871,01M0MX49WG7531P4B2J6ZGYT13,41150684MEXX0KJ3HG4B279E,5,30.00,150.00,delivered,2026-08-23 16:39:18.391945+08,2026-08-23 16:39:18.391945+08
885,01M0MX49WGNANBMFN0GY8WY9TJ,4088862F2RR4FH8VD6HQ69ZM,4,350.00,1400.00,delivered,2026-08-23 16:39:18.391945+08,2026-08-23 16:39:18.391945+08
886,01M0MX49WGNANBMFN0GY8WY9TJ,416496PKZM0T9NY433H8KP6M,4,30.00,120.00,delivered,2026-08-23 16:39:18.391945+08,2026-08-23 16:39:18.391945+08
887,01M0MX49WGNANBMFN0GY8WY9TJ,41511344QHQDJBZ4FRV45NKC,4,350.00,1400.00,delivered,2026-08-23 16:39:18.391945+08,2026-08-23 16:39:18.391945+08
899,01M0MX49WGTRQ1SKC4B6RSJ7S5,416951J7FD3NBDV1MM1QS36H,16,415.00,6640.00,delivered,2026-08-23 16:39:18.391945+08,2026-08-23 16:39:18.391945+08
900,01M0MX49WGTRQ1SKC4B6RSJ7S5,41150684MEXX0KJ3HG4B279E,18,30.00,540.00,delivered,2026-08-23 16:39:18.391945+08,2026-08-23 16:39:18.391945+08
901,01M0MX49WGTRQ1SKC4B6RSJ7S5,411921G8X1MT1A4Z5EPH3YP4,2,30.00,60.00,delivered,2026-08-23 16:39:18.391945+08,2026-08-23 16:39:18.391945+08
909,01M0MX49WG4C532DCJ122AFZRQ,414773WE720HJ0P121AG8FHQ,2,350.00,700.00,delivered,2026-08-23 16:39:18.391945+08,2026-08-23 16:39:18.391945+08
910,01M0MX49WGWM7NZPXZ6THZ4HMS,4088862F2RR4FH8VD6HQ69ZM,6,350.00,2100.00,delivered,2026-08-23 16:39:18.391945+08,2026-08-23 16:39:18.391945+08
911,01M0MX49WGWM7NZPXZ6THZ4HMS,4116065CZMHNTR71A86YWAMC,8,350.00,2800.00,delivered,2026-08-23 16:39:18.391945+08,2026-08-23 16:39:18.391945+08
912,01M0MX49WGWM7NZPXZ6THZ4HMS,411039DJMEE6FWS52GMATRN7,8,25.00,200.00,delivered,2026-08-23 16:39:18.391945+08,2026-08-23 16:39:18.391945+08
913,01M0MX49WGA5P790KGT34YXKXR,407702R5D86R3CBB81E3X29M,8,350.00,2800.00,delivered,2026-08-23 16:39:18.391945+08,2026-08-23 16:39:18.391945+08
914,01M0MX49WGA5P790KGT34YXKXR,412596TV7NC82RBGNTA0W8JZ,13,35.00,455.00,delivered,2026-08-23 16:39:18.391945+08,2026-08-23 16:39:18.391945+08
915,01M0MX49WGA5P790KGT34YXKXR,4138050CXS9PQSNF661Q1A1F,6,140.00,840.00,delivered,2026-08-23 16:39:18.391945+08,2026-08-23 16:39:18.391945+08
921,01M0MX49WGF5CVTQ5J3X9HSQAQ,407702R5D86R3CBB81E3X29M,8,350.00,2800.00,delivered,2026-08-23 16:39:18.391945+08,2026-08-23 16:39:18.391945+08
931,01M0MX49WGS8XVVK6HMD635KKV,41085841ZKREWJPCC4PWVWR7,18,15.00,270.00,delivered,2026-08-23 16:39:18.391945+08,2026-08-23 16:39:18.391945+08
947,01M0MX49WGY9XNS6YKXT4KDJWX,411921G8X1MT1A4Z5EPH3YP4,19,30.00,570.00,delivered,2026-08-23 16:39:18.391945+08,2026-08-23 16:39:18.391945+08
958,01M0MX49WGY81K0V7P5CGRXNBF,41511344QHQDJBZ4FRV45NKC,2,350.00,700.00,delivered,2026-08-23 16:39:18.391945+08,2026-08-23 16:39:18.391945+08
959,01M0MX49WGY81K0V7P5CGRXNBF,4138050CXS9PQSNF661Q1A1F,1,140.00,140.00,delivered,2026-08-23 16:39:18.391945+08,2026-08-23 16:39:18.391945+08
965,01M0MX49WGV1G0PCZZAFY5PHSS,414773WE720HJ0P121AG8FHQ,3,350.00,1050.00,delivered,2026-08-23 16:39:18.391945+08,2026-08-23 16:39:18.391945+08
966,01M0MX49WGV1G0PCZZAFY5PHSS,413005KN3WGNAPH6NCQ5JCT9,18,350.00,6300.00,delivered,2026-08-23 16:39:18.391945+08,2026-08-23 16:39:18.391945+08
967,01M0MX49WGV1G0PCZZAFY5PHSS,4162975Y25KN73W7KKDJGX6P,6,245.00,1470.00,delivered,2026-08-23 16:39:18.391945+08,2026-08-23 16:39:18.391945+08
970,01M0MX49WGC0W46F3NA9P26EV1,414773WE720HJ0P121AG8FHQ,19,350.00,6650.00,delivered,2026-08-23 16:39:18.391945+08,2026-08-23 16:39:18.391945+08
987,01M0MX49WHPBV42EETH0W30112,409892D87XEVH1ZTZXV5F6C1,9,155.00,1395.00,delivered,2026-08-23 16:39:18.391945+08,2026-08-23 16:39:18.391945+08
988,01M0MX49WHPBV42EETH0W30112,408186TJ449WSVW673RWDK4X,15,30.00,450.00,delivered,2026-08-23 16:39:18.391945+08,2026-08-23 16:39:18.391945+08
989,01M0MX49WHPBV42EETH0W30112,409420087QNW2D06G06MH7JS,20,350.00,7000.00,delivered,2026-08-23 16:39:18.391945+08,2026-08-23 16:39:18.391945+08
990,01M0MX49WH7PTAXTFP029EC8YD,4116065CZMHNTR71A86YWAMC,14,350.00,4900.00,delivered,2026-08-23 16:39:18.391945+08,2026-08-23 16:39:18.391945+08
991,01M0MX49WH7PTAXTFP029EC8YD,41511344QHQDJBZ4FRV45NKC,5,350.00,1750.00,delivered,2026-08-23 16:39:18.391945+08,2026-08-23 16:39:18.391945+08
992,01M0MX49WHR5TSB1R72G5DC18C,4116065CZMHNTR71A86YWAMC,19,350.00,6650.00,delivered,2026-08-23 16:39:18.391945+08,2026-08-23 16:39:18.391945+08
996,01M0MX49WHBXEQA903MJDZ67A5,417359ZGZV0QNH8M3DEYW8G5,9,350.00,3150.00,delivered,2026-08-23 16:39:18.391945+08,2026-08-23 16:39:18.391945+08
1012,01M0MX49WH6X48955Z988D49ZX,41085841ZKREWJPCC4PWVWR7,7,15.00,105.00,delivered,2026-08-23 16:39:18.391945+08,2026-08-23 16:39:18.391945+08
1013,01M0MX49WH6X48955Z988D49ZX,414773WE720HJ0P121AG8FHQ,12,350.00,4200.00,delivered,2026-08-23 16:39:18.391945+08,2026-08-23 16:39:18.391945+08
1014,01M0MX49WHMWDT24RARAAM2WP9,4116065CZMHNTR71A86YWAMC,1,350.00,350.00,delivered,2026-08-23 16:39:18.391945+08,2026-08-23 16:39:18.391945+08
1015,01M0MX49WHMWDT24RARAAM2WP9,4088862F2RR4FH8VD6HQ69ZM,12,350.00,4200.00,delivered,2026-08-23 16:39:18.391945+08,2026-08-23 16:39:18.391945+08
1016,01M0MX49WHMWDT24RARAAM2WP9,411921G8X1MT1A4Z5EPH3YP4,20,30.00,600.00,delivered,2026-08-23 16:39:18.391945+08,2026-08-23 16:39:18.391945+08
1058,01M0MX49WH0JAQ7VG9Y009XXZG,408186TJ449WSVW673RWDK4X,4,30.00,120.00,delivered,2026-08-23 16:39:18.391945+08,2026-08-23 16:39:18.391945+08
1059,01M0MX49WHXWHRWJC6GZ3C86PZ,407702R5D86R3CBB81E3X29M,5,350.00,1750.00,delivered,2026-08-23 16:39:18.391945+08,2026-08-23 16:39:18.391945+08
1060,01M0MX49WHXWHRWJC6GZ3C86PZ,41511344QHQDJBZ4FRV45NKC,7,350.00,2450.00,delivered,2026-08-23 16:39:18.391945+08,2026-08-23 16:39:18.391945+08
1064,01M0MX49WHQ5TBGD19608XAEVG,409892D87XEVH1ZTZXV5F6C1,2,155.00,310.00,delivered,2026-08-23 16:39:18.391945+08,2026-08-23 16:39:18.391945+08
1065,01M0MX49WHBAC3DWCG8ZFBRBBW,417359ZGZV0QNH8M3DEYW8G5,19,350.00,6650.00,delivered,2026-08-23 16:39:18.391945+08,2026-08-23 16:39:18.391945+08
1066,01M0MX49WHH8S8FEGE6WBM1G8B,41511344QHQDJBZ4FRV45NKC,20,350.00,7000.00,delivered,2026-08-23 16:39:18.391945+08,2026-08-23 16:39:18.391945+08
1067,01M0MX49WHDH0443HXPZCZ8A33,41150684MEXX0KJ3HG4B279E,16,30.00,480.00,delivered,2026-08-23 16:39:18.391945+08,2026-08-23 16:39:18.391945+08
1068,01M0MX49WHDH0443HXPZCZ8A33,4162975Y25KN73W7KKDJGX6P,1,245.00,245.00,delivered,2026-08-23 16:39:18.391945+08,2026-08-23 16:39:18.391945+08
1069,01M0MX49WHX6YK20QF2QEVMFJK,4138050CXS9PQSNF661Q1A1F,1,140.00,140.00,delivered,2026-08-23 16:39:18.391945+08,2026-08-23 16:39:18.391945+08
1070,01M0MX49WHX6YK20QF2QEVMFJK,409892D87XEVH1ZTZXV5F6C1,17,155.00,2635.00,delivered,2026-08-23 16:39:18.391945+08,2026-08-23 16:39:18.391945+08
1071,01M0MX49WHX6YK20QF2QEVMFJK,409339V9MK4RHRG0A0XWT91W,1,485.00,485.00,delivered,2026-08-23 16:39:18.391945+08,2026-08-23 16:39:18.391945+08
1072,01M0MX49WHP6EMGF3H94P85V0N,4088862F2RR4FH8VD6HQ69ZM,12,350.00,4200.00,delivered,2026-08-23 16:39:18.391945+08,2026-08-23 16:39:18.391945+08
1081,01M0MX49WHHPHYFVW5B7DKDY1M,4116065CZMHNTR71A86YWAMC,12,350.00,4200.00,delivered,2026-08-23 16:39:18.391945+08,2026-08-23 16:39:18.391945+08
1089,01M0MX49WHVBN18X85EAWE4AHP,41511344QHQDJBZ4FRV45NKC,14,350.00,4900.00,delivered,2026-08-23 16:39:18.391945+08,2026-08-23 16:39:18.391945+08
1090,01M0MX49WHVBN18X85EAWE4AHP,4116065CZMHNTR71A86YWAMC,17,350.00,5950.00,delivered,2026-08-23 16:39:18.391945+08,2026-08-23 16:39:18.391945+08
1091,01M0MX49WHVBN18X85EAWE4AHP,4082223DQAKGCJ8P0XHQQNB2,4,112.00,448.00,delivered,2026-08-23 16:39:18.391945+08,2026-08-23 16:39:18.391945+08
1111,01M0MX49WH1GRJ4EXT14AP6VK7,4116065CZMHNTR71A86YWAMC,5,350.00,1750.00,delivered,2026-08-23 16:39:18.391945+08,2026-08-23 16:39:18.391945+08
1113,01M0MX49WH0QE416MSPQ291R07,411039DJMEE6FWS52GMATRN7,15,25.00,375.00,delivered,2026-08-23 16:39:18.391945+08,2026-08-23 16:39:18.391945+08
1114,01M0MX49WH0QE416MSPQ291R07,417359ZGZV0QNH8M3DEYW8G5,20,350.00,7000.00,delivered,2026-08-23 16:39:18.391945+08,2026-08-23 16:39:18.391945+08
1115,01M0MX49WH0QE416MSPQ291R07,4162975Y25KN73W7KKDJGX6P,12,245.00,2940.00,delivered,2026-08-23 16:39:18.391945+08,2026-08-23 16:39:18.391945+08
1125,01M0MX49WHZR4JNA0G3T5TG79A,411039DJMEE6FWS52GMATRN7,13,25.00,325.00,delivered,2026-08-23 16:39:18.391945+08,2026-08-23 16:39:18.391945+08
1126,01M0MX49WHZR4JNA0G3T5TG79A,41511344QHQDJBZ4FRV45NKC,18,350.00,6300.00,delivered,2026-08-23 16:39:18.391945+08,2026-08-23 16:39:18.391945+08
1127,01M0MX49WHZR4JNA0G3T5TG79A,4082223DQAKGCJ8P0XHQQNB2,2,112.00,224.00,delivered,2026-08-23 16:39:18.391945+08,2026-08-23 16:39:18.391945+08
1128,01M0MX49WHYQ62TV1MHFKN576A,408186TJ449WSVW673RWDK4X,16,30.00,480.00,delivered,2026-08-23 16:39:18.391945+08,2026-08-23 16:39:18.391945+08
1138,01M0MX49WH6ECK5JDJR88W15QR,4082223DQAKGCJ8P0XHQQNB2,20,112.00,2240.00,delivered,2026-08-23 16:39:18.391945+08,2026-08-23 16:39:18.391945+08
1148,01M0MX49WHEQ78W14KR9B1NC56,4116065CZMHNTR71A86YWAMC,2,350.00,700.00,delivered,2026-08-23 16:39:18.391945+08,2026-08-23 16:39:18.391945+08
1149,01M0MX49WHEQ78W14KR9B1NC56,417359ZGZV0QNH8M3DEYW8G5,16,350.00,5600.00,delivered,2026-08-23 16:39:18.391945+08,2026-08-23 16:39:18.391945+08
1150,01M0MX49WHEQ78W14KR9B1NC56,41511344QHQDJBZ4FRV45NKC,14,350.00,4900.00,delivered,2026-08-23 16:39:18.391945+08,2026-08-23 16:39:18.391945+08
1165,01M0MX49WH27R867S3S7GV2WYR,408186TJ449WSVW673RWDK4X,10,30.00,300.00,delivered,2026-08-23 16:39:18.391945+08,2026-08-23 16:39:18.391945+08
1166,01M0MX49WH27R867S3S7GV2WYR,41085841ZKREWJPCC4PWVWR7,18,15.00,270.00,delivered,2026-08-23 16:39:18.391945+08,2026-08-23 16:39:18.391945+08
1167,01M0MX49WH27R867S3S7GV2WYR,409892D87XEVH1ZTZXV5F6C1,18,155.00,2790.00,delivered,2026-08-23 16:39:18.391945+08,2026-08-23 16:39:18.391945+08
1171,01M0MX49WHYF1F087EGTJP66A7,413005KN3WGNAPH6NCQ5JCT9,11,350.00,3850.00,delivered,2026-08-23 16:39:18.391945+08,2026-08-23 16:39:18.391945+08
1172,01M0MX49WHYF1F087EGTJP66A7,41085841ZKREWJPCC4PWVWR7,4,15.00,60.00,delivered,2026-08-23 16:39:18.391945+08,2026-08-23 16:39:18.391945+08
1173,01M0MX49WHYF1F087EGTJP66A7,4138050CXS9PQSNF661Q1A1F,18,140.00,2520.00,delivered,2026-08-23 16:39:18.391945+08,2026-08-23 16:39:18.391945+08
1174,01M0MX49WHB64PMA666HTM5MSH,41085841ZKREWJPCC4PWVWR7,14,15.00,210.00,delivered,2026-08-23 16:39:18.391945+08,2026-08-23 16:39:18.391945+08
1175,01M0MX49WHB64PMA666HTM5MSH,411039DJMEE6FWS52GMATRN7,18,25.00,450.00,delivered,2026-08-23 16:39:18.391945+08,2026-08-23 16:39:18.391945+08
1176,01M0MX49WHB64PMA666HTM5MSH,416951J7FD3NBDV1MM1QS36H,14,415.00,5810.00,delivered,2026-08-23 16:39:18.391945+08,2026-08-23 16:39:18.391945+08
1177,01M0MX49WHAW6SM3WAX331AS5R,4162975Y25KN73W7KKDJGX6P,5,245.00,1225.00,delivered,2026-08-23 16:39:18.391945+08,2026-08-23 16:39:18.391945+08
1181,01M0MX49WH3BJF308SB2V8EWH9,410258ZSW0QAXSVS8S3VV7TE,8,35.00,280.00,delivered,2026-08-23 16:39:18.391945+08,2026-08-23 16:39:18.391945+08
1182,01M0MX49WH3BJF308SB2V8EWH9,413005KN3WGNAPH6NCQ5JCT9,18,350.00,6300.00,delivered,2026-08-23 16:39:18.391945+08,2026-08-23 16:39:18.391945+08
1183,01M0MX49WH3BJF308SB2V8EWH9,4162975Y25KN73W7KKDJGX6P,8,245.00,1960.00,delivered,2026-08-23 16:39:18.391945+08,2026-08-23 16:39:18.391945+08
1190,01M0MX49WH131TEE43H0FGGFR9,409339V9MK4RHRG0A0XWT91W,7,485.00,3395.00,delivered,2026-08-23 16:39:18.391945+08,2026-08-23 16:39:18.391945+08
1191,01M0MX49WH131TEE43H0FGGFR9,416951J7FD3NBDV1MM1QS36H,15,415.00,6225.00,delivered,2026-08-23 16:39:18.391945+08,2026-08-23 16:39:18.391945+08
1192,01M0MX49WH131TEE43H0FGGFR9,417359ZGZV0QNH8M3DEYW8G5,3,350.00,1050.00,delivered,2026-08-23 16:39:18.391945+08,2026-08-23 16:39:18.391945+08
1216,01M0MX49WHHVHRHS3MGQ56ECXP,417359ZGZV0QNH8M3DEYW8G5,18,350.00,6300.00,delivered,2026-08-23 16:39:18.391945+08,2026-08-23 16:39:18.391945+08
1221,01M0MX49WHQZHVCE84KPBZ84G6,4088862F2RR4FH8VD6HQ69ZM,9,350.00,3150.00,delivered,2026-08-23 16:39:18.391945+08,2026-08-23 16:39:18.391945+08
1222,01M0MX49WHQZHVCE84KPBZ84G6,41150684MEXX0KJ3HG4B279E,13,30.00,390.00,delivered,2026-08-23 16:39:18.391945+08,2026-08-23 16:39:18.391945+08
1223,01M0MX49WHQZHVCE84KPBZ84G6,416496PKZM0T9NY433H8KP6M,13,30.00,390.00,delivered,2026-08-23 16:39:18.391945+08,2026-08-23 16:39:18.391945+08
1236,01M0MX49WHZ2HFEJXHWTW51A6K,41511344QHQDJBZ4FRV45NKC,4,350.00,1400.00,delivered,2026-08-23 16:39:18.391945+08,2026-08-23 16:39:18.391945+08
1237,01M0MX49WHZ2HFEJXHWTW51A6K,407702R5D86R3CBB81E3X29M,1,350.00,350.00,delivered,2026-08-23 16:39:18.391945+08,2026-08-23 16:39:18.391945+08
1238,01M0MX49WHZ2HFEJXHWTW51A6K,412596TV7NC82RBGNTA0W8JZ,20,35.00,700.00,delivered,2026-08-23 16:39:18.391945+08,2026-08-23 16:39:18.391945+08
1239,01M0MX49WHDYEQ4H1YDP27XGAG,416951J7FD3NBDV1MM1QS36H,7,415.00,2905.00,delivered,2026-08-23 16:39:18.391945+08,2026-08-23 16:39:18.391945+08
1251,01M0MX49WH6BN42FDTX1AWVDTN,411039DJMEE6FWS52GMATRN7,10,25.00,250.00,delivered,2026-08-23 16:39:18.391945+08,2026-08-23 16:39:18.391945+08
1252,01M0MX49WH6BN42FDTX1AWVDTN,41085841ZKREWJPCC4PWVWR7,19,15.00,285.00,delivered,2026-08-23 16:39:18.391945+08,2026-08-23 16:39:18.391945+08
1253,01M0MX49WH6BN42FDTX1AWVDTN,41511344QHQDJBZ4FRV45NKC,19,350.00,6650.00,delivered,2026-08-23 16:39:18.391945+08,2026-08-23 16:39:18.391945+08
1259,01M0MX49WHK6CA9YE78B3MQSJK,416951J7FD3NBDV1MM1QS36H,16,415.00,6640.00,delivered,2026-08-23 16:39:18.391945+08,2026-08-23 16:39:18.391945+08
1260,01M0MX49WHK6CA9YE78B3MQSJK,410258ZSW0QAXSVS8S3VV7TE,4,35.00,140.00,delivered,2026-08-23 16:39:18.391945+08,2026-08-23 16:39:18.391945+08
1261,01M0MX49WHVPR5KMJQ20NQ14Y6,414773WE720HJ0P121AG8FHQ,5,350.00,1750.00,delivered,2026-08-23 16:39:18.391945+08,2026-08-23 16:39:18.391945+08
1265,01M0MX49WH0CV5ASJHQA23AZDF,409339V9MK4RHRG0A0XWT91W,2,485.00,970.00,delivered,2026-08-23 16:39:18.391945+08,2026-08-23 16:39:18.391945+08
1266,01M0MX49WH0CV5ASJHQA23AZDF,410258ZSW0QAXSVS8S3VV7TE,9,35.00,315.00,delivered,2026-08-23 16:39:18.391945+08,2026-08-23 16:39:18.391945+08
1267,01M0MX49WH0CV5ASJHQA23AZDF,410258ZSW0QAXSVS8S3VV7TE,18,35.00,630.00,delivered,2026-08-23 16:39:18.391945+08,2026-08-23 16:39:18.391945+08
1284,01M0MX49WHE9GD5P7AECXCA92R,417359ZGZV0QNH8M3DEYW8G5,13,350.00,4550.00,delivered,2026-08-23 16:39:18.391945+08,2026-08-23 16:39:18.391945+08
1285,01M0MX49WHE9GD5P7AECXCA92R,413005KN3WGNAPH6NCQ5JCT9,13,350.00,4550.00,delivered,2026-08-23 16:39:18.391945+08,2026-08-23 16:39:18.391945+08
1286,01M0MX49WHE9GD5P7AECXCA92R,4138050CXS9PQSNF661Q1A1F,19,140.00,2660.00,delivered,2026-08-23 16:39:18.391945+08,2026-08-23 16:39:18.391945+08
1287,01M0MX49WHR8RVR2VQWED7918E,4088862F2RR4FH8VD6HQ69ZM,17,350.00,5950.00,delivered,2026-08-23 16:39:18.391945+08,2026-08-23 16:39:18.391945+08
1288,01M0MX49WHR8RVR2VQWED7918E,4162975Y25KN73W7KKDJGX6P,12,245.00,2940.00,delivered,2026-08-23 16:39:18.391945+08,2026-08-23 16:39:18.391945+08
1289,01M0MX49WHKRMTZZGRCZWPZMVJ,4082223DQAKGCJ8P0XHQQNB2,1,112.00,112.00,delivered,2026-08-23 16:39:18.391945+08,2026-08-23 16:39:18.391945+08
1290,01M0MX49WHKRMTZZGRCZWPZMVJ,408186TJ449WSVW673RWDK4X,5,30.00,150.00,delivered,2026-08-23 16:39:18.391945+08,2026-08-23 16:39:18.391945+08
1300,01M0MX49WHVB7Y52K0PT8BPVVJ,4082223DQAKGCJ8P0XHQQNB2,19,112.00,2128.00,delivered,2026-08-23 16:39:18.391945+08,2026-08-23 16:39:18.391945+08
1301,01M0MX49WHVB7Y52K0PT8BPVVJ,413005KN3WGNAPH6NCQ5JCT9,1,350.00,350.00,delivered,2026-08-23 16:39:18.391945+08,2026-08-23 16:39:18.391945+08
1325,01M0MX49WHYKZ7TH6KK6GZEPHJ,409420087QNW2D06G06MH7JS,13,350.00,4550.00,delivered,2026-08-23 16:39:18.391945+08,2026-08-23 16:39:18.391945+08
1326,01M0MX49WHYKZ7TH6KK6GZEPHJ,413005KN3WGNAPH6NCQ5JCT9,7,350.00,2450.00,delivered,2026-08-23 16:39:18.391945+08,2026-08-23 16:39:18.391945+08
1327,01M0MX49WHYKZ7TH6KK6GZEPHJ,41085841ZKREWJPCC4PWVWR7,11,15.00,165.00,delivered,2026-08-23 16:39:18.391945+08,2026-08-23 16:39:18.391945+08
1353,01M0MX49WHX53X4TQYMHGFDMZM,407702R5D86R3CBB81E3X29M,12,350.00,4200.00,delivered,2026-08-23 16:39:18.391945+08,2026-08-23 16:39:18.391945+08
1354,01M0MX49WHX53X4TQYMHGFDMZM,4088862F2RR4FH8VD6HQ69ZM,1,350.00,350.00,delivered,2026-08-23 16:39:18.391945+08,2026-08-23 16:39:18.391945+08
1355,01M0MX49WHX53X4TQYMHGFDMZM,417359ZGZV0QNH8M3DEYW8G5,3,350.00,1050.00,delivered,2026-08-23 16:39:18.391945+08,2026-08-23 16:39:18.391945+08
1358,01M0MX49WHJD4GV4T45PYM2BEC,41085841ZKREWJPCC4PWVWR7,3,15.00,45.00,delivered,2026-08-23 16:39:18.391945+08,2026-08-23 16:39:18.391945+08
1359,01M0MX49WHJD4GV4T45PYM2BEC,413521JP1792738MBB68XMK5,18,350.00,6300.00,delivered,2026-08-23 16:39:18.391945+08,2026-08-23 16:39:18.391945+08
1360,01M0MX49WHJD4GV4T45PYM2BEC,416951J7FD3NBDV1MM1QS36H,18,415.00,7470.00,delivered,2026-08-23 16:39:18.391945+08,2026-08-23 16:39:18.391945+08
1363,01M0MX49WH6H5CPWGR212Y575H,417359ZGZV0QNH8M3DEYW8G5,14,350.00,4900.00,delivered,2026-08-23 16:39:18.391945+08,2026-08-23 16:39:18.391945+08
1364,01M0MX49WH6H5CPWGR212Y575H,408186TJ449WSVW673RWDK4X,4,30.00,120.00,delivered,2026-08-23 16:39:18.391945+08,2026-08-23 16:39:18.391945+08
1376,01M0MX49WHKJF0SCKRC0QX70G0,411921G8X1MT1A4Z5EPH3YP4,11,30.00,330.00,delivered,2026-08-23 16:39:18.391945+08,2026-08-23 16:39:18.391945+08
1383,01M0MX49WHNXP21VZ7QDH89F9A,407702R5D86R3CBB81E3X29M,16,350.00,5600.00,delivered,2026-08-23 16:39:18.391945+08,2026-08-23 16:39:18.391945+08
1384,01M0MX49WHNXP21VZ7QDH89F9A,4138050CXS9PQSNF661Q1A1F,20,140.00,2800.00,delivered,2026-08-23 16:39:18.391945+08,2026-08-23 16:39:18.391945+08
1385,01M0MX49WHNXP21VZ7QDH89F9A,409892D87XEVH1ZTZXV5F6C1,16,155.00,2480.00,delivered,2026-08-23 16:39:18.391945+08,2026-08-23 16:39:18.391945+08
1389,01M0MX49WHHYRCCAC7XHNCY8VH,407702R5D86R3CBB81E3X29M,17,350.00,5950.00,delivered,2026-08-23 16:39:18.391945+08,2026-08-23 16:39:18.391945+08
1390,01M0MX49WHHYRCCAC7XHNCY8VH,4138050CXS9PQSNF661Q1A1F,13,140.00,1820.00,delivered,2026-08-23 16:39:18.391945+08,2026-08-23 16:39:18.391945+08
1391,01M0MX49WHHYRCCAC7XHNCY8VH,411039DJMEE6FWS52GMATRN7,6,25.00,150.00,delivered,2026-08-23 16:39:18.391945+08,2026-08-23 16:39:18.391945+08
1395,01M0MX49WHN1961VCQNBF0K8Q1,4138050CXS9PQSNF661Q1A1F,20,140.00,2800.00,delivered,2026-08-23 16:39:18.391945+08,2026-08-23 16:39:18.391945+08
1396,01M0MX49WHN1961VCQNBF0K8Q1,414773WE720HJ0P121AG8FHQ,6,350.00,2100.00,delivered,2026-08-23 16:39:18.391945+08,2026-08-23 16:39:18.391945+08
1399,01M0MX49WH4MR1QJYP6Y7FB50F,41150684MEXX0KJ3HG4B279E,12,30.00,360.00,delivered,2026-08-23 16:39:18.391945+08,2026-08-23 16:39:18.391945+08
1421,01M0MX49WHMP3DDGAEBWBESG7B,417359ZGZV0QNH8M3DEYW8G5,11,350.00,3850.00,delivered,2026-08-23 16:39:18.391945+08,2026-08-23 16:39:18.391945+08
1422,01M0MX49WH1TFSN1PV7QTBADH8,4162975Y25KN73W7KKDJGX6P,3,245.00,735.00,delivered,2026-08-23 16:39:18.391945+08,2026-08-23 16:39:18.391945+08
1423,01M0MX49WH1TFSN1PV7QTBADH8,413521JP1792738MBB68XMK5,6,350.00,2100.00,delivered,2026-08-23 16:39:18.391945+08,2026-08-23 16:39:18.391945+08
1424,01M0MX49WH1TFSN1PV7QTBADH8,409892D87XEVH1ZTZXV5F6C1,8,155.00,1240.00,delivered,2026-08-23 16:39:18.391945+08,2026-08-23 16:39:18.391945+08
1445,01M0MX49WH25WG26T9P1Y34PK1,410258ZSW0QAXSVS8S3VV7TE,10,35.00,350.00,delivered,2026-08-23 16:39:18.391945+08,2026-08-23 16:39:18.391945+08
1446,01M0MX49WH25WG26T9P1Y34PK1,4138050CXS9PQSNF661Q1A1F,16,140.00,2240.00,delivered,2026-08-23 16:39:18.391945+08,2026-08-23 16:39:18.391945+08
1447,01M0MX49WH25WG26T9P1Y34PK1,410258ZSW0QAXSVS8S3VV7TE,8,35.00,280.00,delivered,2026-08-23 16:39:18.391945+08,2026-08-23 16:39:18.391945+08
1451,01M0MX49WHA614N9432ZGSFDXR,411921G8X1MT1A4Z5EPH3YP4,16,30.00,480.00,delivered,2026-08-23 16:39:18.391945+08,2026-08-23 16:39:18.391945+08
1452,01M0MX49WHA614N9432ZGSFDXR,416951J7FD3NBDV1MM1QS36H,1,415.00,415.00,delivered,2026-08-23 16:39:18.391945+08,2026-08-23 16:39:18.391945+08
1453,01M0MX49WHA614N9432ZGSFDXR,41150684MEXX0KJ3HG4B279E,10,30.00,300.00,delivered,2026-08-23 16:39:18.391945+08,2026-08-23 16:39:18.391945+08
1463,01M0MX49WH7B4XJT4JTZKKQJSY,416496PKZM0T9NY433H8KP6M,9,30.00,270.00,delivered,2026-08-23 16:39:18.391945+08,2026-08-23 16:39:18.391945+08
1464,01M0MX49WH7B4XJT4JTZKKQJSY,41085841ZKREWJPCC4PWVWR7,20,15.00,300.00,delivered,2026-08-23 16:39:18.391945+08,2026-08-23 16:39:18.391945+08
1465,01M0MX49WH7B4XJT4JTZKKQJSY,411921G8X1MT1A4Z5EPH3YP4,7,30.00,210.00,delivered,2026-08-23 16:39:18.391945+08,2026-08-23 16:39:18.391945+08
1481,01M0MX49WHSJ10WD4NBZZ6FMHH,411921G8X1MT1A4Z5EPH3YP4,10,30.00,300.00,delivered,2026-08-23 16:39:18.391945+08,2026-08-23 16:39:18.391945+08
1482,01M0MX49WHSJ10WD4NBZZ6FMHH,409339V9MK4RHRG0A0XWT91W,12,485.00,5820.00,delivered,2026-08-23 16:39:18.391945+08,2026-08-23 16:39:18.391945+08
1510,01M0MX49WHMSGZ5RVK47CGHYEY,4116065CZMHNTR71A86YWAMC,17,350.00,5950.00,delivered,2026-08-23 16:39:18.391945+08,2026-08-23 16:39:18.391945+08
1513,01M0MX49WHY8FDW25MRY3ZFK19,411039DJMEE6FWS52GMATRN7,16,25.00,400.00,delivered,2026-08-23 16:39:18.391945+08,2026-08-23 16:39:18.391945+08
1514,01M0MX49WHY8FDW25MRY3ZFK19,408186TJ449WSVW673RWDK4X,20,30.00,600.00,delivered,2026-08-23 16:39:18.391945+08,2026-08-23 16:39:18.391945+08
1518,01M0MX49WHHX1AR3EPC95X5JMW,407702R5D86R3CBB81E3X29M,12,350.00,4200.00,delivered,2026-08-23 16:39:18.391945+08,2026-08-23 16:39:18.391945+08
1519,01M0MX49WHHX1AR3EPC95X5JMW,410258ZSW0QAXSVS8S3VV7TE,14,35.00,490.00,delivered,2026-08-23 16:39:18.391945+08,2026-08-23 16:39:18.391945+08
1520,01M0MX49WHHX1AR3EPC95X5JMW,4138050CXS9PQSNF661Q1A1F,2,140.00,280.00,delivered,2026-08-23 16:39:18.391945+08,2026-08-23 16:39:18.391945+08
1525,01M0MX49WH31FJJMX9G2480SAQ,412596TV7NC82RBGNTA0W8JZ,6,35.00,210.00,delivered,2026-08-23 16:39:18.391945+08,2026-08-23 16:39:18.391945+08
1529,01M0MX49WH7H1DSV1KAQZN46AY,417359ZGZV0QNH8M3DEYW8G5,18,350.00,6300.00,delivered,2026-08-23 16:39:18.391945+08,2026-08-23 16:39:18.391945+08
1530,01M0MX49WH7H1DSV1KAQZN46AY,4082223DQAKGCJ8P0XHQQNB2,15,112.00,1680.00,delivered,2026-08-23 16:39:18.391945+08,2026-08-23 16:39:18.391945+08
1531,01M0MX49WH7H1DSV1KAQZN46AY,4138050CXS9PQSNF661Q1A1F,11,140.00,1540.00,delivered,2026-08-23 16:39:18.391945+08,2026-08-23 16:39:18.391945+08
1534,01M0MX49WH82ZVJ26DHDBET644,410258ZSW0QAXSVS8S3VV7TE,7,35.00,245.00,delivered,2026-08-23 16:39:18.391945+08,2026-08-23 16:39:18.391945+08
1535,01M0MX49WH82ZVJ26DHDBET644,4162975Y25KN73W7KKDJGX6P,18,245.00,4410.00,delivered,2026-08-23 16:39:18.391945+08,2026-08-23 16:39:18.391945+08
1536,01M0MX49WH82ZVJ26DHDBET644,414773WE720HJ0P121AG8FHQ,12,350.00,4200.00,delivered,2026-08-23 16:39:18.391945+08,2026-08-23 16:39:18.391945+08
1539,01M0MX49WHGY39N4CMTWSK9N58,409420087QNW2D06G06MH7JS,10,350.00,3500.00,delivered,2026-08-23 16:39:18.391945+08,2026-08-23 16:39:18.391945+08
1540,01M0MX49WHGY39N4CMTWSK9N58,4088862F2RR4FH8VD6HQ69ZM,7,350.00,2450.00,delivered,2026-08-23 16:39:18.391945+08,2026-08-23 16:39:18.391945+08
1556,01M0MX49WH6RVF6ZQ73D7C1JJB,4162975Y25KN73W7KKDJGX6P,2,245.00,490.00,delivered,2026-08-23 16:39:18.391945+08,2026-08-23 16:39:18.391945+08
1557,01M0MX49WH6RVF6ZQ73D7C1JJB,416951J7FD3NBDV1MM1QS36H,17,415.00,7055.00,delivered,2026-08-23 16:39:18.391945+08,2026-08-23 16:39:18.391945+08
1558,01M0MX49WH6RVF6ZQ73D7C1JJB,407702R5D86R3CBB81E3X29M,11,350.00,3850.00,delivered,2026-08-23 16:39:18.391945+08,2026-08-23 16:39:18.391945+08
1559,01M0MX49WHWWKY6F5504CR8MM3,408186TJ449WSVW673RWDK4X,8,30.00,240.00,delivered,2026-08-23 16:39:18.391945+08,2026-08-23 16:39:18.391945+08
1560,01M0MX49WHWWKY6F5504CR8MM3,41511344QHQDJBZ4FRV45NKC,2,350.00,700.00,delivered,2026-08-23 16:39:18.391945+08,2026-08-23 16:39:18.391945+08
1576,01M0MX49WH61DKD66YZ6NFCMRM,416951J7FD3NBDV1MM1QS36H,6,415.00,2490.00,delivered,2026-08-23 16:39:18.391945+08,2026-08-23 16:39:18.391945+08
1577,01M0MX49WHB8DAYFWCYG73TXZ3,4082223DQAKGCJ8P0XHQQNB2,5,112.00,560.00,delivered,2026-08-23 16:39:18.391945+08,2026-08-23 16:39:18.391945+08
1578,01M0MX49WHB8DAYFWCYG73TXZ3,416496PKZM0T9NY433H8KP6M,2,30.00,60.00,delivered,2026-08-23 16:39:18.391945+08,2026-08-23 16:39:18.391945+08
1584,01M0MX49WH8E0GP4T3YRQVYKRF,410258ZSW0QAXSVS8S3VV7TE,16,35.00,560.00,delivered,2026-08-23 16:39:18.391945+08,2026-08-23 16:39:18.391945+08
1585,01M0MX49WH8E0GP4T3YRQVYKRF,4082223DQAKGCJ8P0XHQQNB2,5,112.00,560.00,delivered,2026-08-23 16:39:18.391945+08,2026-08-23 16:39:18.391945+08
1614,01M0MX49WHXTJ39RWG7EYMBG8V,41511344QHQDJBZ4FRV45NKC,10,350.00,3500.00,delivered,2026-08-23 16:39:18.391945+08,2026-08-23 16:39:18.391945+08
1617,01M0MX49WH4YKMC1YA2PWC2BNR,4116065CZMHNTR71A86YWAMC,6,350.00,2100.00,delivered,2026-08-23 16:39:18.391945+08,2026-08-23 16:39:18.391945+08
1618,01M0MX49WH4YKMC1YA2PWC2BNR,409892D87XEVH1ZTZXV5F6C1,5,155.00,775.00,delivered,2026-08-23 16:39:18.391945+08,2026-08-23 16:39:18.391945+08
1619,01M0MX49WH4YKMC1YA2PWC2BNR,409420087QNW2D06G06MH7JS,11,350.00,3850.00,delivered,2026-08-23 16:39:18.391945+08,2026-08-23 16:39:18.391945+08
1623,01M0MX49WHC5JQ4RWE5V9V30KJ,4088862F2RR4FH8VD6HQ69ZM,20,350.00,7000.00,delivered,2026-08-23 16:39:18.391945+08,2026-08-23 16:39:18.391945+08
1624,01M0MX49WHC5JQ4RWE5V9V30KJ,4088862F2RR4FH8VD6HQ69ZM,8,350.00,2800.00,delivered,2026-08-23 16:39:18.391945+08,2026-08-23 16:39:18.391945+08
1625,01M0MX49WHC5JQ4RWE5V9V30KJ,411039DJMEE6FWS52GMATRN7,1,25.00,25.00,delivered,2026-08-23 16:39:18.391945+08,2026-08-23 16:39:18.391945+08
1633,01M0MX49WHNYZ6HT4Z3JBYS566,416496PKZM0T9NY433H8KP6M,8,30.00,240.00,delivered,2026-08-23 16:39:18.391945+08,2026-08-23 16:39:18.391945+08
1634,01M0MX49WHNYZ6HT4Z3JBYS566,41150684MEXX0KJ3HG4B279E,13,30.00,390.00,delivered,2026-08-23 16:39:18.391945+08,2026-08-23 16:39:18.391945+08
1635,01M0MX49WHPE8XZC1W6PP7DAX4,409892D87XEVH1ZTZXV5F6C1,13,155.00,2015.00,delivered,2026-08-23 16:39:18.391945+08,2026-08-23 16:39:18.391945+08
1636,01M0MX49WHPE8XZC1W6PP7DAX4,4082223DQAKGCJ8P0XHQQNB2,19,112.00,2128.00,delivered,2026-08-23 16:39:18.391945+08,2026-08-23 16:39:18.391945+08
1637,01M0MX49WHJT7JVHRY1AEC8BWB,41085841ZKREWJPCC4PWVWR7,2,15.00,30.00,delivered,2026-08-23 16:39:18.391945+08,2026-08-23 16:39:18.391945+08
1638,01M0MX49WHJT7JVHRY1AEC8BWB,408186TJ449WSVW673RWDK4X,4,30.00,120.00,delivered,2026-08-23 16:39:18.391945+08,2026-08-23 16:39:18.391945+08
1639,01M0MX49WHJT7JVHRY1AEC8BWB,416496PKZM0T9NY433H8KP6M,15,30.00,450.00,delivered,2026-08-23 16:39:18.391945+08,2026-08-23 16:39:18.391945+08
1645,01M0MX49WHWQPB3WRK7ZS1CM5W,41085841ZKREWJPCC4PWVWR7,17,15.00,255.00,delivered,2026-08-23 16:39:18.391945+08,2026-08-23 16:39:18.391945+08
1646,01M0MX49WH9QYRSVA59QPP76T4,416496PKZM0T9NY433H8KP6M,3,30.00,90.00,delivered,2026-08-23 16:39:18.391945+08,2026-08-23 16:39:18.391945+08
1647,01M0MX49WH9QYRSVA59QPP76T4,408186TJ449WSVW673RWDK4X,4,30.00,120.00,delivered,2026-08-23 16:39:18.391945+08,2026-08-23 16:39:18.391945+08
1648,01M0MX49WH9QYRSVA59QPP76T4,417359ZGZV0QNH8M3DEYW8G5,19,350.00,6650.00,delivered,2026-08-23 16:39:18.391945+08,2026-08-23 16:39:18.391945+08
1651,01M0MX49WH3453XS4CQ5GYQ4WZ,409339V9MK4RHRG0A0XWT91W,15,485.00,7275.00,delivered,2026-08-23 16:39:18.391945+08,2026-08-23 16:39:18.391945+08
1652,01M0MX49WH3453XS4CQ5GYQ4WZ,413521JP1792738MBB68XMK5,9,350.00,3150.00,delivered,2026-08-23 16:39:18.391945+08,2026-08-23 16:39:18.391945+08
1653,01M0MX49WH3453XS4CQ5GYQ4WZ,409892D87XEVH1ZTZXV5F6C1,6,155.00,930.00,delivered,2026-08-23 16:39:18.391945+08,2026-08-23 16:39:18.391945+08
1657,01M0MX49WHSDSWSHPTM3Y90DB6,4162975Y25KN73W7KKDJGX6P,18,245.00,4410.00,delivered,2026-08-23 16:39:18.391945+08,2026-08-23 16:39:18.391945+08
1683,01M0MX49WJR246CYEDPQ0540TM,409339V9MK4RHRG0A0XWT91W,7,485.00,3395.00,delivered,2026-08-23 16:39:18.391945+08,2026-08-23 16:39:18.391945+08
1684,01M0MX49WJR246CYEDPQ0540TM,4082223DQAKGCJ8P0XHQQNB2,2,112.00,224.00,delivered,2026-08-23 16:39:18.391945+08,2026-08-23 16:39:18.391945+08
1685,01M0MX49WJR246CYEDPQ0540TM,4116065CZMHNTR71A86YWAMC,19,350.00,6650.00,delivered,2026-08-23 16:39:18.391945+08,2026-08-23 16:39:18.391945+08
1688,01M0MX49WJENXBHMEGNNPNFDV0,414773WE720HJ0P121AG8FHQ,17,350.00,5950.00,delivered,2026-08-23 16:39:18.391945+08,2026-08-23 16:39:18.391945+08
1689,01M0MX49WJENXBHMEGNNPNFDV0,412596TV7NC82RBGNTA0W8JZ,20,35.00,700.00,delivered,2026-08-23 16:39:18.391945+08,2026-08-23 16:39:18.391945+08
1695,01M0MX49WJ4AN5AFJKE9WB2J2D,409339V9MK4RHRG0A0XWT91W,20,485.00,9700.00,delivered,2026-08-23 16:39:18.391945+08,2026-08-23 16:39:18.391945+08
1698,01M0MX49WJF3206SV88KCA7SZK,416951J7FD3NBDV1MM1QS36H,9,415.00,3735.00,delivered,2026-08-23 16:39:18.391945+08,2026-08-23 16:39:18.391945+08
1699,01M0MX49WJF3206SV88KCA7SZK,413521JP1792738MBB68XMK5,10,350.00,3500.00,delivered,2026-08-23 16:39:18.391945+08,2026-08-23 16:39:18.391945+08
1700,01M0MX49WJF3206SV88KCA7SZK,416951J7FD3NBDV1MM1QS36H,17,415.00,7055.00,delivered,2026-08-23 16:39:18.391945+08,2026-08-23 16:39:18.391945+08
1720,01M0MX49WJYQATR32XC7QGXJYH,4116065CZMHNTR71A86YWAMC,12,350.00,4200.00,delivered,2026-08-23 16:39:18.391945+08,2026-08-23 16:39:18.391945+08
1758,01M0MX49WJ47XMKN6K2EYD2HK1,413521JP1792738MBB68XMK5,16,350.00,5600.00,delivered,2026-08-23 16:39:18.391945+08,2026-08-23 16:39:18.391945+08
1762,01M0MX49WJB5D9X1A2ZR65SHQZ,416951J7FD3NBDV1MM1QS36H,18,415.00,7470.00,delivered,2026-08-23 16:39:18.391945+08,2026-08-23 16:39:18.391945+08
1780,01M0MX49WJA1G8CSC411A4QZHR,416951J7FD3NBDV1MM1QS36H,14,415.00,5810.00,delivered,2026-08-23 16:39:18.391945+08,2026-08-23 16:39:18.391945+08
1781,01M0MX49WJA1G8CSC411A4QZHR,41085841ZKREWJPCC4PWVWR7,12,15.00,180.00,delivered,2026-08-23 16:39:18.391945+08,2026-08-23 16:39:18.391945+08
1782,01M0MX49WJA1G8CSC411A4QZHR,413521JP1792738MBB68XMK5,19,350.00,6650.00,delivered,2026-08-23 16:39:18.391945+08,2026-08-23 16:39:18.391945+08
1783,01M0MX49WJ6A2JWDKG9PFJ9K6G,4162975Y25KN73W7KKDJGX6P,5,245.00,1225.00,delivered,2026-08-23 16:39:18.391945+08,2026-08-23 16:39:18.391945+08
1784,01M0MX49WJ6A2JWDKG9PFJ9K6G,416951J7FD3NBDV1MM1QS36H,2,415.00,830.00,delivered,2026-08-23 16:39:18.391945+08,2026-08-23 16:39:18.391945+08
1785,01M0MX49WJ6A2JWDKG9PFJ9K6G,4138050CXS9PQSNF661Q1A1F,18,140.00,2520.00,delivered,2026-08-23 16:39:18.391945+08,2026-08-23 16:39:18.391945+08
1791,01M0MX49WJXG2C1J4VP6HH1MPR,417359ZGZV0QNH8M3DEYW8G5,16,350.00,5600.00,delivered,2026-08-23 16:39:18.391945+08,2026-08-23 16:39:18.391945+08
1792,01M0MX49WJXG2C1J4VP6HH1MPR,41511344QHQDJBZ4FRV45NKC,7,350.00,2450.00,delivered,2026-08-23 16:39:18.391945+08,2026-08-23 16:39:18.391945+08
1793,01M0MX49WJXG2C1J4VP6HH1MPR,410258ZSW0QAXSVS8S3VV7TE,13,35.00,455.00,delivered,2026-08-23 16:39:18.391945+08,2026-08-23 16:39:18.391945+08
1798,01M0MX49WJCS016TF4CPGNR33Z,416496PKZM0T9NY433H8KP6M,20,30.00,600.00,delivered,2026-08-23 16:39:18.391945+08,2026-08-23 16:39:18.391945+08
1799,01M0MX49WJCS016TF4CPGNR33Z,41150684MEXX0KJ3HG4B279E,20,30.00,600.00,delivered,2026-08-23 16:39:18.391945+08,2026-08-23 16:39:18.391945+08
1800,01M0MX49WJRKM0CQSXK188F34E,410258ZSW0QAXSVS8S3VV7TE,15,35.00,525.00,delivered,2026-08-23 16:39:18.391945+08,2026-08-23 16:39:18.391945+08
1801,01M0MX49WJRKM0CQSXK188F34E,4162975Y25KN73W7KKDJGX6P,12,245.00,2940.00,delivered,2026-08-23 16:39:18.391945+08,2026-08-23 16:39:18.391945+08
1810,01M0MX49WJ0S7FCFQZHN61F37D,408186TJ449WSVW673RWDK4X,20,30.00,600.00,delivered,2026-08-23 16:39:18.391945+08,2026-08-23 16:39:18.391945+08
1839,01M0MX49WJ7H9ZS6BXPDHV5B13,416951J7FD3NBDV1MM1QS36H,16,415.00,6640.00,delivered,2026-08-23 16:39:18.391945+08,2026-08-23 16:39:18.391945+08
1840,01M0MX49WJ7H9ZS6BXPDHV5B13,410258ZSW0QAXSVS8S3VV7TE,8,35.00,280.00,delivered,2026-08-23 16:39:18.391945+08,2026-08-23 16:39:18.391945+08
1854,01M0MX49WJ7AW8MJQJMB2MPTPT,416496PKZM0T9NY433H8KP6M,12,30.00,360.00,delivered,2026-08-23 16:39:18.391945+08,2026-08-23 16:39:18.391945+08
1855,01M0MX49WJ7AW8MJQJMB2MPTPT,4088862F2RR4FH8VD6HQ69ZM,10,350.00,3500.00,delivered,2026-08-23 16:39:18.391945+08,2026-08-23 16:39:18.391945+08
1856,01M0MX49WJ7AW8MJQJMB2MPTPT,414773WE720HJ0P121AG8FHQ,7,350.00,2450.00,delivered,2026-08-23 16:39:18.391945+08,2026-08-23 16:39:18.391945+08
1877,01M0MX49WJQ0YBH0DC00VTJV2W,413521JP1792738MBB68XMK5,18,350.00,6300.00,delivered,2026-08-23 16:39:18.391945+08,2026-08-23 16:39:18.391945+08
1878,01M0MX49WJQ0YBH0DC00VTJV2W,4088862F2RR4FH8VD6HQ69ZM,1,350.00,350.00,delivered,2026-08-23 16:39:18.391945+08,2026-08-23 16:39:18.391945+08
1893,01M0MX49WJH9ZXHHAM5PJGE33X,409420087QNW2D06G06MH7JS,2,350.00,700.00,delivered,2026-08-23 16:39:18.391945+08,2026-08-23 16:39:18.391945+08
1894,01M0MX49WJH9ZXHHAM5PJGE33X,409892D87XEVH1ZTZXV5F6C1,2,155.00,310.00,delivered,2026-08-23 16:39:18.391945+08,2026-08-23 16:39:18.391945+08
1900,01M0MX49WJAMV6G0TP3NSAQPTY,407702R5D86R3CBB81E3X29M,8,350.00,2800.00,delivered,2026-08-23 16:39:18.391945+08,2026-08-23 16:39:18.391945+08
1901,01M0MX49WJAMV6G0TP3NSAQPTY,41085841ZKREWJPCC4PWVWR7,5,15.00,75.00,delivered,2026-08-23 16:39:18.391945+08,2026-08-23 16:39:18.391945+08
1902,01M0MX49WJAMV6G0TP3NSAQPTY,409420087QNW2D06G06MH7JS,6,350.00,2100.00,delivered,2026-08-23 16:39:18.391945+08,2026-08-23 16:39:18.391945+08
1905,01M0MX49WJQPSJX1VHFV6F5306,4088862F2RR4FH8VD6HQ69ZM,3,350.00,1050.00,delivered,2026-08-23 16:39:18.391945+08,2026-08-23 16:39:18.391945+08
1906,01M0MX49WJQPSJX1VHFV6F5306,409339V9MK4RHRG0A0XWT91W,14,485.00,6790.00,delivered,2026-08-23 16:39:18.391945+08,2026-08-23 16:39:18.391945+08
1907,01M0MX49WJQPSJX1VHFV6F5306,409892D87XEVH1ZTZXV5F6C1,13,155.00,2015.00,delivered,2026-08-23 16:39:18.391945+08,2026-08-23 16:39:18.391945+08
1920,01M0MX49WJ7T1MVY1N7ET3K34G,4088862F2RR4FH8VD6HQ69ZM,6,350.00,2100.00,delivered,2026-08-23 16:39:18.391945+08,2026-08-23 16:39:18.391945+08
1921,01M0MX49WJ7T1MVY1N7ET3K34G,4082223DQAKGCJ8P0XHQQNB2,2,112.00,224.00,delivered,2026-08-23 16:39:18.391945+08,2026-08-23 16:39:18.391945+08
1939,01M0MX49WJNZXS2J9C38WACP7N,41150684MEXX0KJ3HG4B279E,7,30.00,210.00,delivered,2026-08-23 16:39:18.391945+08,2026-08-23 16:39:18.391945+08
1940,01M0MX49WJNZXS2J9C38WACP7N,411039DJMEE6FWS52GMATRN7,11,25.00,275.00,delivered,2026-08-23 16:39:18.391945+08,2026-08-23 16:39:18.391945+08
1944,01M0MX49WJPEZEPFNEC55PQ3QC,41511344QHQDJBZ4FRV45NKC,7,350.00,2450.00,delivered,2026-08-23 16:39:18.391945+08,2026-08-23 16:39:18.391945+08
1945,01M0MX49WJPEZEPFNEC55PQ3QC,4082223DQAKGCJ8P0XHQQNB2,15,112.00,1680.00,delivered,2026-08-23 16:39:18.391945+08,2026-08-23 16:39:18.391945+08
1951,01M0MX49WJMHQ7MN7ZTV7ATV3R,4082223DQAKGCJ8P0XHQQNB2,6,112.00,672.00,delivered,2026-08-23 16:39:18.391945+08,2026-08-23 16:39:18.391945+08
1952,01M0MX49WJMHQ7MN7ZTV7ATV3R,412596TV7NC82RBGNTA0W8JZ,18,35.00,630.00,delivered,2026-08-23 16:39:18.391945+08,2026-08-23 16:39:18.391945+08
1953,01M0MX49WJMHQ7MN7ZTV7ATV3R,4088862F2RR4FH8VD6HQ69ZM,3,350.00,1050.00,delivered,2026-08-23 16:39:18.391945+08,2026-08-23 16:39:18.391945+08
1964,01M0MX49WJEEZTFT9XHNPN2PA8,410258ZSW0QAXSVS8S3VV7TE,1,35.00,35.00,delivered,2026-08-23 16:39:18.391945+08,2026-08-23 16:39:18.391945+08
1966,01M0MX49WJW9MVT1MX6T13EK60,409420087QNW2D06G06MH7JS,16,350.00,5600.00,delivered,2026-08-23 16:39:18.391945+08,2026-08-23 16:39:18.391945+08
1975,01M0MX49WJ3BHR6PTJ86KDEKTS,411039DJMEE6FWS52GMATRN7,3,25.00,75.00,delivered,2026-08-23 16:39:18.391945+08,2026-08-23 16:39:18.391945+08
1982,01M0MX49WJ2TTGG2HCD0YXS1WP,41511344QHQDJBZ4FRV45NKC,11,350.00,3850.00,delivered,2026-08-23 16:39:18.391945+08,2026-08-23 16:39:18.391945+08
1983,01M0MX49WJS5CT1MK9T12AGQSN,411921G8X1MT1A4Z5EPH3YP4,19,30.00,570.00,delivered,2026-08-23 16:39:18.391945+08,2026-08-23 16:39:18.391945+08
1984,01M0MX49WJS5CT1MK9T12AGQSN,41085841ZKREWJPCC4PWVWR7,7,15.00,105.00,delivered,2026-08-23 16:39:18.391945+08,2026-08-23 16:39:18.391945+08
1985,01M0MX49WJS5CT1MK9T12AGQSN,4088862F2RR4FH8VD6HQ69ZM,11,350.00,3850.00,delivered,2026-08-23 16:39:18.391945+08,2026-08-23 16:39:18.391945+08
1989,01M0MX49WJG5NX1C2GKHA5GZAN,408186TJ449WSVW673RWDK4X,4,30.00,120.00,delivered,2026-08-23 16:39:18.391945+08,2026-08-23 16:39:18.391945+08
1990,01M0MX49WJG5NX1C2GKHA5GZAN,411921G8X1MT1A4Z5EPH3YP4,18,30.00,540.00,delivered,2026-08-23 16:39:18.391945+08,2026-08-23 16:39:18.391945+08
1991,01M0MX49WJG5NX1C2GKHA5GZAN,411039DJMEE6FWS52GMATRN7,18,25.00,450.00,delivered,2026-08-23 16:39:18.391945+08,2026-08-23 16:39:18.391945+08
1992,01M0MX49WJZVARXBWVYR120K0T,411039DJMEE6FWS52GMATRN7,3,25.00,75.00,delivered,2026-08-23 16:39:18.391945+08,2026-08-23 16:39:18.391945+08
1993,01M0MX49WJZVARXBWVYR120K0T,409339V9MK4RHRG0A0XWT91W,15,485.00,7275.00,delivered,2026-08-23 16:39:18.391945+08,2026-08-23 16:39:18.391945+08
2001,01M0MX49WJ6V4HPRJBE6C2KV4M,412596TV7NC82RBGNTA0W8JZ,11,35.00,385.00,delivered,2026-08-23 16:39:18.391945+08,2026-08-23 16:39:18.391945+08
2002,01M0MX49WJ6V4HPRJBE6C2KV4M,413005KN3WGNAPH6NCQ5JCT9,11,350.00,3850.00,delivered,2026-08-23 16:39:18.391945+08,2026-08-23 16:39:18.391945+08
2003,01M0MX49WJ7P3B9KFK5X9AGDDC,408186TJ449WSVW673RWDK4X,18,30.00,540.00,delivered,2026-08-23 16:39:18.391945+08,2026-08-23 16:39:18.391945+08
2004,01M0MX49WJ7P3B9KFK5X9AGDDC,416496PKZM0T9NY433H8KP6M,15,30.00,450.00,delivered,2026-08-23 16:39:18.391945+08,2026-08-23 16:39:18.391945+08
2005,01M0MX49WJ7P3B9KFK5X9AGDDC,416951J7FD3NBDV1MM1QS36H,19,415.00,7885.00,delivered,2026-08-23 16:39:18.391945+08,2026-08-23 16:39:18.391945+08
2009,01M0MX49WJ1XZ5REH0RF2GE9CM,4082223DQAKGCJ8P0XHQQNB2,6,112.00,672.00,delivered,2026-08-23 16:39:18.391945+08,2026-08-23 16:39:18.391945+08
2025,01M0MX49WJ57ZRXH7E00VAT7BB,416496PKZM0T9NY433H8KP6M,12,30.00,360.00,delivered,2026-08-23 16:39:18.391945+08,2026-08-23 16:39:18.391945+08
2032,01M0MX49WJRJAY781Z8MCKDPCW,407702R5D86R3CBB81E3X29M,12,350.00,4200.00,delivered,2026-08-23 16:39:18.391945+08,2026-08-23 16:39:18.391945+08
2033,01M0MX49WJRJAY781Z8MCKDPCW,4162975Y25KN73W7KKDJGX6P,5,245.00,1225.00,delivered,2026-08-23 16:39:18.391945+08,2026-08-23 16:39:18.391945+08
2034,01M0MX49WJRJAY781Z8MCKDPCW,41085841ZKREWJPCC4PWVWR7,14,15.00,210.00,delivered,2026-08-23 16:39:18.391945+08,2026-08-23 16:39:18.391945+08
2040,01M0MX49WJ7K6042VTB5B79QAY,409339V9MK4RHRG0A0XWT91W,10,485.00,4850.00,delivered,2026-08-23 16:39:18.391945+08,2026-08-23 16:39:18.391945+08
2044,01M0MX49WJSCQJKGSZQJZR3DX0,41150684MEXX0KJ3HG4B279E,6,30.00,180.00,delivered,2026-08-23 16:39:18.391945+08,2026-08-23 16:39:18.391945+08
2045,01M0MX49WJSCQJKGSZQJZR3DX0,410258ZSW0QAXSVS8S3VV7TE,15,35.00,525.00,delivered,2026-08-23 16:39:18.391945+08,2026-08-23 16:39:18.391945+08
2049,01M0MX49WJWF1SNYTGAS2NTBH0,4088862F2RR4FH8VD6HQ69ZM,1,350.00,350.00,delivered,2026-08-23 16:39:18.391945+08,2026-08-23 16:39:18.391945+08
2050,01M0MX49WJWF1SNYTGAS2NTBH0,409420087QNW2D06G06MH7JS,5,350.00,1750.00,delivered,2026-08-23 16:39:18.391945+08,2026-08-23 16:39:18.391945+08
2066,01M0MX49WJPWV8CCBF5QRF7H3A,407702R5D86R3CBB81E3X29M,10,350.00,3500.00,delivered,2026-08-23 16:39:18.391945+08,2026-08-23 16:39:18.391945+08
2067,01M0MX49WJPWV8CCBF5QRF7H3A,416951J7FD3NBDV1MM1QS36H,17,415.00,7055.00,delivered,2026-08-23 16:39:18.391945+08,2026-08-23 16:39:18.391945+08
2068,01M0MX49WJTHAB8YV3DGX650DV,417359ZGZV0QNH8M3DEYW8G5,4,350.00,1400.00,delivered,2026-08-23 16:39:18.391945+08,2026-08-23 16:39:18.391945+08
2069,01M0MX49WJTHAB8YV3DGX650DV,4082223DQAKGCJ8P0XHQQNB2,6,112.00,672.00,delivered,2026-08-23 16:39:18.391945+08,2026-08-23 16:39:18.391945+08
2070,01M0MX49WJTHAB8YV3DGX650DV,410258ZSW0QAXSVS8S3VV7TE,11,35.00,385.00,delivered,2026-08-23 16:39:18.391945+08,2026-08-23 16:39:18.391945+08
2109,01M0MX49WJS5SKBX11J9VHZJ2Q,41085841ZKREWJPCC4PWVWR7,10,15.00,150.00,delivered,2026-08-23 16:39:18.391945+08,2026-08-23 16:39:18.391945+08
2110,01M0MX49WJS5SKBX11J9VHZJ2Q,410258ZSW0QAXSVS8S3VV7TE,2,35.00,70.00,delivered,2026-08-23 16:39:18.391945+08,2026-08-23 16:39:18.391945+08
2112,01M0MX49WJMYDP3D1XJJZPZ2V3,411039DJMEE6FWS52GMATRN7,15,25.00,375.00,delivered,2026-08-23 16:39:18.391945+08,2026-08-23 16:39:18.391945+08
2113,01M0MX49WJMYDP3D1XJJZPZ2V3,4088862F2RR4FH8VD6HQ69ZM,18,350.00,6300.00,delivered,2026-08-23 16:39:18.391945+08,2026-08-23 16:39:18.391945+08
2134,01M0MX49WJFB8YE724S6YVERQD,411039DJMEE6FWS52GMATRN7,17,25.00,425.00,delivered,2026-08-23 16:39:18.391945+08,2026-08-23 16:39:18.391945+08
2136,01M0MX49WJTB8SWV6H54FZC27W,409892D87XEVH1ZTZXV5F6C1,18,155.00,2790.00,delivered,2026-08-23 16:39:18.391945+08,2026-08-23 16:39:18.391945+08
2137,01M0MX49WJTB8SWV6H54FZC27W,410258ZSW0QAXSVS8S3VV7TE,1,35.00,35.00,delivered,2026-08-23 16:39:18.391945+08,2026-08-23 16:39:18.391945+08
2138,01M0MX49WJTB8SWV6H54FZC27W,407702R5D86R3CBB81E3X29M,14,350.00,4900.00,delivered,2026-08-23 16:39:18.391945+08,2026-08-23 16:39:18.391945+08
2144,01M0MX49WJGX62AMRT03XBXPE2,412596TV7NC82RBGNTA0W8JZ,16,35.00,560.00,delivered,2026-08-23 16:39:18.391945+08,2026-08-23 16:39:18.391945+08
2162,01M0MX49WJ1M11X0B3F57T3YDS,4162975Y25KN73W7KKDJGX6P,19,245.00,4655.00,delivered,2026-08-23 16:39:18.391945+08,2026-08-23 16:39:18.391945+08
2163,01M0MX49WJ1M11X0B3F57T3YDS,4162975Y25KN73W7KKDJGX6P,11,245.00,2695.00,delivered,2026-08-23 16:39:18.391945+08,2026-08-23 16:39:18.391945+08
2169,01M0MX49WJAY00TC6AEFP4C5QN,410258ZSW0QAXSVS8S3VV7TE,7,35.00,245.00,delivered,2026-08-23 16:39:18.391945+08,2026-08-23 16:39:18.391945+08
2175,01M0MX49WJV8DBHAGW2ZNCT6EH,4138050CXS9PQSNF661Q1A1F,3,140.00,420.00,delivered,2026-08-23 16:39:18.391945+08,2026-08-23 16:39:18.391945+08
2176,01M0MX49WJ3BZYTJD95SAM7SAD,41150684MEXX0KJ3HG4B279E,18,30.00,540.00,delivered,2026-08-23 16:39:18.391945+08,2026-08-23 16:39:18.391945+08
2177,01M0MX49WJ3BZYTJD95SAM7SAD,409892D87XEVH1ZTZXV5F6C1,7,155.00,1085.00,delivered,2026-08-23 16:39:18.391945+08,2026-08-23 16:39:18.391945+08
2186,01M0MX49WJ1B9MX61K0NWN3TD5,41511344QHQDJBZ4FRV45NKC,10,350.00,3500.00,delivered,2026-08-23 16:39:18.391945+08,2026-08-23 16:39:18.391945+08
2193,01M0MX49WJXR9418G0NNQPPCV0,409339V9MK4RHRG0A0XWT91W,6,485.00,2910.00,delivered,2026-08-23 16:39:18.391945+08,2026-08-23 16:39:18.391945+08
2210,01M0MX49WJQM5CQMNNYH68Y4R9,414773WE720HJ0P121AG8FHQ,5,350.00,1750.00,delivered,2026-08-23 16:39:18.391945+08,2026-08-23 16:39:18.391945+08
2211,01M0MX49WJA7R09TXS8G0HGWZ1,416951J7FD3NBDV1MM1QS36H,1,415.00,415.00,delivered,2026-08-23 16:39:18.391945+08,2026-08-23 16:39:18.391945+08
2212,01M0MX49WJA7R09TXS8G0HGWZ1,413005KN3WGNAPH6NCQ5JCT9,20,350.00,7000.00,delivered,2026-08-23 16:39:18.391945+08,2026-08-23 16:39:18.391945+08
2233,01M0MX49WKVE2EGVHA3AHNW0YM,41511344QHQDJBZ4FRV45NKC,20,350.00,7000.00,delivered,2026-08-23 16:39:18.391945+08,2026-08-23 16:39:18.391945+08
2234,01M0MX49WKVE2EGVHA3AHNW0YM,411039DJMEE6FWS52GMATRN7,14,25.00,350.00,delivered,2026-08-23 16:39:18.391945+08,2026-08-23 16:39:18.391945+08
2235,01M0MX49WKVE2EGVHA3AHNW0YM,409892D87XEVH1ZTZXV5F6C1,15,155.00,2325.00,delivered,2026-08-23 16:39:18.391945+08,2026-08-23 16:39:18.391945+08
2241,01M0MX49WKXGHDX0WXZWNYJ3ZP,4088862F2RR4FH8VD6HQ69ZM,3,350.00,1050.00,delivered,2026-08-23 16:39:18.391945+08,2026-08-23 16:39:18.391945+08
2242,01M0MX49WKXGHDX0WXZWNYJ3ZP,416496PKZM0T9NY433H8KP6M,7,30.00,210.00,delivered,2026-08-23 16:39:18.391945+08,2026-08-23 16:39:18.391945+08
2243,01M0MX49WKXGHDX0WXZWNYJ3ZP,414773WE720HJ0P121AG8FHQ,6,350.00,2100.00,delivered,2026-08-23 16:39:18.391945+08,2026-08-23 16:39:18.391945+08
2255,01M0MX49WKQT5G4JXMC1XWJ6FV,4138050CXS9PQSNF661Q1A1F,19,140.00,2660.00,delivered,2026-08-23 16:39:18.391945+08,2026-08-23 16:39:18.391945+08
2267,01M0MX49WK2AKC6KQQ6DPFVNTV,417359ZGZV0QNH8M3DEYW8G5,17,350.00,5950.00,delivered,2026-08-23 16:39:18.391945+08,2026-08-23 16:39:18.391945+08
2268,01M0MX49WK2AKC6KQQ6DPFVNTV,411921G8X1MT1A4Z5EPH3YP4,11,30.00,330.00,delivered,2026-08-23 16:39:18.391945+08,2026-08-23 16:39:18.391945+08
2275,01M0MX49WKQXKZ42XMPVAT5YAW,413005KN3WGNAPH6NCQ5JCT9,15,350.00,5250.00,delivered,2026-08-23 16:39:18.391945+08,2026-08-23 16:39:18.391945+08
2276,01M0MX49WKQXKZ42XMPVAT5YAW,407702R5D86R3CBB81E3X29M,7,350.00,2450.00,delivered,2026-08-23 16:39:18.391945+08,2026-08-23 16:39:18.391945+08
2277,01M0MX49WKQXKZ42XMPVAT5YAW,41511344QHQDJBZ4FRV45NKC,2,350.00,700.00,delivered,2026-08-23 16:39:18.391945+08,2026-08-23 16:39:18.391945+08
2282,01M0MX49WK4ZNF23Q2GWGMS2BG,41511344QHQDJBZ4FRV45NKC,4,350.00,1400.00,delivered,2026-08-23 16:39:18.391945+08,2026-08-23 16:39:18.391945+08
2293,01M0MX49WKN762M694WVXWYAH8,4082223DQAKGCJ8P0XHQQNB2,1,112.00,112.00,delivered,2026-08-23 16:39:18.391945+08,2026-08-23 16:39:18.391945+08
2294,01M0MX49WKN762M694WVXWYAH8,409892D87XEVH1ZTZXV5F6C1,2,155.00,310.00,delivered,2026-08-23 16:39:18.391945+08,2026-08-23 16:39:18.391945+08
2307,01M0MX49WKMT8P0SPG9W146D1C,4082223DQAKGCJ8P0XHQQNB2,14,112.00,1568.00,delivered,2026-08-23 16:39:18.391945+08,2026-08-23 16:39:18.391945+08
2308,01M0MX49WKMT8P0SPG9W146D1C,413521JP1792738MBB68XMK5,14,350.00,4900.00,delivered,2026-08-23 16:39:18.391945+08,2026-08-23 16:39:18.391945+08
2309,01M0MX49WKMT8P0SPG9W146D1C,4138050CXS9PQSNF661Q1A1F,20,140.00,2800.00,delivered,2026-08-23 16:39:18.391945+08,2026-08-23 16:39:18.391945+08
2320,01M0MX49WKJCW75ESNKM5EQSYH,4116065CZMHNTR71A86YWAMC,15,350.00,5250.00,delivered,2026-08-23 16:39:18.391945+08,2026-08-23 16:39:18.391945+08
2321,01M0MX49WKJCW75ESNKM5EQSYH,411039DJMEE6FWS52GMATRN7,19,25.00,475.00,delivered,2026-08-23 16:39:18.391945+08,2026-08-23 16:39:18.391945+08
2327,01M0MX49WKY31AS6G3A91ERB2D,411039DJMEE6FWS52GMATRN7,15,25.00,375.00,delivered,2026-08-23 16:39:18.391945+08,2026-08-23 16:39:18.391945+08
2328,01M0MX49WKY31AS6G3A91ERB2D,4082223DQAKGCJ8P0XHQQNB2,9,112.00,1008.00,delivered,2026-08-23 16:39:18.391945+08,2026-08-23 16:39:18.391945+08
2344,01M0MX49WKKTDBQBZ6STYB8XHA,412596TV7NC82RBGNTA0W8JZ,8,35.00,280.00,delivered,2026-08-23 16:39:18.391945+08,2026-08-23 16:39:18.391945+08
2345,01M0MX49WKKTDBQBZ6STYB8XHA,409339V9MK4RHRG0A0XWT91W,10,485.00,4850.00,delivered,2026-08-23 16:39:18.391945+08,2026-08-23 16:39:18.391945+08
2350,01M0MX49WKEYXDHZ0X28Z6HVMM,408186TJ449WSVW673RWDK4X,19,30.00,570.00,delivered,2026-08-23 16:39:18.391945+08,2026-08-23 16:39:18.391945+08
2351,01M0MX49WKEYXDHZ0X28Z6HVMM,4082223DQAKGCJ8P0XHQQNB2,16,112.00,1792.00,delivered,2026-08-23 16:39:18.391945+08,2026-08-23 16:39:18.391945+08
2382,01M0MX49WKBXKRWPD6VZ92SSNJ,4138050CXS9PQSNF661Q1A1F,6,140.00,840.00,delivered,2026-08-23 16:39:18.391945+08,2026-08-23 16:39:18.391945+08
2412,01M0MX49WKXC0Q5X6S4KCM7E85,409892D87XEVH1ZTZXV5F6C1,6,155.00,930.00,delivered,2026-08-23 16:39:18.391945+08,2026-08-23 16:39:18.391945+08
2413,01M0MX49WKXC0Q5X6S4KCM7E85,409420087QNW2D06G06MH7JS,1,350.00,350.00,delivered,2026-08-23 16:39:18.391945+08,2026-08-23 16:39:18.391945+08
2414,01M0MX49WKXC0Q5X6S4KCM7E85,410258ZSW0QAXSVS8S3VV7TE,19,35.00,665.00,delivered,2026-08-23 16:39:18.391945+08,2026-08-23 16:39:18.391945+08
2431,01M0MX49WKB7KMNJ8SA0E6WQF0,4162975Y25KN73W7KKDJGX6P,9,245.00,2205.00,delivered,2026-08-23 16:39:18.391945+08,2026-08-23 16:39:18.391945+08
2432,01M0MX49WKB7KMNJ8SA0E6WQF0,412596TV7NC82RBGNTA0W8JZ,16,35.00,560.00,delivered,2026-08-23 16:39:18.391945+08,2026-08-23 16:39:18.391945+08
2433,01M0MX49WKB7KMNJ8SA0E6WQF0,413005KN3WGNAPH6NCQ5JCT9,14,350.00,4900.00,delivered,2026-08-23 16:39:18.391945+08,2026-08-23 16:39:18.391945+08
2436,01M0MX49WKZVHYAJ9VSDWP8PNT,41511344QHQDJBZ4FRV45NKC,17,350.00,5950.00,delivered,2026-08-23 16:39:18.391945+08,2026-08-23 16:39:18.391945+08
2437,01M0MX49WKZVHYAJ9VSDWP8PNT,408186TJ449WSVW673RWDK4X,4,30.00,120.00,delivered,2026-08-23 16:39:18.391945+08,2026-08-23 16:39:18.391945+08
2438,01M0MX49WKYJCW9CSY70KWD08B,417359ZGZV0QNH8M3DEYW8G5,18,350.00,6300.00,delivered,2026-08-23 16:39:18.391945+08,2026-08-23 16:39:18.391945+08
2453,01M0MX49WKK541EQDKP49265V1,411039DJMEE6FWS52GMATRN7,15,25.00,375.00,delivered,2026-08-23 16:39:18.391945+08,2026-08-23 16:39:18.391945+08
2454,01M0MX49WKK541EQDKP49265V1,41511344QHQDJBZ4FRV45NKC,11,350.00,3850.00,delivered,2026-08-23 16:39:18.391945+08,2026-08-23 16:39:18.391945+08
2461,01M0MX49WKHDHRS3GHRH1B5Y7D,416951J7FD3NBDV1MM1QS36H,18,415.00,7470.00,delivered,2026-08-23 16:39:18.391945+08,2026-08-23 16:39:18.391945+08
2462,01M0MX49WKHDHRS3GHRH1B5Y7D,413005KN3WGNAPH6NCQ5JCT9,4,350.00,1400.00,delivered,2026-08-23 16:39:18.391945+08,2026-08-23 16:39:18.391945+08
2463,01M0MX49WKHDHRS3GHRH1B5Y7D,413005KN3WGNAPH6NCQ5JCT9,18,350.00,6300.00,delivered,2026-08-23 16:39:18.391945+08,2026-08-23 16:39:18.391945+08
2467,01M0MX49WKH8NK53A5J8CWKZTM,4116065CZMHNTR71A86YWAMC,18,350.00,6300.00,delivered,2026-08-23 16:39:18.391945+08,2026-08-23 16:39:18.391945+08
2496,01M0MX49WKFBSRZDDCQ01X8YKN,410258ZSW0QAXSVS8S3VV7TE,15,35.00,525.00,delivered,2026-08-23 16:39:18.391945+08,2026-08-23 16:39:18.391945+08
2497,01M0MX49WKFBSRZDDCQ01X8YKN,407702R5D86R3CBB81E3X29M,1,350.00,350.00,delivered,2026-08-23 16:39:18.391945+08,2026-08-23 16:39:18.391945+08
2535,01M0MX49WK6MQZGWFWAJ2STW9W,412596TV7NC82RBGNTA0W8JZ,20,35.00,700.00,delivered,2026-08-23 16:39:18.391945+08,2026-08-23 16:39:18.391945+08
2536,01M0MX49WK6MQZGWFWAJ2STW9W,412596TV7NC82RBGNTA0W8JZ,6,35.00,210.00,delivered,2026-08-23 16:39:18.391945+08,2026-08-23 16:39:18.391945+08
2537,01M0MX49WK6MQZGWFWAJ2STW9W,413521JP1792738MBB68XMK5,19,350.00,6650.00,delivered,2026-08-23 16:39:18.391945+08,2026-08-23 16:39:18.391945+08
2564,01M0MX49WKE9DK2P02D3M8C6XB,413521JP1792738MBB68XMK5,4,350.00,1400.00,delivered,2026-08-23 16:39:18.391945+08,2026-08-23 16:39:18.391945+08
2565,01M0MX49WKE9DK2P02D3M8C6XB,411039DJMEE6FWS52GMATRN7,2,25.00,50.00,delivered,2026-08-23 16:39:18.391945+08,2026-08-23 16:39:18.391945+08
2571,01M0MX49WKM0Z8ZR5YQT5VD2A5,413005KN3WGNAPH6NCQ5JCT9,1,350.00,350.00,delivered,2026-08-23 16:39:18.391945+08,2026-08-23 16:39:18.391945+08
2572,01M0MX49WKM0Z8ZR5YQT5VD2A5,416496PKZM0T9NY433H8KP6M,17,30.00,510.00,delivered,2026-08-23 16:39:18.391945+08,2026-08-23 16:39:18.391945+08
2573,01M0MX49WKCAYAWXZZ5B13XD4Z,4116065CZMHNTR71A86YWAMC,1,350.00,350.00,delivered,2026-08-23 16:39:18.391945+08,2026-08-23 16:39:18.391945+08
2577,01M0MX49WKVHZ2PXMM1G5XXHVW,416496PKZM0T9NY433H8KP6M,6,30.00,180.00,delivered,2026-08-23 16:39:18.391945+08,2026-08-23 16:39:18.391945+08
2578,01M0MX49WKVHZ2PXMM1G5XXHVW,4088862F2RR4FH8VD6HQ69ZM,5,350.00,1750.00,delivered,2026-08-23 16:39:18.391945+08,2026-08-23 16:39:18.391945+08
2579,01M0MX49WKVHZ2PXMM1G5XXHVW,407702R5D86R3CBB81E3X29M,2,350.00,700.00,delivered,2026-08-23 16:39:18.391945+08,2026-08-23 16:39:18.391945+08
2591,01M0MX49WKV6RJ63AYC626ZKMY,409892D87XEVH1ZTZXV5F6C1,6,155.00,930.00,delivered,2026-08-23 16:39:18.391945+08,2026-08-23 16:39:18.391945+08
2592,01M0MX49WKV6RJ63AYC626ZKMY,4116065CZMHNTR71A86YWAMC,15,350.00,5250.00,delivered,2026-08-23 16:39:18.391945+08,2026-08-23 16:39:18.391945+08
2593,01M0MX49WKNA43B8XBQF5JVSK2,413005KN3WGNAPH6NCQ5JCT9,8,350.00,2800.00,delivered,2026-08-23 16:39:18.391945+08,2026-08-23 16:39:18.391945+08
2594,01M0MX49WKFVM6NZ4QSA6NM24J,4088862F2RR4FH8VD6HQ69ZM,16,350.00,5600.00,delivered,2026-08-23 16:39:18.391945+08,2026-08-23 16:39:18.391945+08
2611,01M0MX49WK1AKS0CTS7TMA431J,4138050CXS9PQSNF661Q1A1F,11,140.00,1540.00,delivered,2026-08-23 16:39:18.391945+08,2026-08-23 16:39:18.391945+08
2612,01M0MX49WK1AKS0CTS7TMA431J,4082223DQAKGCJ8P0XHQQNB2,14,112.00,1568.00,delivered,2026-08-23 16:39:18.391945+08,2026-08-23 16:39:18.391945+08
2613,01M0MX49WK1AKS0CTS7TMA431J,413005KN3WGNAPH6NCQ5JCT9,8,350.00,2800.00,delivered,2026-08-23 16:39:18.391945+08,2026-08-23 16:39:18.391945+08
2617,01M0MX49WKWKFGMDWGRQ73DZ08,41511344QHQDJBZ4FRV45NKC,17,350.00,5950.00,delivered,2026-08-23 16:39:18.391945+08,2026-08-23 16:39:18.391945+08
2618,01M0MX49WKWKFGMDWGRQ73DZ08,412596TV7NC82RBGNTA0W8JZ,16,35.00,560.00,delivered,2026-08-23 16:39:18.391945+08,2026-08-23 16:39:18.391945+08
2635,01M0MX49WK7G3HSAKDPVA823N7,416496PKZM0T9NY433H8KP6M,15,30.00,450.00,delivered,2026-08-23 16:39:18.391945+08,2026-08-23 16:39:18.391945+08
2636,01M0MX49WK7G3HSAKDPVA823N7,41150684MEXX0KJ3HG4B279E,14,30.00,420.00,delivered,2026-08-23 16:39:18.391945+08,2026-08-23 16:39:18.391945+08
2642,01M0MX49WKXA01ZJEB5S38HSWV,4088862F2RR4FH8VD6HQ69ZM,4,350.00,1400.00,delivered,2026-08-23 16:39:18.391945+08,2026-08-23 16:39:18.391945+08
2643,01M0MX49WKXA01ZJEB5S38HSWV,4116065CZMHNTR71A86YWAMC,3,350.00,1050.00,delivered,2026-08-23 16:39:18.391945+08,2026-08-23 16:39:18.391945+08
2669,01M0MX49WKF4DKJ70C8X33S74Q,413521JP1792738MBB68XMK5,6,350.00,2100.00,delivered,2026-08-23 16:39:18.391945+08,2026-08-23 16:39:18.391945+08
2670,01M0MX49WKF4DKJ70C8X33S74Q,4116065CZMHNTR71A86YWAMC,18,350.00,6300.00,delivered,2026-08-23 16:39:18.391945+08,2026-08-23 16:39:18.391945+08
2675,01M0MX49WK7BB55FGNRP4R5P3Q,408186TJ449WSVW673RWDK4X,1,30.00,30.00,delivered,2026-08-23 16:39:18.391945+08,2026-08-23 16:39:18.391945+08
2676,01M0MX49WK7BB55FGNRP4R5P3Q,417359ZGZV0QNH8M3DEYW8G5,11,350.00,3850.00,delivered,2026-08-23 16:39:18.391945+08,2026-08-23 16:39:18.391945+08
2678,01M0MX49WKKD5GP8V7TC3W0T63,4162975Y25KN73W7KKDJGX6P,7,245.00,1715.00,delivered,2026-08-23 16:39:18.391945+08,2026-08-23 16:39:18.391945+08
2689,01M0MX49WKP4J51ZAFDGSEEJWF,4138050CXS9PQSNF661Q1A1F,10,140.00,1400.00,delivered,2026-08-23 16:39:18.391945+08,2026-08-23 16:39:18.391945+08
2690,01M0MX49WKP4J51ZAFDGSEEJWF,4162975Y25KN73W7KKDJGX6P,20,245.00,4900.00,delivered,2026-08-23 16:39:18.391945+08,2026-08-23 16:39:18.391945+08
2700,01M0MX49WKH86N16K67PSHM6J9,409339V9MK4RHRG0A0XWT91W,17,485.00,8245.00,delivered,2026-08-23 16:39:18.391945+08,2026-08-23 16:39:18.391945+08
2701,01M0MX49WKH86N16K67PSHM6J9,407702R5D86R3CBB81E3X29M,15,350.00,5250.00,delivered,2026-08-23 16:39:18.391945+08,2026-08-23 16:39:18.391945+08
2707,01M0MX49WKN5TX8W2QMF6HHWE4,410258ZSW0QAXSVS8S3VV7TE,8,35.00,280.00,delivered,2026-08-23 16:39:18.391945+08,2026-08-23 16:39:18.391945+08
2756,01M0MX49WKXCCSPSB9PJRK6C7Q,411921G8X1MT1A4Z5EPH3YP4,3,30.00,90.00,delivered,2026-08-23 16:39:18.391945+08,2026-08-23 16:39:18.391945+08
2762,01M0MX49WKH7RDEQMNQ16PF51F,416951J7FD3NBDV1MM1QS36H,19,415.00,7885.00,delivered,2026-08-23 16:39:18.391945+08,2026-08-23 16:39:18.391945+08
2763,01M0MX49WKH7RDEQMNQ16PF51F,416496PKZM0T9NY433H8KP6M,7,30.00,210.00,delivered,2026-08-23 16:39:18.391945+08,2026-08-23 16:39:18.391945+08
2766,01M0MX49WKC0SBXJ2SZ2QQWAYN,408186TJ449WSVW673RWDK4X,20,30.00,600.00,delivered,2026-08-23 16:39:18.391945+08,2026-08-23 16:39:18.391945+08
2767,01M0MX49WKC0SBXJ2SZ2QQWAYN,41150684MEXX0KJ3HG4B279E,5,30.00,150.00,delivered,2026-08-23 16:39:18.391945+08,2026-08-23 16:39:18.391945+08
2787,01M0MX49WKMCSC0A5ZSS89X5VZ,409420087QNW2D06G06MH7JS,5,350.00,1750.00,delivered,2026-08-23 16:39:18.391945+08,2026-08-23 16:39:18.391945+08
2788,01M0MX49WKMCSC0A5ZSS89X5VZ,414773WE720HJ0P121AG8FHQ,20,350.00,7000.00,delivered,2026-08-23 16:39:18.391945+08,2026-08-23 16:39:18.391945+08
2789,01M0MX49WKMCSC0A5ZSS89X5VZ,416496PKZM0T9NY433H8KP6M,5,30.00,150.00,delivered,2026-08-23 16:39:18.391945+08,2026-08-23 16:39:18.391945+08
2796,01M0MX49WKPBD0RGED026G5DSW,41150684MEXX0KJ3HG4B279E,3,30.00,90.00,delivered,2026-08-23 16:39:18.391945+08,2026-08-23 16:39:18.391945+08
2797,01M0MX49WKPBD0RGED026G5DSW,4116065CZMHNTR71A86YWAMC,19,350.00,6650.00,delivered,2026-08-23 16:39:18.391945+08,2026-08-23 16:39:18.391945+08
2798,01M0MX49WKPBD0RGED026G5DSW,4138050CXS9PQSNF661Q1A1F,5,140.00,700.00,delivered,2026-08-23 16:39:18.391945+08,2026-08-23 16:39:18.391945+08
2808,01M0MX49WK63FWC2SQY8Q02M8N,417359ZGZV0QNH8M3DEYW8G5,7,350.00,2450.00,delivered,2026-08-23 16:39:18.391945+08,2026-08-23 16:39:18.391945+08
2810,01M0MX49WKFPNXVQ2JSJ5V03G0,4116065CZMHNTR71A86YWAMC,6,350.00,2100.00,delivered,2026-08-23 16:39:18.391945+08,2026-08-23 16:39:18.391945+08
2811,01M0MX49WKFPNXVQ2JSJ5V03G0,413521JP1792738MBB68XMK5,10,350.00,3500.00,delivered,2026-08-23 16:39:18.391945+08,2026-08-23 16:39:18.391945+08
2812,01M0MX49WKFPNXVQ2JSJ5V03G0,413521JP1792738MBB68XMK5,13,350.00,4550.00,delivered,2026-08-23 16:39:18.391945+08,2026-08-23 16:39:18.391945+08
2857,01M0MX49WMZQKVDRCY8SA9P5MM,41150684MEXX0KJ3HG4B279E,11,30.00,330.00,delivered,2026-08-23 16:39:18.391945+08,2026-08-23 16:39:18.391945+08
2858,01M0MX49WMZQKVDRCY8SA9P5MM,4138050CXS9PQSNF661Q1A1F,5,140.00,700.00,delivered,2026-08-23 16:39:18.391945+08,2026-08-23 16:39:18.391945+08
2864,01M0MX49WMTDXZNG8FEGEHZT2X,411039DJMEE6FWS52GMATRN7,2,25.00,50.00,delivered,2026-08-23 16:39:18.391945+08,2026-08-23 16:39:18.391945+08
2900,01M0MX49WM42M8K8R91NYTNJXS,41085841ZKREWJPCC4PWVWR7,14,15.00,210.00,delivered,2026-08-23 16:39:18.391945+08,2026-08-23 16:39:18.391945+08
2901,01M0MX49WM42M8K8R91NYTNJXS,416951J7FD3NBDV1MM1QS36H,19,415.00,7885.00,delivered,2026-08-23 16:39:18.391945+08,2026-08-23 16:39:18.391945+08
2902,01M0MX49WM42M8K8R91NYTNJXS,41511344QHQDJBZ4FRV45NKC,4,350.00,1400.00,delivered,2026-08-23 16:39:18.391945+08,2026-08-23 16:39:18.391945+08
2920,01M0MX49WMT42MGK376WSJKKX7,4082223DQAKGCJ8P0XHQQNB2,18,112.00,2016.00,delivered,2026-08-23 16:39:18.391945+08,2026-08-23 16:39:18.391945+08
2921,01M0MX49WMT42MGK376WSJKKX7,408186TJ449WSVW673RWDK4X,7,30.00,210.00,delivered,2026-08-23 16:39:18.391945+08,2026-08-23 16:39:18.391945+08
2926,01M0MX49WMAVZM023EVZT70R12,4162975Y25KN73W7KKDJGX6P,6,245.00,1470.00,delivered,2026-08-23 16:39:18.391945+08,2026-08-23 16:39:18.391945+08
2927,01M0MX49WMAVZM023EVZT70R12,4162975Y25KN73W7KKDJGX6P,15,245.00,3675.00,delivered,2026-08-23 16:39:18.391945+08,2026-08-23 16:39:18.391945+08
2957,01M0MX49WMB81VA2M574Z30XVA,41150684MEXX0KJ3HG4B279E,17,30.00,510.00,delivered,2026-08-23 16:39:18.391945+08,2026-08-23 16:39:18.391945+08
2958,01M0MX49WMB81VA2M574Z30XVA,41085841ZKREWJPCC4PWVWR7,8,15.00,120.00,delivered,2026-08-23 16:39:18.391945+08,2026-08-23 16:39:18.391945+08
2959,01M0MX49WMAQMBQZCSKFGB3H2H,416951J7FD3NBDV1MM1QS36H,14,415.00,5810.00,delivered,2026-08-23 16:39:18.391945+08,2026-08-23 16:39:18.391945+08
2972,01M0MX49WMDERHK7XSETA5NFVB,411039DJMEE6FWS52GMATRN7,17,25.00,425.00,delivered,2026-08-23 16:39:18.391945+08,2026-08-23 16:39:18.391945+08
2975,01M0MX49WMKWKPE0J4WABYV3TR,4138050CXS9PQSNF661Q1A1F,4,140.00,560.00,delivered,2026-08-23 16:39:18.391945+08,2026-08-23 16:39:18.391945+08
2982,01M0MX49WMJVTP1JBPYT2PJT19,4138050CXS9PQSNF661Q1A1F,4,140.00,560.00,delivered,2026-08-23 16:39:18.391945+08,2026-08-23 16:39:18.391945+08
2983,01M0MX49WMJVTP1JBPYT2PJT19,409420087QNW2D06G06MH7JS,12,350.00,4200.00,delivered,2026-08-23 16:39:18.391945+08,2026-08-23 16:39:18.391945+08
3005,01M0MX49WMHK59JTMD7RJJ7NX4,4088862F2RR4FH8VD6HQ69ZM,2,350.00,700.00,delivered,2026-08-23 16:39:18.391945+08,2026-08-23 16:39:18.391945+08
3006,01M0MX49WMHK59JTMD7RJJ7NX4,411039DJMEE6FWS52GMATRN7,11,25.00,275.00,delivered,2026-08-23 16:39:18.391945+08,2026-08-23 16:39:18.391945+08
3007,01M0MX49WMHK59JTMD7RJJ7NX4,41150684MEXX0KJ3HG4B279E,20,30.00,600.00,delivered,2026-08-23 16:39:18.391945+08,2026-08-23 16:39:18.391945+08
3010,01M0MX49WMJDAT08HC809FNPQ9,408186TJ449WSVW673RWDK4X,6,30.00,180.00,delivered,2026-08-23 16:39:18.391945+08,2026-08-23 16:39:18.391945+08
3011,01M0MX49WMJDAT08HC809FNPQ9,4088862F2RR4FH8VD6HQ69ZM,9,350.00,3150.00,delivered,2026-08-23 16:39:18.391945+08,2026-08-23 16:39:18.391945+08
3012,01M0MX49WMJDAT08HC809FNPQ9,4116065CZMHNTR71A86YWAMC,9,350.00,3150.00,delivered,2026-08-23 16:39:18.391945+08,2026-08-23 16:39:18.391945+08
3015,01M0MX49WM4PCJGM5VMPXHCG7E,412596TV7NC82RBGNTA0W8JZ,5,35.00,175.00,delivered,2026-08-23 16:39:18.391945+08,2026-08-23 16:39:18.391945+08
3021,01M0MX49WM4R3G76P46PWG99TP,41150684MEXX0KJ3HG4B279E,2,30.00,60.00,delivered,2026-08-23 16:39:18.391945+08,2026-08-23 16:39:18.391945+08
3022,01M0MX49WM4R3G76P46PWG99TP,416951J7FD3NBDV1MM1QS36H,4,415.00,1660.00,delivered,2026-08-23 16:39:18.391945+08,2026-08-23 16:39:18.391945+08
3023,01M0MX49WM4R3G76P46PWG99TP,414773WE720HJ0P121AG8FHQ,12,350.00,4200.00,delivered,2026-08-23 16:39:18.391945+08,2026-08-23 16:39:18.391945+08
3041,01M0MX49WM7VGTCH5ZCQ51Z46E,411921G8X1MT1A4Z5EPH3YP4,7,30.00,210.00,delivered,2026-08-23 16:39:18.391945+08,2026-08-23 16:39:18.391945+08
3042,01M0MX49WM7VGTCH5ZCQ51Z46E,410258ZSW0QAXSVS8S3VV7TE,5,35.00,175.00,delivered,2026-08-23 16:39:18.391945+08,2026-08-23 16:39:18.391945+08
3053,01M0MX49WMFR1F6FN7ASNRQ3GE,4162975Y25KN73W7KKDJGX6P,20,245.00,4900.00,delivered,2026-08-23 16:39:18.391945+08,2026-08-23 16:39:18.391945+08
3054,01M0MX49WMFR1F6FN7ASNRQ3GE,414773WE720HJ0P121AG8FHQ,7,350.00,2450.00,delivered,2026-08-23 16:39:18.391945+08,2026-08-23 16:39:18.391945+08
3065,01M0MX49WM5T1FFBFS3DKTRGY0,413005KN3WGNAPH6NCQ5JCT9,12,350.00,4200.00,delivered,2026-08-23 16:39:18.391945+08,2026-08-23 16:39:18.391945+08
3077,01M0MX49WMY0FZQHM0K16KP63P,41511344QHQDJBZ4FRV45NKC,15,350.00,5250.00,delivered,2026-08-23 16:39:18.391945+08,2026-08-23 16:39:18.391945+08
3078,01M0MX49WMY0FZQHM0K16KP63P,4088862F2RR4FH8VD6HQ69ZM,14,350.00,4900.00,delivered,2026-08-23 16:39:18.391945+08,2026-08-23 16:39:18.391945+08
3119,01M0MX49WMDMKYK49HVMFYQRWP,41085841ZKREWJPCC4PWVWR7,14,15.00,210.00,delivered,2026-08-23 16:39:18.391945+08,2026-08-23 16:39:18.391945+08
3120,01M0MX49WMDMKYK49HVMFYQRWP,4082223DQAKGCJ8P0XHQQNB2,11,112.00,1232.00,delivered,2026-08-23 16:39:18.391945+08,2026-08-23 16:39:18.391945+08
3124,01M0MX49WMHP1QQPBM02GG416N,4088862F2RR4FH8VD6HQ69ZM,13,350.00,4550.00,delivered,2026-08-23 16:39:18.391945+08,2026-08-23 16:39:18.391945+08
3125,01M0MX49WMHP1QQPBM02GG416N,413521JP1792738MBB68XMK5,19,350.00,6650.00,delivered,2026-08-23 16:39:18.391945+08,2026-08-23 16:39:18.391945+08
3126,01M0MX49WMHP1QQPBM02GG416N,41085841ZKREWJPCC4PWVWR7,14,15.00,210.00,delivered,2026-08-23 16:39:18.391945+08,2026-08-23 16:39:18.391945+08
3127,01M0MX49WMVTQTYW149C7W3R7B,4088862F2RR4FH8VD6HQ69ZM,3,350.00,1050.00,delivered,2026-08-23 16:39:18.391945+08,2026-08-23 16:39:18.391945+08
3128,01M0MX49WMVTQTYW149C7W3R7B,4088862F2RR4FH8VD6HQ69ZM,12,350.00,4200.00,delivered,2026-08-23 16:39:18.391945+08,2026-08-23 16:39:18.391945+08
3129,01M0MX49WMVTQTYW149C7W3R7B,409420087QNW2D06G06MH7JS,7,350.00,2450.00,delivered,2026-08-23 16:39:18.391945+08,2026-08-23 16:39:18.391945+08
3142,01M0MX49WM5W44XNGD0SYXXT6D,41511344QHQDJBZ4FRV45NKC,6,350.00,2100.00,delivered,2026-08-23 16:39:18.391945+08,2026-08-23 16:39:18.391945+08
3143,01M0MX49WM5W44XNGD0SYXXT6D,411921G8X1MT1A4Z5EPH3YP4,5,30.00,150.00,delivered,2026-08-23 16:39:18.391945+08,2026-08-23 16:39:18.391945+08
3160,01M0MX49WM82HA4GFY68T7PANM,409420087QNW2D06G06MH7JS,8,350.00,2800.00,delivered,2026-08-23 16:39:18.391945+08,2026-08-23 16:39:18.391945+08
3161,01M0MX49WM82HA4GFY68T7PANM,416951J7FD3NBDV1MM1QS36H,6,415.00,2490.00,delivered,2026-08-23 16:39:18.391945+08,2026-08-23 16:39:18.391945+08
3174,01M0MX49WMPHB7ZKNWDS0B5A13,416951J7FD3NBDV1MM1QS36H,6,415.00,2490.00,delivered,2026-08-23 16:39:18.391945+08,2026-08-23 16:39:18.391945+08
3181,01M0MX49WMMRJQKB2CT2SRVQHF,407702R5D86R3CBB81E3X29M,13,350.00,4550.00,delivered,2026-08-23 16:39:18.391945+08,2026-08-23 16:39:18.391945+08
3182,01M0MX49WMMRJQKB2CT2SRVQHF,4088862F2RR4FH8VD6HQ69ZM,7,350.00,2450.00,delivered,2026-08-23 16:39:18.391945+08,2026-08-23 16:39:18.391945+08
3183,01M0MX49WMY255JRAK3YP9VZK7,412596TV7NC82RBGNTA0W8JZ,16,35.00,560.00,delivered,2026-08-23 16:39:18.391945+08,2026-08-23 16:39:18.391945+08
3185,01M0MX49WMEFJG45K8KNMF5CRE,409892D87XEVH1ZTZXV5F6C1,6,155.00,930.00,delivered,2026-08-23 16:39:18.391945+08,2026-08-23 16:39:18.391945+08
3186,01M0MX49WMEFJG45K8KNMF5CRE,416951J7FD3NBDV1MM1QS36H,6,415.00,2490.00,delivered,2026-08-23 16:39:18.391945+08,2026-08-23 16:39:18.391945+08
3200,01M0MX49WMCRNJD17EWYPS7T40,4088862F2RR4FH8VD6HQ69ZM,13,350.00,4550.00,delivered,2026-08-23 16:39:18.391945+08,2026-08-23 16:39:18.391945+08
3210,01M0MX49WMQ2VH43C1Z5KEVAKM,4162975Y25KN73W7KKDJGX6P,2,245.00,490.00,delivered,2026-08-23 16:39:18.391945+08,2026-08-23 16:39:18.391945+08
3211,01M0MX49WMQ2VH43C1Z5KEVAKM,4138050CXS9PQSNF661Q1A1F,14,140.00,1960.00,delivered,2026-08-23 16:39:18.391945+08,2026-08-23 16:39:18.391945+08
3212,01M0MX49WMQ2VH43C1Z5KEVAKM,411921G8X1MT1A4Z5EPH3YP4,7,30.00,210.00,delivered,2026-08-23 16:39:18.391945+08,2026-08-23 16:39:18.391945+08
3216,01M0MX49WMNXR1J6ZXJ1NE8WZR,414773WE720HJ0P121AG8FHQ,6,350.00,2100.00,delivered,2026-08-23 16:39:18.391945+08,2026-08-23 16:39:18.391945+08
3217,01M0MX49WMNXR1J6ZXJ1NE8WZR,407702R5D86R3CBB81E3X29M,3,350.00,1050.00,delivered,2026-08-23 16:39:18.391945+08,2026-08-23 16:39:18.391945+08
3218,01M0MX49WMNXR1J6ZXJ1NE8WZR,41150684MEXX0KJ3HG4B279E,11,30.00,330.00,delivered,2026-08-23 16:39:18.391945+08,2026-08-23 16:39:18.391945+08
3232,01M0MX49WMHT2NGFYJ3RCCVMA8,4116065CZMHNTR71A86YWAMC,2,350.00,700.00,delivered,2026-08-23 16:39:18.391945+08,2026-08-23 16:39:18.391945+08
3233,01M0MX49WMHT2NGFYJ3RCCVMA8,409339V9MK4RHRG0A0XWT91W,7,485.00,3395.00,delivered,2026-08-23 16:39:18.391945+08,2026-08-23 16:39:18.391945+08
3234,01M0MX49WMHT2NGFYJ3RCCVMA8,41150684MEXX0KJ3HG4B279E,18,30.00,540.00,delivered,2026-08-23 16:39:18.391945+08,2026-08-23 16:39:18.391945+08
3235,01M0MX49WMF8BMS2VNWG3C093J,4138050CXS9PQSNF661Q1A1F,7,140.00,980.00,delivered,2026-08-23 16:39:18.391945+08,2026-08-23 16:39:18.391945+08
3247,01M0MX49WM2CW1K5APNVG99YVW,41150684MEXX0KJ3HG4B279E,4,30.00,120.00,delivered,2026-08-23 16:39:18.391945+08,2026-08-23 16:39:18.391945+08
3248,01M0MX49WM2CW1K5APNVG99YVW,411921G8X1MT1A4Z5EPH3YP4,20,30.00,600.00,delivered,2026-08-23 16:39:18.391945+08,2026-08-23 16:39:18.391945+08
3249,01M0MX49WM2CW1K5APNVG99YVW,410258ZSW0QAXSVS8S3VV7TE,4,35.00,140.00,delivered,2026-08-23 16:39:18.391945+08,2026-08-23 16:39:18.391945+08
3250,01M0MX49WMAPRTAM1C1Q90PNFJ,411039DJMEE6FWS52GMATRN7,10,25.00,250.00,delivered,2026-08-23 16:39:18.391945+08,2026-08-23 16:39:18.391945+08
3263,01M0MX49WM93JH1FN0P2F2C7N7,409339V9MK4RHRG0A0XWT91W,20,485.00,9700.00,delivered,2026-08-23 16:39:18.391945+08,2026-08-23 16:39:18.391945+08
3264,01M0MX49WM93JH1FN0P2F2C7N7,413005KN3WGNAPH6NCQ5JCT9,13,350.00,4550.00,delivered,2026-08-23 16:39:18.391945+08,2026-08-23 16:39:18.391945+08
3268,01M0MX49WMNX7ANAFY6BMBT19S,4088862F2RR4FH8VD6HQ69ZM,4,350.00,1400.00,delivered,2026-08-23 16:39:18.391945+08,2026-08-23 16:39:18.391945+08
3269,01M0MX49WMNX7ANAFY6BMBT19S,41085841ZKREWJPCC4PWVWR7,5,15.00,75.00,delivered,2026-08-23 16:39:18.391945+08,2026-08-23 16:39:18.391945+08
3281,01M0MX49WMFCP5K5NTF32YRK4F,412596TV7NC82RBGNTA0W8JZ,4,35.00,140.00,delivered,2026-08-23 16:39:18.391945+08,2026-08-23 16:39:18.391945+08
3282,01M0MX49WMFCP5K5NTF32YRK4F,4116065CZMHNTR71A86YWAMC,15,350.00,5250.00,delivered,2026-08-23 16:39:18.391945+08,2026-08-23 16:39:18.391945+08
3283,01M0MX49WMFCP5K5NTF32YRK4F,4082223DQAKGCJ8P0XHQQNB2,4,112.00,448.00,delivered,2026-08-23 16:39:18.391945+08,2026-08-23 16:39:18.391945+08
3296,01M0MX49WM5J8P3GTMJPN3D159,409420087QNW2D06G06MH7JS,17,350.00,5950.00,delivered,2026-08-23 16:39:18.391945+08,2026-08-23 16:39:18.391945+08
3297,01M0MX49WM5J8P3GTMJPN3D159,408186TJ449WSVW673RWDK4X,5,30.00,150.00,delivered,2026-08-23 16:39:18.391945+08,2026-08-23 16:39:18.391945+08
3298,01M0MX49WM5J8P3GTMJPN3D159,409339V9MK4RHRG0A0XWT91W,12,485.00,5820.00,delivered,2026-08-23 16:39:18.391945+08,2026-08-23 16:39:18.391945+08
3310,01M0MX49WM61A53G30V5GTKJAA,409892D87XEVH1ZTZXV5F6C1,20,155.00,3100.00,delivered,2026-08-23 16:39:18.391945+08,2026-08-23 16:39:18.391945+08
3311,01M0MX49WM61A53G30V5GTKJAA,4116065CZMHNTR71A86YWAMC,20,350.00,7000.00,delivered,2026-08-23 16:39:18.391945+08,2026-08-23 16:39:18.391945+08
3322,01M0MX49WM7RKENPXH83JQV6XE,4088862F2RR4FH8VD6HQ69ZM,18,350.00,6300.00,delivered,2026-08-23 16:39:18.391945+08,2026-08-23 16:39:18.391945+08
3323,01M0MX49WM7RKENPXH83JQV6XE,413521JP1792738MBB68XMK5,13,350.00,4550.00,delivered,2026-08-23 16:39:18.391945+08,2026-08-23 16:39:18.391945+08
3324,01M0MX49WME507JP940WRPC4JS,409339V9MK4RHRG0A0XWT91W,4,485.00,1940.00,delivered,2026-08-23 16:39:18.391945+08,2026-08-23 16:39:18.391945+08
3325,01M0MX49WME507JP940WRPC4JS,410258ZSW0QAXSVS8S3VV7TE,9,35.00,315.00,delivered,2026-08-23 16:39:18.391945+08,2026-08-23 16:39:18.391945+08
3326,01M0MX49WME507JP940WRPC4JS,41085841ZKREWJPCC4PWVWR7,20,15.00,300.00,delivered,2026-08-23 16:39:18.391945+08,2026-08-23 16:39:18.391945+08
3327,01M0MX49WM8931KR3YEK33VPXY,41150684MEXX0KJ3HG4B279E,14,30.00,420.00,delivered,2026-08-23 16:39:18.391945+08,2026-08-23 16:39:18.391945+08
3328,01M0MX49WM8931KR3YEK33VPXY,409892D87XEVH1ZTZXV5F6C1,11,155.00,1705.00,delivered,2026-08-23 16:39:18.391945+08,2026-08-23 16:39:18.391945+08
3329,01M0MX49WM8931KR3YEK33VPXY,409339V9MK4RHRG0A0XWT91W,7,485.00,3395.00,delivered,2026-08-23 16:39:18.391945+08,2026-08-23 16:39:18.391945+08
3332,01M0MX49WM0EKX8JNDFA7HS32J,409892D87XEVH1ZTZXV5F6C1,19,155.00,2945.00,delivered,2026-08-23 16:39:18.391945+08,2026-08-23 16:39:18.391945+08
3333,01M0MX49WM0EKX8JNDFA7HS32J,4162975Y25KN73W7KKDJGX6P,8,245.00,1960.00,delivered,2026-08-23 16:39:18.391945+08,2026-08-23 16:39:18.391945+08
3334,01M0MX49WM0EKX8JNDFA7HS32J,412596TV7NC82RBGNTA0W8JZ,1,35.00,35.00,delivered,2026-08-23 16:39:18.391945+08,2026-08-23 16:39:18.391945+08
3339,01M0MX49WMKG8FJXD1J9JH9AAM,416951J7FD3NBDV1MM1QS36H,9,415.00,3735.00,delivered,2026-08-23 16:39:18.391945+08,2026-08-23 16:39:18.391945+08
3340,01M0MX49WMKG8FJXD1J9JH9AAM,409892D87XEVH1ZTZXV5F6C1,12,155.00,1860.00,delivered,2026-08-23 16:39:18.391945+08,2026-08-23 16:39:18.391945+08
3357,01M0MX49WMR28TW04NXB7TQFM8,412596TV7NC82RBGNTA0W8JZ,16,35.00,560.00,delivered,2026-08-23 16:39:18.391945+08,2026-08-23 16:39:18.391945+08
3373,01M0MX49WMGJ35D0PB9XAMJ1TG,4116065CZMHNTR71A86YWAMC,8,350.00,2800.00,delivered,2026-08-23 16:39:18.391945+08,2026-08-23 16:39:18.391945+08
3399,01M0MX49WM6KR054B29ND94V7H,4088862F2RR4FH8VD6HQ69ZM,16,350.00,5600.00,delivered,2026-08-23 16:39:18.391945+08,2026-08-23 16:39:18.391945+08
3400,01M0MX49WM6KR054B29ND94V7H,4116065CZMHNTR71A86YWAMC,2,350.00,700.00,delivered,2026-08-23 16:39:18.391945+08,2026-08-23 16:39:18.391945+08
3401,01M0MX49WM1H57DRH3PHZXXWY5,4088862F2RR4FH8VD6HQ69ZM,17,350.00,5950.00,delivered,2026-08-23 16:39:18.391945+08,2026-08-23 16:39:18.391945+08
3402,01M0MX49WM1H57DRH3PHZXXWY5,408186TJ449WSVW673RWDK4X,6,30.00,180.00,delivered,2026-08-23 16:39:18.391945+08,2026-08-23 16:39:18.391945+08
3404,01M0MX49WMNS0CNP80FT2NC6G4,410258ZSW0QAXSVS8S3VV7TE,9,35.00,315.00,delivered,2026-08-23 16:39:18.391945+08,2026-08-23 16:39:18.391945+08
3405,01M0MX49WMNS0CNP80FT2NC6G4,411039DJMEE6FWS52GMATRN7,16,25.00,400.00,delivered,2026-08-23 16:39:18.391945+08,2026-08-23 16:39:18.391945+08
3415,01M0MX49WMFKQ4Q7CVE2QGF77M,413005KN3WGNAPH6NCQ5JCT9,18,350.00,6300.00,delivered,2026-08-23 16:39:18.391945+08,2026-08-23 16:39:18.391945+08
3416,01M0MX49WMFKQ4Q7CVE2QGF77M,416496PKZM0T9NY433H8KP6M,17,30.00,510.00,delivered,2026-08-23 16:39:18.391945+08,2026-08-23 16:39:18.391945+08
3425,01M0MX49WMKRK9YRWJ2S51VT80,408186TJ449WSVW673RWDK4X,10,30.00,300.00,delivered,2026-08-23 16:39:18.391945+08,2026-08-23 16:39:18.391945+08
3426,01M0MX49WM623H4CSS8KJZ48C7,416951J7FD3NBDV1MM1QS36H,16,415.00,6640.00,delivered,2026-08-23 16:39:18.391945+08,2026-08-23 16:39:18.391945+08
3437,01M0MX49WMQQM0NQJ0440NK1ZY,4088862F2RR4FH8VD6HQ69ZM,13,350.00,4550.00,delivered,2026-08-23 16:39:18.391945+08,2026-08-23 16:39:18.391945+08
3438,01M0MX49WMQQM0NQJ0440NK1ZY,41150684MEXX0KJ3HG4B279E,13,30.00,390.00,delivered,2026-08-23 16:39:18.391945+08,2026-08-23 16:39:18.391945+08
3446,01M0MX49WMYXPXYB5S5TCCF9SX,41150684MEXX0KJ3HG4B279E,4,30.00,120.00,delivered,2026-08-23 16:39:18.391945+08,2026-08-23 16:39:18.391945+08
3447,01M0MX49WMYXPXYB5S5TCCF9SX,41511344QHQDJBZ4FRV45NKC,17,350.00,5950.00,delivered,2026-08-23 16:39:18.391945+08,2026-08-23 16:39:18.391945+08
3456,01M0MX49WM2FNGG5F8XFPQT2FN,416951J7FD3NBDV1MM1QS36H,2,415.00,830.00,delivered,2026-08-23 16:39:18.391945+08,2026-08-23 16:39:18.391945+08
3457,01M0MX49WM2FNGG5F8XFPQT2FN,4162975Y25KN73W7KKDJGX6P,5,245.00,1225.00,delivered,2026-08-23 16:39:18.391945+08,2026-08-23 16:39:18.391945+08
3458,01M0MX49WM2FNGG5F8XFPQT2FN,4162975Y25KN73W7KKDJGX6P,1,245.00,245.00,delivered,2026-08-23 16:39:18.391945+08,2026-08-23 16:39:18.391945+08
3462,01M0MX49WM0X16NQMBEVBVYRD2,412596TV7NC82RBGNTA0W8JZ,16,35.00,560.00,delivered,2026-08-23 16:39:18.391945+08,2026-08-23 16:39:18.391945+08
3463,01M0MX49WM0X16NQMBEVBVYRD2,41085841ZKREWJPCC4PWVWR7,11,15.00,165.00,delivered,2026-08-23 16:39:18.391945+08,2026-08-23 16:39:18.391945+08
3477,01M0MX49WNMF13JYS0E03QMRG9,4088862F2RR4FH8VD6HQ69ZM,18,350.00,6300.00,delivered,2026-08-23 16:39:18.391945+08,2026-08-23 16:39:18.391945+08
3484,01M0MX49WNM43VBP54BK4JPYFD,416951J7FD3NBDV1MM1QS36H,4,415.00,1660.00,delivered,2026-08-23 16:39:18.391945+08,2026-08-23 16:39:18.391945+08
3485,01M0MX49WNM43VBP54BK4JPYFD,412596TV7NC82RBGNTA0W8JZ,16,35.00,560.00,delivered,2026-08-23 16:39:18.391945+08,2026-08-23 16:39:18.391945+08
3490,01M0MX49WNQ00WJWZV40JX84GJ,413005KN3WGNAPH6NCQ5JCT9,20,350.00,7000.00,delivered,2026-08-23 16:39:18.391945+08,2026-08-23 16:39:18.391945+08
3513,01M0MX49WNWMH33KBH1XEE2DXJ,407702R5D86R3CBB81E3X29M,3,350.00,1050.00,delivered,2026-08-23 16:39:18.391945+08,2026-08-23 16:39:18.391945+08
3522,01M0MX49WNQ603B36P58VXSZ78,4116065CZMHNTR71A86YWAMC,7,350.00,2450.00,delivered,2026-08-23 16:39:18.391945+08,2026-08-23 16:39:18.391945+08
3523,01M0MX49WNQ603B36P58VXSZ78,407702R5D86R3CBB81E3X29M,5,350.00,1750.00,delivered,2026-08-23 16:39:18.391945+08,2026-08-23 16:39:18.391945+08
3524,01M0MX49WNQ603B36P58VXSZ78,409420087QNW2D06G06MH7JS,12,350.00,4200.00,delivered,2026-08-23 16:39:18.391945+08,2026-08-23 16:39:18.391945+08
3525,01M0MX49WNRK3RB48MY9GNJR9C,409892D87XEVH1ZTZXV5F6C1,6,155.00,930.00,delivered,2026-08-23 16:39:18.391945+08,2026-08-23 16:39:18.391945+08
3526,01M0MX49WNWYE3EH8HYZG8PHR8,412596TV7NC82RBGNTA0W8JZ,16,35.00,560.00,delivered,2026-08-23 16:39:18.391945+08,2026-08-23 16:39:18.391945+08
3530,01M0MX49WN54SPE5GZ6E6CA45C,408186TJ449WSVW673RWDK4X,10,30.00,300.00,delivered,2026-08-23 16:39:18.391945+08,2026-08-23 16:39:18.391945+08
3534,01M0MX49WNDCWXF6PF8VDJ2249,408186TJ449WSVW673RWDK4X,20,30.00,600.00,delivered,2026-08-23 16:39:18.391945+08,2026-08-23 16:39:18.391945+08
3548,01M0MX49WN01MSYQ4XYHDRK36F,4138050CXS9PQSNF661Q1A1F,14,140.00,1960.00,delivered,2026-08-23 16:39:18.391945+08,2026-08-23 16:39:18.391945+08
3549,01M0MX49WN01MSYQ4XYHDRK36F,411921G8X1MT1A4Z5EPH3YP4,10,30.00,300.00,delivered,2026-08-23 16:39:18.391945+08,2026-08-23 16:39:18.391945+08
3550,01M0MX49WN01MSYQ4XYHDRK36F,4088862F2RR4FH8VD6HQ69ZM,1,350.00,350.00,delivered,2026-08-23 16:39:18.391945+08,2026-08-23 16:39:18.391945+08
3568,01M0MX49WNPQ6CR3A71TFQCVG8,4138050CXS9PQSNF661Q1A1F,8,140.00,1120.00,delivered,2026-08-23 16:39:18.391945+08,2026-08-23 16:39:18.391945+08
3569,01M0MX49WNPQ6CR3A71TFQCVG8,416496PKZM0T9NY433H8KP6M,10,30.00,300.00,delivered,2026-08-23 16:39:18.391945+08,2026-08-23 16:39:18.391945+08
3570,01M0MX49WNPQ6CR3A71TFQCVG8,4138050CXS9PQSNF661Q1A1F,18,140.00,2520.00,delivered,2026-08-23 16:39:18.391945+08,2026-08-23 16:39:18.391945+08
3579,01M0MX49WN5KBQBMYAX9VD1QJ9,4116065CZMHNTR71A86YWAMC,1,350.00,350.00,delivered,2026-08-23 16:39:18.391945+08,2026-08-23 16:39:18.391945+08
3580,01M0MX49WN5KBQBMYAX9VD1QJ9,411921G8X1MT1A4Z5EPH3YP4,2,30.00,60.00,delivered,2026-08-23 16:39:18.391945+08,2026-08-23 16:39:18.391945+08
3585,01M0MX49WNJ1JNWWPZ8MWJACY5,416951J7FD3NBDV1MM1QS36H,2,415.00,830.00,delivered,2026-08-23 16:39:18.391945+08,2026-08-23 16:39:18.391945+08
3586,01M0MX49WNJ1JNWWPZ8MWJACY5,410258ZSW0QAXSVS8S3VV7TE,12,35.00,420.00,delivered,2026-08-23 16:39:18.391945+08,2026-08-23 16:39:18.391945+08
3587,01M0MX49WNJ1JNWWPZ8MWJACY5,409420087QNW2D06G06MH7JS,20,350.00,7000.00,delivered,2026-08-23 16:39:18.391945+08,2026-08-23 16:39:18.391945+08
3598,01M0MX49WN479K94GWTKAHQA0J,4082223DQAKGCJ8P0XHQQNB2,9,112.00,1008.00,delivered,2026-08-23 16:39:18.391945+08,2026-08-23 16:39:18.391945+08
3601,01M0MX49WNM4TCX14D93SKWVP0,414773WE720HJ0P121AG8FHQ,6,350.00,2100.00,delivered,2026-08-23 16:39:18.391945+08,2026-08-23 16:39:18.391945+08
3602,01M0MX49WNM4TCX14D93SKWVP0,416496PKZM0T9NY433H8KP6M,15,30.00,450.00,delivered,2026-08-23 16:39:18.391945+08,2026-08-23 16:39:18.391945+08
3620,01M0MX49WNDA46DRSXY5510CCZ,41150684MEXX0KJ3HG4B279E,3,30.00,90.00,delivered,2026-08-23 16:39:18.391945+08,2026-08-23 16:39:18.391945+08
3621,01M0MX49WNDA46DRSXY5510CCZ,413005KN3WGNAPH6NCQ5JCT9,14,350.00,4900.00,delivered,2026-08-23 16:39:18.391945+08,2026-08-23 16:39:18.391945+08
3622,01M0MX49WNDA46DRSXY5510CCZ,416951J7FD3NBDV1MM1QS36H,5,415.00,2075.00,delivered,2026-08-23 16:39:18.391945+08,2026-08-23 16:39:18.391945+08
3628,01M0MX49WNG3WWC0X959Q8Q6H8,408186TJ449WSVW673RWDK4X,17,30.00,510.00,delivered,2026-08-23 16:39:18.391945+08,2026-08-23 16:39:18.391945+08
3629,01M0MX49WNG3WWC0X959Q8Q6H8,412596TV7NC82RBGNTA0W8JZ,12,35.00,420.00,delivered,2026-08-23 16:39:18.391945+08,2026-08-23 16:39:18.391945+08
3633,01M0MX49WNQA0FKH18FBAJVSKY,413005KN3WGNAPH6NCQ5JCT9,18,350.00,6300.00,delivered,2026-08-23 16:39:18.391945+08,2026-08-23 16:39:18.391945+08
3634,01M0MX49WNQA0FKH18FBAJVSKY,41150684MEXX0KJ3HG4B279E,18,30.00,540.00,delivered,2026-08-23 16:39:18.391945+08,2026-08-23 16:39:18.391945+08
3635,01M0MX49WNQA0FKH18FBAJVSKY,4116065CZMHNTR71A86YWAMC,17,350.00,5950.00,delivered,2026-08-23 16:39:18.391945+08,2026-08-23 16:39:18.391945+08
3636,01M0MX49WNMKS6293MT4R8HPMB,408186TJ449WSVW673RWDK4X,17,30.00,510.00,delivered,2026-08-23 16:39:18.391945+08,2026-08-23 16:39:18.391945+08
3637,01M0MX49WNMKS6293MT4R8HPMB,416496PKZM0T9NY433H8KP6M,11,30.00,330.00,delivered,2026-08-23 16:39:18.391945+08,2026-08-23 16:39:18.391945+08
3638,01M0MX49WNMKS6293MT4R8HPMB,414773WE720HJ0P121AG8FHQ,7,350.00,2450.00,delivered,2026-08-23 16:39:18.391945+08,2026-08-23 16:39:18.391945+08
3660,01M0MX49WNWV3XPCEZSW1BF4Q7,407702R5D86R3CBB81E3X29M,3,350.00,1050.00,delivered,2026-08-23 16:39:18.391945+08,2026-08-23 16:39:18.391945+08
3666,01M0MX49WN01K5AY838SMFCNJQ,413005KN3WGNAPH6NCQ5JCT9,15,350.00,5250.00,delivered,2026-08-23 16:39:18.391945+08,2026-08-23 16:39:18.391945+08
3667,01M0MX49WN01K5AY838SMFCNJQ,4162975Y25KN73W7KKDJGX6P,11,245.00,2695.00,delivered,2026-08-23 16:39:18.391945+08,2026-08-23 16:39:18.391945+08
3668,01M0MX49WN01K5AY838SMFCNJQ,416496PKZM0T9NY433H8KP6M,6,30.00,180.00,delivered,2026-08-23 16:39:18.391945+08,2026-08-23 16:39:18.391945+08
3692,01M0MX49WN82EHN3HX83DMJJFH,408186TJ449WSVW673RWDK4X,3,30.00,90.00,delivered,2026-08-23 16:39:18.391945+08,2026-08-23 16:39:18.391945+08
3693,01M0MX49WN82EHN3HX83DMJJFH,41085841ZKREWJPCC4PWVWR7,11,15.00,165.00,delivered,2026-08-23 16:39:18.391945+08,2026-08-23 16:39:18.391945+08
3694,01M0MX49WN82EHN3HX83DMJJFH,407702R5D86R3CBB81E3X29M,14,350.00,4900.00,delivered,2026-08-23 16:39:18.391945+08,2026-08-23 16:39:18.391945+08
3700,01M0MX49WNQP4JWD9Q3VTPC4KP,411921G8X1MT1A4Z5EPH3YP4,10,30.00,300.00,delivered,2026-08-23 16:39:18.391945+08,2026-08-23 16:39:18.391945+08
3706,01M0MX49WNAE8J3QDKEWPMWCVV,408186TJ449WSVW673RWDK4X,6,30.00,180.00,delivered,2026-08-23 16:39:18.391945+08,2026-08-23 16:39:18.391945+08
3707,01M0MX49WNAE8J3QDKEWPMWCVV,416951J7FD3NBDV1MM1QS36H,8,415.00,3320.00,delivered,2026-08-23 16:39:18.391945+08,2026-08-23 16:39:18.391945+08
3710,01M0MX49WNMGMWK6TECWTESPSM,4088862F2RR4FH8VD6HQ69ZM,4,350.00,1400.00,delivered,2026-08-23 16:39:18.391945+08,2026-08-23 16:39:18.391945+08
3722,01M0MX49WNRX95K4KQA6ZFF9DT,409892D87XEVH1ZTZXV5F6C1,2,155.00,310.00,delivered,2026-08-23 16:39:18.391945+08,2026-08-23 16:39:18.391945+08
3749,01M0MX49WNNTXW1QHN09CR0E4E,41150684MEXX0KJ3HG4B279E,3,30.00,90.00,delivered,2026-08-23 16:39:18.391945+08,2026-08-23 16:39:18.391945+08
3750,01M0MX49WNNTXW1QHN09CR0E4E,4088862F2RR4FH8VD6HQ69ZM,14,350.00,4900.00,delivered,2026-08-23 16:39:18.391945+08,2026-08-23 16:39:18.391945+08
3759,01M0MX49WN4FFZC2WRSPDJTJH2,411921G8X1MT1A4Z5EPH3YP4,19,30.00,570.00,delivered,2026-08-23 16:39:18.391945+08,2026-08-23 16:39:18.391945+08
3770,01M0MX49WNJN1BEV4XZ5QCG779,413521JP1792738MBB68XMK5,4,350.00,1400.00,delivered,2026-08-23 16:39:18.391945+08,2026-08-23 16:39:18.391945+08
3771,01M0MX49WNJN1BEV4XZ5QCG779,41150684MEXX0KJ3HG4B279E,3,30.00,90.00,delivered,2026-08-23 16:39:18.391945+08,2026-08-23 16:39:18.391945+08
3772,01M0MX49WNJN1BEV4XZ5QCG779,4162975Y25KN73W7KKDJGX6P,5,245.00,1225.00,delivered,2026-08-23 16:39:18.391945+08,2026-08-23 16:39:18.391945+08
3776,01M0MX49WN4R3GQ7MX3DK5646M,408186TJ449WSVW673RWDK4X,16,30.00,480.00,delivered,2026-08-23 16:39:18.391945+08,2026-08-23 16:39:18.391945+08
3777,01M0MX49WN4R3GQ7MX3DK5646M,41511344QHQDJBZ4FRV45NKC,18,350.00,6300.00,delivered,2026-08-23 16:39:18.391945+08,2026-08-23 16:39:18.391945+08
3778,01M0MX49WN4R3GQ7MX3DK5646M,41150684MEXX0KJ3HG4B279E,13,30.00,390.00,delivered,2026-08-23 16:39:18.391945+08,2026-08-23 16:39:18.391945+08
3797,01M0MX49WN1R3ST86G6GB7BK3C,414773WE720HJ0P121AG8FHQ,18,350.00,6300.00,delivered,2026-08-23 16:39:18.391945+08,2026-08-23 16:39:18.391945+08
3798,01M0MX49WN1R3ST86G6GB7BK3C,410258ZSW0QAXSVS8S3VV7TE,7,35.00,245.00,delivered,2026-08-23 16:39:18.391945+08,2026-08-23 16:39:18.391945+08
3799,01M0MX49WNKKHBNDCBSHZPPZWD,409339V9MK4RHRG0A0XWT91W,9,485.00,4365.00,delivered,2026-08-23 16:39:18.391945+08,2026-08-23 16:39:18.391945+08
3801,01M0MX49WNRVFTQJ7RH71TT1Z9,409892D87XEVH1ZTZXV5F6C1,19,155.00,2945.00,delivered,2026-08-23 16:39:18.391945+08,2026-08-23 16:39:18.391945+08
3802,01M0MX49WNRVFTQJ7RH71TT1Z9,412596TV7NC82RBGNTA0W8JZ,20,35.00,700.00,delivered,2026-08-23 16:39:18.391945+08,2026-08-23 16:39:18.391945+08
3812,01M0MX49WNET30D06X317CV9FH,4162975Y25KN73W7KKDJGX6P,16,245.00,3920.00,delivered,2026-08-23 16:39:18.391945+08,2026-08-23 16:39:18.391945+08
3813,01M0MX49WNET30D06X317CV9FH,4138050CXS9PQSNF661Q1A1F,10,140.00,1400.00,delivered,2026-08-23 16:39:18.391945+08,2026-08-23 16:39:18.391945+08
3817,01M0MX49WNS9NTQDVNHQV5JKNB,411039DJMEE6FWS52GMATRN7,4,25.00,100.00,delivered,2026-08-23 16:39:18.391945+08,2026-08-23 16:39:18.391945+08
3818,01M0MX49WNS9NTQDVNHQV5JKNB,410258ZSW0QAXSVS8S3VV7TE,14,35.00,490.00,delivered,2026-08-23 16:39:18.391945+08,2026-08-23 16:39:18.391945+08
3821,01M0MX49WNJ0GVKHE0B17YJ0YH,4162975Y25KN73W7KKDJGX6P,12,245.00,2940.00,delivered,2026-08-23 16:39:18.391945+08,2026-08-23 16:39:18.391945+08
3823,01M0MX49WNJR84WEXX3ZYAM96D,412596TV7NC82RBGNTA0W8JZ,10,35.00,350.00,delivered,2026-08-23 16:39:18.391945+08,2026-08-23 16:39:18.391945+08
3866,01M0MX49WN1HMX5VAHTW3BV96B,416951J7FD3NBDV1MM1QS36H,7,415.00,2905.00,delivered,2026-08-23 16:39:18.391945+08,2026-08-23 16:39:18.391945+08
3867,01M0MX49WN1HMX5VAHTW3BV96B,409892D87XEVH1ZTZXV5F6C1,17,155.00,2635.00,delivered,2026-08-23 16:39:18.391945+08,2026-08-23 16:39:18.391945+08
3868,01M0MX49WN1HMX5VAHTW3BV96B,410258ZSW0QAXSVS8S3VV7TE,9,35.00,315.00,delivered,2026-08-23 16:39:18.391945+08,2026-08-23 16:39:18.391945+08
3869,01M0MX49WN9SM53A97WFBKQ717,414773WE720HJ0P121AG8FHQ,7,350.00,2450.00,delivered,2026-08-23 16:39:18.391945+08,2026-08-23 16:39:18.391945+08
3887,01M0MX49WN7QF8KTVS50N1NNC5,4082223DQAKGCJ8P0XHQQNB2,17,112.00,1904.00,delivered,2026-08-23 16:39:18.391945+08,2026-08-23 16:39:18.391945+08
3888,01M0MX49WN7QF8KTVS50N1NNC5,409339V9MK4RHRG0A0XWT91W,19,485.00,9215.00,delivered,2026-08-23 16:39:18.391945+08,2026-08-23 16:39:18.391945+08
3891,01M0MX49WNSZQCSJWGT2WF6ETZ,416496PKZM0T9NY433H8KP6M,1,30.00,30.00,delivered,2026-08-23 16:39:18.391945+08,2026-08-23 16:39:18.391945+08
3897,01M0MX49WN3F0TBMQEMQ1CSN0F,41085841ZKREWJPCC4PWVWR7,7,15.00,105.00,delivered,2026-08-23 16:39:18.391945+08,2026-08-23 16:39:18.391945+08
3898,01M0MX49WN3F0TBMQEMQ1CSN0F,411921G8X1MT1A4Z5EPH3YP4,13,30.00,390.00,delivered,2026-08-23 16:39:18.391945+08,2026-08-23 16:39:18.391945+08
3953,01M0MX49WNCFNV4Y5QT7AQ97DV,4088862F2RR4FH8VD6HQ69ZM,2,350.00,700.00,delivered,2026-08-23 16:39:18.391945+08,2026-08-23 16:39:18.391945+08
3954,01M0MX49WNCFNV4Y5QT7AQ97DV,4138050CXS9PQSNF661Q1A1F,19,140.00,2660.00,delivered,2026-08-23 16:39:18.391945+08,2026-08-23 16:39:18.391945+08
3955,01M0MX49WNCFNV4Y5QT7AQ97DV,411921G8X1MT1A4Z5EPH3YP4,7,30.00,210.00,delivered,2026-08-23 16:39:18.391945+08,2026-08-23 16:39:18.391945+08
3966,01M0MX49WNRE6BGF81KWJ153TE,410258ZSW0QAXSVS8S3VV7TE,13,35.00,455.00,delivered,2026-08-23 16:39:18.391945+08,2026-08-23 16:39:18.391945+08
3967,01M0MX49WNRE6BGF81KWJ153TE,411921G8X1MT1A4Z5EPH3YP4,18,30.00,540.00,delivered,2026-08-23 16:39:18.391945+08,2026-08-23 16:39:18.391945+08
3973,01M0MX49WNQ93BK97PJMZ0AAYF,4138050CXS9PQSNF661Q1A1F,3,140.00,420.00,delivered,2026-08-23 16:39:18.391945+08,2026-08-23 16:39:18.391945+08
3974,01M0MX49WNQ93BK97PJMZ0AAYF,409339V9MK4RHRG0A0XWT91W,17,485.00,8245.00,delivered,2026-08-23 16:39:18.391945+08,2026-08-23 16:39:18.391945+08
3975,01M0MX49WNQ93BK97PJMZ0AAYF,4138050CXS9PQSNF661Q1A1F,10,140.00,1400.00,delivered,2026-08-23 16:39:18.391945+08,2026-08-23 16:39:18.391945+08
3978,01M0MX49WN8C317ER6KRWMCVNN,4138050CXS9PQSNF661Q1A1F,19,140.00,2660.00,delivered,2026-08-23 16:39:18.391945+08,2026-08-23 16:39:18.391945+08
3979,01M0MX49WN8C317ER6KRWMCVNN,41150684MEXX0KJ3HG4B279E,14,30.00,420.00,delivered,2026-08-23 16:39:18.391945+08,2026-08-23 16:39:18.391945+08
3980,01M0MX49WN8C317ER6KRWMCVNN,409420087QNW2D06G06MH7JS,10,350.00,3500.00,delivered,2026-08-23 16:39:18.391945+08,2026-08-23 16:39:18.391945+08
3989,01M0MX49WNNDNY0XJ3ZEN3W0R3,4088862F2RR4FH8VD6HQ69ZM,13,350.00,4550.00,delivered,2026-08-23 16:39:18.391945+08,2026-08-23 16:39:18.391945+08
3990,01M0MX49WNNDNY0XJ3ZEN3W0R3,411921G8X1MT1A4Z5EPH3YP4,15,30.00,450.00,delivered,2026-08-23 16:39:18.391945+08,2026-08-23 16:39:18.391945+08
3993,01M0MX49WNRTHN84CZ9GSQ6PX0,416496PKZM0T9NY433H8KP6M,6,30.00,180.00,delivered,2026-08-23 16:39:18.391945+08,2026-08-23 16:39:18.391945+08
3994,01M0MX49WNRTHN84CZ9GSQ6PX0,411039DJMEE6FWS52GMATRN7,4,25.00,100.00,delivered,2026-08-23 16:39:18.391945+08,2026-08-23 16:39:18.391945+08
3995,01M0MX49WNQQCGMX2XV9P9NYD9,41150684MEXX0KJ3HG4B279E,14,30.00,420.00,delivered,2026-08-23 16:39:18.391945+08,2026-08-23 16:39:18.391945+08
3996,01M0MX49WNQQCGMX2XV9P9NYD9,409339V9MK4RHRG0A0XWT91W,1,485.00,485.00,delivered,2026-08-23 16:39:18.391945+08,2026-08-23 16:39:18.391945+08
4003,01M0MX49WNKZYAV5BA40G7Z7NS,417359ZGZV0QNH8M3DEYW8G5,15,350.00,5250.00,delivered,2026-08-23 16:39:18.391945+08,2026-08-23 16:39:18.391945+08
4007,01M0MX49WNYVDDK2GYZG81H1WG,4082223DQAKGCJ8P0XHQQNB2,15,112.00,1680.00,delivered,2026-08-23 16:39:18.391945+08,2026-08-23 16:39:18.391945+08
4008,01M0MX49WNYVDDK2GYZG81H1WG,4088862F2RR4FH8VD6HQ69ZM,6,350.00,2100.00,delivered,2026-08-23 16:39:18.391945+08,2026-08-23 16:39:18.391945+08
4009,01M0MX49WNYVDDK2GYZG81H1WG,416496PKZM0T9NY433H8KP6M,17,30.00,510.00,delivered,2026-08-23 16:39:18.391945+08,2026-08-23 16:39:18.391945+08
4021,01M0MX49WNR6B5TZ6G441J47GK,41150684MEXX0KJ3HG4B279E,4,30.00,120.00,delivered,2026-08-23 16:39:18.391945+08,2026-08-23 16:39:18.391945+08
4022,01M0MX49WNR6B5TZ6G441J47GK,4116065CZMHNTR71A86YWAMC,5,350.00,1750.00,delivered,2026-08-23 16:39:18.391945+08,2026-08-23 16:39:18.391945+08
4028,01M0MX49WNY6WCYMPFSCQ9J22R,411921G8X1MT1A4Z5EPH3YP4,8,30.00,240.00,delivered,2026-08-23 16:39:18.391945+08,2026-08-23 16:39:18.391945+08
4029,01M0MX49WNY6WCYMPFSCQ9J22R,414773WE720HJ0P121AG8FHQ,11,350.00,3850.00,delivered,2026-08-23 16:39:18.391945+08,2026-08-23 16:39:18.391945+08
4030,01M0MX49WNY6WCYMPFSCQ9J22R,416951J7FD3NBDV1MM1QS36H,15,415.00,6225.00,delivered,2026-08-23 16:39:18.391945+08,2026-08-23 16:39:18.391945+08
4034,01M0MX49WN4M7EGZT98DDV3R37,4088862F2RR4FH8VD6HQ69ZM,12,350.00,4200.00,delivered,2026-08-23 16:39:18.391945+08,2026-08-23 16:39:18.391945+08
4045,01M0MX49WNCNJ3RNW1K0F21HG8,4138050CXS9PQSNF661Q1A1F,5,140.00,700.00,delivered,2026-08-23 16:39:18.391945+08,2026-08-23 16:39:18.391945+08
4053,01M0MX49WND62M07XYAYQ4NHHY,413005KN3WGNAPH6NCQ5JCT9,1,350.00,350.00,delivered,2026-08-23 16:39:18.391945+08,2026-08-23 16:39:18.391945+08
4054,01M0MX49WND62M07XYAYQ4NHHY,408186TJ449WSVW673RWDK4X,8,30.00,240.00,delivered,2026-08-23 16:39:18.391945+08,2026-08-23 16:39:18.391945+08
4055,01M0MX49WND62M07XYAYQ4NHHY,409339V9MK4RHRG0A0XWT91W,12,485.00,5820.00,delivered,2026-08-23 16:39:18.391945+08,2026-08-23 16:39:18.391945+08
4071,01M0MX49WN3RXEAA603XFQC6VG,412596TV7NC82RBGNTA0W8JZ,1,35.00,35.00,delivered,2026-08-23 16:39:18.391945+08,2026-08-23 16:39:18.391945+08
4072,01M0MX49WN3RXEAA603XFQC6VG,412596TV7NC82RBGNTA0W8JZ,14,35.00,490.00,delivered,2026-08-23 16:39:18.391945+08,2026-08-23 16:39:18.391945+08
4080,01M0MX49WNMF81BCCN15DTRRRT,416496PKZM0T9NY433H8KP6M,4,30.00,120.00,delivered,2026-08-23 16:39:18.391945+08,2026-08-23 16:39:18.391945+08
4081,01M0MX49WNMF81BCCN15DTRRRT,417359ZGZV0QNH8M3DEYW8G5,16,350.00,5600.00,delivered,2026-08-23 16:39:18.391945+08,2026-08-23 16:39:18.391945+08
4082,01M0MX49WNMF81BCCN15DTRRRT,409420087QNW2D06G06MH7JS,11,350.00,3850.00,delivered,2026-08-23 16:39:18.391945+08,2026-08-23 16:39:18.391945+08
4083,01M0MX49WNJ6G5G191BAPKX21W,417359ZGZV0QNH8M3DEYW8G5,3,350.00,1050.00,delivered,2026-08-23 16:39:18.391945+08,2026-08-23 16:39:18.391945+08
4105,01M0MX49WPSC7N1Q0Q71BY6KHG,4116065CZMHNTR71A86YWAMC,3,350.00,1050.00,delivered,2026-08-23 16:39:18.391945+08,2026-08-23 16:39:18.391945+08
4106,01M0MX49WPSC7N1Q0Q71BY6KHG,4088862F2RR4FH8VD6HQ69ZM,6,350.00,2100.00,delivered,2026-08-23 16:39:18.391945+08,2026-08-23 16:39:18.391945+08
4113,01M0MX49WPJ3HP7TB8N89JD71C,416951J7FD3NBDV1MM1QS36H,4,415.00,1660.00,delivered,2026-08-23 16:39:18.391945+08,2026-08-23 16:39:18.391945+08
4114,01M0MX49WPJ3HP7TB8N89JD71C,411921G8X1MT1A4Z5EPH3YP4,5,30.00,150.00,delivered,2026-08-23 16:39:18.391945+08,2026-08-23 16:39:18.391945+08
4118,01M0MX49WPNCZYARZ5EX3DPW0E,4088862F2RR4FH8VD6HQ69ZM,11,350.00,3850.00,delivered,2026-08-23 16:39:18.391945+08,2026-08-23 16:39:18.391945+08
4119,01M0MX49WPNCZYARZ5EX3DPW0E,412596TV7NC82RBGNTA0W8JZ,18,35.00,630.00,delivered,2026-08-23 16:39:18.391945+08,2026-08-23 16:39:18.391945+08
4120,01M0MX49WPK8YNCKFFW5V9K4F1,41085841ZKREWJPCC4PWVWR7,1,15.00,15.00,delivered,2026-08-23 16:39:18.391945+08,2026-08-23 16:39:18.391945+08
4121,01M0MX49WPK8YNCKFFW5V9K4F1,41511344QHQDJBZ4FRV45NKC,3,350.00,1050.00,delivered,2026-08-23 16:39:18.391945+08,2026-08-23 16:39:18.391945+08
4126,01M0MX49WPRRMQB6MCK72Z1SEH,41511344QHQDJBZ4FRV45NKC,4,350.00,1400.00,delivered,2026-08-23 16:39:18.391945+08,2026-08-23 16:39:18.391945+08
4136,01M0MX49WPSZ7K3Z4SPMP5X95C,41511344QHQDJBZ4FRV45NKC,11,350.00,3850.00,delivered,2026-08-23 16:39:18.391945+08,2026-08-23 16:39:18.391945+08
4137,01M0MX49WPSZ7K3Z4SPMP5X95C,413521JP1792738MBB68XMK5,6,350.00,2100.00,delivered,2026-08-23 16:39:18.391945+08,2026-08-23 16:39:18.391945+08
4138,01M0MX49WPSZ7K3Z4SPMP5X95C,413005KN3WGNAPH6NCQ5JCT9,19,350.00,6650.00,delivered,2026-08-23 16:39:18.391945+08,2026-08-23 16:39:18.391945+08
4139,01M0MX49WP0137W9BRN0BFN7BH,41150684MEXX0KJ3HG4B279E,1,30.00,30.00,delivered,2026-08-23 16:39:18.391945+08,2026-08-23 16:39:18.391945+08
4140,01M0MX49WP0137W9BRN0BFN7BH,4162975Y25KN73W7KKDJGX6P,19,245.00,4655.00,delivered,2026-08-23 16:39:18.391945+08,2026-08-23 16:39:18.391945+08
4141,01M0MX49WP0137W9BRN0BFN7BH,416951J7FD3NBDV1MM1QS36H,1,415.00,415.00,delivered,2026-08-23 16:39:18.391945+08,2026-08-23 16:39:18.391945+08
4145,01M0MX49WPP7C3GADKSGRNK2E4,409339V9MK4RHRG0A0XWT91W,19,485.00,9215.00,delivered,2026-08-23 16:39:18.391945+08,2026-08-23 16:39:18.391945+08
4146,01M0MX49WPP7C3GADKSGRNK2E4,4138050CXS9PQSNF661Q1A1F,19,140.00,2660.00,delivered,2026-08-23 16:39:18.391945+08,2026-08-23 16:39:18.391945+08
4147,01M0MX49WPP7C3GADKSGRNK2E4,41511344QHQDJBZ4FRV45NKC,7,350.00,2450.00,delivered,2026-08-23 16:39:18.391945+08,2026-08-23 16:39:18.391945+08
4149,01M0MX49WPE5DDM4R5YTMER4J6,41511344QHQDJBZ4FRV45NKC,18,350.00,6300.00,delivered,2026-08-23 16:39:18.391945+08,2026-08-23 16:39:18.391945+08
4158,01M0MX49WPFZNFBJ9MMJ5BDF8E,413521JP1792738MBB68XMK5,6,350.00,2100.00,delivered,2026-08-23 16:39:18.391945+08,2026-08-23 16:39:18.391945+08
4174,01M0MX49WP40WTXQCX52XSQ4NJ,41150684MEXX0KJ3HG4B279E,6,30.00,180.00,delivered,2026-08-23 16:39:18.391945+08,2026-08-23 16:39:18.391945+08
4200,01M0MX49WPMBE82HQ8N0FJSCVQ,41511344QHQDJBZ4FRV45NKC,11,350.00,3850.00,delivered,2026-08-23 16:39:18.391945+08,2026-08-23 16:39:18.391945+08
4201,01M0MX49WPMBE82HQ8N0FJSCVQ,41150684MEXX0KJ3HG4B279E,12,30.00,360.00,delivered,2026-08-23 16:39:18.391945+08,2026-08-23 16:39:18.391945+08
4202,01M0MX49WPBZP5PKWGEYG6AWTN,4162975Y25KN73W7KKDJGX6P,2,245.00,490.00,delivered,2026-08-23 16:39:18.391945+08,2026-08-23 16:39:18.391945+08
4217,01M0MX49WPWZ6BB6N87VKAK9GB,41511344QHQDJBZ4FRV45NKC,12,350.00,4200.00,delivered,2026-08-23 16:39:18.391945+08,2026-08-23 16:39:18.391945+08
4218,01M0MX49WPWZ6BB6N87VKAK9GB,416951J7FD3NBDV1MM1QS36H,15,415.00,6225.00,delivered,2026-08-23 16:39:18.391945+08,2026-08-23 16:39:18.391945+08
4219,01M0MX49WP94FVC4DSQKCRMM2R,408186TJ449WSVW673RWDK4X,6,30.00,180.00,delivered,2026-08-23 16:39:18.391945+08,2026-08-23 16:39:18.391945+08
4223,01M0MX49WPYH2NGR8B62E89NES,412596TV7NC82RBGNTA0W8JZ,17,35.00,595.00,delivered,2026-08-23 16:39:18.391945+08,2026-08-23 16:39:18.391945+08
4233,01M0MX49WP49TS55BBHXQN8TWK,416951J7FD3NBDV1MM1QS36H,1,415.00,415.00,delivered,2026-08-23 16:39:18.391945+08,2026-08-23 16:39:18.391945+08
4257,01M0MX49WPEPQN98F593QKG7E7,41150684MEXX0KJ3HG4B279E,9,30.00,270.00,delivered,2026-08-23 16:39:18.391945+08,2026-08-23 16:39:18.391945+08
4258,01M0MX49WPEPQN98F593QKG7E7,4138050CXS9PQSNF661Q1A1F,3,140.00,420.00,delivered,2026-08-23 16:39:18.391945+08,2026-08-23 16:39:18.391945+08
4266,01M0MX49WP8PE4V59VE96V9MM3,4088862F2RR4FH8VD6HQ69ZM,12,350.00,4200.00,delivered,2026-08-23 16:39:18.391945+08,2026-08-23 16:39:18.391945+08
4270,01M0MX49WP7B2D0TRBGN522VR0,407702R5D86R3CBB81E3X29M,13,350.00,4550.00,delivered,2026-08-23 16:39:18.391945+08,2026-08-23 16:39:18.391945+08
4271,01M0MX49WP7B2D0TRBGN522VR0,413005KN3WGNAPH6NCQ5JCT9,14,350.00,4900.00,delivered,2026-08-23 16:39:18.391945+08,2026-08-23 16:39:18.391945+08
4272,01M0MX49WP7B2D0TRBGN522VR0,411039DJMEE6FWS52GMATRN7,1,25.00,25.00,delivered,2026-08-23 16:39:18.391945+08,2026-08-23 16:39:18.391945+08
4273,01M0MX49WPFGMF9DM242GHEFQF,413005KN3WGNAPH6NCQ5JCT9,11,350.00,3850.00,delivered,2026-08-23 16:39:18.391945+08,2026-08-23 16:39:18.391945+08
4282,01M0MX49WPQC4WK1AQ6E80X9H0,4088862F2RR4FH8VD6HQ69ZM,11,350.00,3850.00,delivered,2026-08-23 16:39:18.391945+08,2026-08-23 16:39:18.391945+08
4283,01M0MX49WPQC4WK1AQ6E80X9H0,416951J7FD3NBDV1MM1QS36H,4,415.00,1660.00,delivered,2026-08-23 16:39:18.391945+08,2026-08-23 16:39:18.391945+08
4284,01M0MX49WPQC4WK1AQ6E80X9H0,413521JP1792738MBB68XMK5,13,350.00,4550.00,delivered,2026-08-23 16:39:18.391945+08,2026-08-23 16:39:18.391945+08
4285,01M0MX49WPP9SM6EMVQYWDT3AD,417359ZGZV0QNH8M3DEYW8G5,13,350.00,4550.00,delivered,2026-08-23 16:39:18.391945+08,2026-08-23 16:39:18.391945+08
4286,01M0MX49WPP9SM6EMVQYWDT3AD,409339V9MK4RHRG0A0XWT91W,9,485.00,4365.00,delivered,2026-08-23 16:39:18.391945+08,2026-08-23 16:39:18.391945+08
4287,01M0MX49WPP9SM6EMVQYWDT3AD,41085841ZKREWJPCC4PWVWR7,16,15.00,240.00,delivered,2026-08-23 16:39:18.391945+08,2026-08-23 16:39:18.391945+08
4298,01M0MX49WPZER174420RH2WK86,409892D87XEVH1ZTZXV5F6C1,8,155.00,1240.00,delivered,2026-08-23 16:39:18.391945+08,2026-08-23 16:39:18.391945+08
4307,01M0MX49WPQ8JX04JM0K7BBFS1,414773WE720HJ0P121AG8FHQ,12,350.00,4200.00,delivered,2026-08-23 16:39:18.391945+08,2026-08-23 16:39:18.391945+08
4308,01M0MX49WPQ8JX04JM0K7BBFS1,414773WE720HJ0P121AG8FHQ,14,350.00,4900.00,delivered,2026-08-23 16:39:18.391945+08,2026-08-23 16:39:18.391945+08
4319,01M0MX49WPJBXCWMWEE93ZK35T,411921G8X1MT1A4Z5EPH3YP4,19,30.00,570.00,delivered,2026-08-23 16:39:18.391945+08,2026-08-23 16:39:18.391945+08
4320,01M0MX49WPJBXCWMWEE93ZK35T,41150684MEXX0KJ3HG4B279E,3,30.00,90.00,delivered,2026-08-23 16:39:18.391945+08,2026-08-23 16:39:18.391945+08
4333,01M0MX49WPZJMGKTF8B1K5HJA1,4082223DQAKGCJ8P0XHQQNB2,3,112.00,336.00,delivered,2026-08-23 16:39:18.391945+08,2026-08-23 16:39:18.391945+08
4344,01M0MX49WP97ZYYRBGAEAN5SGH,408186TJ449WSVW673RWDK4X,9,30.00,270.00,delivered,2026-08-23 16:39:18.391945+08,2026-08-23 16:39:18.391945+08
4351,01M0MX49WP3AHAYFTTJS42PYXK,417359ZGZV0QNH8M3DEYW8G5,15,350.00,5250.00,delivered,2026-08-23 16:39:18.391945+08,2026-08-23 16:39:18.391945+08
4352,01M0MX49WP3AHAYFTTJS42PYXK,41085841ZKREWJPCC4PWVWR7,6,15.00,90.00,delivered,2026-08-23 16:39:18.391945+08,2026-08-23 16:39:18.391945+08
4353,01M0MX49WP3AHAYFTTJS42PYXK,408186TJ449WSVW673RWDK4X,5,30.00,150.00,delivered,2026-08-23 16:39:18.391945+08,2026-08-23 16:39:18.391945+08
